uttarapada	n_left_members	class	left_members
tva	1246	TADDHITA_SUFFIX	abhedya abhidhāna abhidhāyaka abhihita abhijña abhinna abhirāma abhyātāna abhūta abuddha adakṣiṇa adbhuta adhika adhikṛta adhīna aditi aduṣṭa adya aghnya aguṇa ahaṃ ahetu ahārya aindriyaka aja ajña ajñāna ajāmi akartṛ akaruṇa akiñcana akṣaya alasa alaukika alolupa alpa alubdha amama amara amartya amedhya amita amā amṛta anaikāntika ananta ananya anaparādha anapekṣa anarghya anartha anavadya anavasthita andha aneka anekānta anitya aniṣpanna antarbhūta anunāsika anuvādya anyathā anādi anārabhya anārya anīśa anīśvara anūkti anṛṇa apakaṣāya apakṛṣṭa apara apaṭu aphala aprabhu apradhāna aprajana aprayukta apuṃs apāṇi apūrva arhat ari arka aroga arthi aruṇa arūpa asadṛśa asaha asahiṣṇu asama asamartha asat asaṃjña asaṃketita askanda askanna aspṛha aspṛśya astabdha asthira asti asura asuṣira asva asādhu asādhya asṛk atithi atiśreṣṭha audgrabhaṇa audumbara aupadeśika aupayika autsargika avacanīya avadhya avadhāna avaivartika avalipta avarjanīya avastu avibhakta avibhājya avidyamāna avijñāna avikriya avivakṣita aviśvasanīya avyatha avyaya avyāpaka avācya ayakṣma ayogya ayukta ayājya ayātayāma aśakya aśeṣa aśiṣṭa aślīla aśocya aśruti aśuci aśva aṅga aṇu aṣṭa badhira bahiṣ bahu bahula baka ballava balīyas bandhaka bandhu bandi bhadra bhagavadīya bhagavat bhairava bhakta bhaktṛ bharaga bharata bhartṛ bhaviṣyat bhayānaka bhaṇḍa bhinna bhiṣak bhoga bhogya bhojya bhoktṛ bhrama bhrātṛ bhujaga bhājana bhāryā bhāsaka bhāsura bhāsya bhāva bhāvi bhāvya bhīru bhīṣaṇa bhūmi bhūta bhūya bhūyas bhṛt bhṛtya boddhṛ bodhaka bradhna brahma brāhmaṇa brāhmaṇī budbuda buddha bādhaka bādhita bādhya bāhya bāla bālaka bāliśa bīja bṛhat bṛṃhaṇa cala candra catura cañcala cañcu caṇa caṇḍa caṇḍāla cetana chandas chāndasa cikkaṇa codita cākṣuṣa cāraṇa cāru cāturmāsya cūrṇa dahanīya daiṣṭika dakṣiṇa dakṣiṇā daridra dayālu daśa daṇḍa deha deva devatā devī deśī dhanya dharma dhavala dhenu dhruva dhvani dhārmika dhārya dhāryamāṇa dhīra dhūrta dhūsara dhṛṣṇu dhṛṣṭa divya doṣa drava dravya draṣṭṛ druta dugdha duhitṛ duṣṭa dveṣya dvi dvija dvitīya dviṣa dviṣṭa dvādaśa dvāra dāsa dāsī dātṛ dāśa dīkṣita dīpta dīrgha dūra dūta dūṣita dṛśya dṛḍha dṛṣṭa eka etāvat gadgada gahana gaja gamaka gambhīra gamya gandharva garbha garbhita garbhiṇī garīyas gaura gauṇa gaṇa ghana gharma ghaṭita ghora ghoṣṭṛ ghāti ghṛta ghṛṇi go gopa gopanīya graha grahaṇīya granthi grasta grāhaka grāhya grāma grāmya guru guṇa guṇya gārgya gāḍha gīs gūḍha ha hantṛ harita hañjikā haṃsa hetu heya hotṛ hrasva hāridra hāsya hīna hṛdya indra indriya iyat iṣṭa iṣṭi janaka jani janya jarjara jaḍa jaṅgama jaṅghāla jaṭhara jihma jugupsita juhū jvalat jyeṣṭha jyāyas jña jñeya jñāna jñāti jñātṛ jāmi jāmātṛ jāti jāyā jīrṇa jīva kabandha kala kalla kalpita kaluṣa kalya kamanīya kaniṣṭha kanyā kanīyas kapaṭa kapi karaṇa karkaśa karma kartavya kartṛ kartṛka kauśika kavi kaṣṭa kaṭhina kaṭhora kaṭu kaṭuka kevala khala khara khañja kilāsa kiṃ klinna kliṣṭa klība komala kovida krakara krīta krūra kulīna kumāra kuñjara kuśala kuṇi kuṇḍalikā kuṇṭha kuṭila kādācitka kāka kālika kālpanika kāmi kāmuka kāmya kānta kāpuruṣa kāraṇa kārmaṇa kārya kātara kāvya kāṇa kūṭa kṛkalāsa kṛpaṇa kṛta kṛtrima kṛtsna kṛśa kṛṣṇa kṣama kṣatriya kṣayi kṣaṇika kṣudra kṣāma kṣība kṣīṇa laghu laghīyas lakṣaṇa lakṣita lakṣmī lakṣya lampaṭa laukika lavaṇa lavitavya laṅghanīya likhita lipi liṅga lohita lola lolupa lubdha lākṣaṇika līna madhu madhura madhya mahas mahat mahi mahiṣa mala malina mama manas manda manmana mantri manu manuṣya martya masṛṇa matkuṇa mayūra maṇḍala medhya megha mithuna mithyā mitra miṇmiṇa mlāna mugdha mukhya mukta mumukṣu muni mādaka māduṣa māna mānasa māni mānuṣa mānya mārakata mātaṃga mātra māṃsa mūka mūla mūlaka mūlya mūrkha mūrta mūrti mūḍha mṛdu mṛga mṛgī mṛṣā nagna naimittika nakula namra nara nava nayana naśvara netṛ nimitta nimna nitya niśāda niṣṭhura nyāya nyāyya nyūna nābhi nānā nātha nāyaka nāśya nīca nūtana nṛpa pada padanīya pakṣa pakṣi para paridhūsara paridurbala parikṛśa paruṣa paryavadāta paryutsuka paryākula paryāya parāk parāsu parṇa pati patita patnī pauruṣa pauruṣeya pavitra pañca paśu paṅgu paṇa paṇḍaka paṇḍita paṭhita paṭhitavya paṭu peśala peśī phala phalaka phalgu picchila pitṛ piñjara piśaṅga piśāca piṅgala piṇḍa plakṣa plava pluta pota prabala prabhu prabhūta pracura pradhāna prahva prakṛti pralaya pralīna pramukha pramā pramātṛ pramāṇa prapañca prastuta prathita pratiṣṭhā pratyak pratyakṣa pratyaya pratyākṣepaka pratīka prauḍha pravīṇa prayata prayāja praśasta praśiṣya praṣṭha preraka preta preyas preḍaka priya prācīna prājāpatya prākṛta prāpta prāyaṇīya prāyika prāṇa prāṇi puruṣa putra puṃs puṇya puṣṭa pācaka pāntha pāpa pāpīyas pārada pāraśava pārthiva pātra pāvana pāśa pāṅkta pāṇḍu pīna pīta pīvara pīḍita pūjya pūrva pūrṇa pūtanā pṛthak pṛthivi pṛthivī pṛthu pṛśni pṛṣat racita rahita rakta rakṣas ramaka ramaṇīya ramya rasa rasika rañjana reṇu rodas rohiṇi rohiṇī ruci rudra rugṇa rāja rājamāna rājanya rājasa rākṣasa rāma rūkṣa rūkṣita rūpa sabhya saciva sadyas sadātana sadṛśa saha sahita sahiṣṇu sahāya sakhi sakta salila sama samartha samaveta samavāya samavāyi sambandhi sambhāra sambhūta samit sammita sammukhīna sammūḍha sampramugdha sampādaka sampādita sampṛkta samudra samutsuka samyak samādhi samākula samāna samāśrita samīcīna samīpa sapakṣa sapatna sapatnī sapha saphala sara sarala sarasa sarpa sarva sat sattra satya satī saubhaga saukṣmya saumya sautrāmaṇī sauvidalla saya saṃcāri saṃdeha saṃdhyā saṃdigdha saṃdṛbdha saṃhata saṃjñā saṃkhya saṃkṣipta saṃskāra saṃskāraka saṃskṛta saṃsthā saṃstuta saṃsṛṣṭa saṃvedya saṃvṛta saṃyat sendra sendriya sevi sevya siddha sikatā simā siṃha skanda skanna smara smartṛ smāraka snigdha snuṣā socchvāsa soma somaka sopādhika sopāna spara sparśa sphuṭa spṛhaṇīya sraṣṭṛ srāvaka stabdha stambhita sthira sthāna sthāvara sthāyi sthūla stimita stoka straiṇa strī stutya stāvaka suhṛt sukha sukhi sundara supta suta suṣira sva svaccha svarita svasṛ svedana svābhāvika svāmi sādhaka sādhana sādhanīya sādhu sādhya sādhāraṇa sādi sāgara sākāṅkṣa sākṣi sāma sāmayika sāmya sāmānya sāndra sāpekṣa sāra sārathi sāriṣṭha sārthaka sātma sāvakāśa sāvayava sāyujya sāṃgrāmika sāṃnāyya sāṃśayika sūda sūkṣma sūta sūtrita tadā taila tantra tantu tanu tapya tarala taraṇi taskara tat tata tathā tejas tiryak tittiri tretā tri triṃśat tuccha tulya tuṅga tāmra tānūnaptra tāraka tārkika tātkālika tāttvika tīkṣṇa tṛtīya tṛṇa ucca uccais ucchiṣṭa ucita udbhaṭa udbhūta uddhata udvāṣpa udāra udātta ugra ujjvala ujjvalita ukta unmatta unnata upabhogya upadeṣṭṛ upahāra upakāraka upalakṣaṇa upamāna uparama upasat upasaṃśliṣṭa upaśaya upādeya upādāna upāya upāṃśu uru utkṛṣṭa utpanna utpraveṣṭṛ utsuka uttama uttuṅga uṣṇa uṣṭra vacana vacanīya vadhya vadhū vaideśika vaidha vaidika vaikalpika vaikuṇṭha vaikṛta vaimānika vaira vairi vairodhaka vaisarjana vaiśya vaiṣṇava vajra vakra vaktavya vaktṛ vakṣyamāṇa vallabha vandhya vandhyā varayitavya vardhanīya vartamāna varti varuṇa varṇa vasiṣṭha vastu vasu vatsa vatsala vayasya vayasyaka vaśa vaśi vaśya vaśā vaṇik veda vedanīya vedi vedya vedāṅga vegi vettṛ veśa veśyā vibhakta vibhinna vibhāga vibhāva vibudha vicitra vidagdha viddha videha vidheya vidhi vidhu vidhura vidvat vidyamāna vidyā vidūra vigata vighana vigīta vihita vihvala vijña vijñeya vikala vikalpa vikaṭa vikāra vikṛta vilola vimala vimukha vimāna vinīta vipakṣa viparīta viphala vipra viprakṛṣṭa vipula virata virodhi viruddha virāṭ visra vistīrṇa vitata vivaktṛ vivecaka vivikta viśeṣa viśeṣaṇa viśeṣya viśiṣṭa viśrabdha viśuddha viśāla viṣa viṣakta viṣama viṣaya viṣayaka viṣaṇṇa viṣṇu viṣṭa vrātya vyabhicāra vyabhicāri vyagra vyakta vyakti vyartha vyasani vyasta vyatirikta vyavahriyamāṇa vyavahāra vyavasthita vyavasthāpaka vyaveta vyayi vyañjaka vyaṅga vyāghra vyāhata vyākula vyāla vyāpaka vyāpi vyāpya vyāsa vyāvahārika vyāvṛtta vyāyata vācaka vācya vācāla vādi vāha vāhaka vāhana vāhi vāhya vāji vākya vālukā vāma vāmana vāstava vāvadūka vāyu vīra vṛddha vṛkṣa vṛthā vṛtra vṛtta vṛtti vṛṣa vṛṣabha vṛṣala ya yajamāna yakṣa yakṣiṇī yakṣī yama yamaka yasya yati yaugika yaṣṭṛ yoga yogi yogya yoni yukta yuva yājaka yājya ābhāsa ācarita ācchādaka ācārya ādaraṇīya ādhāra ādhāyaka ādi ādima āditya āgata ākula ākīrṇa āmiśra āmiṣa āmuṣmika ānaddha ānumānika ānuṣaṅgika āpekṣika āpeya āpi āpyeya ārdra ārtha ārya āspada ātma āviṣṭa āyatana āyatta āścarya āśraya āśrayaṇīya āśrita āśu īśa īśvara śabala śabda śaila śakra śakti śakvarī śakya śalabha śara śarkara śarīra śatru śauca śauvastika śaṃ śaṭha śeṣa śilpa śilā śiraska śithila śiva śiśu śiṣya śiṣṭa ślatha śloka śoṇita śraddheya śravya śreyas śreṣṭha śrotriya śruta śrāddha śrāvaka śrāvaṇa śrāvikā śrūyamāṇa śubhra śuci śuddha śuka śukla śulka śuṣka śuṭīra śyāma śyāmala śābda śāli śālā śālīna śānta śāra śāstra śāstrīya śāstṛ śāva śāśvata śāṃtanu śīghra śīla śīrṇa śīta śītala śūdra śūna śūnya śūra śṛta śṛṅkhala ūna ūrdhva ūṣma ḍittha ḍiṇḍima ḍākinī ḍāmara ḍāmbhiṭṭa ṛju ṛṣi ṣa ṣaṇḍa ṣaṇḍha ṣaṭ ṣoḍaśa ṣoḍaśi
vat	1136	TADDHITA_SUFFIX	abaddha abala abhijana abhimāna abhirūpa abhukta abhyamana abhyucchraya abhyāsa abhīta adhikāra adhvara adri adṛṣṭa agha agni agra agriya aguṇa ahiraṇya aiśvarya akṣa akṣan akṣara alpa ama amantra amara amarṣa amu ananta anapatya anas anna anta antar anurāga anusvāra anuvākyā anuyāja anuśaya anvaya anāgata anātma anāyatana anīka apara aparyāpta aparādha apasavya apatya apidhāna aplava apnas apnavāna apramatta apratibodha apāṣṭha apūpa apūrva araṇya arci arcā arepha arka artha arūpa arṇas asahāya asaṃcaya asaṃtoṣa asaṅga asmad asneha asthan atana atharva atithi atiśaya atiṣṭhā atri autkaṇṭhya autsukya avadhāna avadya avaguṇṭhana avagāḍha avakāśa avaroha avas avidyamāna avijñāna avikāra aviśeṣa avrata avyabhicāra avyaya avāpta avīrya aya ayathā ayatna añjana aśana aśanāyā aśma aśman aśruta aśukla aśva aṃśa aṅgiras aṅkura bahu baka bala bandhu barha bhadra bhaga bhaikṣa bhargas bhastrā bhaṅga bhikṣā bhinna bhoga bhrājas bhrātṛvya bhukta bhuvad bhā bhāgya bhājana bhāna bhāra bhāratī bhāryā bhās bhāva bhāvita bhīta bhūta bila brahma brāhmaṇa buddha budhna bāhu bāṇa bīja bṛhad bṛhaspati cakra cakrī canasita candra candraka caraṇa caritra carma caṇḍa caṣāla ceṣṭā chandas chandoma chattra chinna chāyā cintā citi citra citta cātvāla cīvara cūḍā dadhan dadhi dahana dakṣiṇā danta darī darśita dat datta dattra dauhitra dayā daśā daṇḍa deha deva dhairya dhana dharma dhiṣṇya dhurya dhvaja dhvasman dhyāna dhāma dhānya dhānā dhāraṇā dhārā dhī dhūma dhūr dhṛta didṛkṣā doṣa drapsa draviṇa draviṇas dravya druma dukūla duvas dvitīya dvār dvāra dvīpa dyumna dāha dākṣiṇya dāman dāna dīpa dīrgha dūrvā dūta dṛṣad dṛṣṭa edha ehi eka enas etad gahana gaja gamana gandha garaṇa gata gaurava gaṇa gharma ghaṇṭā ghoṣa ghṛta ghṛṇā gnā grabhaṇa grahaṇa grāha grāhya grāma gulma guru guṇa gātra gīr gṛha gṛhya haras hari harit harṣa hasta hava haṃsa helā hema heṣas hima hiraṇya hita homa hārda hāta hūta hṛdaya hṛṣṭa icchā idhma iha indhana indra indriya irā iti iḍā iṣa iṣṭakā jaghni jala jana jani janma jarā java jaya jaṭā jihvā juhū juṣāṇa jyotsnā jyāyas jñāna jā jāgarita jāla jāmba jāmi jāta jīrṇa jīva jīvana jṛmbhā ka kad kakubh kakud kakuda kalaha kalatra kalyāṇa kalā kanda kandara kanyā kapāla kara karaṇa karaṇḍaka karma karṇa karṇaka kaupīna kautuka kaśā kaṇva kaṇṭaka kesara keśa khaḍa khaḍga khādita kiṃ kiṇa kleda kliśita klība kopa kośa koṣṭha koṭara krama krauñca kriyā krīḍā kula kulāla kumud kumāra kusuma kusumbha kutūhala kuśa kuśala kāka kāla kāma kāraka kāraṇa kārita kārya kāsa kāya kāṇḍa kāṣṭha kūla kṛpā kṛpāyita kṛta kṛtya kṣaita kṣama kṣamā kṣatra kṣema kṣud kṣudhā kṣuta kṣāma kṣīra kṣīṇa labdha lajjā lakṣaṇa lakṣmī lalāma laulya lava lipta liṅga lobhita loha lohita loka lolūyā loma loṣṭa lābha lāla lāvaṇya līlā mad madhu magha mahad mahas mahimā majjan makaranda makha mala manana manas manmatha manthi mantra mantri manu marta marut mata mati matsara mayūkha maṅgala medas medhā megha meha mehanā mekhalā mitra moha mokṣa mudga mudā mugdha mukha mukti mumuṣiṣu muñja muṣka mālya mālā māna māra mātrā mātṛ māya māyā māṃsa mīna mūka mūla mūrchā mūrdhan mūḍha mṛjā mṛta mṛṇāla mṛṣṭa nabhas nabhāka naga nakta namas nara nas navya naya nayana naḍ naṣṭa nirukta nirāhava nisṛṣṭa nitamba nyāya nāda nāga nāma nāsika nātha nīla nūpura nṛ odana ogha oman omyā pad padma pakva pakṣa palita para paribodha parva paryāpta parā parāga parṇa pastyā patnī pautrikeya pavamāna pavitra pavīra payas pañcama paśu paṅka paṇya paṇḍā peśas peṣaṇa phala phaṇa phaṇā phena phulla piccha piciṇḍa pipīlikā pitta pitṛ plakṣa plava pluta prabala prabhā pradeśa pradāna praharṣa prahā prajñā prajā prakāra prakṛti pramatta pramāda pramāṇa prasaṅga prastha prasthita prasthāna prasāda prathas prati pratihāra pratiṣṭhā pratna pratta pratyakṣa pratīka pravara pravat pravaṇa pravibhāga pravāla prayas prayojana prayāja praśraya praśākha praṇaya prekṣā prema preta preti priya prokta proṣita prāg prāpta prāṇa puccha punar puraṃdhi puro puruṣa purāṇa purīṣa putra puṃ puṃs puṃsa puṇya puṇḍarīka puṣpa pāda pājas pāka pāma pāna pātheya pāvaka pāśa pāṭha pīta pīvas pūjā pūrva pūṣaṇ pṛśni pṛṣad rabhas rakṣita rakṣā rasa rasita rata ratha ratna raya rayi raśmi rekṇas repha retas rocanā rodhas rohita roma rorudā rucita rudra rujā rukma rādhā rāga rāja rājan rājanya rūpa sa sabhā sad sahas sahasra sahāya saikata sajāta sakhi sakta salila samabhyuccaya samarthita samañjana sambheda sambhoga samid samiddha samidhyamāna sampāta samudācāra samupayukta samāsa samṛddhi sapta saras sarasvati sarasvatī sarit sarpiṣ sarva sasya sattva satya saubhāgya saugandhika saujanya saumanasya saurājya saṃcaya saṃdarbha saṃdiṣṭa saṃghāta saṃgraha saṃhanana saṃhitā saṃhṛṣṭa saṃjvara saṃjñā saṃkalpa saṃkhyā saṃnyāsa saṃrambha saṃsarga saṃskāra saṃskṛta saṃsthita saṃsthāna saṃsāra saṃtoṣa saṃtāna saṃtāpa saṃyama saṃyata saṃyāma saṃśapta saṃśrita siddha sidhma sidhrakā sikatā sina skandha skhalita sneha snuṣā snāta sodarya soma soḍha soṣma spardhā sparśa sphuliṅga spṛhā srag srotas srug stanayitnu sthairya sthita sthāma sthāna sthāni sthāpita sthāṇu stibhi stobha stotra stuta sudhā sukha sula surā suta suvar suvarṇa suṣira sva svadhā svana svapna svar svara svarga svarita svācāra sādhana sādhu sādhya sāgara sāhasa sāhasra sākṣi sāma sāman sāmarthya sāmānya sāra sārtha sāsnā sāvitra sāṃnāyya sīmanta sūci sūda sūna sūnṛtā sūra sūrya sṛga sṛka sṛṣṭa tad takṣa tamas tamo tapas tapo taras tardma taskara tata tavas taviṣī taḍit taḍāga tejas tejo tigma toka toya trapā tri tulya tulā tunda tvag tvarā tyakta tīrtha tūṇa tṛṇa ubhaya udaka udan udara udaya udbhāsa udgrāha udvāsa udātta ujjeṣa ujjhita ukta uktha unmatta unmāda upacāra upadeha upadeśana upagata upagūḍha upakaraṇa upamāna upasṛta upayāma upaśama upāya uras urvarī utsaṅga utsāha utsṛṣṭa utthāna uṣma vahni vaidagdhya vaikṛta vailakṣya vaira vaiśvānara vajri vala valaya valka valkala vapā varcas varma vartamāna vartita varāha varṇa varṇita varṣa varṣma vasana vasiṣṭha vastra vastu vasu vatsa vayas vayuna vayā vañcana veda vedi vega vetra veśa veṣa vi vibhava vibhāga vibhūṣaṇa vibādha vicāra vidhi vidyud vidyut vidyā vidāha vighna vigraha vihita vihāra vijaya vijita vijñāna vikalpa vikāra vilāsa vimarśa vimāna vinaya vindhya vinoda viparīta vipra vipratisāra vipīta virodha virāga vismaya vismṛta visṛṣṭa vitta vitāna viveka vivṛta viśaya viśeṣa viśeṣaṇa viśrambha viśruta viśva viśvasta viśvā viṣa viṣaya viṣkambha viṣu viṣāda viṣāṇa viṣū viṣṇu vrajyā vrata vraṇa vrīḍā vyabhicāra vyacas vyapadeśa vyasana vyathā vyatikara vyatiṣaṅga vyavadhāna vyavahāra vyavasāya vyaya vyāla vyāpāra vyāyāma vācya vāditra vāg vāja vājinī vāra vārdālī vāta vāyu vāṇa vāṇī vīra vīriṇa vīrya vīta vīṇā vṛjina vṛkṇa vṛkṣa vṛtta vṛṣa vṛṣaṇ vṛṣṭa yad yajña yama yantra yathā yatna yauvana yaviṣṭha yayāti yaśas yaśo yoga yuddha yukta yuvā yuṣmā yābha yāna yūpa yūpaka ācāra ācārya ādara āditya ādāna āgama āhuti ākopa ākāra ākāśa ālambana āliṅgita āloka ālāpa āpyāna āpyāyana āpīna ārambhaṇa ārogya ārūḍha ārṣeya āsan āsañjana āsecana āstaraṇa āsvāda ātapa ātithya ātma ātman āvṛt āyatana āyuṣya āyāma āśraya āśā āḍambara śabda śacī śaivala śakala śalya śalyaka śalākā śama śamī śapha śapta śara śarad śardha śarkarā śarma śarpaṇā śaryāṇa śarīra śastra śata śatru śatā śauca śaurya śayita śaṃ śaṅkha śaṣpa śepyā śeṣa śikhā śikya śikṣā śilpa śimī śipra śleṣma ślu śmaśru śoka śraddadhāna śraddhā śrama śrita śrotra śruta śrī śuddha śuka śukla śukra śuna śuṣka śuṣma śva śvabhra śvasana śvastana śādvala śālā śāstra śāṭhya śīla śīrṣaṇ śītikā śūka śūla śūna śūnya śṛṅga śṛṅgāra ūha ūrjas ūrṇā ūṣa ūṣma ṛghā ṛk ṛkṣa ṛta ṛtavya ṛtviya ṛṇa ṛṣabha ṛṣi ṣāḍguṇya ṭaṃkāra ṭaṅka
tā	1058	TADDHITA_SUFFIX	abhedya abhidheya abhihita abhijña abhijāta abhimata abhimukha abhimāna abhiniviṣṭa abhinna abhipāṇḍu abhirāma abhirūpa abhyamitrīṇa abhyarhaṇīya abhyarṇa abhyāsa abhīṣṭa aceṣṭa acākrika adhika adhimitra adhīna adhīra agni ago aguṇa agṛha ahata ahaṃ aja ajña ajñāna ajāmi ajīryat akalka akiñcana akula akāma akṣama akṣaya akṣuṇṇa alasa alaṅghanīya alokya alpa alīka amama amanuṣya amara amaraṇīya amartya amedhya amitra amla amogha amāna amātsarya amṛta anagna anaikāntika ananta ananubhāvaka ananya anapatya anavadhāna anavadya anaśana andha aneka anitya antika anubhāvaka anukūla anutsuka anutsāha anya anārya anīśvara anṛśaṃsa anṛṇa apakva apakāra apakṛṣṭa apakṣa apara apati apatuṣāra apatya apaśu apaśālīna apaṅka apaṭu aphala apradhāna aprajas aprakampa aprakḷpta apramāda apratidvandva apratyakṣa aprayukta aprājña aputra apūrva apūrṇa ari aroga arogya arthi aruṇa arūkṣa arūpa asahana asahiṣṇu asahāya asama asat asatya asaṃdheya asaṃkhyeya asmi astabdha asti asustha asva asādhya asāra asāvadhāna atirikta audumbara audārya aupayika avacanīya avadhya avadhāna avahita avahāsya avalipta avamāna avarjanīya avastra avastu avaśeṣa avibhājya avidyamāna avijña avipāka avitṛpta aviveka aviśrambha avyaṅga avyāpaka avācya avārya avīra ayogya ayukta ayātayāma aśakya aśeṣa aśiśira aśiṣṭa aślīla aśma aśocya aśuci aśānta aśūnya aṅga aṇu badhira bahala bahu bahula ballava bandhu bandi barbara bhadra bhagna bhakta bhartṛ bhasma bhavitavya bhaviṣyat bhavya bhayānaka bhaṅgura bhedanīya bheṣaja bhogya bhojya bhrājiṣṇu bhujiṣya bhājana bhānu bhāsa bhāvi bhāvya bhīma bhīru bhūri bhūta bhūṣaṇa bhṛtya bhṛśa brahma brahmaṇya brāhmaṇa bādha bādhaka bāhu bāhya bāla bāliśa bālya bāndhava bāṇa bībhatsa cala capala catura cañcala cañcu caṇḍa caṇḍāla cetana chala chidra chāndasa chāttra cikkaṇa cira cākrika cāru cūcuka cūrṇa dahana dahanīya daiṣṭika dakṣa daridra dayālu deva dhairya dhanika dhanya dharma dharmiṣṭha dhavala dhurya dhānuṣka dhānya dhārmika dhīra dhūma dhūrta dhṛṣṭa divya drava dugdha durga duḥkha duṣṭa dveṣya dvi dvitīya dviṣa dvādaśa dvāra dyūta dākṣiṇya dāruṇa dāsa dātṛ dīna dīrgha dūra dūṣaṇa dṛśya dṛḍha eka gadgada gaja gamaka gambhīra gamya garbha garbhita gaṇa ghana ghora ghurghura go gopa gopanīya graha grahaṇīya grāma grāmya guru guṇa guṇi gāḍha gūḍha gṛdhnu harṣaṇa haṃsa hetu hrasva hāsya hīna hṛdya indra iyat iṣṭa jala jana janaka janya japa jaḍa jighṛkṣu jigīṣu jihma jyeṣṭha jña jñeya jñāta jāra jāti jīrṇa jīvana kabandha kala kalatra kalla kalmāṣa kalpa kaluṣa kalya kamanīya kaniṣṭha kapaṭa karaṇa karma karmaṇya kartavya kartṛ karṇa kathaṃ kautuki kautūhala kauśika kavala kavi kavya kaṣāya kaṣṭa kaṭhina kaṭhora kaṭu kaṭuka khala khañja khaṇḍa kiṃ klība kola komala krīḍanaka krūra kubja kulīna kuśala kuḍmala kuṇṭha kuṭila kādācitka kāka kāla kālika kālpanika kāmi kāmya kāpuruṣa kāraṇa kāruṇika kārya kātara kāvya kūṭa kṛcchra kṛmi kṛpālu kṛtrima kṛtsna kṛtya kṛśa kṛṣṇa kṣama kṣatriya kṣayita kṣaṇika kṣetra kṣipta kṣubdha kṣudra kṣāma kṣība kṣīṇa laghu lakṣa lakṣya lampaṭa laulya lavaṇa laṅghanīya lohita loka lokya lola lolupa lubdha lupta luṇṭhāka lālasa lāñchana līna madhura madhya maha mahat mahi maitra malina mama manda manthara mantri manuṣya martya marāla mayūra medhya mitra miśra miṣṭa mleccha mlāna mogha mugdha mukhara mukhya mukta mumukṣu muni muṣṭi mādaka māna māni mānuṣa mārgaṇa mātra mātṛ mīna mūka mūla mūrkha mūḍha mṛdu nagna namra nara nava naṭa netra nibha nidhana nighna nimitta nimna nindya nipuṇa nitamba nitya niṣṭhura nyāya nyūna nāda nāgara nīca nīla nūtana nṛ pada padma pakva pakṣa pakṣati palāśa para parakīya parama parijana parimanda parimanthara parimaṇḍala parivihvala paryāpta paryāya parāsu pauruṣa pavitra pañca paśu paṅgu paṅka paṇa paṇya paṇḍita paṭaha paṭu phala phalgu phena piñjara piśaṅga piśuna piśāca piṇḍa prabala prabhu prabhūta pracaṇḍa pracura pradhāna prajña prakāra pralaghu pralamba pralaya pralīna pramatta pramukha pramātṛ pramāṇa prasupta pratyakṣa pravaṇa pravīṇa prayata praśasta praśaṭha preyas priya prācīna prāya prāñjala prāṃśu puruṣa putra puṇya puṣṭa pāpa pārthiva pārṣada pātra pāṅkta pāṇḍu pāṇḍura pāṣaṇḍa pīna pīta pīyūṣa pīḍita pūjya pūrva pūrṇa pṛthak pṛthu pṛṣat rakta ramaṇīya ramya rasa rasika rasyamāna raudra rikta ripu rogi roṣaṇa ruci rugṇa rābhasika rāgi rāja rākṣasa rūkṣa rūpa sabhya saciva sadhana sadyas sadṛśa saha sahiṣṇu sahya sahāya sajja sakhi sakta sama samakṣa samarpaka samartha samaṣṭi sambandhi sambhinna sammūḍha sampanna sampriya sampūrṇa samudānaya samutsuka samutsāha samyak samākula samāna samīcīna samīpa sapakṣa sapatna sapiṇḍa sapti sarala sarasa sarpa sarva sat sattva satya satī saumya saṃcāri saṃdaṣṭa saṃdigdha saṃdāna saṃhata saṃjña saṃkara saṃkhya saṃkīrṇa saṃnikarṣa saṃsakta saṃskāra saṃvedya saṃvṛta sendra sevi sevya sikta siṃha skanda smara smera snehala snigdha somya sotsāha soṣma spardha sparśa spaṣṭa sphuṭa sphīta spṛhayālu spṛhaṇīya spṛṣṭa srasta sraṣṭṛ srotas stabdha stambha sthala sthira sthita sthiti sthāna sthāsnu sthāvara sthāyi sthūla stimita stoka straiṇa strī suhṛt sukha sukhi sundara supta sura surabhi suṣira suṣṭhu sva svaccha svaira svairi svara svasti svādu svāmi sādhaka sādhana sādhu sādhya sādhāraṇa sāhasika sāhaṃkāra sākāṅkṣa sākṣara sākṣi sālokya sāmarṣa sāmya sāndra sāntarāya sānukrośa sāpekṣa sāra sārameya sārthaka sārūpya sārṣṭi sātma sāvadhāna sāyujya sāśaṅka sāṃnidhya sūci sūda sūkara sūkṣma sūnu sūta tantra tantri tanu tarala taru taruṇa taskara tathā tigma timira tiraśca tiryak toka tri tulya tvan tāmra tārtīyīka tīkṣṇa tīvra tṛpta tṛtīya tṛṇa ucca ucchiṣṭa udāra udāsīna udātta udīrṇa ugra ujjvala ullasa ullāgha unmanaska unmatta unmukha unnamra unnidra upadeśa upadigdha upahāra upahāsya upalakṣaṇa upamāna upādāna upāṃśu uru utka utkṛṣṭa utsuka uttama uttarīya utthita uttuṅga uṣma uṣṇa vacana vacanīya vadhya vaikalpika vaikalya vaiklavya vaimātra vaira vairi vairāgya vairūpya vaivadhika vaiśya vajra vakra vaktavya vaktṛ vallabha vandhya vandya vara vardhanīya vartamāna varti varṇa vastavya vastu vasu vatsala vañcana vaśa vaśi vaśya veda vedanīya vedhya vedi vegi vibhinna vicchinna vicitra vidagdha vidhava vidheya vidhura vidhvasta vidura vidvat vidyamāna vidūra vihvala vihīna vijña vijñāna vikala vilola viloma vimala vimukha vimukta vimāna vinata vinaya vinīta vipakṣa vipanna viparīta viphala vipra vipula virala viriñca virodhi viruddha virāma virūpa vispaṣṭa visra vistara vistīrṇa vitatha vivecaka viveka vivikta vivṛta viyoga viyukta viśada viśeṣaṇa viśeṣya viśiṣṭa viśrabdha viśrambha viśuddha viśāla viśīrṇa viṣa viṣaya viṣaṇṇa viṣṭabdha vraṇa vrātya vyabhicāra vyabhicāri vyagra vyakta vyakti vyartha vyasani vyasta vyatirikta vyayi vyaṅga vyādha vyāghra vyākula vyāmiśra vyāpaka vyāpya vyāyata vācaka vācya vācāla vācāṭa vāhana vāhi vāji vākya vāma vāmana vātsalya vāvadūka vīra vṛddha vṛtti vṛṣa vṛṣala vṛṣya vṛṣṭi yajña yakṣa yama yaṣṭṛ yogi yogya yuva yāciṣṇu yājya yāmika yātavya ābhāsa ācārya ādhi ādhāra ādi ākula ākīrṇa ālokanīya āma āmiṣa ānanda āpāṇḍu ārambha ārdra ārogya ārta ārya āspada ātma āvaśyaka āyatta āścarya āśvāsanaśīla āḍhya īrya īśvara śabala śaila śaiva śakti śakya śalabha śara śarabha śaravya śaraṇya śarīra śasta śatru śauṇḍa śauṇḍīra śauṭīra śaṭha śekhara śeṣa śikhi śithila śiva śiśira śiśu śiṣya śiṣṭa ślakṣṇa ślāghanīya ślāghya śocanīya śocya śoṇa śraddadhāna śraddheya śreṣṭha śrotra śrotriya śruti śrīla śrīmat śubhra śuci śuddha śuka śukla śuṣka śuṭīra śveta śvāsa śyāma śyāmala śyāva śāli śālīna śāmya śānta śāpa śāra śāśvatika śīghra śīla śīrṇa śīta śītala śūdra śūnya śūra śṛṅgāra śṛṅkhala ūna ūrdhva ḍittha ṛju ṛṇa ṛṣabha ṣaṇḍa ṣaṇḍha
ja	461	KRT_STEM_MEMBER	abdhi abhimṛṣṭa abhūmi abja acyuta adeśa adhri adhyūḍha aditi adri adṛṣṭa aga agni agra aiśāna akāla akṣa amara amarṣa ambho ambu anantara ananya aneka anna anta antar antya anuloma anupūrva anya anārya anūpa apadhvaṃsa apara apsu apāka araṇya arka arṇava asra asthi audaka avani avara avaṭu ayatna ayoni aśma aṅga aṅguli aṇḍa bala bhadra bhramara bhrātṛ bhrāṣṭra bhānu bhāva bhūmi bhūri bhṛgu bhṛṅga bilva bisa brahma brāhmaṇa bāhu candra carma chanda cira citra citta cīna dadhi dala danu deha deva deśa dhanva dharaṇi dharma dhātu dhūma diti divi doha drava droṇī dvaṃdva dvi dvā dvīpa dāru dūra eka etaj gandha gaurī gaṅgā ghana ghrāṇa giri guda gādhi gāthi gūḍha gṛha hari harṣa haḍḍa haṃsa hema heḍa hima hīna hṛdaya hṛj ikṣu indra indu irā jaghanya jala jarāyu jiṣṇu jāra jīva ka kadru kala kamala kambu kanda kanyā kapha kapi kara kari karma karūṣa karṇa kaṃja kaṇa kaṇṭaki kaṭu kedāra khadira khala khaṇḍa kiṃ kośa krama krodha ku kukṣi kula kuśa kuṇḍa kuṣṭha kuṭa kuṭhera kāma kāru kāśa kāśmīra kāṃsya kīlāla kīṭa kūpa kūṭa kṛmi kṛṣṇa kṛṣṭa kṣara kṣata kṣaya kṣetra kṣiti kṣmā kṣīra lauha laṇḍra liṅga loha madhu madra mahā mahī majjā mala malaya malla manasi mandura mano mantha manu maraṇa marma maru mataṃga meda medha medinī medo meḍhra miśra muhūrta mukha muṇḍa mākṣika mātaṃga māṃsa mūla mūrdha nadi nadī naga nai nandana nandi nava netra nirukta nisarga nābhi nāga nāgī nīla nīra nīḍa oka oṣadhi oṣṭha padma paj pakṣa para parimala parvata pavana paścā paṅka paṅke paṭṭa piṣṭa pota prakṛti prasṛta prathama puru puṣkara puṣpa pāda pāka pāna pāpa pārtha pātho pāṃsu pāṇi pūrva pṛthvī pṛthā pṛṣṭha raghu rakta rasa ravi raṅga reta roma rudra rāma rātri rīti sadyo saha salila sammūrcha samudra samīpa sana sapatna sarasi sarasī saro sarva saudharma saura saṃdhi saṃghāta saṃkalpa saṃkara saṃsarga saṃskāra saṃsparśa saṃsveda saṃtāna saṃśoka setu sindhu skandha soma sparśa sroto stamba sthala sva svapna svarṇa svayaṃ sveda sādhu sākaṃ sāma sāmanta sānu sāra sāraṅga sārtha sāṅga sīsa sūrya sūta taj talpa talpe tandri tanti tantri tanu tanū taru tejo timi tiryag tittira toya tuṣa tvag tāla tālu tāmbūla tāmra tāpasa tāpī tāra tārkṣa tārkṣya tīra uda udanya udbhij upari upasara urasi uro uttara uṣma uṭa vaiśyā vaktra vakṣo valgu valka valli vallī vana vanar vanāyu vara varṇa varṣa vasanta vaṃśa vaṅga vaṭa vela vella veṇu vibhakta videśa vidūra viloma viraha virāṭa vitta viveka viḍ viṃśa viṣa viṣṇu vāla vānāyu vānīra vāri vāsava vāstu vāsuki vāta vāyu vīrya vṛkṣa yama yava yoga yoni yugala yugma yuvanāśva ādhi āgantu ājāna ākara ākāśa ānanda ānata āraṇa āraṭṭa ārdra ātma āṇḍa īra īśāna śabda śaila śakra śakti śani śara śarīra śaśi śaśāṅka śaṅkha śigru śila śilā śira śirasi śiro śleṣma śoka śraviṣṭhā śrī śukra śukti śulba śāla śāpa śūra śṛṅga ūrdhva ūru ūṣara ūṣma ṣaḍ ṣaṣṭi
maya	421	TADDHITA_SUFFIX	abhra adharma agni aharṣa akrodha alābu amara ambu amṛta anna antra anṛta apūpa arka artha asthi asṛṅ auddhava avaṣṭambha ayas ayo aśma aśman aśru bailva balbaja bandha bhagavan bhava bhojya bhujaṃgama bhānu bhāvanā bhū bhūmi bhūta bodha brahma buddhi bādhaka bāhu bāṇa cakṣur candana candra carita carma chando chāga chāyā cin cintā cāmīkara cāṣa dama danta darbha darpaṇa dayitā daśā deva devatā dharma dhyāna dhānya dhāraṇā dhātu dhūli dhūma dhṛti doṣa drava dravya droṇa druma duḥkha dvi dvija dyu dāha dāna dāru dīkṣā eka etan gandha garga ghṛta go graha guḍa guṇa gāṇḍī haritāla harṣa hema hiraṇya hāṭaka idam iṣṭakā iṣṭi jagan jala jatu jyotir jyotsnā jñāna jāmbūnada jīva kajjala kakubha kalaṅka kalyāṇa kamala kanaka kanyā karma karpūra kautuka kaśmala khadira khaḍga khaṇḍa kilāsa kim kiraṇa kratu krodha krīḍā kumuda kusuma kuvalaya kuṣṭha kuṭī kāma kāruṇya kārṣmarya kāñcana kāśa kāṃsya kāṇḍa kāṣṭha kīrti kūdī kṛpā kṣauma kṣoṇī kṣīra lekhya lepya locana loha lohita loka loṣṭa lāvaṇya līlā madana madhu madhura madirā madya mahī maitrī makha man manas mano mantra manyu marakata marma marun maryādā mauktika mayūra maṅgala maṇi maṇḍa maṣī medhya megha modaka moha muktā muñja mālā māna māruta mātṛkā māyā māṃsa māṇikya māṣa mūrchā mūrti mūrvā mṛga mṛn mṛṇāla mṛṇālikā nabhas nai naḍa nitamba nitya nāga nārāyaṇa nārī nīla nṛtta padma padya pallava parśu parṇa payo pañca paṅka paṭa phala piṇḍa piṣṭa prabhā prajñā prakṛti prasū praṇaya prāvṛṇ prāṇa prīti pusta putra puṇya puṣpa pāpa pārtha pāṣāṇa pṛthivī rajata rajju rakta rasa ratna raupya raśmi roṣa rudhira rudra rukma rāga rāma rātri rūpya saccin saidhrika sainya salila sama samāmnāya sanna sarva sattva satya saṃdhyā saṃskāra saṃskṛta saṃvatsara sikatā silhaka skandha smara smṛti sneha snāyu soma sphaṭika sthūla stoma strī sudhā sukha surā suvarṇa svadhā svarṇa sāda sāgarikā sāma sāra sāyaka sāścarya sāṃkhya sūtra tamo tan tapanīya tapo tarasa taḍin tejo tila timira toya trayī tvan tvaṅ tāla tāmra tārakā tārā tūrya tṛṇa uda udaka udātta ugra vahni vaidehī vaiḍūrya vajra varṇa varṇaka vasana vasu vasā vaṃśa vaṭāraka veda vedha vetasa veṇu vicakila vidhu vidyā vijñāna vikāra vilāsa vinaya vitta viyan viśva viśvāsa viṣa viṣama viṣṇu vraṇa vrāta vrīhi vyakta vyāhāra vyāja vāla vālukā vāri vāsanā vāstu vāstva vāsudeva vāta vāyu vāṅ vīra vṛkṣa vṛnda vṛṣṭi yajur yajña yan yantra yava yavāgū yoga yuddha yāga ācāra ādarśa āhuti ākāśa āma āmra ānanda āpo ātma āyasa āścarya śabda śaila śaitya śaka śakti śalka śamī śara śastra śata śaśi śaṅkā śaṇa śilā śiva śleṣa śleṣmātaka śobhā śoka śraddhā śravaṇa śreyo śrotra śruta śruti śrī śubha śākhā śāla śīla śīta śṛṅga ūrṇā ṛtu ṛṅ
pati	358	UTTARAPADA	abhirūpa abjinī adhva adri ahalyā ahar ahaḥ ahi amara ambhaḥ ambikā ambu anna ap apas apūrva artha arya arṇava atithi avani avanī aśana aśva aṃhas aṃśu aṣṭa bala bandhu bha bhaginī bhavana bhavānī bhoga bhoja bhujaga bhuva bhuvana bhāryā bhās bhāṇḍa bhū bhūmi bhūmī bhūta bhṛgu brahma bṛhatī cakṣuṣ camū candra caṇḍī cedi chattra cit cīna daitya daivata dakṣa dala dam daśā deva dhana dhanva dharaṇi dharma dharā dhānya dik dina divas divā draviṇa duhitṛ durga dvija dvāra dyu dāna dānava dāśa dīkṣā eka gaja gaukakṣyā gaukakṣī gaurī gavām gaṇa gaṇanā geha giri gnās go graha grāma guhya gātha gīr gīḥ gīṣ gṛdhra gṛha gṛtsa hara harit haviṣ haya hiraṇya hiḍimbā hṛt iḍas jagat jagatī jala jana jina jñāna jāmbavatī jīva jīvat kailāsa kamaṭha kanyā kapi kaumudī kiraṇa kratu ku kula kumudinī kālakūṭa kālindī kāma kāśi kāśī kūrma kṛpī kṣamā kṣapā kṣatra kṣetra kṣiti kṣmā kṣoṇi kṣoṇī lakṣmaṇa lakṣmī laṅkā loka lopāmudrā mada madhu madraka mahat mahi mahī manaḥ mandurā mantra mantri markaṭa marut medha medinī mitra mokṣa mukti mādrī mānava mārga mātaṃga māyā mṛga mṛgī nadī naga nagara nakṣatra nandī nanāndṛ nara niraya niśā nāga nāka nāvika nṛ ojo oṣadhi oṣadhī pakṣi pallī parvata pattra paulomī pavitra payas paśu paṇya phaṇi pitṛ piśāca prajā pratīcī preta priya prācī prāṇa pudgala puruṣa puṣṭa puṣṭi pāpa pārvatī pāthas pāñcāla pīlu pūr pṛtanā pṛthivī pṛthvī pṛthā raghu rajanī rakṣaḥ rakṣā ramaṇa ramā rasa rati ratna rayi raśmi rohiṇī ruci rādhas rāja rākā rāma rāṣṭra rūpa sabhā sadas saha sahasra sainya salila sarit sarpa sarva sat sattva saubha sava saṃgha saṃveśa senā setu siddha sindhu sinī soma stha sthāna su sura sutā sva svadhā svar svarga svaḥ svāhā sārtha sīra sītā sūrya tapas taḍit taṭinī tithi tuṅgī tārā tīrtha umā urvarā urvī uḍu uṣā vaghā varūthinī varṣa vasu vatsa veśyā veṅkaṭa vibudha vidarbha videha vidyā vighna vijñāna vikrama vitta viś viśva viṣaya viṣṇu viṭ vrata vrāja vrāta vācas vāhinī vāja vāk vārttā vāta vṛṣa vṛṣalī yadu yajuṣ yajña yakṣa yamunā yoga yādas yādaḥ yāminī yūtha āji āyuḥ āyuṣ āśā śabda śacī śaila śarvarī śata śaṃkara śeṣa śikhā śmaśāna śrotra śrāvayat śrī śuci śva śvabhra śālva śālā ūrjas ṛkṣa ṛtu ṭaṅka ṭaṅkaka
kara	331	KRT_STEM_MEMBER	abhyucchrita agra ahas ahima akhyāti akīrti akṣara amṛta ananta anartha anta anudvega anārogya apayaśas apriya aprīti arka arpita artha aruṇa aruṣ asthi asṛk avabhāsa avacana ayaśas aśiśira aśoka aśuci aśānti aśīta bahu bala bali bhakta bhakti bhaya bhaṅga bheda bhidā bhoga bhrānti bhānu bhās bhī bhūyas bodha brahma buddhi bāhu bījā caṇḍa chambaṭ cheda chāyā citra dara darvī dayā deha dhanuṣ dhenu dik dina divasa divā doṣa doṣā drāva duḥkha duṣ dvi dvādaśa dyuti dyūta dīpti eka garbha ghaṭī ghāta harṣa hema hima hita hāni hāsa hāsya indu jala janma jaṅghā jaṭā jihmī jyotiṣ kalaṅka kalyāṇa kapha karma kartṛ karāla kaṣṭa kaṭa khyāti kiṃ kriyā ku kula kunda kuñjara kānti kāpya kāra kārya kāsa kīrti kṛmi kṛta kṛti kṛṣi kṣamā kṣapā kṣaya kṣema kṣetra kṣudhā lajjā latā lepa lipi livi lābha līlā mada madhu mahā majjā malinī manmatha manāk marut mayas medinī moda moha mudrā mudā mukta mādhava mādhu mālā māṃsa mūtra mṛdā mṛt mṛtyu nandi nava nimba nirghāta niśā niṣ nāndi nāndī nāśana nīcaiḥ padma pañjī phaṇa phaṇā phut prabhā praiṣa prajñā prajā pratijñā pratyaya praśasta preyas priya prāṇa prīti pustaka puṣṭi pāpa pīḍā pūjā rahas rajani rajanī ratha rati ratna ravi ruci rujā rāja rājya rātri sa sahasra sama sammāna samudra sarva satrā saṃdūṣaṇa saṃjvara saṃtāpa saṃvatsara saṃśaya saṅga setu siddhi sindhu sita spardhā sphoṭa sphut srasta stambha sthairya sthirī su sukha sute svadhā svara svasti svādu sāhya sāhāyya sākṣāt sūrya tapana tapaḥ tat tejas tigma tiras trāsa tuhina tundi tuṣāra tuṣṭi tīkṣṇa tīrtha tṛpti uccaiḥ udaya udbhava uddyota udvega udvejana upakrośana uṣā uṣṇa vacana vacas vahni vaira vaiyāvṛtti vaiyāvṛttya varṣa vayas vaśa vaśya vaśī vaṃśa vepana vi vibhā vidhi vidyā vighna viparīta vipat vipatti vismaya viṣṭambha viṣṭi vyathā vyaya vyādhi vāda vādya vājī vākya vāraṇa vāta vīrya vṛddhi vṛtti vṛṣṭi yat yaśas yoga yukti yāna yātrā ādi āhlāda ājñā āloka ānanda āyuṣ īṣat śakti śala śaśi śaṃ śikṣā śilpa śiva śiśira śmaśru śobhā śoka śrama śreyas śrāddha śrī śubha śubhaṃ śuddhi śukra śvayathu śānti śīta śū ūrdhva ūrjas
mat	291	TADDHITA_SUFFIX	abhakti abhipatti abhiṣṭi abhīṣu abuddhi agni ahi akṣi ali ambu amūrti anādi apaciti apsu aptu araṇi arci asi asthi asti asu avadhi avi avīci añji aśani aśri aśrī aṃśu bali bandhu barhiṣ bhakti bhrājathu bhrānti bhrātṛ bhānu bhī bhīti bhū bhūmi bhūti bhṛṣṭi bindu buddhi bāhu bṛhaspati cakṣuṣ cañcu ceto citi cāru dalmi darī dhanuṣ dhenu dhrākṣā dhundhu dhuni dhvani dhātu dhī dhṛti dru drākṣā duhitṛ dyu dyuti dānu dīdhiti dīpti dṛśi dṛṣṭi gabhasti garut gati gauri gavīdhu gaṇi go goptṛ granthi guru gāli gātu hanu hari harit hasti haviṣ heti hetu hotṛ hrī indu iṣu jambu jani jantu jyotiṣ jñāti jāti jīvātu jūti kakud kakun kartṛ kaśeru kaśerū kaṇva kaṇḍū ketu khyāti koṭi kratu krīḍu kānti kīrti kṛmi kṛti kṣati kṣu kṣun kṣānti madhu mahi mantu manyu marut marīci mati maṇi mārṣṭi mātṛ mīḍhuṣ mūrti mṛtyu netṛ niji nīti nṛ oṣadhī paraśu pathi pavi paśu paṭu pitu pitṛ prakṛti prasū praṣṭi prāpti prāṇa prāṇi prīti purī puṣṭi pāṇi pṛthu pṛśni rakti rati rayi raśmi reṇu ruk ruṣṭi rāji rājī sakti sampratipatti samādhi samṛddhi sani sanni sarpiṣ saṃdhi saṃnati saṃtati saṃvṛti siddhi siji smṛti sphāti sphūrti srug stanayitnu sthiti sthivi strī stuti su surabhi sva svasti svāpi sādhu sākṣi sānu sūnu sṛṣṭi tantu tanu taras taviṣī tsaru tuviṣ tuṣṭi tvaṣṭṛ tviṣi tṛpti ulkuṣī unnati upabdi upacāru upadraṣṭṛ upakṛti upalabdhi upapatti utpatti vadhū vahni vali valli valī vapuṣ vasu vaśā vepathu veṇu vibhū vibhūti viduṣ vidyun vikṛti vipruṣ viśrānti viśuddhi viṣṇu vrīhi vyutpatti vyuṣṭi vyāpti vāji vāri vāyu vāśī vṛddhi vṛtti vṛṣṇi vṛṣṭi yaji yajuṣ yava yaṣṭi yoni yukti yātu ādi ākāra ākṛti ārti āsuti āyati āyuṣ āśu śakti śaru śaśi śaṅku śikhaṇḍi śiśu śociṣ śreṇi śroṇi śruti śruṣṭi śrī śuddhi śukti śvayathu śānti śīrṣakti ūrmi ṛbhu ṛddhi ṛg ṛtu ṛṣṭi ṣoḍaśi
kāra	284	KRT_STEM_MEMBER	a ahaṃ ai ailaba alaṃ andha anya anyathā asat astra au ayas aṅgī aṅka ba bahiṣ bahu bahulī balbalā balāt bandī bha bhadra bhakta bhakṣa bhasma bhos bhāṣya bhṛṣṭa brahma buk ca camat carma caṭat caṭu cha chambaṭ cira cit citra citrī cuścuṣā cāṭu cīt cūrṇa cūrṇi da danta darpaṇa dha dhanuṣ dharma dhik dhmā dhvani dyo dyūta dṛḍhī e ga garbha gaṇa gha ghaṭa ghaṭī ghumaghumā grantha guru guṃ guṇa gāthā ha hak hanta has hema hiraṇya hiṅ huḍuk huḍut huṃ hā hāsya hāyi hīhī i iha iti iṣu ja jarat jha jhaṅ jhāṃ jyā jāla ka kakṣī kalaha kali kalpa kalyāṇa kanaka kandalī karma kaḍat kaṃsa kaṇṭa keśa kha khalī khaṇḍa khaṇḍana kośa kriyā kuhaka kumbha kāla kāma kāpya kāśū kāṃsya kāṇḍa kūpa kūṭa kṛṣya kṣema la lauha lepya lipi locana loha loka ma madhu madra mama manas manasi mantra manuṣya maṇi medhā modaka mālā māyā mūla na namas nirukta nyak nyāsa nī nṛ o pa pada parva parṇa pathi patti payas paṭa paṭṭi pha phalī phet pheṭ phut prajā pratī priya prā puras puruṣa puṣpa pādukā ra raghu ratha raṅga raṇat rūpa sa sabhā sadyas saha saktu samaya samī sat saudha saṃgraha saṃhitā saṃnidhi smara sphut sruk stamba sthirī sudhā sukha surā suvarṇa svadhā svagā svarṇa svasti svādu svāhā svī sādhu sākṣāt sūpa sūt sūtra ta taila talava tantra tha thūt tiras traṭat tvaṃ tāmra u urarī va vacana vaira vakṣas varṣā vat vaśī vaṣaṭ veda vetra veṇu veṣa veṭ vi vyañjana vāhana vākya vārttika vātī vāṭ vṛtti ya yajña yut yātrā ña āviṣ ī śa śabda śakṛt śara śastra śaṅkha śikṣā śilpa śloka śrī śāstra śīt śū śūla śṛtaṃ ū ḍa ḍha ḷ ṅa ṇa ṛ ṝ ṣa ṭa ṭha
karman	274	UTTARAPADA	acintya adbhuta adhvara adṛṣṭa agni ahīna akliṣṭa anitya anta antya apūrva ariṣṭa artha avaśya añjali aśru aṅga bahiṣ bali bhoga bhāva bhīma bhūri bhūta bhūti brahma bībhatsa bṛhat caturthī caula caura cauḍa caṇḍa cintā citra cīvara cūḍā dahana daiva daṇḍa deva dharma dhī durga duṣ dāra dāru dāruṇa dūta dṛk dṛṣṭa eka gaṇa go grāmya guru guṇa gṛha gṛhya gṛhyā haya haṭha hiṃsā homa hotṛ hīna indra indrāṇī iṣṭa japya jñāti jāla jāta kathaṃ keśa kiṃ kratu krūra ku kula kāla kāmya kūṭa kṛcchra kṛta kṛṣi kṛṣṇa kṣaura kṣema kṣetra kṣudra kṣura kṣāra kṣīṇa lakta lakṣaṇa lipi mahā manda marut mati maṅgala mithyā mitra mogha muṣṭi māraṇa mūla mūlī mṛdu mṛt naimittika nasya nau nija nitya niṣ nāma nānā nāpita nīca para parācī patnī patti pañca paśu paṭṭa pitṛ pradhāna preta priya prāk prāktana prāpta prāṇa prīti punaḥ pusta putra puṇya puṣṭi pālana pālāśa pāpa pāraṇa pāṇḍu pūjā pūrva pṛthu rasa rati raudra raṇa rāja sa sahya sajja sajya salila sama samara sampratti samāna samāvartana sarva sat satya savana saṃcita saṃgrāma saṃjñā saṃkliṣṭa saṃsṛṣṭa saṃtāna saṃśliṣṭa senā setu sita siṃha smara smārta soma soṣyantī sthira strī su surā sva svairi svasti sādhu sāṃnipātika sūcī sūda sūta sūtra takṣa tarka tarku toya tri tāna tīkṣṇa udaka udvāha ugra upacāra vaidika vaiśvadeva vaiśya varga vartma varṣa vasti vaśya vaṃśa vaṇik veśma vi vidveṣa vidyā vikrama vinaya vivāha viśva viṣama viṣaya vyaya vyāpti vācā vāja vārttā vāruṇa vāstu vāta vīra vṛddha vṛka vṛthā vṛṣa yajña yantra yukta yāga ādi ārya ātma śabda śastra śata śaurya śava śilpa śilpi śmaśru śrauta śravaṇā śruta śrāddha śrāvaṇa śrāvaṇī śubha śuddha śukla śuṅgā śālā śāmitra śānti śāntika śīghra ūrdhva ṛtu ṣaṭ
mukha	258	UTTARAPADA	abaddha agni ahar aja akṣara aneka antar asṛṅ avaguṇṭhita avanata avanī avāṅ ayo aśru aśva aṅguli aṅka bahir bahu barhir basta bhadra bhāga bhīma brahma bāṇa bāṣpa caitya cakra cakṣur candra catur caṣāla ceto chāga cāru dadhi dakṣiṇā darī daśa daṇḍa dhavala dina divasa diṅ droṇa droṇī dugdha dur dvi dvāra dīna dīrgha dūta eka ekato gaja gardabhī gaura ghaṇṭā ghoṭaka go gokā grāma guhā guṭikā gāyatrī gṛha hala hasti haya haṃsa hrīta hrīṇa indu irā iṣu jagan jatu jvālā jyotir jñāti kakum kalaśī kamala kari kartarī karāla karṇa kathā kaṅka keli khara koka kravya krodha kroḍī ku kuca kuhū kumbhī kuṭī kāka kāla kālikā kālī kīkasa kṛta kṛṣṇa loha mahā makara makha malina martya mitra mleccha mudrita muṣṭi mātṛ māṃsa māṇikya mṛga nadī namra nandi nandī nata nava niśā nāndī nārī nīcair parāṅ payo pañca phaṇi prahṛṣṭa prati pratyaṅ pratīcīna prāṅ purastān puro puruṣa puṇḍarīka puṣkara pāṇi pāṇḍu pūrva pūrṇa pṛthu pṛṣṭhe raghu rajanī rakta rakṣo ratha rathyā raṇa rocanā rociṣṇu ruddha rāhu rāja rājīva saha sahasra samprahṛṣṭa sarin sarva sarvato saumya savana saṃkaṭa saṃyata senā sindhu siṃha smera smita stana sthūla strī su suhṛn sukha surabhi surā svasti svāti sārikā sūcikā sūcī sūkara sūta tala tantrī tathā trayī tri tuṅga tāmra tūṇa ubhaya ubhayato uccair udaṅ uduṣṭa uktha ulkā vaiśvānara vajra vali valī vanitā vatsa vaḍabā veda vi vidyun vidīrṇa viśvato viṣaṇṇa viṣṇu vrīhi vyāghra vāṅ vīṭa yajña yoni yāna āji āvir āśā śakaṭī śara śaran śastra śata śaśi śaṅkha śaṅku śilī śiro śruti śrī śuddha śuṣka śva śvabhra śyāma śālā ūrdhva ṛtu ṛṣi ṣaṇ ṣoḍhā
tas	251	TADDHITA_SUFFIX	abhyantara abhīpa adhara adharma adya agra aikadhya ajñāna akāma animitta anta antara anti anuparodha anurūpa anusāra anya anyatara anyāya apara apāk arjuna artha arāgadveṣa avara avidhāna avidūra avighna aviśeṣa avāra ayatna aśeṣa bahu bhadra bhakti bhasma bheda bhāna bhāva bhīti bodha brahma buddhi bāhya bīja carama caura chanda daiva dakṣiṇa daśa devatā dharma dik doṣa dravya dāna dūra dṛṣṭa eka grāma guṇa hīna hṛt itara iṣṭa jaghana jaghanya janma jyeṣṭha jñāna jāti kara karṇa katara kaṇṭha kevala khalu kopa krama kula kāla kāma kāraṇa kārya kṛcchra liṅga lobha loka loma madhya majja mantra manyu marya medas mukha mukhya māna mātra mātṛ māṃsa mūla mūrdha mūrti nabhas nas nasta nipuṇa nisarga nyāya nāśa para parama paripārśva pat paścima paśu phala pitṛ piṇḍa pradhāna pramukha pramāṇa prapañca prasaṅga prastāva prathama pratyakṣa prānta prāyaṇa pura pāda pāra pārśva pātrī pūrva pṛṣṭha rahas rajas rasa rāja rāji rūpa sa samanta samanīka samavāya sampradāya samudra samāna samāsa samīpa sapatnī sarva satya savya saṃdhi saṃkhyā saṃkṣepa saṃsarga sindhu sparśa sthala sthāna sukha sva svalpa sādhu sāma sāmānya sāntva sāra sārūpya sātmya sāṃnidhya sīma ta tala tathya tri tvat tātparya udak udayana uddeśa upari upādhi upāya uras utsarga uttara vaimūlya varṇa vastu vaśa vega vibhava vibhāga vidhi vidhāna vidyā vikāra vipakṣa viplava virūpa vistara viyoga viśeṣa viśva vyabhicāra vyatireka vyavahāra vyāsa vāgya vākya vāma vāri vṛtta yakṛt yatna yoga yoni yukti yuṣmat yāmya ādi āgamana āhavanīya ānukūlya ānṛśaṃsya āpāta āśaya āśraya īha śaila śakti śatru śauca śeṣa śiras śreṣṭha śrotra śroṇi śruta śruti śāstra śīla śīrṣa ūrdhva ṛk
kṛt	245	KRT_STEM_MEMBER	abandhu abhiśasti abhiṣṭi adhvara agha aneka anta anukāma anuyoga apuṇya apāpa araṃ artha asthi ayukta aśana aṅgāra bala bali bandhu bhadra bhasma bhaya bheda bhrāṣṭra bhāla bhāṣya bhīti bhūta bhūti bhūyas brahma buddhi bīja carma citra cūrṇa cūrṇi dayā deha dhanuṣ dharma dhvani dhūrta dina divasa doṣa dudhra duṣ dyūta dṛṣṭi ghaṭa ghoṣa grantha guñja harṣa hasa haviṣ hiraṇya hita hāni hāsya iṣu iṣṭa jala janma jatu jaya jyotiṣ jāmi kali kalyāṇa kari karma karmaṇya kaṣāya kaṭa khaja khaṇḍana kośa koṭi krama krūra kutūhala kākā kāla kūṭa kṛcchra kṛmi kṛtyā kṛṣi kṣapā kṣata kṣava kṣaya kṣema lepya loka lābha mada madhu majja mantra maṇi meda medas medhā mithū mitra moṣa māna māyā mīmāṃsā mūla nava nimitta nirukta nyāsa pada pakva pakṣa pathi peśas pitu praiṣa preṣaṇa priya puru putra puṇya pādukā pādū pāpa pīḍā pūrva rajani ratha raṇa rikta rodha ruci rāja rājya rāma rūpa sa saha sahas sahāya sapta sarga sarva satya savana saṃdhāna sphya steya sthairya su sukha sura suvarṇa sva svapna svarṇa svasti sviṣṭa svāhā syona sādhu sāhya sāmrājya sūpa sūra sūtra sṛṣṭi tanū thuthu toya trāsa tānava tīrtha tṛpti uru uṣṇa vahni vaira vapā varivas varṇa vasu vayas vaṃśa vedānta vidhi vighna vināśa virodha viśalya viśeṣa viśrānti viśva viśvāsa viṣāda viṣṭi vraṇa vyabhicāra vyākhyā vāda vānti vārttika vāsara vāta vīrya vṛtti yajña yata yaśas yukta ādi āgas āji ākula āpta āyu āyuṣ īśāna śaka śama śarma śarīra śava śaṃ śloka śobha śotha śreyas śrāddha śubha śubhra śuddhi śānti śāstra śīghra ṛṣi
rāja	243	UTTARAPADA	abhyudgata adri akṣa amara ambu amogha ardha aśva aṅga baka bhadra bhaiṣajya bhoja bhujaga bhuvana bhāṣya bhūti bhṛgu bhṛṅga brahma buddha buddhi bāla bṛhad cakra candra cauṇḍa cedi citta daiva deva dhanu dharma dhruva dhānya dhāraṇī dhī dhūrta dina dvi dvija dvīpa eka gaja gandha gandharva gava ghaṭa go graha guha gāndhāra gṛdhra gṛha hari hasti haṃsa helā hema hima indra indu janaka jaya jhaṣa jina jīva kampa kardama karka kavi keśa kiṃ koṭṭa kratu kumāra kuru kāma kānti kāśi kāśī kīrti kūrma kṛtya kṛṣṇa kṣatriya kṣema kṣiti lava madana madra mahā malaya malla mantra manuṣya marma mati matsya mayu maṅgala maṇi megha mukunda mādhava mātaṃga mātra mīna mūla mṛga nada nakṣatra nara nava nāga nārāyaṇa nīpa padma paiṅga pakṣi parvata patatri pauṇḍra pañcāla paśu paṇḍita pitṛ plakṣa prati prema preta punā puruṣa puñja puṇya puṣpa pāñcāla pāṇḍya pūrva pṛthvī rakṣo rasa ratha raśmi raṅga roga rolamba rāja rāma salila samādhi sarpa saubha sauvīra saṃgrāma saṃgīta siddha simba sindhu siṃha skanda skandha soma stava sthāvara sthūṇā stotra sukha sundara sura svarṇa svāmika sāma sāmanta sāraṇī sārpa sūtra tad tama tantra tapo taru tathā tilaka trailokya tārakā tṛṇa udaya uraga utpala vaidya vairāṭa vana vasanta vasu vatsa vaṃśa vega vema vibudha vidarbha videha vidyā vighna vigraha vijaya vijja vijña vikrama vikramāditya vimāna viṣṇu vraja vrata vyāghra vyāsa vyūha vādi vāji vānara vāri vṛddha vṛkṣa vṛṣa yakṣa yama yantra yati yaśo yoga yuva ādi ārya śaila śambhu śaṅkha śiva śiṅga śāka śālva ḍhuṇḍhi ṛkṣa ṛtu
phala	236	UTTARAPADA	adṛṣṭa alpa amla amṛta aniṣṭa apuṣpa asphuṭa avāk baddha bahu bhuja bhāva bhū bimba bindu bāhu bṛhat cakra caturtha cavya chaṭā churikā citra cukra dadhi danta daśā dhyāna dhārā dhātrī digdha doṣa dālima dāru dāḍima dīkṣā dīpta dīrgha dṛḍha dṛṣṭi elā gandha garjā ghana ghoṇṭā grahaṇa granthi grāhi guccha guḍa gūḍha hrasva hāra hāyana icchā indra indu jala jantu jāti jātī kalka kanaka kapittha karbura karka karma kartarī karṇa karṣa kata kauśika kauṭa kaṇṭa kaṇṭaka kaṇṭaki kaṭhina kaṭu kaṭuka khaḍga kim kośa kramuka kratu kriyā kroṣṭu kuca kusuma kāka kāma kāṇḍa kāṭhinya kṛmi kṛta kṛṣi kṛṣṇa kṛṣṭa kṣetra kṣurikā kṣīra lakṣmī latā loma madana madhu madhura mahā manda mantra marut mithyā mudgara mudira muktā muraja muṇḍa mādhvīka mākṣika mālatī mālā māsa mātuluṅga māyi māyā māṃsa mūla mṛdaṃga mṛdu mṛtyu nakṣatra niṣ nāga nīliṇī piṇḍa pratyakṣa pratīcīna pravāla prāk puraḥ puṇya puṣpa pāka pānīya pāpa pāṇḍu pīta pūga pūgī pūta pṛṣṭha rakta ramya rasa rati rocana romaśa ruci rāja rājikā rājī rājīva sadyaḥ sadā samudra sat satya saubhāgya saṃdigdha saṃkrānti saṃvatsara skandha sphuṭa stabaka stanita steya steyi sthūla su svādu sādhu sāri sītā sūkṣma taila tat tejaḥ tikta tintiḍī tri tāla tāmra tāvat tīkṣṇa tūla ullasat valka vana vandhya vapra vara vardha varṣa vatsara veda vetra vi vidyā vijaya vipat virodha viveka vāyu vṛnta vṛtta yava yātrā āmalakīpattra āśu śara śaṅkhinī śimbī śiraḥ śirīṣa śleṣmātaka średhī śroṇi śroṇī śrī śubha śuka śuṣka śva śālmalī śāri śīghra śīta
deva	229	UTTARAPADA	agha agni ahi amara ambu amogha ananta ananya anti anṛta ardha atithi avanti aśva bala ballāla bhadra bhaga bhagavanta bhava bhavad bhoga bhoja bhramara bhānu bhīma bhū bhūmi bhūṣaṇa bhṛgu bindu brahma brahmaṇya buddha bāla caitanya cakra candra cara chando citra cāru daitya deva dhana dharma dvija dānta eka gaṇa grāma guha guṇa gāṅga gāṅgeya hari harṣa hrī iṣṭa jagad jala jana jaya jina jñāna jīva kamala kana kapila karma karṇa kaṅka kedāra khaṇḍa kiṃ koka kratu kula kusuma kāma kāṇa kāṇva kṛṣṇa kṣatra kṣiti kṣoṇī lakṣmaṇa lakṣmī loṣṭa mahā malla mandara mandāra manuṣya manyu mataṃga mañju maṇḍana mitra mokṣa mudgala mukunda muni mādhava māna mānava mātṛ māṇikya mūla mūra nanda nandi nara nimba nir nyāya nāga nāma nārāyaṇa nṛ ogha pitṛ prabhu pracaṇḍa prajñā pārśva pūrva pūrṇa raghu ramya ranti rati ratna ravi rola ruci rucira rudra rāghava rāja rāma rūpa sa saha samudra saraṇa sarva satya saṃgrāma siddha siṃha soma sthira su sukha sundara svar sādhāraṇa sāgara sāhi sāraṅga sīra sūri sūrya taṇḍula tuṇḍa tīrtha ucca ugra vallabha varuṇa varāha vasanta vasu vi vikrama vinaya vinīta vipra viśruta viśva viṣṇu vyoma vyāsa vāma vāmana vāstu vāsu vāyu vīra vṛka vṛṣa yajña yaśo yoga yājña yājñika ācārya ādi āditya ājāna ānanda ārya śakra śakti śambhu śara śaraṇa śaśi śaṃkara śeṣa śiva śiśna śiṅghaṇa śraddhā śruta śrāddha śrī śrīraṅga śuka śyāma śāmbhava śānti śārṅga śārṅgi śūra ūrdhva ṛṣabha ṛṣi
sāra	223	UTTARAPADA	abda abdhi adbhuta adri agni alpa ambhaḥ amla antaḥ artha asthi aśma aṅkolla bahu bhadra bhaiṣajya bhakti bhava bhāgavata bhāva bhāṭṭa bhūta bhūṣaṇa bimba bindu bodha candana candra carma chandaḥ ciñcā cāru dadhi darpa deha dharma dhānya divya dīpa dṛṣat dṛṣṭa gandha gata gaṇita ghana giri gāyatri gṛha gṛhīta hema horā hṛta ikṣu jyotiḥ jāti kalā kanda kapota karaṇa karka keli khadira khaskhasa khaṇḍa khādira krama kriyā kula kusuma kāla kīrti kṛtya kṛṣṇa kṣepaṇa kṣīra kṣīṇa laghu lauha loma mada madhūka mahā majjā mantra mañjarī maṇi medaḥ megha moca muhūrta mukti māna mānava māṃsa mīmāṃsā nanda nara naya niḥ nyāya nīla nīti parī pañca picchila piṅga piṅgala pramāṇa pratiṣṭhā prayoga praśna prāṇa purāṇa puṇya puṣpa pāṭī pīlu pīta pūrva rahasya rakta ramala rasa rati ratna reṇu rudhira rāmāyaṇa sa samara samaya samudra samīra saparyā sarva sat sattva satya sauvīra saṃgīta saṃhitā saṃkṣipta saṃskāra saṃsāra siddhānta silha sita smṛti sneha soma sphuṭa sthira stuti su sudhā suvarṇa sva svara sāhitya sāmudrika sārasvata sāraṅga sāṃkhya sūtaka takra tantra tantu taru tikta trailokya trika tuṣa tvak tāmra tāra tīkṣṇa tūṣṇīṃ tṛṇa vaidya vaidyaka vajra vasu veda vedānta vega veṣṭa vibhāga vidhi viveka viśva vrata vyavahāra vyākaraṇa vyākhyā vāk vākya vāri vārttika vāsiṣṭha vāstu yajña yantra yavana yoga yuddha yāmala āhnika śabda śaila śilpi śilā śruti śrāddha śubha śuddha śuddhi śukra śveta śyāma śāla śānti śāstra śṛṅgāra
kṛta	222	KRT_STEM_MEMBER	abhisaṃdhi abhyantarī abāndhava agni ahaṃ ajñāna akṣṇayā alaṃ anabhisandhi anya anyathā anāyāsa araṃ ardha artha aruṣ asat ati ayathā ayatna aṅgī bahiṣ bahu bahulī bala balāt bandhū bandī bhasma bhasmī bheṣaja brahma brāhmaṇa buddhi bījā camat caṇḍī chandas cipiṭī cira citrī cīt cūrṇī daiva deva dhavalī dhik divā duṣ dvaidhī dvedhā dvedhī dṛṣṭi ghanī go grāsī guru hasta haviṣ huṃ hyaḥ icchā indriya janma jarjarī jaḍī jhaṅ jhāṃ jihmī kakṣī khilī kiṇa ku kulāla kuṇḍalī kuṭī kāla kāma kṛśī kṣata laghū lakṣī lekhya mandī mantra manuṣya martya mat maṇḍalī mithyā mitrī mukulī mātrā mātṛ mūtra nagnī nyak paruṣī paryagni pavitrī pañcī paścāt paṅktī peśī phalī phet phut pitṛ piṇḍī pracurī prahvī pramāṇī pratyakṣa pratyakṣī praśithilī prā prāduṣ prāk puras purā putrī puñjī pāpa pāṃsu pīvarī pīḍā pūga pūrva pṛthak rāja rājī rāśī sadyaḥ saha sahas sajjī samī saphalī sapiṇḍī sarasvati sarasvatī sat saṃsthā spaṣṭī sphya sphītī sthapuṭī sthūlī strī su sura sva svagā svayaṃ sviṣṭa svāhā svī sācī sādhu sākṣāt sāmi sāndrī sātmī sāvadhānī sūkṣmī sūt tanū tathā thūt tiras tvat tīrthī upastha urarī uṣṇī vajra vakrī valayī vastu vaśī vaṣaṭ vidheyī vimukhī vinā viphalī virajī viśva viṣa viṣayī vyastikā vyayī vyākulī vāmanī vātī vāyasī vīrya vīthī vṛṣa yajuṣ yathā yoṣit yukti āgas āhuti ākulī ārya ātma āviṣ āśā śakalī śithilī śleṣma śraddhā śreṇi śreṇī śuklī śīt śū śūdra śṛtaṃ ūrdhva ṛjū
pura	222	UTTARAPADA	abhimanyu acala amara antaka antaḥ anurādha ari ariṣṭa arjuna avanti bala bhadra bhaga bharata bhiṣāyaka bhogi bhoja bhuṭṭa bhīma bhū bhūta brahma buddhi bāṇa bīja cakra campaka candana candra cira citra danta darpita daśa deva dharma diddā durga dātṛ dāśa dṛśya elā elāka gaja gandharva gauḍa gira giri go gādhi hari harṣa haṃsa hiraṇya huṣka hāstina jaya jayantī juṣka jāla kadana kalaśa kalyāṇa kanaka kaniṣka kanyā kapila karkaṭa kartṛ kautuka kaṅkaṇa kesara kha kharjūra kheṭaka koṭi koṭṭa koṭṭavī krauñca krīḍā kumārī kusuma kuvalaya kānti kāñcana kāñcī kāśmīra lakṣa lakṣmī lalita lalāṭa lavaṇa loha lohita lākṣā līlā madana madhu madya mahā malaya malla mataṃga mati mayūra maṅgala maṇi mihira mukti muktā mādhava māgadha mājala mārdeya māṇḍavya nagara nala nandī nābhika nāga nāgarika nāndī nārī nīla padma pañca phala phalaka phulla piśācaka pradyumna prati pravara preta puruṣa putra puṇḍarīka puṣpa pārtha pīta pṛthvī ratna rohita romaka rudra rukma rāja rāma rāḍhā rūpa satya senā siddha siṃha skanda soma strī su sundara sura suvarṇa sva svasti sāgara sāmba sārasvata sūrya tagara tri tārā uda udaya utpala vaidiśa vaitāla vaiśya vajra vakra vallabha vardhamāna vasanta vetāla vi vijaya vijjala vikrama vilāsa vimala viyoga viśvāmitra viṣṇu viṣṭa viṭaṅka vyāghra vāsu vāyu vīra vṛṣṇi yama yavana yoginī ānanda ānarta āśā āṣāḍha śaila śaiva śakra śaśāṅka śaṅkha śiva śoṇa śoṇita śrī śumbha śākhā śānta śānti śūra śṛṅga ūṣma ṣaṭ
bhāva	213	KRT_STEM_MEMBER	agūḍha aham amanī amartya ananya anartha anitya antar anya anyathā anyonya apara apavṛtta apunar arthi asad asva ayugapad aśuci aṇū baddha bahir bahulī bandhu bhasmī bhava bhikṣu bho bhāgya bhūyo bhṛtya brahma brāhmaṇa bāla cetana daśama devī dhīra diṣṭa dravī droha duṣṭa dvaidhī dvaṃdva dvi dvir dvādaśa dāsa dāsī dīrghī dūra eka ekī ghanī guru guṇī ittham jaghanya jaḍa jaḍī jaṭilī jñāti jāta kanyā kathaṃ kautuki kaṇḍūla kledana kṛta kṣara laghu mad madhu madhya mahiṣī mandī martya maṇḍalī mithuna mithunī mitra miśra miśrī mokṣa mugdha mukulī mārdava mātṛ mūka mūrti mṛdu mṛdū mṛta navī nisarga nitya nyag nyūna nyūnī nānā para parī paṅgu paṅka piṇḍī praiṣya prakṛti prema preta pretya priya prādur prāg prāpta pum punar putra pāpa pāṇḍu pūrva pūti pṛthag rakta raudrī ripu rūkṣa sad saha sahasra sahāyī sakhi sama samī sanna sarva sarvato saṃcāri saṃdhāna saṃsṛṣṭa sphuṭī stabdhī sthirī sthāyi sthūla strī sura sutā sva svaccha svasti svāmi sādhu sāmānya sātmī tad tanu tathā tiro tredhā tri tādṛg tūṣṇīṃ udāra ukta upari vaira vaiśya vakra vakrī vastu vayasya vaṇig veśa vimukhī vimūḍha vinā vipakṣa vipra vipraduṣṭa virakta vivikta vivṛta viśuddha viśva viṣamī viṣaṇṇa vrātya vyabhicāra vyabhicāri vyaktī vāntī vārddhaka vīra vṛddha yathā ākulī āpta ārdra ārya āsakta ātma āvir īśvara śanair śekharī śeṣa śilā śiśu śuddha śvo śītī śūnya ū
stha	197	KRT_STEM_MEMBER	abuddhi adeśa adhikāra adhvara ambhaḥ anta antara antaḥ anīka apada apratyaya asva bahiḥ bala bandhana bhaya bhāva bhū bhūta buddhi chadma cira citra citta dakṣa dakṣiṇa danti deśa dhana dharaṇi dharma dhyāna duḥ dveṣa dvāra dvāḥ dyu dūra eka gagana garbha grāma gṛha harmya hasta hṛdaya hṛdi hṛt iha jala jana jaṭhara kakut kakṣa kara karma kartṛ kaṇṭha kaṭi kha kiṃ kośa kulāya kva kārā kāya kūṭa kṣetra liṅga loha madhya madhyama manaḥ mañca muṣṭi mādhya mārga nabhaḥ nabhya nagara naraka nikaṭa nitya pada parvata paryanta paryaṅka pathi paṭṭa phala phaṇa piṇḍa pradeśa prakṛti pramāṇa prasāda pravāsa prākāra prānta prāsāda puraḥ pārśva pātra pāṇi pāṣaṇḍa pūrva raha rahaḥ ratha raṇa rodha rodhaḥ ruci rājya rāśi rūpa sabhā sadaḥ sadha saha sama samādhi samīpa sattva satya savana saṃgara saṃkaṭa saṃketa saṃśaya senā siṃha siṃhala sthala sthāna su sukha supta sva svaira svarga svarṇa sūnā tala tat tatra taṭa tīra udara upari upaśaya vaila vaitāna vakṣaḥ vana varga vayaḥ vaśa vaṃśa videśa vimāna vinaya vindhya viyat viśeṣa viṣama viṣṭara vrata vyoma vākya vāma vāri vāsana vāḥ vīra vṛkṣa vṛtta vṛtti yajña yatra yauvana yoga yugya ākāśa āsana śalākā śama śarīra śayana śaṃ śiras śiraḥ śākhā śālmali śālā śīrṣaka śūla
pattra	188	UTTARAPADA	abhaya abhijñāna abhiyoga acchinna alpa amla anumati arka asi ayugma añcita aṣṭa badarī bahu bhūri bhūrja bilva bindu bisinī brahma bāla bṛhat cala cañcu chada chattra citra danta darbha dharma dhātrī duṣ dvādaśa dāna dīkṣā dīrgha dṛḍha eka elā gandha ghana granthi guccha guhya guru gārdhra gūḍha gṛdhra hasti hiṅgu ikṣu janma jaya jīrṇa jīva kamala kanaka kapola kara kari kavaca kaṅka kaṇṭa kaṭu khara khaḍga khaṇḍa krakaca kroḍa kāṇḍa kṣura kṣurikā kṣāra lekha lekhya mahā makarī malli mantra maṅgala mācī mṛdu mṛṇāla nalinī netra niṣ nāḍi nīla padma padminī palāśa pañca pramāṇa pratijñā puruṣottama puṣkara puṣpa puṭakinī pāṃsu pāṇḍu pīlu pūti pṛthu rakta rakṣā ravi rukma rūkṣa sa sahasra sapta sat sirā snigdha soma sthira su surabhi suvarṇa svaccha sādhana sāra sīsa sūci sūcī sūkṣma sūrya tamāla tanu teja tejaḥ tikta tri triṃśat truṭi tulasī tvak tāla tālī tāmbūla tāmra tāpasa tāḍa tīkṣṇa uktha upastha utpala valgu valka varṇa vaṃśa vaṭa vetasa veṇu vikraya vinaya viśāla vyavasthā vācika vṛddhi yantra yuga yugma āditya ājñā āsya śaila śakuna śamī śapatha śara śata śaṃkara śikṣā śiva śodha śoṇa śuddhi śuṣka śveta śyena śyāma śāka śāsana śāta śīrṇa śūka ṣaṭ
karaṇa	185	UTTARAPADA	abhimukhī abhyantarī adṛśya ahaṃ alaṃ anna anta antaḥ anyathā apārtha apūrva avipakva aṃśa aṅgī aṅka bahiṣ bahulī bandha bhadrā bhasmī bheṣaja bhikṣā bhās bhūta bāhya bṛhaspati camat carma citrī cora cūrṇī cūḍā dhvajī dravī duṣ dvaidhī dīkṣā dūrī dṛḍhī ekī garbha grantha gurū guṇī gṛha haste haviṣ iti jihmī kakṣī kratu kroḍī kuṇḍalī kāla kāraṇa kārya kṛṣṇī kṣaura laghū malinī mantra maṅgala maṇḍalī mitra miśrī muṣṭi mānasa mārjāra mūlya mūlī mūṣī nagnī nasta navī nyak nāma nānā paryagni pavitrī pañcī paṭu phalī piṇḍa piṇḍī pracurī praguṇī prahāra pramāṇī pratyakṣa pratyakṣī prāduṣ prīti punaḥ puras putrī pāṇau pāṇḍu pīḍā pṛthak raudrī rāja rākṣasī rātrī rāśī saha sahāya sajjī sampuṭī samāna samī samṛddhi saphalī sapiṇḍī saralī sat saṃdhāna saṃjñā saṃjīva saṃkarī siddhi spaṣṭī sphuṭa sphuṭī stabdhī sthirī sthūlī strī sva svāhā svī sāhasa sākṣāt sīmanta sūtra tantu tanū tathā tīrthī upacāra urarī vaira vaiṣṇava vajrī vakrī vaśī vaṣaṭ vedi vi vimukhī viphalī virajas virūpa vispaṣṭī vivāsa viśalya viśeṣa viśuddha viṣayī viṣūcīna viṣṇu viṣṭhā vyaktī vyaya vyayī vyājī vyānata vājī yātrā ācārya ākulī āviṣ śakalī śapatha śaurya śeṣa śithilī ślakṣṇī śmaśāna śrī śuklī śyena śālīnī śānti śītī ṛjū
putra	185	UTTARAPADA	agni ambarīṣa ambikā amuṣya amā apaviddha arka asat aupasvastī aṣṭa bahu bali bandi bharata bhavat bhrātṛ bhū bhūmi bhūri bhṛgu biḍāla brahma brāhmī bāla candra catuṣ cilāti dagdha dakṣa daśa deva devakī dharitrī dharma dharā dhātrī dhātṛ duṣ dāsī dāśaka dṛṣat eka gaukakṣyā gaukakṣī gaulgulavī gaurī gautamī gavi gaṅgā go goṇikā grāma grāmi guru gādhi gārgī hata hārya indu jina jñāta jñāti jāta jīva kadru kanyā kauśikī kavi kaṣā ku kula kumārī kutsa kāpī kātyāyanī kṛpī kṛtrima kṣiti lakṣmī mahā mahī maitrāyaṇī mantri marut marīyami mat maurya maṇḍita muni māra mātula mātā māṇḍūkāyana mṛta nanda nandinī niśā niṣ nāga paiṅgī pañca pituḥ pitā pitṛvya poṣya priya puru putra putrikā puṃs pāṇḍu pāṭali pāṭalī rajaḥ ravi revati rohiṇi rudra rāja rāma sa saha sapatnī sapta saramā sat satī savitṛ siddha sindhu siṃhikā skanda soma su surabhi sutā sādhu sāvitrī sūrya sūta taṇḍi tri tārkṣa tārkṣya ugra vaidabhṛtī vaiyāghrapadī vaiśya vaiśyā vandhyā vasiṣṭha vaṇik veśyā vi vidhi vipra viṣṇu viṭa vāla vārāhī vāta vātsī vāyu vṛṣalī yādava ārya īra śakti śala śata śaśi śilā śiva śiṣya śrī śunaka śyāva śāradvatī śāri śāṇḍilya śāṇḍilī śūdrā śṛṅgi ṛṣi ṣaṭ
pāla	183	KRT_STEM_MEMBER	aja ajaya ananta anaṅga anta antaḥ arjuna artha avani avanī avi aśva aṅka bandhu bandī bhadra bhalla bharata bhoga bhuvana bhīma bhū bhūmi bhūta brāhmaṇa buddha caitya cakra camū candana candra cāra darśana daṇḍa deva dhana dharma dhruva dhānya diddā dik diśā durga dvāra dīkṣā go grāma gṛha hari hasti haṃsa heramba indra jagatī jaina jaya jyeṣṭha kalpa kalya kanyā kara kareṇu khara khaṇḍa kośa koṣṭha koṭa koṭi koṭṭa kuhū kumāra kumārī kāma kārā kṛpīṭa kṣetra kṣiti kṣmā kṣoṇi kṣānti kṣāra loka madana madhu mahiṣa mahiṣī mahā mahī makaranda manda mandu mandurā marut meṣa māṇi nanda nara naya nepāla neya niśi nāga nāka nṛ pattra paśu piṇḍi prabhā prajā prapanna pura pātra pṛthivī pṛthvī rabhasa rakṣa rakṣaḥ ratna rudra rāja rājya rāma rāṣṭra sa sabhā sainya sasya satya sauna saṃgrāma saṃja soma sthāna sura svaḥ svāmi sāgara sāmanta sārtha sīmā tandri tanti tantri teja tejaḥ tāra uddaṇḍa udyāna uṣṭra vadhya vallabha vana vastu vasu vatsa veṣṭa vi vijaya vimāna vitta viśva vāstu vṛkṣa vṛṣṇi yakṣa yava yaśaḥ yūtha āmra ārya āyudha āśā śata śayyā śaṅkha śiśu śmaśāna śreṣṭha śruta śrī śākya śūla śūnya
vrata	177	UTTARAPADA	akliṣṭa ananta anya anṛta ardha arka avalokita avara avighna ayācita aśoka aśuci aśva aṇu baiḍāla baka bhadrā bhagna bhartṛ bhauma brahma bāla bṛhad cakora candra carita cāndrāyaṇa cīrṇa deva dharaṇī dhuni dhṛta dig dur dvi dvādaśī dāna dīkṣita dūrvā dṛḍha eka gala gara garala gaurī ghṛta go guṇa gṛha hari haritālikā indra indu iṣṭa jita jyeṣṭhā kalpa kaula kaśyapa kokilā kukkuṭa kukkuṭī kula kumāra kāla kālikā kāmya kānti kārttikī kṛta kṣata kṣīra lalitā loka madhu madhūka mahi mahā markaṭī mauna maṅgalā muni māruta nakta nava nir nitya nānā nīla para parikṣata pati payo paśu pitṛ praiya priya prājāpatya puru puruṣa puṇyaka pāśupata rahasya rambhā rohiṇī rudra rukmiṇī sa sad saha sampūrṇa samāvṛtta saptamī sarasvatī sarva satya satī saubhāgya sauparṇa saṃkaṣṭa saṃśita snāta snātaka soma stuti stutya su sārasvata sāvitrī sūrya tad tapta tathā tilaka tri uddālaka ulkā upasad upāṃśu vaira vaitālika vasanta vasu veda veśyā vi vidyā vipula viṣāsahi vāmana vīra vṛthā vṛṣa yajña yama yata āditya ārogya ārya śakaṭa śaurya śikhi śiro śrāvaka śrāvaṇikā śubha śuci śveta śyāma śāka śāmbharāyiṇī śānti śīla śītalā ṛta ṣaṣṭhī ṣaṣṭi
dhara	173	KRT_STEM_MEMBER	akṣa ambho ambu asi avanī aśruti aṃśu aṇḍa bala bhū bhūmi bhūta brahma cakra catur cihna citra cāpa daṇḍa deva dhairya dhanur dharaṇi dharaṇī dharitrī dharma dharā dhārā dhātrī dhūr dur dyuti gadā gaṅgā gaṇa giri go guṇa gāṇḍiva hala harṣa hima hirā hālāhala hṛdaya iṣu jagad jagatī jala jaya jaṭā jīta kakṣa kalā kavaca kaṅkaṇa keśa khaḍga ku kula kuliśa kumbha kāma kīrti kṣauṇī kṣiti kṣmā kṣīra lakṣmī liṅga loṣṭa mahī mano mantra maru mauñjī maṇi medinī muralī mālā māyā mūrdha mūrti mṛga nadī nagna nāṭya padma pakṣa paraśu pavitra payo phaṇa phaṇā pitta prajā prema prāṇa pātho pāśa pṛthivī pṛthvī pṛśni ratna rudra rukma rājya rāma rūpa salila sarva satya srag su surā sāgara sārtha sūcikā sūrya sūtra sṛṣṭi tomara toya tulā tāmbūla udaka urvī vajra vapur varṣa vasu vaṃśa vaṃśī veda velā vetra veśa veṣa vidyā viśva viṣa vrata vādya vāri vīra vīrya vṛṣa yajña yaśo śaila śakti śastra śata śava śaśa śaśi śaśāṅka śaṃkara śaṅkha śikhā śilā śiphā śiro śmaśru śruta śruti śrī śubha śārṅga śāsana śīla śūla śṛṅga
sūtra	173	UTTARAPADA	adīrgha agni akṣa anupada aśva bhagavatī bhakti bharata bhikṣu bhojana bhuja bhārata bhārgava bhāsya bhāṣika bhṛgu bodhāyana brahma bādarāyaṇa bṛhaspati candra cayana chandaḥ chāndoga dahara dharma drāhyāyaṇa dvaidha dīrgha eka garbha gīti gṛhya hasta hasti hautra hema hita jaimini kalpa kalyāṇa kanaka kara karaṇa karma kaṇva kaṇṭha kaṭha kaṭi kula kuśika kāla kāma kāruṇya kātyāyana kātīya kṛmi kṛṣṇa kṣudra kṣāra madhya maitra maitreya mantra mauna maṅgala maṇi māna mānava mātaṃga mīmāṃsā mūla mṛṇāla naṭa niḥ nyāya nāma nārāyaṇa nāṭa padma patañjali pañca paśu paṭṭa phulla piṅgala pramāṇa prastāva pratihāra pratijñā pratimokṣa prākṛta prāṇa puṣpa pārāśara pāṇinīya pīṭha rakṣā ratha rudra rāga rāṇāyanīya sapta sarasvatī sarva satya sautrāmaṇī saṃghāṭa saṃhitā saṃjñā smārta snāna soma spanda su suvarṇa sācī sāma sāmayācārika sāmānya sārasvata sārva sāvitrī sāṃkhya sāṃkhyāyana sāṃvatsara sūci sūcī tiryak tri tulā tāvat uṇādi vaikhānasa vaipulya vaitāna vaiśeṣika varṇa veda vedānta vi vibhrama vinaya viśleṣa viṣṇu vyāsa vālmīki vāsiṣṭha vātsyāyana vātūla vīta yajña yantra yoga yāga ākṣepa āpastamba śaunaka śaṇa śikhā śikṣā śiva śrauta śroṇi śroṇī śrāddha śuka śukla śulba śārīraka śāṇḍilya ūrṇā ṣaṭ
rūpa	172	UTTARAPADA	acintya adbhuta adṛṣṭa agamya agni aho ananta anavadya aneka anya aprati ardha artha asva ati ayukta bahu bhartṛ bhavya bhā bhāva bhīma bhūta bhūya bhṛti brahma bāla bṛhad caura chando cid cāru daśa deśa dhana dhātu divya dvi dīna dīrgha dū eka garbha gardabha gaṇa ghora giri go grāhya hara hiraṇya hīna hṛṣṭa icchā iṣṭi jala jāta kalā kathaṃ kiṃ klība ku kāma kīdṛg kṛcchra kṛtyā kṣatra lekhya mahā mano manuṣya medo mālā nabho nara naṣṭa nāma nī padma panna para paśu paṭu pitṛ piśaṅga prabhūta prahṛṣṭa prati pravara priya prāg prāpta prāpya puru puruṣa puṃ pīvo pūrva pṛthag pṛthvī ramya rohita sa sama sampanna samāna sarva satya saumya saṃdhi saṃjñāta saṃkalpa saṃsiddha saṃsṛṣṭa saṃvatsara siddha soma sthāla strī su sukha sva sāra sūnu sṛgāla tad tamo tapta tathā tejo tri tulya tādṛg tārā udbhūta unmatta upasad uttara vajra vara vasu vatsa veṇī vi vicitra vijita virūpa viśva viṣaṇṇa viṣu vyakta vyāla yajña yathā yukta ādi ānanda ārya ātithya āścarya śabda śakra śakya śaphara śata śatru śava śiva śuka śukla śukra śānta
bhūta	165	KRT_STEM_MEMBER	abhimukhī adyatana antar anyathā atharva aṃśa bahir bahulī bhasma bhasmī bhava bhrama bhāṣya bhūmi brahma brahmī bīja caurī cihna citra deva dhavalī divā doṣā dur dvaṃdva dīrghī eka evam gaṅgī ghanī guṇa guṇī gārgī hari havir hāsa ittham jarjarī jaḍī jīva jīvita kartṛ kathaṃ ketu khilī kim kośa kuṇḍalī kāraṇa kāṣṭha kṣaṇa lakṣa lakṣya madgu mahad mahā mandī markaṭī maṇḍalī meru meḍhī moghī māṃsa mūla mūlī nikaṭī nimitta nyag nyāsa nānā para pañca paṇya piṇḍī pradhāna prahvī prakṛti pramāṇa pramāṇī pratyakṣa praśithilī prādur prāṇa puru pātra pūrva pṛthag rahī ratna rākṣasī rāśī sa sad saha sajjī samī saphalī sarva saṃvijñāna sopāna spaṣṭī sthalī sthāni sthāṇu sthūla sthūlī su sutī sva svara svayam sādhanī sākṣi sāra sūkṣma sūkṣmī tad tamo tantu tanū taruṇī tathā tīrtha tīrthī tūṣṇīṃ tṛṇa vajrī vakrī vastu vasu vaśī veṇī vinā viphalī virajī viśva viṣayī viṣāṇa viṭa vyayī vyākulī vyālī vāmanī vāyasī vāyu ādi ākulī āmiśra ātma āvir āyāga āścarya āśraya īdṛśa śakalī śalya śarīra śava śeṣa śilī śithilī śreṇī śvo śītī
nātha	165	UTTARAPADA	alabdha ambu apatya arundhatī badarī baṭuka bhava bhillī bhoga bhāgīrathī bhānu bhāva bhīma bhūmi bhūta bilva bindu bīja campaka camū caryā citra citta deva dharma dhvani dina divasa diṅ dvārakā dīna eka gaurī gaṅgā gaṇa go gopī hara hari hemanta hṛdaya hṛṣīka jagan jana janmaka jānakī jīvita kailāsa kala kali kalpa kalā kedāra ku kumuda kāla kāśi kāśī kūrma kṣapā kṣauṇī kṣiti lakṣmī laṅkā loka mahī maitrī malla malli mathurā matsya mañju moda mīna mṛta nadī nakṣatra nanda nara nema nemi nir nitya niśā nāga nāka nārī parjanya pañca paśu pippala prajā preta prāṇa puṇya pārvatī pārśva pātho pāñcāla pāṇḍya raghu rakṣo ramā rasa ratna raṅga ruci rudra rādhā rāja rāma rātri sa sarin satya senā siddha sindhu soma strī su sukha sāṃkāśya taraṃgiṇī trailokya tuṅga tāra umā uḍu vaidya varṇa vaṃśa veṅkaṭa vi vidyā vijaya viriñci vitta viśva vraja vāri vāñchā vāṇī vīra vṛkṣa yadu yoga yādo yājñika yāminī yūtha ādi ānanda śakti śambhu śambhū śiva śrī śrīraṅga śāli śālika śānti śārikā ṛkṣa ṛtu
puṣpa	163	UTTARAPADA	abhra ahi amara ambara aruṇa aśma aṅgāra bahu baka bandhūka barha barhi bhujaga bhujaṃga bhāva bhāṇḍa bhūta bisa brahma bīja bṛhat candaka candana caritra cira cāmara danta darbha deva divya droṇa dāḍima dīpa dīrgha gagana gandha gardabha gaurī ghora guccha guhya gutsaka guḍa hema indra jala javā jīva karṇa kha khara koṭara kubja kunda kuśa kāka kāla kānta kāṇḍa kāṣṭha kīrṇa kṛṣṇa laghu lakṣmī lavaṃga lodhra lohita madhu madhūka mahā mallikā mandāra mantra megha mukta muktā mālya māṣa mūrdha mṛdu mṛtyu niśā nāga nīla oḍra padma parāga pattra phala piṇḍa piṇḍī prastha prauḍha pāṭala pīta rakta ramya rasa rodhra rudra rāga rāja rātri rīti sa sadā sat siddha sindhu sita sthira sthūla strī su sura suvarṇa svarṇa svādu sādhu sāndra sīdhu sūci sūcī sūtra tila tumbī tvak tāmra tāra tīkṣṇa tṛṇa vajra vakra vana varṇa varṣa vasanta vetasa vi viṣa vyoma vāk vāneya vāraṇa vāḥ vīra vṛtta vṛṣa yaṣṭī śaila śarat śarkarā śata śaṃkara śilā śrī śuka śukla śveta śāla śīghra śīrṇa śīta
da	161	KRT_STEM_MEMBER	abhaya agni ambara ambho ambu anala anaḍud anna antara apatya apavarga artha arṇo asiddhi avakāśa aśva aṅga bahu bala bhakta bhaya bhūmi bhūri bhūti bodhi brahma darpa deha dhana dharma dhānya draviṇo druma dugdha dāda dānu dī dīpa dū gara garbha gharma go hiraṇya jala janma jaya jñāna jīva jīvana jīvita ka kadamba kanda kapha kara kleśa kreya kāma kānti kṣaṇa kṣetra kṣīra maha mantra mura māna māra māyā mṛtyu nabho nala nara narma nīra pala panna payo paśu phala phalgu piṇḍa prahāra priya prāṇa prīti puraṃ puru putra puṣpa puṣṭi pāpa pāra pārśva pātho rasa rati rayi raṅga roga rāga rūpya sahasra salila sanna sarva saukhya saurabhya siddhi smṛti stanya sukha svar svarga svarṇa svasti sāda sāntva tapo taḍāga toya tuṣṭi tāmbūla tāpa tṛpti ubhayā udaka vahni vana vara varivo vartma varṇa vastra vasu vimoha vitta viṣa vāda vānti vār vāri vārṣa vāso vṛddhi vṛkṣa vṛtti yaśo ānanda śaraṇa śarma śata śrāddha śrī śubha śulka śuṣma śyāva śānti ṛśya ṛṇa
pada	160	UTTARAPADA	abhī adhas agni aja alabdha antya aprasiddha apūrva ardha artha ati avyakta aśva aṣṭa aṣṭā bahu bhadra bhramara bhādra bhū biḍāla brahma carcā catuṣ catvāriṃśat citra cāru cūrṇa daśa daśana deva dhruva dru druta duṣ dvai dvi dvādaśa eka eṇī gadgada gandharva gaṇḍū geya ghana go goṣ hari hasti haṃsa hrī indra indu jana jāla kaniṣṭha kathita kopa krama kriyā kāka kāñcī kṛta kṣetra kṣudra lalita lupta madhyama mahā mantra mekhalā mitra mṛga nakha niṣ nāga nāma nānā padma para parama parasmai pañca pitṛ piṇḍa prati proṣṭha prāk prāti punaḥ purīṣa pūrva pṛthak ratha raśanā rāja rājya rājñī sama samaya sapta sarva saṃdeha saṃdeśa saṃkhyā siddha soma sthira stobha stuti su sva svarga sāndra sāpta sāra tat tejas tri tīrtha ucca uccaiḥ upacāra uttama uttara vakra vallī varga varṣa vidheya vivāda viśeṣaṇa viṣama viṣu viṣṇu vyasta vyavahāra vyāghra vācaka vākya yama yauga yoga ārdra āruṇeya ātmane āśrama śastra śata śaśa śaṅkha śikṣā śiras śiva śva śvā śāra ṛk ṣaṭ ṣoḍaśa
sthāna	156	UTTARAPADA	abhisāra anigraha aśva bandhana barbara bhartṛ bhavana bhaya bhoga bhrātṛ bhāṇa bhūta brahma bāla caitya calita catu catuḥ daṇḍa deva dhana divā doṣa eka gaja garbha ghāsa ghāta ghātana go gārhapatya gṛha hindu hṛdaya iha indra jala jana janma jyeṣṭha jāgarita jīva kalama kalpa karma kaṣṭa krīḍā ku kārya kūbara lavaṇa laya lekhya mada madhu madhya mahat mahā marma mudrā muni mānya mūla nartana nava nṛtya oṣṭhya pada pakti para patākā phala pitta pitṛ prasava prathama puṇya pāka pīḍā pīṭha rasa rayi raṇa ripu sa saha sama samāna samīpa sattva saṃketa senā siddha siddhi sthāna su sura suvarṇa sva svapna sūtra tanu tara tat tri trika tālu tāra tūṣṇīṃ uccaiḥ uccāraṇa uda uraga uṣṭra vadha vadhya vahni vaila vajra vana varcaska varṇa vayaḥ vi vidyā vihāra vikrama vimāna vivāha viśrāma viśvāsa vyavahāra vyaya vyādhi vyākhyā vīra yajati yajña yathā ābharaṇa āghāta āloka āya āśrama śaka śarīra śayana śilpa śiraḥ śloka śoka śrama śreṇi śulka śārīra śūnya
datta	154	UTTARAPADA	abhaya agni amara anitya artha aruṇa aryama aśoka bandhu bha bhadra bhaga bhagīratha bhairava bhava bhrātṛ bhānu bhūti brahma buddha bṛhaspati cakra candra cāru daiva deva devī dhana dharma dur durga durgā dvi gaṅga gopa hara hari harṣa hasta hiraṇya hṛdaya indra jamadagni jambhala jaya jina jñāna jīva kanaka kiṃ kubera kumāra kumāri kṛṣṇa labdha lakṣa lakṣmī laṅga mahi maka mano marud mati maurya maṇi mihira mātṛ nadī nara naya nāga nāndi nārāyaṇa nāḍī parṇa pitṛ prīti puruṣa pūrva pṛthu ratna ravi raṅga ruci rudra rāma sakhi samudra savitṛ saṃgama saṃgrāma sindhu siṃha soma sthūla su svayaṃ svāmi sādhu sāgara sūrya turuṣka ujjvala upendra vainya vaiśvānara vaiṇya vajra vara varuṇa varāha vasu veṇu veṇī vijaya vimala vinaya vinīta vitasta viśva viśāla viṣṇu vyāghra vāg vāma vāmana vāsava vāyu vīra vīṇā vṛddhi yajña yamunā yathā yaśo yuvā yuṣmā yājña ānanda īśvara śakti śarva śauri śaṃkara śaṅkha śevala śiva śramaṇa śravaṇa śrī śubha śāma śārṅga ṛṣabha
tara	152	TADDHITA_SUFFIX	alpa antara anti anudātta avakṛṣṭa avara aśva aṇu bahu bahula balīyas bhadra bhagavat bhiṣak bhāra bhūri bhūyiṣṭha bāhya caura cañcala chinnaka cira deva druta dus duḥkha dīrgha eka garga garīyas go guru gārgya gāḍha hāsya hīna hṛdya iṣṭa jaghanya jita juṣṭa jyeṣṭha kalyāṇa kavi kaṣṭa khara kāla kṣema kṣetra laghu mahat manda mandra mat mañju medhya nadī nava nipuṇa nyūna ojas para paruṣa paścāt paṭu prabala pradhāna pramāṇa pratihāra priya prīta puṇya pāpa pāpiṣṭha pāpīyas pātra pūrva pṛthu rakta ramaṇīya rathī samadhika samartha sampanna sampūrṇa samārabdha samīpa sanna sarva satya saṃnata saṃrabdha sita spaṣṭa sphuṭa sthala sthira sthūla su sukha sundara svalpa svādu sādhu sāmānya sāndra sāra sūkṣma ta tanu tvat tīkṣṇa uccais udāhita ukṣa unmatta uttara vajra vallabha vara vatsa vega vidvat vipula vitīrṇa viśiṣṭa viśliṣṭa vīra vṛtra ya yaśas yaṣṭṛ yukta yāpanīya ārta āsanna śapana śayyā śiva śiśira ślakṣṇa ślāghanīya ślāghya śoka śreyas śreṣṭha śubha śveta śīghra śītala śūra ṛṣabha
sena	151	UTTARAPADA	agra avanti ayuddha aśva bala bhadra bhaima bhaiṣajya bharata bharaṇi bhoga bhānu bhāva bhīma bhūmi bindu buddha bṛhat cakra candra citra daṃṣṭrā daṇḍa deva dhara dharma dhruva druma durga dānta dṛḍha giri guha hari harita hasti heramba herambaka indra iṣita jaya jayat jina jāta kakṣa kalyāṇa kanaka karma karpūra khaḍga kumāra kāma kīrti kṛmi lakṣmaṇa lakṣmī madhu maha mahat mahā mitra mukti muktā mukunda mādhava mānita nala nandi nāga nāgara nṛ padma pināka pracaṇḍa pravara prema priya pulinda puru putra puṇya pūrṇa pṛthu rati ratna ravi roha rohiṇi rudra rāja rājya rāma rāsabha rūpa sa samudra sarva satya siddha siṃha soma su sundara sārva sāṅga sūra sūrya tejaḥ tāmra udak ugra ukṣa vajra vasanta vasu vaṅga vaṅka vihita vijaya vikrama vimukta vindhya vinīta viśva viṣvak vyāghra vāri vāsudeva vīra vīrya vṛddha vṛṣa yajña yakṣa yat yavana yukta yuva yājña āditya īśvara śakti śaura śaṃkara śikhara śreṣṭha śruta śrī śānta śūra ṛta
bhṛt	150	KRT_STEM_MEMBER	ahi ambu anya apāna apātra astra asu avani avanī bala bali bhidā bhānu bhāra bhū bhūmi bhūmī bhūta buddhi cakra cakṣur cañcu chāyā cīra darvi darī daṇḍa deha dhanur dharaṇi dharaṇī dharitrī dharma dharā dhātu dugdha eṇa gadā gaṅgā gaṇa go guru hala hāla indu iṣu jala jana janma kalā kapāla kaustubha kavarī kirīṭa ku kuliśa kāla kārmuka kāṣṭha kṣamā kṣatra kṣauṇī kṣiti kṣmā kṣudra mahī mano mitra māna nepathya nāga para parimala payo phala phaṇa phaṇā pināka pitu prāṇa pātra pāśa pūta pṛthivī pṛthvī ratha rāja rātri rāṣṭra rūpa sadyo sambhrama samādhi samāna sarva saṃdeha saṃvatsara sevā soma sāma sāra sārtha sīra sūtra tanu tapo tulā tāla tāpa udyama udāna uktha urvī uṣṇa vajra valī vaṃśa vepathu vetra veśa vida vidyā vikāsa viśva viṣa vrata vraṇa vyāna vāg vāja vāji vāma vāso yajña yakṣa yaśo āyudha śabda śakti śarīra śastra śaśa śaśi śaṅkha śrotra śruta śuddhi śākhā śārṅga śūla
kāla	149	UTTARAPADA	abhinna adeśa alaṃ andha anna anta apara aprāpta apūrṇa ardha atīta bhaikṣa bhaviṣya bhaviṣyat bhinna bhojana bhojya bhūta bhūti bālya carama caturtha cira dakṣiṇā deśa dharma duṣ dāya dīrgha eka garbha gata ghana gharma grīṣma homa iha janma jīvita kali kanyā karma kaṇṭa krama kārya kṛcchra kṛta kṣaya lagna laya mahā mantra matta maṅgala maṇḍana megha mṛtyu nata nimitta niśā pada para parva paścāt paṇa phala prabhāta pradoṣa pralaya prasava prayāṇa prāk prāpta prātaḥ prāvṛṭ puṇya puṣpa pūrva rakta ripu rātri sa sadyas sadyaḥ sama samāna samīpa sarva savana savanīya saṃdhyā saṃgava saṃhāra smārta su sutyā sva sāmprata sārva sāyaṃ sūrya sūti tat tri tulya unnata upariṣṭāt uru utpatti uttara uṣṇa vadhū vartamāna varṣā vasanta vi vikṛṣṭa vipat vipatti vipāka vivāha viṣama vyasana vyatīta vyavahāra vāstu vṛddha vṛṣṭi yajña yathā yuddha yāga ādi āghāta āpat āsanna śaka śarat śayyā śeṣa śibi śiśira śiśu śrāddha śvaḥ śāka śīta ṛtu ṣaṣṭha
ga	146	KRT_STEM_MEMBER	abhra adhva adhvara agra agre ajihma akaniṣṭha ambara ambu ananta anta antarikṣa anuvakra anya asva atyanta avaśa ayo bhuja bhāra bhūmi catura chando citra daur dhanva dur dyu dūra eka gagana gandha gharma grāma hasta haṃsa hṛd jambha jihma kaniṣṭha kartṛ karṇa kaṇṭha kha kāma kāntāra kṛśānu laghu madhya mahiṣa mahā mala malla manda manu marma mūrdha mṛd na nabha nabho naya nikaṭa nirukta nīca nṛ pad pada panna pata pataṃ plava pratīpa prava prānta pura puro purā purāṇa pāra pārśva pārṣṇi pīṭha pūrva pṛthu pṛṣṭha roha sabhā samana samudra samīpa sarva sarvatra satata satya siṃha snuṣā sthala strī sukha sumad suvar sva svar sāgara sāma sāra talpa tigma tirya tiryag tura tūrṇa upari uttara uṣṇa vakra vala vana vara vaśa vedānta vega videśa vidhāna vidūra viha vivikta viśva vyatyaya vyoma vīrya vṛṣa yāna yūtha āji ākhu ākāśa āśu śabda śata śaṃ śubha śīghra ūrdhva ṛju
priya	146	UTTARAPADA	abhramu adha akṣa alaka ali ambu avi aśva bahu bali bandhu bhartṛ bhasma bhramara bhārgava brahma brāhmaṇa bālaka candra chāttra deva dhana dharma dvija dyūta dāḍima gagana guru guṇa hali hara hari haya hṛdaya hṛt jala jana jaya jyotsnā jīvita kadana kalaha kali kalyāṇī kapi karabha karṇikāra kauśika kaṅkaṇa kaṇa khara kokila ku kāla kāśikā kṛta kṣaudra lalanā lalita madhu malla manaḥ manāk markaṭa maru maṇḍana mukha mukunda muni mādhava mṛdu mṛga nara nartana nārāyaṇa nāṭya nīra nṛpa nṛtya pala palala parāt pathi phaṇi pitṛ potalaka prati prāṇa puru putra puṣkara pāpa ramā rati ravi raṇa rohiṇī rāja rūkṣa salila samudra saraḥ sarva sneha strī stuti su sura surā svadhā svāhā tāpasa tāvat tāṇḍava tīkṣṇa utsava vana varṣa vañjula vi vidyut vipra viśvāmitra viṭa vāla vānara vāsudeva yajuṣ yajña yama yavana yāvat āmiṣa īśvara śani śaśi śaṃkara śikhi śiva śiśu śrī śuka śīta śūdra śṛṅga ṣaṣṭhī
vṛtti	142	UTTARAPADA	adroha ajyeṣṭha ananya aniyata antar anyathā anyonya anyāya anāyatta asad avyāpya aśiṣya bahir baka bhaga bhaikṣa bhikṣā bhinna bhojana bhāga bhāgya bhāṣā bhṛtya brahma bṛhad caurya caṇḍa cid citra citta deha deva dhairya dharma dhātu droha dur durga dyūta guru guṇa hīna hṛdaya indriya janya jyeṣṭha jīva kliṣṭa ku kuhaka kāpota kṛśa kṣapā kṣata kṣīṇa laghu lakṣaṇa liṅga madhyamaka madhyamika mano mataṃga mauna mālya nagna nemi nir nirukta nyāya nāgarika nārāyaṇa pada paryāya phiṭsūtra piṅgala prati pratyakṣa prayoga prācya prācīna prāg prāṇa pālana pārṣada raṇa sa sad sadā sadṛśa sama samyag sattva satya satī saṃgha sevā su sva svaira sādhu sāṃkhya sūtī tad taskara toya tri tulya udīcya unmārga uñcha vaiśya vana vanya vaṇig vedānta vetasa vibhāṣā vihita viparīta viśva vyasta vyāsajya vāgurā vākya vāmana vārttā yathā yācaka yāma āhāra ātma śabda śalākā śarīra śastra śila śilpa śukla śva śīla śūdra ṛtu
tantra	138	UTTARAPADA	abda artha asva aṅka bali bandha bhairava bhairavī bhairavīya bhinna bhāṭṭa bhūta bindu brahma brāhmī bāla bṛhaspati caraka cāmuṇḍā daiva deha devī dharma dvitīya dvitīyā gautamī ghaṭa guhya guṇa indrāṇī kaivalya kalpa kaulika kaumāra kaumārika kerala kriyā kubjikā kumārī kālikā kālī kāma kātyāyana kṛṣi kṣāra lakṣmī lalitā loka madana mahā marīci matsya meru mālinī mātṛkā māyā nis nyāya nānā nārada nārasiṃha nārāyaṇīya nīla nīti para pauṣkara pañca paścima paśu phala pratiṣṭhā praśna puruṣa pāra pātañjala pūrva ramala raurava revatī rādhā rājya rāma rāṣṭra sa samāna sapta sarasvatī sarva saubhāgya saura saurabheya saṃjñā smṛti su suvarṇa sva svalpa svara svarṇa sāma sārasvata sāṃkhyāyana sūkṣma tāriṇī uttara uḍḍāmara vaikhānasa vaināśika vaiṣṇava varṣa vasiṣṭha vastu vibhrama viṣa viṣṇu vāma vārāhī vāyavīya vīra vīṇā yajña yakṣiṇī yoga yoginī yoni yuddha ācāra ātma śaiva śakti śalya śiva śābara śākta śāmbhavī ḍāmara ṛk ṣaṣṭi
tama	135	TADDHITA_SUFFIX	abhaya abhīṣṭa adbhuta addhā alaṃ antara anti apas aprāpya arhat aśīti aṅgiras badhira bahu baliṣṭha bhagavat bhiṣak cira cāru dairgha dasma deva devi dhana dhṛṣṭa dīrgha eka go gupta guru hṛdya indra iṣṭa jit jugupsita juṣṭa jyeṣṭha kavi kaṇva kutas kāla kārya lobhanīya mahat mahin makṣū mandra marut medhya māsa mātṛ mūḍha mṛṣṭa navati nediṣṭha nimiśla nṛ para pañcāśat paśavya pitṛ pradhāna prativīta prayukta preṣṭha priya puru purū pāpiṣṭha pārayiṣṇu pṛthu rakṣya ramaṇīya rasa rathī rūpa sabhya sadṛśa sahasra sambhṛta sampanna sanātana saptati sasni sat satya saṃvatsara snigdha suhṛt sukha svādu sādhaka sādhu sāmānya sāndra sāra sūkṣma ta triṃśat tāra tīrtha vahni vallabha vara vasitṛ vedhas vidvat vipra viśiṣṭa viṃśati vyāla vyāpta vīra vīrya vīta vṛddha ya yaśas yukta āmiśla īpsita śakya śata śaśvat śaṃ śikhi śiva ślāghya śraiṣṭhya śreṣṭha śrīmat śuddhi śuṣmin śūra ṣaṣṭi
karṇa	133	UTTARAPADA	aja akṣa ardha aśva aṣṭa babhru basta bhinna bhārata bhāsa bhū bāhya cakṣuṣ cala catuṣ chidra chinna chāga citra coḍa cāru cūḍā dadhi datta dhūmra duṣ dīrgha dṛk gaja ghaṇṭā go gāḍha hari hasti hiraṇya hrasva jarat jatū jaya kara karkari kharjura kharjūra koṭī kroṣṭu kumbha kuṇḍa kṛdhu kṛmi kṛṣṇa kṣema lamba lola loma lomaśa madhu madhya mahā manda markaṭa masura masūra mayūra maṇi maṇḍa māyūra nau niṣ nāga parāsu pañca piplu prācīna prākāra puṣpa pāṇi pūti rāja sa sama sapta satya saṃlīna siṃha sruva stabdha sthūla sthūṇa sthūṇā su svastika svāti tri tṛṇa vahitra vajra vallī varāha vasu vi viddha vistīrṇa viṣama viṣṭa vīṇā yaśaḥ yūpa āviddha āśrut śakaṭī śatī śaśa śaṅkha śaṅku śiraḥ śoṇa śrut śrī śuci śuddha śukla śukti śunas śva śveta śvā śyāma śānta śārdūla śūnya śūrpa ūrdhva ṣaṭ
vāda	133	UTTARAPADA	advaya ahetu anekānta anārabhya apūrva artha asad asatya asādhu ati avarṇa bhakti brahma buddhi bādha dhanya dharma dhig dhātu dur dvaita dīkṣita dṛṣṭi eka gupti guṇa hetu hiṃsā hīna indriya jana kaitava kalā karma ku kāma kāraka kṣaṇika lagna lakṣaṇa lakṣaṇā liṅga loka mano mantra maṅgala mithyā mokṣa mukti māyā mīmāṃsā mṛṣā navīna nañ nir nyāya pakṣa para parī pañca piśuna prahasta prajñā pratijñā pratyakṣa prauḍha prauḍhi priya prāyo prīti punar puro puruṣottama pāpa pāṇi pūrva rasa saha samavāya samāpti samāsa satya saṃgati saṃnikarṣa saṃśaya siddhi smṛti sphoṭa stuti svasti svayaṃ syād sādhu sādhāraṇa sādṛśya sāma sāmagrī sāmānya sāntva sāṃkarya sīmā tarka upasarga veda vedānta veṇu vidhi vijñāna virodha vivarta viśeṣa viṣaya vyutpatti vyāpti vāda vāg vākya vāyu vāṇī vīra vīṇā vṛtti āhatya āpta āśīr īśvara śakti śakuni śarīra śānti śāstra śūnya ūna
graha	132	KRT_STEM_MEMBER	aniṣṭa arka asad asṛg ayana aṅga aṅkuśa baddha bahu bandi bandī bhasma brahma bāla candra chāyā dadhi deva dhanur dhvani dhārā dhūma dina dor dur duḥkha gala gandharva garbha ghaṭa ghaṭī go guda hanu hasta hrada hṛd hṛdaya jīva kaca kara kavala kaṇṭha ketu keśa khara ku kuñjara lagna lakṣya lastaka lāṅgala madhu mahā manyā maṅgala muṣṭi nava nāma nānā nīra patad payo paṅgu phala pitṛ prāṇa pāpa pārṣṇi pāṇi rakta rasa ravi revatī rāhu rākṣasa rūpa sa sad sakṛd sarva saumya saṃketa siddha skanda soma stana sthālī strī su surā sva svayaṃ sūrya sūtra tomara tuṣa tārā tīra upāṃśu uro vaco varco varuṇa vasā vi viḍ vyāpti vākya vāta yakṣa yakṣma yaṣṭi āditya ājya śabda śakti śakuni śakṛd śapha śastra śaśi śiro śruta śrī śubha śva śūla ūru ṛtu ṛṇa ṣoḍaśi
gṛha	132	UTTARAPADA	agni antar anti ariṣṭa artha bhoga bhojana bhāṇḍāra bhū bhūmi brāhmaṇa bṛhad cara caṇḍikā caṇḍī chattra citra darśana deva devatā devī dhavala dhvaja dhārā dūra garbha gosa guhā gupta guru hari havir hima indra iṣṭakā jala janma jantu jatu kandu kanduka kautuka kaṭaka keli khara kośa krīḍā kula kārā kṣetra lakṣmī latā lākṣā līlā madana madirā mahā mantra maṅgala māna mātṛ mṛta nepathya nir niśā nāpita nīca nṛpa pitṛ prasava prekṣā preta puṇya puṣpa pīḍā pūjā pṛthvī rakṣā rata rati rodo rāja sa sabhā sado samudra sattra saṃdhi smara snāna su sura surā sva svapna sāyaṃ sūkara sūtakā sūti sūtikā sūtī tanu tvad upasthāna vahni vastra vaṇig vetasa vetrakīya veśyā vihāra vilāsa vivāha viṣṇu vyaya vānīra vāsa vṛkṣa yama yantra yaṣṭi yātanā āsthāna śatru śayana śayanīya śayyā śilpa śilā śiro śukra śānti
kāma	132	UTTARAPADA	abhagna adṛṣṭa akṣa anartha aneka anna anya apatya artha avitṛpta avṛṣṭi ayas bahu bala bandhu bhaga bhagna bhūti bhūyas cakṣuṣ deva devṛ dhana dharma doha draṣṭu dyu dāna gantu garbha gaṇa go grāma grāmya hantu hita indriya jani jāta kartu kuśala kāma kṛta kṣema kṣipra labdha loka medhā mitra mokṣa muhus māṃsa niṣ nānā nātha paryāpta pati pavitra payas paśu phala prajā prati pratiṣṭhā priya prājya pulu punaḥ puruṣa putra puṣṭi pāra pūrṇa pṛthak rahas ruk rāyas rāṣṭra sa sajāta samavāpta samaya sampūrṇa samṛddhi sani sarva satya siddha soma strī su svapna svarga svādu svārājya sārva tejas toya ubhaya vadha vaktu vana varṣa vi vitta vivāha viṣaya vyacas vyāvṛt vīra vīrya vīta vṛṣa vṛṣṭi yajña yat yathā yaśas āpta ātma āyuṣ śarma śaśvat śravas śreyas śruta śrī śubha śuci śānti śṛta ṛddhi
mūla	132	UTTARAPADA	abaddha abhidhā adhara ananta antya arka aṃsa baddha bahu bhuja bhujā bhūri bāhu bāla chinna danta daśa daṃśa dhana dharma dhauta dor dvādaśa dīrgha dūra dṛḍha eka gandha ghana granthi gulma guḍa hrasva ikṣu jihvā jyeṣṭhā jīmūta kanda kaniṣṭha karma karṇa kaṇṭha kaṭu khāta kola kuto kuśala kāla laghu madhu mahā mantra nir nābhi nāsikā nāsā padma pailu pakṣa parva pañca phala pippalī piṅga piṇḍa prācī prācīna puccha puṣkara pāda pāṇi pṛthivi rasanā rūḍha saha sahasra saṃkalpa sirā stana sthūla su sura svarṇa svādu svāmi tan tapo taru tālu tāra tīkṣṇa tūla uttara vana varga varāha vasti vaṃśa veda velā vi viparicchinna vyākaraṇa vāg vārttā vāṅ vāṭa vṛkṣa vṛtti yan yato ādi ārdra āvir āyatta śabda śaila śata śaṅkha śigru śikhi śikhā śravaṇa śrotra śruti śveta śīrṇa śūnya śṛṅga ūrdhva ūru ṛte
pa	131	KRT_STEM_MEMBER	aja akaniṣṭha amara ambu amṛnmaya amṛta aneka asoma asra asṛk avadya avani aśva aṃhri aṅghri bha bhū bhūmi camū caraṇa cauṇḍa cedi chattra daitya darśa daśa daṇḍa dhiṣṇya dhātu dhūma dina dvi dvāra dāva dṛṣṭi gandha gaṇa ghṛta go gṛha hasti havya haya ibha iṣu janma jihvā kaca kaccha kakṣa kana kari karṇa kaṇa khara koṇa koṭa kāśi kīlāla kṣatra kṣetra kṣiti kṣmā kṣīra loka madhu madra madya mahi mahiṣī mahī manthi marīci maṇḍa māra mārga māṃsa mūrti mṛta nakṣatra nara nṛ paras payas paśu phena prajā pratihāra pāda pāna rakta raśmi reṇu rāśi rūpa satya soma stana stanya surā suta sīdhu taila tarī tṛṇa uda uḍu uṣma uṣṇa vana varūtha varṣa vastra vatsa veṇu vidu vinna vitta viṃśati viṭa vāhana vāri vāstu yuga yūtha ājya ātma śoṇita śukra śva ūṣma
ratha	131	UTTARAPADA	adhva ardha ariṣṭa asama ati aśva aṣṭā bahu bhadra bhaima bhānu bhāvya bhīma brahma bārhad bṛhad candra chāga cid citra cāru dagdha daiva daśa deva dharma dhṛṣṭa diva divi divya dvai dāśa dṛḍha dṛṣṭa eka gantrī gardabha go gī hasti hata haṃsa hiraṇya jaitra jaya jayad jaṅghā jyotī kad kapi karṇī kavi krama krīḍā kīrti kṛta kṛti kṛtti mahā mano manuṣya marud mayūra megha māna mīna mūḍha mūṣika nara nava navati nona ogha pad padma pattra pavitra paṅkti prati pratyag priya prācya puro puru puṣpa puṣya pūrṇa ravi rukma ruśad ruṣad rāja sa sama satya siṃha su sukha sāṃvatsara sūrya tari tveṣa tāmra vajra vasu vaḍabā vi vidyud viśva viṣṇu vāma vāri vāta vīra vṛka vṛṣa yama yoga yukta yāma ākhu āśu śata śava śiva śruta śuci śveta śyāva ūḍha ṣaḍ
tīrtha	129	UTTARAPADA	agra akṣobhya ananta apsaras aśoka aśva badarikā bhāgīratha bhāratī bindu brahma brahmaṇya brāhmya cakra daiva deva dharma dhvāṅkṣa dus dvādaśī dāru gaurī gayā gaṅgā go gupta guru haṃsa jamadagni jaya jñāna kanyā kapi kaubera kedāra keśi koṭi kroḍa ku kubera kuru kāla kāma kṛkalāsa kṛta kṛṣṇa labdha manu mataṃga mokṣa mādhava mārkaṇḍeya mṛga mṛtyu nandinī nandā narmadā nāga nāma nārāyaṇa nārī pakṣi phalgu pitṛ piṅga plakṣa prabhā prajā pramoda prayāga puruṣottama putra puṇya puṣkara pāṇḍu pṛthivī ravi reṇukā rohiṇī rukmiṇī rāja rāma sa sarasvatī sarva saukara saura sevā snāna soma stambha sthāvara sthāṇu su sundarikā sārasvata sāvitrī sūrya tapas tāraka tārā urvaśī uṣṇa vaivasvata vaiṣṇava varuṇa vedāṅga vidyā vijaya viṣṇu vyāsa vāruṇa vārāha vāsudeva yama yamunā yāmya āditya ākara ānanda śacī śaṃkara śaṅkha śikhi śiva śrī śukla śukra ṛṣi
lakṣaṇa	127	UTTARAPADA	avyakta aṅka barhiṇa bhadra bhūta bimba brāhmaṇa buddhi chāga cūḍā daśa daśā deha dharma dhruva dhyāna dhāraṇa dhātu dohada dravya dur dvi dāra dūta garbha go guṇa hariṇa hasta hata hetu hiṃsā jvālā jātaka jāti kalyāṇa kathā kaustubha ku kāvya kūrma kṛta labdha lakṣita mano mudrā mātrā mūrti nir nirghāta nirukti nāṭaka nāṭya pañca paṭṭa piṇḍa pramāṇa prapanna prati pratijñā pratimā pratiṣṭhā praśna prākṛta prāsāda puccha purastāl pīṭha pūrva pṛthag ratha ratna roga rāga rāja sa sampūrṇa sapta sarva saṃgati saṃkrānti saṃkṣepa siddhānta sruva strī su sva svara sākṣi sāma sāmudrika sāmānya taṇḍā tārkṣya ulkā upanayana upariṣṭāl utpāta uttara vahni vaiṣṇava veda vedi vi vidyul vigata vimāna viruddha viśeṣa vyavahāra vyāpti vāstu vāyu vṛtta vṛṣabha yauvana yūpa āhata āhita śabda śarīra śastra śaśa śaṅkha śubha śārīra ṣoḍaśa
gata	126	KRT_STEM_MEMBER	akṣi anta antar antardhāna anyonya araṇya artha atyanta aṅka bahir bahudhā bhū bhūmi bhūmikā caraṇa caura cira citra deha dhūr divi dur duḥkha dvai dvi dūra dṛṣṭi garbha grahaṇa grāma guru hasta hṛd hṛdaya jaya kanyā kaṇṭha kha krama kukṣi kuṭī kāla kāraṇa kāya kṛcchra kṛtsna kṣetra laya lekhya madhya mahad maithuna majjana mano manyā maru mañcaka mukha mūrdha nimna nīca pada para pañca paṭa pratimā pravāsa preta prāsāda prāya puro pāra pārśva pāṇi pūrva raho rāhu rāśi sabhā sado saha samyag sarva sarvatra savana saṃśaya sthala sthapuṭa su sva svapna svar svarga sādhu tad tala tathā tiro tiryag tri unmārga upari vaihāyasa vakra varṇa vayo vaśa veda vi videśa vipad viyad viśva viṣama viṣvag vyaya yathā āditya ākāśa āpad ātma śabda śarad śayyā śiro ṣaḍ
ratna	126	UTTARAPADA	aho ajina amala amara asita aśva aṣṭa bahu bhakti bhauma bhāva bhāṣā bhū brahma budha bīja cakra candra carma cintā cūḍā dharma dina divya dyu dīkṣā gaṇa guru guṇa hari harṣa horā hāyana indu jina jātaka kanyā ketu khaḍga krīḍā kāma kāvya kṛtrima kṛtya lakṣaṇa madana mahi mahā mantra mauktika mauli maṇi muhūrta muktā mukuṭa māṇikya nava naya niśā nyāya nārī nāyaka nīla nīti padma pañca prabhūta pratiṣṭhā pravara prayoga praśna purāṇa puṃ pīta pūjā rahita rakṣā rasa ratna ravi rāhu sad samaya sapta sarva sauri saṃgīta saṃkhyā saṃskāra siddha siddhānta smṛti stotra strī su tantra taraṇi tarka taruṇī tri tārkṣya upaniṣad vaidya vairāgya vedānta vidhi vidhāna vidyā vidūra vivāha vyavahāra vyoma vāja vāji vākya yoga yoṣid śabda śarīra śiro śiti śoṇa śrāddha śuddhi śyāmā śānti
kalpa	123	UTTARAPADA	abhicāra adhvara agni antaḥ anuloma aśvattha bahu baka bhadra bhava bheṣaja bhinna bhāva brahma brāhmaṇa buddha bṛhat bṛhatī chandaḥ dahana deva devī dhātu dveṣa dvitīyā eka gaurī hanumat homa indra jana jina jyotiṣ kedāra kumārī kāla kātyāyanī kūrma kṛta kṣudra lakṣmī loka madrikā mahā maśaka meru māyūra mṛta nakṣatra nārāyaṇa nṛ pañca pañcamī paśu paṭu pitṛ prabhāta prajā prathama prati preta priya prācīna prāk prāsāda prātaḥ purā purāṇa puṣkara pālāśa pāpa pārada pūrva rudra rāma sa saṃdhyā saṃhitā saṃvarta siddha soma sthāvara su sundarī svapna sāmparāyika sārasvata sūrya tamas tāriṇī ucca ucchuṣma uttara vagalā valmī vamana varāha vasiṣṭha vasu vi vidhāna vidvat vitāna vivarta viśvāmitra vrata vārāha vāstu vāñchā yajuṣ yajña āpat īśāna śabda śauca śrāddha śulba śveta śānti śāradā śūdra śūlinī ṛṣi
candra	122	UTTARAPADA	amara ardha bhava bheṣaja bhuvana bhāla bhānu bhāratī bhīma bāla bāṣpa cāru daśa deva dhana dharma dhavala dvi dvitīyā dāma gaura ghāta guha guṇa hari haṭṭa hema hṛdaya hṛta jagac jala jana janaka jaya jina jñāna kalyāṇa kanaka karma kavi krīḍā kula kumuda kāma kṛṣṇa lakṣmaṇa laḍaha lāla līlā mahā mahī mukha mukhya muni māṇikya nara navīna naya naṣṭa nema nāra nīla nṛ paryāpta pañca prabodha prajñā prajā prati pratimā prātaś prīti pārśva pāṇi pūrṇa pṛthivī rasa ratna ravi rudra rāja rākā rāma rūpa sadā sahasya sarva saṃgrāma siṃha smara smṛti soma su sāgara sāla sūra sūrya tārā udaka vasu vi vibhūti vigama vijaya vimala vivāda viśva viṣṇu vādi vāja vīrya vṛkṣa yaśaś īśāna śambhu śarac śata śiva śrī śubha ḍāla ṣaṣṭha
ghna	122	UTTARAPADA	agha ahi amitra anila apūruṣa ari artha avīra aśma aśmarī aśva balāsa bhaga bhartṛ bhrūṇa bhūta brahma brāhmaṇa bāla chardi dadru dadrū daṇḍa dharma dhātu doṣa durga gara go guru hasta hasti haya hema hima jantu jvara jāyā kacchu kapha kapāṭa kavāṭa kaṇḍū keśa kharju kharjū khyāti kilāsa kula kuṣṭha kāsa kīṭa kṛmi kṛta kṣata leṣṭu loma loṣṭa mala mano medo mitra muṣṭika mātṛ namuci pakṣa parṇaya pati paśu pitta pitṛ plīha pralamba prāṇa pāla pāma pāpa pāṇi pūruṣa pṛṣṭha rakta rakṣo rasa ripu roga rākṣasa satya stamba strī su supta svara sāraṇika tamo tūr tṛpti tṛṣṇā uṣṇa vadhya vaiśya varṣa vega vidhi visarpa viśalya viṣa vyādhi vārtra vāta vāyu yajña yama yaśo yātu śambara śatru śaśa śiśira śleṣma śrama śūdra śūla
kārin	122	KRT_STEM_MEMBER	ahaṃ ahita akliṣṭa akārya akṛtya andha anta anājñapta aprāpya artha asamyak asamīkṣya astra ayatna aṅgāra bandhana bheda bila camat carma catuṣ chala cihna cintā cira cāṭu dhvaṃsa divya diṣṭa doṣa duḥkha dīkṣā dṛḍha garbha gṛha hita jaghanya jana jaya jhaṅ jhāṃ jihma kalaha karma keśa kleśa kārya kṛta kṣipra lajjā lāghava mada madhu manda maṅgala moha māṃsa parva peśas phat phet pradeśa pratyaya prekṣā priya prokta prāpta prāpya pulāka pāpa pūrva raṇa sadā saha sambhūya samyak samāgama sarva saṃdhāna saṃhāra saṃkoca saṃtāpa siddhi smṛti stotra sukha sādhu sāhasa sākṣāt sāma tat tiras trāṇa uddyota udvega uparodha vacana vaira vaśya vighna viparīta vismaya vraṇa vyāpāra yat yathā yuddha yukta ādeśa āgas āhlāda ājñā āpta āśu īśvara śabda śarma śilpa śrī śānti śīghra śīt
patha	121	UTTARAPADA	abhra adarśana adhvaryu aja aniruddha antas apatya ardha asat asi bhagīratha brahma brāhmaṇa bāṇa cakra cakṣuḥ cakṣuṣ catuṣ chāyā cāra dakṣiṇā darśana deva dharma dhārā dhūma dik dvi dyu dūra dṛk dṛṣṭi ghaṇṭā go goṇī gūḍha haṃsa iṣu iṣṭakā jala janma jaṅgala kari karma karṇa kava kriyā ku kuru kusīda kāla kāntāra locana loka mahā maru marut mati maṣi megha mārga mūtra mṛtyu nakṣatra nayana nyāya nīca pramāṇa prati puṣpa pūrva ramya ratha rāja sarva sat saṃcāra saṃdarśana saṃsāra siddha sindhu smṛti sopāna sthala sthāla su sura svarga svaḥ sāma tri tārā udak upasat uttara uḍu vadhū vaiśvānara vaṇik veda vi vilocana viyat vāk vāri vāyu yajña yoga ākāśa āloka ārya īryā śaila śata śaṅku śravaṇa śruti śrī śāta ūrdhva ṣaṣṭi
rasa	120	UTTARAPADA	adbhuta alakta amla amṛta anna ayo bahu bhakti bhava bhūri bhṛṅga brahma candana dadhittha dhīta divya drākṣā dīpta eka gandha garbha gata ghana go gopa hāsya ikṣu jala jantu jatu jyotī jāta jātī kanaka karpūra khadira kharjūra khaskhasa khaṇḍa krīḍā ku kāma kāvya kṣiti kṣudra kṣāra lohita lākṣā madhu madhūka mahā majja majjā moca mātuluṅga māṃsa mūla mūrdha mṛgayā nava nānā nārāca nī nīlī pakva parama piṣṭa piṣṭī puṣpa pīta pṛthivī rajo rati sa sad sama sarja sarva saṃrambha saṃsiddha siddha siddhi sindūra soma su sudhā sva svādu sīdhu sūpa tad tanu tila toya tāma tīkṣṇa upacita vahni vetāla vi vipula viṣa viṣkira vyakta vīra yajña yakṣa āma śakṛd śikṣā śilā śiva śrī śveta śāka śāla śānta śīta śṛṅgāra ṣaḍ
varman	118	UTTARAPADA	ajaya amitra ananta apahāra artha avanti aśma bahula bala bandhu bhadanta bhadra bhoga bhānu bhūti brahma cakra candra caṇḍa citra cāru deha deva dhana dharma dhṛta dāna dāru dṛḍha gada graha guṇa gṛha hari harṣa hasti hiraṇya indra jaya jñāna kalyāṇa kamala kanaka ketu khadira kāñcana kīrti kṛta kṣema loha mayūra maṇi mitra māra mṛga nandi nara nāga nārāyaṇa nīti pracaṇḍa prahāra prajñā prati puṇya pūrṇa ratna ravi rāja rāma sa samara samudra sapta sarva satya saṃhāra sita siṃha skanda sthala sthira sthiti su sukha sura sāgara sūra sūrya tanu tīkṣṇa udaya upahāra vajra vi vijaya vikaṭa vikrānti vindhya viśrānti viśva viśāla viṣṇu vīra yajña yakṣa yaśo āditya ārya īśvara śaka śarva śaṃkara śiva śruta śānti śārdūla śūra
yoga	118	UTTARAPADA	abhyāsa amṛta ananya antar apsu ati aśva aṣṭā bahir bhadra bhakti bhraṣṭa bhāgya brahma buddhi cakra candra chalitaka cūrṇa daiva dala daṇḍa dhyāna dhāraṇā dhṛti dur duḥkha dvādaśa eka graha guṇa hari hasta haṭha indra janma jñāna karma kathā kha klība krama kriyā ku kāla kṣatra kṣaya kṣema laya mantra maṇḍūka mithyā muṣṭi māna māyā nakṣatra nānā nṛpa patañjali phala prācīna puṃ puṇya pātaka pāśupata pūrva pūrṇa pṛthag rasa ratha rohiṇī rāja rātri rūḍha sa sahasra sama samyag samādhi saṃkhyā senā siddha siddhi soma sthāna sthāne stoma su sunaphā svara svāti sāmarthya sāra sāṃkhya sīra tapo tṛpti upāya utpāṭa utsāha vaidya vañcana vibhūti vidhi vāg vāra vāsa yajña yukta ākṛti ānanda ātma āyur śarīra śiva śubha śūla ṣaḍ
pāda	115	UTTARAPADA	agra aja akṣa ardha aśva aṣṭa bahu bhadra bhaṭṭa bhāva bhāṣā brahma bṛhat cakra candra catuṣ cera deva dru dvi dīrgha dṛḍha eka gauḍa gaṇa gaṇḍa gaṇḍola gaṇḍolaka gūḍha hasta hasti haṃsa jala jāla kalmāṣa kapota kaśika kaṇḍola kaṇṭa kaṣāya kaṭola kaṭolaka kriyā kroḍa kroṣṭu kuddāla kukkuṭa kumbha kuruta kusūla loma mahelā mahilā mahā mantra nitya padma pañca piṇḍa prauḍha prayoga praśasta proṣṭha prākṛta pāṇi pūjya pūrva rakta ratha raudra roma sa sahasra sama samāsa sarva saṃdhi siddha skandha smṛti stabdha sthūla su sūkṣma sūrya sūtra tri tīrtha udak upastha upodghāta uttara uttāna vakra vijñāna viṣama vyavahāra vyoma vyāghra īra śakra śaśi śaṅkha śiti śruti śrī śuddha śva śveta śāna śāṇa śīrṇa ūrdhva ṛddhi ṣaṭ
vid	115	KRT_STEM_MEMBER	adhyātma ahar akṣa akṣetra alpa amantra anna anīti apramāṇa artha astra astu atharva atharvāṇa aveda avibhāga aśva aśvastana bahu bhiṣag bhūta brahma daiva deva dharma draviṇo go gātu hiraṇya horā hotrā jana jani jyotir jñāti kalā kiṃ kratu kuṣṭha kāla kṛtsna kṛtya kṣema kṣetra loka mano mantra marma mati matsya mitra māyā mṛdu nabho naya nimitta nyāya nātha nī nīti pada paśu prajā purā purāṇa pūrva rasa rayi sa saci sakhi sampradāya samprati sarpa sarva savana saṃdhi smṛti sthāna su suvar svar sāma sāmudra sāra sūryā sūtra tad tarka tejo tātparya uktha upti uttama vaco varivo vasu veda vedānta vicāra vidyā viśeṣa viśva vyāyāma vāg vīra yajur yajña yoga yātu ākhyāna ātma śruta śāstra ṛg
bhū	113	KRT_STEM_MEMBER	abda abja adri agni agra akṣi aśleṣā aṃśa aṅga baddha bharaṇī bhū ceto citta cūrṇī deva dṛg geha giri gādhi havir indra jala jvalana kaccha kalaśa kamala kara kareṇu karma kaṭa keśa khadira khāta kumbha kārā kāñcana kūla kṛṣṇa kṣiti lauha loṭha maghā mahad malla mano manu maru mayo maṇi mitra mṛdha naga nara nābhi nīla padma para paryanta pavana punar puro puru puñjī puṇya pāna pīṭha pṛthā raṇa rodho roga roma rudra sacā saha samara smara smaraṇa smṛti sneha snāna soma su sukha suvarṇa sva svayam taṭa tṛṣā vadhya vana varṣā veśma vicāra vidarbha viśrāma viśva viśvā viṣṭhā vraja vāji vṛṣṭi yud yuddha ātma śara śikhi śleṣma śloka śraviṣṭhā śukra śāli śūra
gati	113	UTTARAPADA	abhinna agatika aja alakṣya amita amṛta ananya anna anta antika artha asita atyanta avijñāta avyakta avāg aśva bhinna cakra catur chadma chanda daiva dhruva druta dur dīrgha dṛg gagana gaja gambhīra gaṇanā go gupta hari haṃsa jihma karma kha khela ku kuṭila kāla kāma kṛṣṇa kṣipra kṣīṇa laghu loka madhyama mahā manda mano mati mayūra maṇḍūka nabho naṭa nitya nānā pada parama paṅka plava pluta pratīpa preta puro puruṣa pāpa pāra sad sadā sakṛd samāna sarpa sarva satata saṃkṣipta siddha skhalita sthira su sura sva svaira svar svarga tigma tiryag tīvra uccair udag vaikuṇṭha vakra vikrānta viparīta vipatha viyad viṣvag vyāvṛtta vāyu vīra vṛṣabha yajur yoga āditya ākāśa ātma śabda śiva śīghra ūrdhva
cara	109	KRT_STEM_MEMBER	ahaś ambara ambu aneka anta antardhāna antarikṣa ap apsu araṇya avani bahiś baka bhikṣā bhū cakra camū deha dhanva dharma divasa divi divā duś dvaṃdva dyu dūra dūre dṛṣṭa eka gagana giri go goṣu grāma grāme guhā gupta harmya irā jagatī jala jale kha khe ku kuru kuṭi kuṭī kāma kūla kṛṣṇa kṣamā kṣapā loka mahiṣa mahī manuṣya marma māṇi nabhaś naktaṃ nau niśā nāka nīra pakṣa paripārśva parṇa paścāc paṅkti prānta punaś pāpa pāra pārśva pṛthak rajani rajanī raṅga rāma rātri sabhā saha salila senā sthala sukha sva tanti toya tāla tṛṇa ubhaya upari vana vane varṣā viyac viṭ vyoma vāri vṛkṣa yoga ādāya āsanna āḍhya śanaiś śyāmā
han	109	UTTARAPADA	abhimāti adṛṣṭa ahi amitra amīva anila apaśu apāṣṭhi ari ariṣṭa aruśa asura avīra aśasti bala bali bhaga bhrātṛvya bhrūṇa bhujaṃga bhūri bhūta brahma bāla bāṇa cakṣur candra daitya darpa dasyu dhundhu dhātu duḥkha dvi gara go guru gṛha kaiṭabha kaṃsa keśi kṛṣṭi kṣudra lakṣya madhu mainda makha mano marma matsya mitra mura muṣṭi māna mātṛ mṛga namuci nṛ oṣiṣṭha para paśu pitta pitṛ piśāca prajā pralamba punar pura puruṣa putra pāpa pūtanā pṛśni rakṣo roga sapatna sapta sarpa sasya satrā sena senā svara sārtha tamo vasar vetra virādha viṣa vāta vāyu vīra vṛtra vṛtti yajña yaśo yuva yātu ākhu ārti ātma śakaṭa śambara śarya śata śatru śaśa śva śūdra
jāta	109	UTTARAPADA	abhaya adanta ahar akāla amarma anantara anna antar anya arepha artha atri aṅga bahu bhaya bhoga bhūmi brāhmaṇa catur cira danta deva deśa dhana divi dravya dur duḥkha dvai eka gandha gaurava gavi go grāma gṛha hari iḍā jala jale jāra kanyā kiṇa kośa kula kāka kūla kṣatra kṣetra kṣāraka madhu madhyama manda mano manu manuṣya maṇḍa māsa mṛta nadī naktaṃ nava nitya nābhi pada para paśu paṅka prathama priya prāg prāṇi punar puru putra pāri rasa riktha sa sadyo saha saṃkara smṛti sthale su sukha sva svayaṃ sādhu sāma tri tuvi vana vastu vaśā vidūra viloma vāma vāri vāyu vīra vṛthā yama yathā śakra śamī śmaśru śobha ṛta
mātra	109	UTTARAPADA	akṣa alpa aratni ardha artha aṅguli aṅguṣṭha aṇu bali baṭu bhūta bhūyo bilva bāhu bīja cin dharma dhyāna dhyāta diṅ dravya dvi dvādaśa dṛṣṭa eka etāvan gaja gata giri guṇa hasta hasti iti iṣu jaṅghā jānu jāta jāti kalpa kathā kim kiyan kṣatra kṣaṇa laghu liṅga loha mahā manuṣya mukha māna mūrta na nahi nimitta nābhi nāma padāti para paro pippala piśīla prasṛta puruṣa pāda pṛtha rasa rāja rūpa sama samudra samādhāna san saṃkhyā saṃkṣepa smṛta spṛṣṭa sākṣi tan tri tuvi tāla tāvan uttara vacana valmīka varṇa varṣa vastu vi vyāma vāla vārttā vāṅ yan yava yuga yāma yāvan āpāta śabda śamyā śarīra śaśa śiva śloka śruta ūru ṣaṇ
suta	109	UTTARAPADA	ambikā arka asatī avani bahu bhadra bhaginī bhū bhūmi bhṛgu brahma budha bṛhaspati candra chāyā dakṣa dharaṇi dharaṇī dharma diti dāra dāsī gautamī gaṅgā giri gāndinī hari haṇḍikā indra indu jambha jīva kadru kalaśī kareṇu karṇī koṅkaṇā ku kuntī kāma kṛpī kṛttikā kṛtī kṣiti mahī mantri marut muni māruta māyā mīramīrā mṛtyu nanda nandinī naṭī nṛpa putrikā pāvaka pṛthā raghu ravi revatī reṇukā rohiṇī rucirā rudra rādhā rāhu rāja sa saramā sarit savitṛ saṃjñā siṃhikā soma sura surabhī suta sūra sūrya tapaḥ tārkṣa tārkṣya ulūkhala umā vahni vandhyā vaḍabā vaṇik vi vinatā virocana virāṭ vivasvat vāsudeva vāta vāyu vṛthā ārya śakra śaśi śaśāṅka śukra śunaka śva śāradvatī śāri śūdrā
jit	108	KRT_STEM_MEMBER	abhimāti ahi amitra ananta anna apsu ari astra ayuta aśva baka bhānu bāṇa devatā dhana go grāma hara hari hiraṇya hiḍimba hīra indra kaiṭabha karma karṇa kaṃsa kha kirmīra koṭi krama kratu kunti kāliya kāma kāsa kīcaka kṛmi kṣema loha loka madhu medha medhā mitra mura māla māra mṛtyu nagna naraka nṛ paṅka prātar puloma pura puru pṛtanā ratha raṇya rāma saha sahasra saho samara samarya sapatna sarva satrā satya saṃgrāma saṃsṛṣṭa saṃvarga sena skanda sura suvar svar svarga tāraka udaya ugra ulūka urvarā vajra vajri vasu vighna viśva viṣa vāja vāta yama yuddha yudhā ātma śakra śata śatru śatā śaṃkara śilā śotha śravo śyena śyāma ṛta ṛtu
jña	108	KRT_STEM_MEMBER	ahṛdaya akṛta akṣetra alpa amano amantra antara anvaya anātma anīti arasa arati artha arūpa asarva avicāra bahu bhakti bharata bhāva bhāṣā brahma citra citta daiva deśa dharma doṣa geya guṇa gīta haya hṛdaya iṅgita jyotir jñeya kalā karma kuhaka kāla kṛta kṛtya kṣetra lakṣaṇa laukika lipi loka mano mantra marma mata mitra māsa mātṛ nadī naya nimitta nīti nṛtta paraspara pramāṇa prayoga prā prāti rasa rati roga ruta rīti rūpa samaya sarva satya sthiti su sāmudrika sārva taj tāla uccāraṇa ucita uda udghāṭita upāya veda vedānta vibhāga vicāra vidheya vidhi vidhāna viniścaya viveka viśeṣa viṣaya vyavahāra vṛtta yajña yukti ādhi ātma śakti śakuna śiva śrotra śāstra śīla ūrdhva
mālā	108	UTTARAPADA	abhidhāna abhra adhikaraṇa akṣa ali amara ambara asthi aśoka aṃśu bakula bhakta campaka candra carcaka chando deva dhanur dhātu dīpa dīpaka hari haṃsa hema japa jñāna jāla jāti kanaka kapāla kara kaṅka kesara krama kunda kusuma kuvalaya kāraṇa kāñcana madana madhūka mandāra mantra marun mauktika mauli mayūkha maṇi muhūrta muktā mukunda mālatī māṇikya nakṣatra nandana nara nyāya nāma pada padya parva parvata pañcaka paṅkti pramāṇa prasāda prati puṣpa pūrta ratna rāga rūpa sarpa saṃgati saṃskṛta sopāna stava taḍin udyāna upadeśa utpala vadhya vajra vana vandana varaṇa varṇa vedānta vicāra vidhāna viniyoga vrajyā vrata vyavahāra vyākhyāna vākya vārttā vāṅ vṛtta yoga ānanda ārogya śabda śiva śubha śāstra śīrṇa ūrmi
yoni	108	UTTARAPADA	abja ajina akṣata amṛta anna antya apsu asura aśma aṣṭa bahir bhūta bila brahma brāhmaṇa citta dagdha deva dharma dhruva dhūma divi dur duḥkha eka etad ghaṭa ghṛta guda hari havya hiraṇya hīna hṛṣṭi ikṣu jagad jina jīva jīvana kalaśa kaluṣa kamala karma karṇa ku kumbha kīṭa kṛpīṭa kṛṣṇa kṣata kṣatra kṣatriya kṣipta mahā mano manuṣya megha mithuna mukha māṃsa nabho netra nāsā oṣṭhya padma parva pavitra prati prāṇa puruṣa purā pāpa pṛṣad rasa sa salila samāna sarva satya saṃkalpa saṃkīrṇa soma sthira sudhā sva svara svarga sāma sṛgāla tiryag tri tvad vaiśya vastra vi vihīna vipluta viśva yathā āmnāya ātma śabda śata śānta śāstra śūdra śṛṅgāra ūrja
loka	107	UTTARAPADA	agni akṣaya amānuṣa amṛta antarikṣa anurakta apara apaviddha ari arūpa asura aṅga bhartṛ bhrātṛvya bhājana bhū bhūmi bhūr bradhna brahma cakṣur candra deva duḥkha dyau dyu eka gandharva go iha indra indu jana janar jano jita jyotir jīva madhya madhyama mahar manuṣya martya marul mṛtyu nakṣatra nara nāga nāka nṛ oṣadhi para pati paura paścāl pitṛ prati preta pura purī puṇya pāpa pṛthivi pṛthivī rudra rāja rājya rātri sa sakala samasta samāna sapta sarva sattva satya saura siddha soma strī sura svar svarga sūrya tala tapo tatra tri uru vahni vaibhrāja vaikuṇṭha varuṇa vi viraja viṣṇu vāyu vīra yajamāna yama āditya śakra śatru śiva śāstra ūrdhva ṛṣi
prakāśa	106	UTTARAPADA	anubhūti anumāna arka ati audīcya bhaṭa bhaṭṭa bheda bhāva budha bāla candra chandaḥ deśī dharma dhātu duṣ dāna dīdhiti dīpa dīpikā horā hṛdaya jagat jyotiḥ jñāna karaṇa karma karṇa kula kāvya kāśī lakṣaṇa liṅga loka mahā makaranda malla mantra mañjarī maṇi mudrā muralī mūla naiṣadha naiṣadhīya nirukti niṣ nyāya nāḍī nāṭaka nīti parva pattra phakkikā piṅgala prabodha prajñā pratyak praśna prākṛta pūjā pūrta pūrṇa rasa rasika ratna rāma samaya sattva saṃgati saṃskāra saṃvatsara su sukha sva svayam sūrya tantra tarka trailokya vandhyā varṇa veda vi viśva viśvakarma vrata vyavahāra vyavasthā vākya vāstu yantra yukti yādava āgama ātma śabda śikṣā śruta śrāddha śuddhi śānti śāstra śṛṅgāra ṭoḍara
pātra	106	UTTARAPADA	adhvaryu alābu antaḥ argha arghya ayas bhakta bhikṣā bhukti carvita deva dhānya dhāraṇa dhūpa dugdha duḥkha dvi dāna dāru dūra eka grāma haviṣ hiraṇya iḍā jala jñāna kara karambha kaṃsa khara khaḍga koṭi kriyā ku kāṃsya lohita madhu mahā mantha manthi manuṣya maṅgala maṣī mṛt nāḍī payas pañca pitṛ piṇḍa prasāda prema preta prīti pāka pāna pāri pāṇi pūga pūrṇa rajata sa samāna sat savanīya saṃdhyā seka siddha sneha soma sphaṭika sruk su surā sāṃnāyya taila tapaḥ tāmra tānūnaptra uda udara uktha ukthya upari upāṃśu varṇa vaṃśa viśvāsa yajuṣ yajña yati yāna āditya āgrayaṇa ājya āma ās āśvina śaṅkha śukra śāka śānti ūrdhva ṛta ṛtu ṣoḍaśi
bhāj	105	KRT_STEM_MEMBER	adhirājya ahar akṣara anta ardha artha aṃśa aṅka bhakti bhava bhaṅga bhāga bhūyiṣṭha caturtha daṇḍa deha dhāma diśo doṣa duḥkha dūra go guṇa harmya harṣa havir janma jāti kleśa kuhara kāma kārya kīrti kṛcchra loka manda mokṣa mud māna māsa pañjara paṅka phala pitu piṇḍa pradeśa pradhāna prasāda prathama pretya prāṇa prīti puṇya pāda pāpa pātho pīḍā pūrva ratna riktha roga roṣa rāja rājya rūpa samāvad samīpa sarva savana sthema sukha svapna svarṇa sūkta tri turīya tīra ubhaya ubhayato ucchiṣṭa vibhāga vidyā vikāsa vinaya virodha viveka viyoga viṣṭara vyṛddha vāma vṛtti yamunā yojana āhuti śabda śarīra śmaśāna śreṣṭha śvātra śāpa śīla ūrdhva ṛg ṛktha ṛtu
svāmin	105	UTTARAPADA	abhimanyu avanti bharata bhartṛ bhava bhavana bhaṭṭa bhaṭṭāra bhoga bhīma bhū bhūmi bhṛṅga brahma cakra candra chalita deva deśa dhana dharma dhūrta diddā dik dīpta gambhīra gautama go hara hari jagat jambū jaya jayanta jīvanta kara karka keśava khadira ku kumāra kumārila kṣīra lakṣmaṇa magha mahlaṇa mahā mahī makha mamma manaḥ mukta mākṣika mūla nagara nandi nāga nārāyaṇa padma pakṣi pakṣila paṇḍita phalguna prabhava priya raghu ratna raṇa rudra rāja rāma samara sarasvatī sarva saṃgama siṃha skanda skandha soma su vainya vajra vallabha vardhamāna vardhana varāha veda vilāsa viśva viṣṇu vāmana vīra vṛṣabha yajuḥ yajña yoga yāna āditya ārya śabara śakti śaṃkara śiva śrī śītala
vidhi	105	UTTARAPADA	arcā aśleṣā baudhāyana bhasma bhavad bheda bhojana brāhmaṇa caṇḍī daiva daṇḍa daṇḍana dharma dur dāna dīkṣā dīpa godāna hata homa jagad kalpa kalpana kalā karma kriyā kṛtya kṣaura lambana lekhā liṅga loka mantra maṅgala mudrā nasya nitya nāga nāma nāṭaka pañcaka pratiṣṭhā pravāsa prayoga prekṣā puttala puṇḍra pālāśa pūjā pūrva rudra rāmāyaṇa samprokṣaṇa samādhi samāsa samāvartana saṃdhyā saṃhitā saṃnyāsa saṃskāra snāna snāpana su sva svapna svara sāgnika sīmanta tapo tarpaṇa tyakta tīrtha uddhāraka upadhāna upākaraṇa utpatti utsava vaitaraṇī vaiśvadeva vapaṇa varuṇa viloma vivāha viśeṣa vrata vyasta vyavahāra vāstu vṛntāka yantra yathā ādhāna āditya āma āsana śabda śamana śauca śikṣā śravaṇa śrāddha śrāvaṇa śānti śāstra śṛṅgāra
bhāga	104	UTTARAPADA	agra akṣa anna araṇya ardha avāg ayana aśīti bahir bhū bhūmi bhūmikā brahma candra catur chando dakṣiṇa danta deva dhruva dhruvaka dig diśo dvi dāya eka haraṇa havir huta jyotir karambha krānti kāla kṣetra madhu madhya mahā maṇḍala muhūrta mūla nata nava nihita nimna nir pakṣa para parva pañcāśad paścima paścād phala prati praśna prāg purastād puro putra pāda pārśva pāścāttya pūrva pṛthivi pṛṣṭha rāśi sa sama saṃsrava saṃsrāva skanna stoma strī stuti su sukha surā sādhana tamo tri turīya ubhaya upari upānta uttara vasu veda vijaya viśeṣa viṃśati yajamāna yajña āhuti ājya śata śeṣa śiro śukla ūrdhva ūṣma ṛta ṛtu ṣaḍ ṣaṣṭi ṣoḍaśa
cakra	104	UTTARAPADA	agni ahi akaḍama antara aśma aśva aṣṭā bala barhaṇa bha bhū bradhna brahma bṛhaspati catuś chattra daṇḍa deva dharma dhruva dik dvi eka gaṇa gṛdhra helā hema hiraṇya jala jyotiś kaulāla ketu koṭa kulāla kāla kāma kūpa kūrma kṣmā lāṅgala mahā medhā mātṛ mṛga nakra nakṣatra nemi nābhi nāḍī para pavana phaṇī prati pīṭha ratha ravi rodha rāja rāma rāmā rāśi sa samāsa sapta saṃghaṭṭa saṃkrānti saṃsāra saṃsṛti smara sphoṭa sthira svana sāmanta sūkṣma tri tārā ubhayataś ubhayā uccā ulkā uru vi viśuddhi viśva viṣṇu vāstu vāta vātyā vāyu vīra vṛtti vṛṣa ādhāra ājñā ākāśa śani śata śaṅkha śilā śiva śrī śva ḍimbha ṣaṭ
dharma	104	UTTARAPADA	adbhuta agra akṣa anya araṇya asad asva atithi avayava bodhi buddha cyavana deha deva deya deśa dhana dur dyūta dāna dṛṣṭa eka go grāma grāmya guṇa hema hindu jarā jina jāti ku kula kāla kāma kūṭa kṛta kṣatra kṣatriya loka mahā manuṣya maraṇa martya mokṣa mṛga mṛgayā nandi nimitta nir para pati paśu puruṣa putra pāṇi pūrta pūrṇa pṛthu rāja sa sad saha sama samaya satya saura sevā strī su sva sādhāraṇa sākṣād sūkṣma tad tapo trayī tārā uttara vara varṇa vastu veda vi vibhāga vidhavā vinaṣṭa viśeṣa viṣṇu vyutkrānta vānaprastha vṛṣṭa yati yodha yuddha āpad āpastamba ārya āśrama śeṣa śiva śreṇī śukla śūdra
dāna	104	UTTARAPADA	abhaya adeya anna argha arghya artha ati bahu bali bhaya bhukti bhūmi brahma cakṣur cumbana dava dharma dhūpa dīpa dṛṣṭi gaja gara go gupta guru gāli haridrā harṣa havir hiraṇya icchā jala jīva kanyā kiṃ kāma kāmya mahiṣī mahā maitrī medinī mṛṣā nai naukā nitya nānā parvata pitṛ piṇḍa prajā prasāda pratimā prāṇa prīti puṃ pṛthu sa sadā saha sahasra sarva smaya stanya su sutā suvarṇa sva svastika svayaṃ sāhāyya tanu tapo tithi toya tulā udaka vaitaraṇī vara vartana vastra vasu veda vetana veśa veṇī veṣa vidyā vimala vrata vrīḍā vāg vṛthā vṛtti vṛṣa vṛṣabha yoga ājñā āmiṣa ātma śayyā śibikā śilā ṛṇa ṣoḍaśa
vṛkṣa	104	UTTARAPADA	abhra amla baka bhāra bhāryā bhūta bhṛṅga bodhi brahma bāla bīja caitya carma chattra chāyā cāru daśa deva dhanur dhvaja dhūpa dīpa dīrgha dṛḍha eka guṇa hari indra jarad jyotsnā kali kalpa kaumudī kaṇṭa kaṇṭaki keli kāla kāma kāśmīra kṛmi kṣatra kṣema kṣāra kṣīra latā lākṣā madhu mahā muni nakha nakṣatra nandi nandī nemi nikūla nir nāga nīla nṛpa padma pañca phala piśāca puṣpa pīta pūti rakta ratna rohita rāja sad sarja saṃsāra setu soma sruvā sthālī su sādhu sīmā tejo toya tāmra tāpasa tūla tṛṇa uddeśa uddeśaka vajra vallī viśva viṣa vāsa vīra yajña śakra śamī śaṅku śikhā śrī śuci śuṣka śveta śāka
garbha	103	UTTARAPADA	agni amala amara ambho amṛta antar anūcīna ardha aśma bhasma bhinna bhū bhūmi bhūti brahma bīja bṛhad candra cāru dahana deva dhātu eka hairaṇya harid harita harṣa hema hima hiraṇya jala jñāna jāra kadalī kamala kanyā keśa kha kāñcana kāṣṭha kṛṣṇa kṣipra kṣiti kṣīra mahā marīci mati maṇi mātṛ mūḍha narma nir nāga nīla nīḍa oṣadhi padma paila prathama prācīna prāsāda pīṭha pūrṇa pṛthvī pṛśni raivata rasa ratna reṇu rudra sa sakṛd samādhi siddhānta soma sura suvarṇa sva sākaṃ sāma sūrya tantra taḍid toya tāla tāmra vahni vairāja vairūpa vajra veda vimala viśva vāri vṛṣṇi āditya ākāśa āma śamī śrī śubha śākvara ṣaḍ
hasta	103	UTTARAPADA	abja agra ambu amukta arāla avācīna aṃśu bhadra cakra catur chinna cikura citra datta daṇḍa dhanur digdha dravya dvi dākṣāyaṇa dāru dṛḍha eka gabhasti gadā gala gandharva ghṛta grāva hasti hiraṇya indra iṣu jita kaca kapota kapāla kari karma keśa khaḍga khādi kuśa kāla kāru kṛta kṣipra laghu lagura laguḍa lipta mahā mukta nair nava nikta nir nṛtya padma pattra pañca pināka prati pātra pāśa ratna rikta sa sahasra sapta saṃhata saṃsakta srasta sruva sthūla su sukha sva sāsi troṭaka upala upari uro uttāna vajra vardhaki vetra vi viśvato vyagra vyālamba vāla vāma vāraṇa vīṇā ārdra śakti śata śuddha śāsa śūla śūnya ṛju
ketu	103	UTTARAPADA	agni araṇya araṇī ardha asthi aśma bahu barha bhava bhūta brahma bṛhat cala candra caṇḍa citra daṇḍa dharma dhruva dhūma dhūmra dhṛta dhṛṣṭa dvija dāsa dīpta dīpti garuḍa gulma guṇa hiraṇya indra jala jñāna jīmūta kandarpa kapi kapāla kaṅkāla khara kumbha kusuma kuśa kuṣṭha kṛpāṇa lulāya mahā makara malaya mayūra maṇi muñja mīna padma puṣpa pātāla rasa ratha ratna raśmi rucira rāhu sa sahasra satya siṃha su sura sva sūrya tigma tiṣya tāla tṛṇa vajra varṣa vasā vi vijaya vindhya viśva vyāghra vānara vāta vāyu vīra vṛṣa vṛṣabha yajña yama yaśaḥ yūpa āditya śakra śara śarabha śaśa śaśi śikhaṇḍi śveta śākya ūrdhva ṛśya
mati	102	UTTARAPADA	acala aham akṣaya alpa amita amṛta ananta anupama anyāya ara asan ati avipluta bahu brahma bāla bāliśa bīja bṛhan cāru daiva deva dharma dhāraṇī dur duṣṭa dyuti dṛḍha eka ghoṣa go gupta guṇa gṛtsa hata jaya jaḍa kaluṣa kamala ku kuṭila kṛta madhu mahi mahā manda mita mithyā mugdha mūḍha naṣṭa paṭu pratyutpanna prā puṣṭi pāpa pūta ratna rikta sama samyaṅ samāhita san saṃdhi saṃdigdha siṃha skhalan stabdha sthira sthita sthūla su sāgara sūkṣma udāra uttara vajra vakra vardhamāna varuṇa vasu vañcanā vi vibhava vibudha vidyamāna vimala vinīta viparīta vipula viśeṣa vyūha vṛthā yathā ākrānta śaṭha śrī śuddha śākya śānta śāstra ṛju
varṇa	102	UTTARAPADA	agni anabhimlāta aneka antya anya asita avara bahu bhinna bhāsvara candra catur danta dhūma dhūmra dur dvi dīna dīpta dīrgha eka ghoṣa guru hari harid hema hiraṇya hīna i jyeṣṭha kanaka kapota kaṇṭhya kiṃ kāka kīdṛg kṛmi kṛpaṇa kṛṣṇa kṣaipra labdha madhu mantra maṣī megha miśra mukha māṣa nānā nīla nīlī padma pañca prati pravāla prāṣṭa pāvaka pāñca pāṇḍu pīta pīyūṣa rakta rūkṣa sa sama samāhāra samāna sarva snigdha su sundara suvarṇa svarṇa sūrya tri turīya tāmra uttama vahni vara vaṃśa vi vihīna viloma virāḍ vivikta viśiṣṭa yakṛd yuddha āditya śaka śuci śuddha śukra śveta śyāma śāka śākvara ū ḷ ṛ ṛkṣa
śas	102	TADDHITA_SUFFIX_EXT	abhīkṣṇa agra ahaś akrama akṣara alpa aneka anta anugāna anupūrva anīka ardha asarva avayava ayuta aṅga aṇu baddha badva bahu bhāga bhūri bhūyiṣṭha cūrṇa dala deva dhāma dvaṃdva dvi eka gaṇa kalā kati kaṇa kevala khaṇḍa koṭi krama kūṭa kṛcchra kṛtsna kṣaṇa lakṣa lava manma maṇḍala mukhya māsa māṣa nava navati nitya pada padma pakṣa paru parva paryāya pañca paṅkti prabhūta pravibhāga prāk prāya puñja pāda reṇu rāśi rūpa sahasra sama sarva savana saṃgha saṃkhyā stamba stha stoka svara sāhasra tila tri truṭi tulya ucca uktha varga varūtha vayuna vibhāga vistara viṭapa vṛnda vṛttānta yoni yūtha śapha śata śreṇi ṛk ṛtu ṣaṭ
bandha	101	UTTARAPADA	akṣi artha astra aśva aṅka cakra carma dakṣiṇā daśa deha dharaṇī dharā dig dur dṛṣṭi gātrikā hala hasta haste hasti hāla hārīta janma jaṭā jāla kari karma kaṇṭha kaṭi keśa khaḍga ku kāvya kūṭa lauha mahā maryādā matsya mauli maṇi maṇḍala mekhalā mukha muraja muṣṭi māṇi mūla netra nāga pada padma paryaṅka pattra pañca paśu paṇa paṭṭa prema premā puccha pāda pāpa pāśa pāṇi rajju rajo rata ratha roma rāga rāja sarga sarpa satya saṃdhi setu sneha snāyu strī su svarṇa sīmā vadha vaikārika vartma vastra viḍ vāla vātsa vṛkṣa vṛtta yūtha ādhi āsana āśā śara śarīra śikhā śilā śreṇī śṛṅkhalā
bhuj	101	UTTARAPADA	agra ahi amṛta amṛṣṭa anna apathya asthi avi bahu bali bhaikṣa bharaṇya bheka bhikṣā bhoga bhogi bhujaṃga bhāga bhū bhūmi bhūmī bhṛti deha dharaṇi dharā diṣṭa go guṇa hari havir haviṣya havya huta jagatī karmaṇya kavya kaṇa kaṇṭaka kratu kravya kuṇapa kāśyapī kṣamā kṣauṇī kṣiti kṣmā laghu lepa madhu mahī mala mita miṣṭa mudga muhur nara phala phaṇi piśita piṣṭa prakāma puru pāṇi pīyūṣa pūya pṛthivī pṛthvī saha samanta sarpa sarva stanya sudhā sukha svadhā svāhā sāra taru tri tṛṇa urvī uñcha vana varṣa vetana viruddha viśva viḍ vyakta vāyu yajña ājya ākhu āmiṣa ānanda āśraya śaṣpa śeṣa śrāddha śukra ṛta
deśa	101	UTTARAPADA	akṣṇayā antar anūpa apāṅga avantī avācya avāntara aṣṭama babhru bahir bandha bhinna bhoṭa bhāṭṭa budha campaka cauḍa dig draviḍa dur durga eka gauḍa gaṇḍa hṛd hṛdaya jāgarita kaccha karṇāṭa karṇāṭaka kaṭi koṇa ku kāśmīra kṛta lalāṭa laṅkā lāṭa madhya magadha malabāra malaya maru matsya mleccha muni muru muṣka muṣṭi mālava mālavya nimna nābhi nānā oḍra pallī para paryanta paścima prā prāg pārāvata pārśva pāñcāla pāṇḍya pūrva pṛṣṭha sa salva sama samīpa saurāṣṭra sindhu skandha sthiti su sva sādhāraṇa tanū utkala uttara vairāṭa vajra vaṅga vi vihāra viṣuvad yajati yajñiya yavana yoni ākāśa ārya śaka śakṛd śarmaṇya śarīra śroṇi śumbha ṛṣi ṭakka
bala	100	UTTARAPADA	aho alaṃ alpa amogha ati bahu bhāva bhīma bhū bhūri brahma buddhi bāhu bārhad bṛhad caṇḍa daur daśa deva dharma dina dur dṛḍha go hara hari hrī hīna hṛd indra iṣu jagad jayad jaṅghā jāta keyūra kim kāma kṛṣī mahā maitra maitrī manda mantra megha mudrā nir niśā nāga nāgarika pakṣa para pañca prati puṇya rajo ripu rātri sa sadyo sahasra saho samara samasta sambhṛta samādhi samāna sarpa sarva saṃdhyā siṃha su suhṛd svalpa tad tanu tanū tapo tulya tuṅga upendra utpanna uttama vastu velā vi vibhūti vidyā vyāghra vyāla vāyu yad yoga ādi ārya śacī śata śithila śukla śūra
bhūmi	100	UTTARAPADA	adhivāsa agra akṣa antar ardha avasāna baddha bahu bharga bhoga bhojana bhārga bhārgava bhṛgu buddha citā darśana daśa deva dhārṣṭya dyo dyūta garga gṛha janma karma keśa ku kṛta kṛtrima kṣema kṣetra kṣāra mahā malaya malla maru maṇi nara naraka paitṛka para paṇya phala prasāda pratihāra preta prānta puṇya pāna pṛṣṭha raṅga raṇa roma rudra sa sama samara sapta sarva saṃgrāma saṃketa siddha siddhi sneha snāna sthāna su suvarṇa sva tanu upari vadha vadhya vajra vana vatsa vidūra vihāra visṛṣṭa viśrānti viśvāsa vyāyāma vāji vāsa vṛkṣa yajña yathā yud yuddha āhava āhāra āji ākheṭa ākrīḍa āpāna śayana śuddhi śūra ūrdhva
latā	100	UTTARAPADA	ahi amṛta asi bha bhadra bhrū bhuja bhujaga bhujaṃga bhujā bhū bisa bāhu bāla campaka cillikā citra cāpa deva dhanur divya drākṣā dāva dṛḍha gandha gaṇita gātra gīr harita hema hāra jala jihvā jyotir kalpa kanaka kanda karṇa kaṅka kaṇṭaka kaṇṭaki kaṇṭha kha khaḍga kopa kusuma kusumita kāma kṣīra lavaṃga madhu madhura mahī megha mohana muktā mādhavī mālu māṃsa mṛdu nāga nīti parṇa pattra payo phaṇi pūgī raṅga roma rudra rāga rūpa sarpa sava sita sitā siṃhī soma sphoṭa sura suvarṇa svarṇa svādu sūrya tanu taḍil tilaka vana vasanta vetra vidyul viṣa yaṣṭi śamī śiñjā śrī śyāma śyāmā śṛṅgāra ṣaṣṭi
śāstra	100	UTTARAPADA	adhyātma amṛta anadhigata artha aśva bauddha bhakti bharata chandaḥ cikitsā dharma gaja gaṇita gāndharva gīta haya hetu horā jyotiḥ jñāna kalā kauṭilya koka krama kāma kāvya lauha lipi liṅga loha mantra maṅgalā moha mokṣa muhūrta mīmāṃsā naya nyāya nānā nāḍī nāṭya nīti nṛtya pada pañca pradeśa pramāṇa praśna prā pāka pāśupata pūrva ramala rasa ratna rāja saraṭa sarva saṃgīta smara smṛti spanda svara sāhitya sāmudrika sāmānya sāṃkhya sūda sūpa tantra tarka uktha vaidya vaidyaka vaikhānasa vaiṣṇava veda vedāṅga vicāra vijñāna viśeṣa vāstu yajña yathā yoga yoni yukti āgama śabda śaiva śakuna śalya śara śastra śata śaunika śilpa śilpi śiva śālākya
khaṇḍa	99	UTTARAPADA	abhra ambara ambikā anumāna avanti aṣṭa badarikā bharata bhīma bhū bhūmi brahma cara carma catuṣ cīra cūrṇa dhanuḥ dhanuṣ dharma druma dāna gandharva grāma hima jambū jñāna kamala karka kedāra krīḍā kumuda kumārikā kāla kāśi kāśī kāṣṭha kṛṣṇa kṣiti lakṣmī lalitā madhyama mantra mokṣa mukti māṃsa nagara nalinī narmadā nirukti nyāsa nāga nāgara padma padminī parṇa piṇḍī prakṛti pratyakṣa pravara prākāra puruṣottama pādapa pālāśa pātāla pūga pūjā revā rājya sa setu siddha sita sitā svarga svādu sṛṣṭi taru tri tūrya utkala uttara vana vidhāna vrata vāsaḥ vātika vātsya vṛka vṛkṣa vṛtta śabda śata śaśi śaṅkulā śiva śrī śānti ṣaṭ
maṇi	99	UTTARAPADA	abhirāma agni ahar amala ambara ayo aṅgāraka candra cintā cumbaka cūḍā deva devatā dhvānta dina divā dyu gupta gṛha hari harin hasanī hasta indu jagan jatu jvalan karpūra kaṇṭha kha khaḍga kāca kīṭa latā loma lāla madhya mahā mandara mandira marakata mauli mañju maṣi mekhalā melā muhūrta muktā nabho niśā nīla nṛ para parṇa phaṇa pratyakṣa pīta raghu rakṣā rasa ravi raya rudra rāja rātri san sarja sarpa saṃgama sita skandha sparśa sphaṭika su svaccha svar sāndra sīmanta sūrya tamo tapana tṛṇa uttama vaiḍūrya vajra vakṣo vidyā vimala viyan vāsara yadu yava ākāśa āvartana śaśi śikhā śiro śuci śukti
maṇḍala	99	UTTARAPADA	akhaṇḍa apakrama apama arka avani baddha bha bhramara bhrū bhā bhū bhṛgu bodhi bradhna candra carma cha citra cola deva dharaṇī dhruva dhūrta dig diṅ dyūta dṛṅ dṛṣṭi ghaṭikā go indu jaṭā jyotir jānu keśa khaṇḍa krānti kāśmīra kṛṣṇa kṣamā kṣiti kṣoṇī lagna mahā mahī martya maru megha mleccha mukha mārtaṇḍa mātṛ mūrkha nabho nakṣatra nāḍi phaṇa potra prabhā pradhi prakṛti prati pūrṇa pṛthivī rakta ratha ravi raśmi rāsa sama saurāṣṭra saṃsāra stana stūpa su svara sārtha sūrya tejo tārā veṇu vi vidhu viṣuvan vraja vyoma vāyu yajña ābaddha ādarśa āditya āvir āśrama śaśi śikhi śruti śukla śveta ṛṣi
bīja	97	UTTARAPADA	agni agra bahu bhakṣa brahma bṛhad catur citra danta daśana dhānya dyūta dṛḍha ghaṇṭā guhya guḍa hara hari haṃsa indra jagad jyotir kaliṅga kalyāṇa karma khasa kula kumbhinī kumbhī kādambarī kṛṣṇa madhu madya mahā mantra maṇi māra mṛtyu naṣṭa nimba nir nānā nārāyaṇīya nīla nīti padma pañca paṅkti picchila piyāla piṇḍa prati prāpta puṣkara pūrṇa pṛthag rakta sa sarva saṃsāra siddhi sirā sneha su surā sva sūkṣma taila tanu tejo tri truṭi tulā tuṅga tāmra tṛṇa uśīra vahni vana varṣā veda veṇu viśva vāri vāyu vṛtta yoga ādya śaila śakra śigru śiro śirīṣa śiva śodhanī śukla śukti
druma	97	UTTARAPADA	amara asita bhagavad bhūrja bhūta bodhi caitya cala carma caṇa chinna chāyā dhanur dhvaja dur dyo dīrgha gara ghana graha grāma gṛha hima indra jaraṇa jaya kakud kali kalpa kapila kara kaṇṭaka khali kuliśa kusuma kṣīra latā madhu madya mahā malaya mantra maru muni mādhava mārga nandana nata nir nīla nṛpa parpaṭa pathi piṇḍita puṣpa pārśva pāṇḍura pāṭala pītaka rakta ratha ratna rañjana rohaṇa rāja sannaka saṃtata sita sruva sthālī sura syandana sāra taṭa tāla tāpasa tṛṇa vajra valka vana vara vasanta vasati vañjula vi virala viṣa vṛti yama yūpa śakra śiva śrī śuci śuka śukla śveta
yajña	97	UTTARAPADA	abhicāra adya amṛta anaḍud aniṣṭa anya asthi aśva bhaiṣajya bhartṛ bhrātṛvya bhūta brahma brāhmaṇa bīja caitya cintā citra dakṣa dambha deva dhanvantari dharma dravya dākṣāyaṇa dīrgha eka gaṇa go graha harita havir indra japa jaya jyeṣṭha jñāna kaśeru kaṃsa khala kṛta kṣatriya mahā manuṣya mitra māna mātṛ nakṣatra nava nāma nṛ pañca paśu pitṛ piṇḍa prastuta prastāva prathama priya prātar punar pāka pūga raṇa rudra rāja rākā sadyo saha sahasra samṛta sarva satya saṃkrama soma sparśa su sātya sītā tantī tapo utsanna vaiśya vasiṣṭha veda vidhi vihita vivāha vrātya vāg yama ārambha īpsu śata śaunaka śreṣṭha ṛṣi
darśana	96	UTTARAPADA	adbhuta alpa amogha anyathā anyonya apāṅga apūrva artha asecanaka aulūkya aśubha bauddha bhartṛ bhrānti bhāla bhīma bhūyo chidra chāttra citra cārvāka danta deva devatā dharma dig divya dur dīrgha dūra ghora guru jyoti jñāna ku kumāra kāma kārya kṛṣṇa lohita mati mithyā muhūrta māyā padma palita paścima prathama pratyakṣa pratīka priya prāya punar puṇya pāpa pāra pātañjala pāṇini pūrva rajo raudra rudra rāhu rāja sama samakṣa samyag sarva saumya siddha soma su svapna sāṃkhya tulya udāra ugra unmatta unmukha uttama vaiśeṣika veda vidhura vikṛta vyakta vyavahāra yathā āditya āhvāna ātma īṣad śaiva śrī śubha śāstra ṣaḍ
siṃha	96	UTTARAPADA	agni ajaya amara ari arjuna bhairava bhrātṛ bhāva bhīma buddha bāla candra caṇḍa chattra daurga deva dharma dhṛta dhṛti droṇa durga dāma gada gagana gaja gaya grāma hara hari hema hemanta hola indra jagat janaka jaya jayā jina kumāra kāla kṛṣṇa kṣema kṣetra lakṣmaṇa lāla madana mahā malaya mādhava māna māra nara nātha nṛ pakṣi prati puruṣa purāṇa ratna rudra rāghava rāja rāma sabhā samara saṃgrāma svara sūrata sūrya teja tejaḥ tilaka tṛṇa udaya vairi vajra vedānta vicitra vijaya vikrama viśuddha viśva viḍḍa viṣṇu vādi vīra ādi ārya śabara śakti śiva śobhā śākya śūra śṛṅgāra ḍambara
vallī	96	UTTARAPADA	ahi ambu amla amṛta aṅgāra badara bahu bhadra bhṛgu brahma candra citra dhvāṅkṣa gandha gardabha gaura ghana gopa gulma hema ikṣu indra indu jala jaṭā jīva kalpa kanda kapi kapota kara karka karkaṭa karṇa kaṇṭa kaṭha kaṭu kaṭuka kha kola kuñja kāṣṭha kṛṣṇa kṣudra kṣīra madhu madhura madhya mahiṣa mahā meṣa mohana mādhava mṛṇāla nāga nīla parva parṇa phala phaṇi prahāra priya rati rañjana raṅga roma rāja sarpa soma sura svarṇa sūkṣma sūrya taila taru tikta toya tāmbūla tāmra uttara vajra vidyud vinaya viṣa vrata yajña yojana ākāśa āmla ānanda śakra śikṣā śiro śiva śrī śyāma
giri	95	UTTARAPADA	abhra amara antar asta bahir bahu bhaṅgu bheḍa brahma bṛhad candana candra carama cāru deva dhana dhavala dhūmra hari hasta hasti hema hima indra kalyāṇa kanaka karṇa kaṭhora khaṇḍa kola kubera kula kāma kāñcana kṛṣṇa loha mahā malaya mantha maryādā maṅgala megha mudga musta nala nandi nīla pavitra phena prati puṣpa pūrṇa raivata ratna rohita rāja rāma saumya siṃha soma sura suvarṇa svapna svar svarga svargi svarṇa svāti sīmā talpa tuhina tuṣāra udaka udaya uśīra vaibhāra varṣa veṅkaṭa vindhya viṣa vyāghra vyāsa yajña yādava ākrīḍa ānanda āñjana śambhu śaṃkara śibira śrī śveta śṛṅga ṛkṣa ṛṣi
jana	93	UTTARAPADA	antar apara ari asaj bahu bandhu bhīru bhīruka bhṛtya budha bāndhava bṛhaj daiva daur deva dur dyu dāsa dāsī guru gṛha itara iṣṭa ku kula kāmi lubdha lāṭa mahā nagara nir nānā nṛpa padāti para pathika paura pañca paścima paṇya praiṣya prati pravara priya pura puraṃ puruṣa puṇya pūrva pṛthag rakṣi rakṣo sa saj sakala sakhī sambhrānta samāna sapatnī sapta sarva sevā siddha snigdha strī su suhṛj supta sura suvar sva sādhu taruṇī tiryag uttama vadhū vallabha vanīyaka vaṇig veśyā vi vidvaj vipra viśva yuvati yuvatī āli ārya śaila śatru śilpi śiśu śūdra
saṃhitā	93	UTTARAPADA	agastya akṣara anānupūrvya atri aṅga bhairava bhauma bheḍa bhāgavatī bhāradvāja bhṛgu brahma bṛhaspati bṛhat deva dharma garga hanumat hārīta kapila kaśyapa krama kāla kṣetra lakṣmī lomaśa mahā maitrāyaṇī maitrāyaṇīya mantra manu mānava mānavīya mārkaṇḍeya nārada nārāyaṇa nīti pada padma parama pauṣkara pitṛ prāṇa purāṇa pāda pādma pūrva rudra sampūrṇa samāsa sanaka saubhari saura saṃtāna smṛti sva sāgara sāma sāra sātvata sūta sṛṣṭi taittirīya umā vaikhānasa vaināyaka vaiśampāyana vaiṣṇava varāha varṇa vasiṣṭha veda vināyaka viśvāmitra viṣṇu vājasaneya vājasaneyi vālakhilya vārāha vāstu vāyavīya vāyu vṛnda yama śaṃkara śeṣa śiva śrī śuka śākala śākalya ṛk ṛṣi
dāsa	92	UTTARAPADA	baṭu bhagavad bhagavatī bhakta bhavānī bhāva brahma buddha candana caraṇa caṅga caṇḍi caṇḍī daśa daṇḍa deva devi devī dharaṇi dharma divo durgā dvija dvārakā dyūta dāsī dīna garbha gaya gayā gaṅga gaṅgā gaṇa guru gṛha hara hari jarad jina keśava kiṃ kośa kumbha kumāra kāla kṛta kṛṣṇa lakṣmaṇa lakṣmī mahi mahī mathurā mohana mukunda mādhava mātṛ māya nanda nārāyaṇa prayāga priya purī puṃ pāṇḍu ravi rāma sarva saṃgha skanda su sundara sūra sūrya vaiṣṇava vallabha varī vaṃśī vaṅga veṇī viṣṇu vyāsa āditya śakaṭa śakti śambhu śaṃkara śiva śyāma śāka ṛju ṛṇa ṣaṣṭhī
mārga	91	UTTARAPADA	agastya aghora apavarga asi bhakti bhraṣṭa bhāvanā buddha candra dakṣiṇa datta deva dhanur dharma diṅ durga dvi dyu dṛṣṭi gīta gūḍha hala haṃsa indra iṣu jala jambū jñāna jāla karma kaula ku kula kṛta kṛṣṇa locana loka lāṅgalaka mahā maru megha mokṣa mudrā mukti mūtra nadī nakṣatra nir pakṣi prati praśna pura puṣṭi pūr ratha reto rāja san sapta saṃsāra siddhi sopāna sthala svarga tri tsaru tīkṣṇa tīvra uru uttara varco vaṇiṅ vi vidheya vyavahāra vāma vāyu vīra vīthī vṛti yama yantra yoga yogi yuddha āloka ārya śiva śrauta śrotra śruti
kriyā	90	UTTARAPADA	ahaṃ alaṃ ambu anitya antya artha asat atithi avyakta aśana aṅga bahiṣ bāla bīja citra dharma dhik dhātu divasa divya duṣ dvedhā dāra hasta hiṅ jala kautuka kaṭa kratu ku kāla kṣura laghu makha marut mṛdu naimittika namas nitya nṛpa pacana paitṛ paśu paṇa phala pitṛ pradakṣiṇa punaḥ puras puṇya pāka pāṭana pūrva pṛthak rajju rasa rati rāja salila samaya samī satya su sukha sādhana sākṣāt tantu tiras udaka upacāra uttara vaidya vapra vaśa vaśī vaṇik vaṣaṭ viloma virodha vyajana vājī yajuṣ yajña āśu śalya śeṣa śiraḥ śrāddha śīta ūrdhva
puruṣa	90	UTTARAPADA	addhā adhikāra adṛṣṭa anaddhā apara ardha arjuna ati avara avīra aṣṭa brahma bīja cañcā chandaḥ chāyā cāra divya duṣ dvi eka grāma gūḍha hiraṇya hṛdaya kim kratu ku kula kāla loka madhyama mahā mithyā mātari mūla nakṣatra niṣ para parama paraḥ parṇa pracura pradhāna prakṛti pramāṇa prathama prati purāṇa puṇya pāpa pūrva rakṣa rakṣika rakṣā rukma rāja sa saha sapta sarva sat saṃgha siddha soma strī su sāpta sāṃkhya tat tri tulā upari uttama vaira vara varuṇa varṣa vaṇik veda vi vāstu vīra yajña yama ādi ālekhya īṣat śalākā śarīra
saṃgraha	90	UTTARAPADA	adhikāra artha baudhāyana bhallāla bhāgavata bhāṭṭa bindu chandaḥ cintya dharma dhānya dhātu divya dravya dāra guṇa gṛhya gṛhyā jyotiṣa jātaka karma kathā krama kratu kāla kāvya kṛṣi laghu lakṣaṇa loka madhyama maithila maya muhūrta mādhava mīmāṃsā naya nyāya nāma nāśita nīti padya parva pramāṇa pratiṣṭhā prayoga praśna purāṇa putra pāṇi rasa ratna rāmāyaṇa sa samasyā samprokṣaṇa samāsa sarva sat setu siddhānta smṛti su sudhā svara sāhitya sāra sūkti sūtra tarka uttama vacana vaidya vaidyaka vedānta viniyoga viveka vrata vyākaraṇa vāda vākya vāstu vṛtti yantra yoga śloka śruti śrāddha śārīraka śāstra
manas	89	UTTARAPADA	acitta acyuta ahita alaṃ ananya antar antargata anya anyatra artha aviṣaya bahir bhadra bhagna bhavya bṛhan candra citra draṣṭu dur dīna eka gata glāna gūrta hantu hṛṣṭa iha jita klānta ku kuṇṭha kuṭila kṣuṇṇa laghu mahā malina matsara mlāna mūḍha mṛta nānā parāṅ prahṛṣṭa prīta prīti puru raudra rāta saha sambhrānta samprahṛṣṭa samāhita saṃhṛṣṭa saṃsakta saṃvibhāga sita sthira su sute tan uddhata udvigna utsikta vaktu vasu vi vibhrānta vibhūta vinihita viśuddha viśva viṣaṇṇa vyagra vyākula vyākulita vyākṣipta vāṅ yajña yukta āsakta ātta śaṅkita śraddhā śrānta śrī śānta śūnya ṛṣi
mantra	89	UTTARAPADA	abhicāra abhyutkrośana anumantraṇa asan astra avatāra aṅga bhairava bhakṣa bhinna bodhana brahma brahmāṇī buddha bīja bṛhan cakṣur cāmuṇḍā divya dur gaura gaurī gāyatrī gūḍha heramba heti hṛn jyotir jānakī karaṇa krodha ku kṣaura lakṣmī lavaṇa mahā moha mālā mūla nir para patnī prayoga prātar pum puruṣottama pādma pādukā pāna rakṣā rudra rādhā rāma san sapta sarasvatī satya saura saṃdhyā saṃvṛta saṃyoga siddha siddhi strī stuti su sādhu sāyam sūrya traiyambaka tāraka tārā varma veda viṣa viṣṇu vārāha yakṣiṇī yoni yājñīya ākṛṣṭi āsana śakaṭa śarabha śiva śyāmā śānti ṛdhaṅ ṛkṣa
mitra	89	UTTARAPADA	agni anti ari aśva bahu bandhu bhānu bhū bhūmi bhūti brahma buddha bāla chāga chāttra chāyā cira deva dhairya dhana dharma drogha dur dāsa go hari harṣa hima hita indu jala jina kalyāṇa ku kula kṛtrima kṛṣṇa laghu mitra mūla nanda nuta parva paṭu pradhāna prati priya prākṛta puru puṇya puṣpa puṣya pāpa pūṣa ratha rati ratna sadha saha san sarva saṃgha sindhu soma stamba stambha su sudhā suhṛn vahni vajra varuṇa vasu vatsa veda vijaya vimala viśeṣa viśva viśvā viṣṇu vīrya yaśo śaṅkha śrāddha śrī śubha śākuni śākya
māhātmya	89	UTTARAPADA	ambikā arbuda badarī bhasma bhāgavata bhāgavatī caṇḍikā caṇḍī devī durgā dvādaśī dvārakā dīpa gayā gaṅgā holikā kedāra kojāgara kokilā kumbhī kāla kālindī kālī kārttika kātyāyana kāśī kṛṣṇa lalitā liṅga madhva mathurā maṇi miśrita mumukṣu mādhava māgha mārtaṇḍa māyā narmadā nepāla nāma pampā paumpā pauṣa phālguna pradoṣa prayāga puruṣottama purāṇa puṣkara pāyin raghu raṅga revā reṇukā rāmāyaṇa sammeda sarasvatī saṃdhyā setu sthāna sāketa sānandūra sārasvata sārikā tāpī tīrtha utkaṇṭha vaitaraṇī vaiśākha valla varāha veda vibhūti vidyā vimāna vināyaka viśvakarma viṣṇu vānavāsī vārāha vārāṇasī yamunā śilā śiva śravaṇa śrāvaṇa śrīraṅga śāradā
kośa	88	UTTARAPADA	abhidharma ahi antara antaḥ aṇḍa bhuvana bhā brahma bīja campa candra dala deha deva deśī dhana dharaṇi dharma dhānya dhātu garbha haima hara hiraṇya hīna indra jāti jātī jīva karma kathā keli khaḍga kṛmi kṣīṇa madhu mahā mantra maṅkha medinī mādhava mātṛkā mūtra nakṣatra netra niṣ nyāya padma pañca peśī phala pitta prajñā prākṛta pīta rabhasa ratna rudra sa siṃha strī sādhya sārasvata sūtra timi uddhāra varṣa vasti vastra vastu vi vikramāditya viśva viṣāṇa vrata vāri vṛddha yakṛt yādava yāma ānanda āṇḍa śabda śarva śastra śiva śṛṅga śṛṅgāra
vana	88	UTTARAPADA	ambikā badarī bhā bhānu bhārga bilva citra cūḍā drākṣā dvita dūrvā gautama goṇḍa grīṣma hari indra irikā jaya jeta kacvī kamala kapi karmāra keli krauñca krīḍā kubera kumuda kumāra kālaka kṛtrima madhu mahā maitreya megha mitra mukunda muni mādhavī mūrvā mṛga mṛgayā nandana naḍa nir nāga paraśu pitṛ pramada prapā prayāga preta puṣkara puṣpa pīlu sa sarayū saugandhika saṃsāra siddha stamba sura svāhā sītā sūrya tapo timira tumba tāla umā utpala vaitrakīya vasu velā vetrakīya veṇu vihāra vindhya vyāsa vṛndā ānanda śara śirīṣa śleṣmātaka śuci śāla śīrṣa śīta
daṇḍa	87	UTTARAPADA	amogha apalāpa ardha bhuja bhāra bhṛśa bilva brahma brāhma bāhu carma daṃṣṭrā dhana dhavitra dhig dhṛta diśo dor dīrgha gūḍha hala ikṣu jāla kanaka karma khara kośa krama ku kāla kāya loha lāṅgala mahā mano mantha manthana maṅgalya maṇi nau naukā nihita nir nyāyya nīla patākā pañca prati prāg prāṇa purastād rasa rāja sa saha srug sruva sthūla su tri tīkṣṇa tūṣṇīṃ udyata ugra upāṃśu vadha vajra vega vi vijaya viṣa vādana vāg vāna vāpa vāya vīṇā yama yoga yogi yukta īṣā śara śarīra śikṣā śuṇḍā śākhā
dīpikā	87	UTTARAPADA	advaita bhakti bhaṭa bhaṭīya bhaṭṭa bheda bhuvana bhārgava bhāva bhāṣya bhāṭṭa cakra candra chando dharma dhvānta dhyāna dhātu graha haṭha hillāja kaivalya krama kula kūṣmāṇḍa kṛkalāsa laghu lakṣaṇa makaranda mantra maya mañjarī muhūrta māna mārtaṇḍa nyāya nīti pada phala piśāca prabodha pratyakṣa pravara prayoga praśna preta prākṛta prāsāda rasa ratna rudra saṃnyāsa saṃtāna siddhānta smara smārta smṛti snāna sādhana sāhitya sāpiṇḍya sāra sūtra tarka trailokya vaikuṇṭha varṇa veda vedānta vyavahāra vyutpatti vyākaraṇa vākya vṛtta vṛtti yoga yukti ānanda śabda śloka śrāddha śuddhi śulba śāmbhava śānti śāstra śṛṅgāra
vatī	87	UTTARAPADA	adhipati agrima ajira amogha avanti baka bhiṣag bisa bodha caitra campaka campā chando cāritra devara dhārā dohada durgā garbha godhā gupta haṃsaka hāsa jayā jita kamala kanaka karīra kaṃsa khadira koṅkaṇā kuhā kumuda kuvalaya kāraṇḍa lāsa madana madirā malaya mandāra mano medo mādra mṛga mṛttikā narma nimba pati prabodha premā pulina pāka rasa raṅga rodho rājya sara smara stamba stambha stana sukha sundara sābhra sāmba taraṃga teja tilaka tārā tūla varūtha vaṭa vibhrama vistīrṇa vyoma vāda vār yāma śaśāṅka śobhana śobhā śubhra śvan śyāmā śīta ūdhas ṣaṣṭha
vidyā	87	UTTARAPADA	adhyātma anaṅga artha astra aṅga aṅka bhūma bhūta brahma caurya citra deva dhanur dharma dhūmra dṛṣṭi gandharva gardabhī guhya gāna gāndharva haya haṭha hetu hārda jyotir jyotiṣa jāta khaḍga kula kāla kṣatra madhu mahā malla mantra mūla nakṣatra nyāya nīti pauṃścalīya praśna prāṇa purāṇa rakṣo ratha rāja samaya sarpa satya saubhāgya saṃdhyā saṃgīta saṃsarga saṃvarga siddha su svarṇa sāmudraka tarka ubhaya udbhid vaidya vaiśvānara vastra vayo veda vedānta vimāna viṣa vyavaccheda vyāyāma vāstu vāyasa yajña yoga yuddha ātma śabda śakuna śastra śilpa śivā śrī śārīra śāṇḍilya ṣaṣṭi
vādin	87	UTTARAPADA	advaita advaya agni aguṇa ahaṃ ahetu ahīna alpa anekānta anyathā anīśvara anṛta apriya artha asatya ati aṇu bahu bhadra bhaviṣyad bheda bho bhūta brahma bṛhad cāru daṇḍa dhṛṣṭa dravya dvaita dvaya garhya grāmya guṇa hetu hita hīna khanya koṇa kriyā kāma kāraṇa kṣānti mahā mantra mañju maṅgala mṛṣā nyāya paiśunya paruṣa paṇḍita pradhāna pratyakṣa praśna priya pīlu pūrva pṛthag rūkṣa sad sapta sarva satya saṃkrānti syād sādhu tathya tathā uttara varṇa veda vedānta vijñāna vimarśa vitatha viśiṣṭādvaita vāda vṛddha vṛthā yukta śakti ślakṣṇa śrotra śāstra śūnya ṛta
guṇa	86	UTTARAPADA	akṣaya ananta artha asaṃkhyeya atad ati aṣṭa bahu bhagavad bhartṛ bhūri bhūyo bisa catur cāpa daśa dhanur dhuta dhūta doṣa dravya dvi dṛṣṭi gandha hīna jaghanya kha kāma kāraṇa lamba mahad mahā mantha muktā mālā mūla nir para pañca prakṛti prāg pṛthag rasa rati raśanā rūpa sa sad sahasra samyag samāna samārgaṇa sapta sarva sattva sparśa su sva svāmi sācī sāra sāṃgrāmika tad tamo tathā tri tulya tādṛg tāmasa tāvad ubhaya vapur vi viśeṣa vyaya vyañjana vyoma vāg yoni yādṛg ātma īṣad śabda śata śānta ṣaḍ
paddhati	86	UTTARAPADA	ambu aurdhvadehika bhairava bhaṭṭa brāhmaṇa cayana dāna dīkṣā gṛhya hanumat havana homa jala jani jātaka karaṇa karma kriyā kumbhaka laghu lalitā loka lāṅgala maithila mantra mekhalā nāgoji nārāyaṇa pada pauṇḍarīka pavamāna pitṛ prajā pramāṇa pratiṣṭhā prayoga prātaḥ pāda pāraskara pūjā ramala rasa ratha rudra rādhā rāja rāma sadasya sampradāya sarva sat sautrāmaṇī saṃdhyā saṃketa saṃnyāsa saṃskāra saṃsthā siddhānta snāna soma sopāna sādhana tulā utsarga vaidya varṣa vidyā vivāha viṣṇu vraja vākya vāruṇa vāstu yoga yājñika ādhāna śarabha śiva śrauta śrāddha śrāvaṇī śrī śyāmā śānti śūdra śṛṅgāra
śiras	86	UTTARAPADA	abhra ardha arka atharva avāk ayaḥ aśva aṃhri bhuja brahma bṛhaspati caṭakā caṭikā citra dakṣiṇā daśa dvi dāsa eṇa gaja garga gaura gaya gayā gaḍu gharma hasti haya jihma jānu kapi kapāla khola koṭa kroṣṭuka kumāra kūrca mahā manuṣya meda muṇḍita mārga mṛga paśu pratyak pratīcīna prāk puruṣa pṛthu ratha raṇa sa sahasra sainya samara sapta sarpa saṃgrāma skandha sthūla su suvarṇa sva svaḥ sāma tanu tri ubhaya uccaiḥ udak unnata vasti veda veṣṭita vi vyāvṛtta vāji yava āji ātharvaṇa śakra śava śaṅkha śaṅku śruti śāli
śīla	86	UTTARAPADA	abhivādana aguṇa ajñāta akṣa arghya asatya bhadra bhaya caṇḍa dayā dharma dhruva duḥ duḥkha dāna eka gambhīra gupta guṇa hanana hāsa ijya kamala karma kiṃ ku kula kṣamā kṣudra kṣānti lajjā madhura mahā maraṇa māyā māṃsa mṛgayā patana pañca puṇya pāpa pāri rahaḥ sahana sama sambhāra samāna sattva satya saṃvibhāga smṛti snāna stuti su svapna sādhu tapaḥ tathā tyāga tāla tūṣṇīṃ udaka upaśama utthāna vardhana vi vibhrānta vicāra vikrama vilāsa viṣama vyaya vyāyāma vāma vṛṣa vṛṣā yajña āpyāyana ārya śaṅkā śruta śruti śubha śuddha śālīna śānti
mañjarī	85	UTTARAPADA	aśoka aṅgāra bahu bhakti bhārata bhāṣā chando cūta dhātu dvādaśa dāna gandha hautra jātaka kaluṣa kanaka karpūra khara kukkuṭa kāma kṛtya lobha lāvaṇya madana mandāra maṇi megha muhūrta māna māruti nyāya nīti pada pattra paṭha prabodha prakṛti pramāṇa prathama pravara prayoga preta prākṛta pāda pāṭha rahasya rambhā rasa rati ratna rāga rāsa rūpa samāsa sasya saubhāgya saṃketa saṃnipāta saṃskṛta siddhānta smṛti sphula sthala svara sāra tarka tilaka tīkṣṇa udaka varṣa vicāra viveka viṣa vāda vākya vāstu yajur yoga āhnika ārdra āścarya śabda śrāddha śīta śṛṅgāra
vardhana	85	UTTARAPADA	agni ambu amṛta avanti aśoka aṇḍa bala balāsa bhoga bhūmi bhūti brahma deva dharma dhānya dravya dyumna go harṣa jaya jina kalyāṇa kamala kanda kapha keśa krodha kula kuntala kāśi kṣatra kṣiti lakṣmi liṅga mati maṣi meru mitra māna nanda nandi nābhi nāga nṛmṇa pauṇḍra pañca paśu paṭa prīti puṇya puṇḍa puṇḍra puṣṭi rakta rati ratna rāga rāja rājya rāma rāṣṭra sattra saṃgha saṃgrāma saṃtāna stoma tantu uktha utsāha vaiṣṇava varṣa vaṃśa vitta viṣṇu yajña yaśo āditya ānanda śambhu śambu śaurya śaśi śaṃkara śruta śrī
vāhana	85	UTTARAPADA	abda abja ati babhru bali barhi barhiṇa bhāra bhūta bhūti bīja candra chāga citra dadhi deva dharma druta dvija garga gaura ghana guha hari havya haya haṃsa hotra indra jala jaya kavya kośa kravya kāla loma madhu mahiṣa mahā makara mayūra maṇi megha mūṣa mṛga naga nara pakṣa pavana paśavya pravara praṣṭi purīṣa purīṣya puṣpa ratha rucya rukma rāja saha satya siṃha su svasti sārtha uda vasu veda vimala viṣṇu vāji vāri vāyu vṛddha vṛṣa yajña yama śakra śikhi śiva śveta śāla śāli śānti śārdūla
dhvaja	84	UTTARAPADA	amita arjuna barhi brahma bṛhad citra dharma dhūli dhūma dīpa gagana garuḍa giri haṃsa indra jambu jaya jhaṣa jvālā kajjala kanaka kapi keśi koṭi koṭī krama kratu kukkuṭa kusuma kuśa kāka kṛkavāku kṛta lohita lāṅgala madhu mahiṣa mahā makara malaya marud mati matsya meru mita mīna nabho nīla puṃ puṣpa pāra ratna ravi sa satya siṃha smara strī sura surā sīra sūrya timi tāla tāmra tārkṣya tṛṇa ucca vidyud vimṛdita viruda vāma vānara vāta vṛṣa vṛṣabha yūpa śakra śakti śaśi śikhi śruta ṛta ṛṣabha
pakṣa	84	UTTARAPADA	ajāta amṛta apara aṣṭā bhūmi buddha cakra catuṣ chandas chinna cikura citra daśa dhavala dvai dvi dvāra dīrgha eka gambhīra garuḍa gauṇa gārdhra haṃsa hiraṇya hīna jyotiṣ jāta kaca keśa krauñca kāka kṛṣṇa kṣaya lūna mahā māghī mātṛ nija para phālgunī pitṛ prati preta prācīna prāti pūrva rakta ripu samāna siddha siddhānta sita sthūṇā su suvarṇa sva svara svarṇa sādhya sādhāraṇa sāmānya tamisra tri tāmra ubhayataḥ ulūka uttara vadya vakra vara vi viśva vrata āpūryamāṇa ātma śatru śiti śuddha śukla śveta śūnya ṛju ṣaṭ
gupta	83	UTTARAPADA	abhinava ati aśva bala bhadra bhīma brahma brāhma buddha budha bṛhaspati candra citra cāru deva dhana dhanu dharma durga guha gupti gātra gṛha hara harṣa hiraṇya indra jaya jiṣṇu jīvita karma kartṛ kriyā kumāra kāla kārā kṛṣṇa kṣema mano mantra mitra mādhava mālava mātṛ nandi nābhi nārāyaṇa padma pakṣa palli parva pattra pañca phāla prajñā ravi rādha samudra saṃdhi saṃgha saṃgrāma siṃha skanda su sva sūrya tiṣya udaya upendra vana vasu veda vedha virādha viṣṇu āmra śaśi śrī śāla śānti śīla śṛṅgāra ṛṣi
nāman	83	UTTARAPADA	agni ahaṃ ahi ahita anta antarikṣa asau aśva aṅghri bahu bhadra bhū cakra chando deva dhvāṅkṣa dur dvi gandha go gṛhīta hari hita iti janma kapi karma kiṃ ku kuśa kāka kāṇḍa kīṭa labdha laghu mahā manuṣya maṅgalya megha māsa mātṛ māṅgalya nakṣatra nara nāga pañca pitṛ prati putra puṃ puṇya pāpa rāja rājakīya rāśi sa sahasra samāna san sapta sarja sarva satya saumya saṃkhyā saṃskāra strī su sva tulya vahni varāha vijja vivikta viśva vyartha vāta vṛṣa yan āditya śiśu śveta ḍambara
parṇī	83	UTTARAPADA	agra ali asana aṅghri bhadra bheka bhīru bilva brahma cakra catuṣ citra cāru dardura droṇa elā grantha hasti haṭha hiṅgu ikṣu indra jāti kapittha keśa kroḍa kāka kāma kūrca kṛṣṇa laghu lomaśa madhu mudga māṣa mūla mūlaka mūṣika nakha nāga palāśa pañca paṭu pratyak pāṃsu pīlu pīta pṛthak pṛśni rāja sana sindhu sita siṃha snigdha sthālī svarṇa svādu sāra sūpa sūrya toda tvak tṛṇa uḍumbara viśva viṣa vrīhi vāri vṛtta vṛṣa yojana ākhu śalya śara śaṇa śimbi śāla śāli śīrṣa śīta śūla śūrpa
bhava	82	UTTARAPADA	abja adūra ananya anta apunar araṇya arṇava arṇo aśleṣā bahir bhakti bhūta ceto citta ghaṭa kala kalpa kamala kula kumbha kāntāra kṛttikā laghu maghā mano maru mayo maṇi medo mūla nadī netra padma paunar phalgunī phālgunī prakṛti prā prāg prāya prāṇi punar puṣpa pāṃsu pūrva rakta rasa revatī rohiṇī rumā sa sadyo sadā samudra saṃkalpa soma stana strī su sāyam tad tanu tanū tatra tri udag upanagara valmīka varṣā vaṃśa vinā viśva viḍ vāri ādi ātma āṣāḍha śam śilā śiro śleṣma śāka
dṛś	82	KRT_STEM_MEMBER	abja adhyātma ahar akṣa amogha artha asad asupta asva atṛpta aviddha avitṛpta bahir bhavā bhinna bhugna bhāla cakora cakra camūru cāra dharma divya diṣṭa dur dūra dūre eka eṇa eṇī hariṇī indīvara krūra kuvalaya kūrpa madira mantra mithū mugdha mṛga mṛgī nipuṇa pakṣmala parāg piṅga prati pratyag pratyakṣa pṛthag rakta ruddha rāga sa sahasra sama samyag samāna sarva satya saṃrambha smita su sva svalpa svapna svar svayaṃ sūrya tri udvigna utpala vakra valita vi vicāra viśva vāma yajña yakṣa yuṣmā ūrdhva ṛju
purāṇa	81	UTTARAPADA	agni bhagavatī bhairava bhaviṣya bhaviṣyat bhāgavata bhārgava brahma brāhma buddha caṇḍī devī dharma garuḍa gāruḍa iṣṭakā kalki kedāra kālikā kālī kāpila kūrma lalita liṅga mahā matsya mudgala māgha mānava mārkaṇḍeya mātsya nandi nandā nandī nemi niṣ nāda nārada nāradīya nārasiṃha nīla padma puruṣottama puṇḍarīka puṣkara pādma pāṇḍava rudra sarasvatī sarva saundarya saura skanda sthala sāketa sāmba sūrya uttara vahni vaiśākha vaiṣṇava varuṇa varāha vināyaka viśvakarma viṣṇu vāmana vārāha vāyavya vāyu yama yuga ādi āditya āgneya āñjaneya śaiva śiva śreṇika śānti śāradā
bheda	80	UTTARAPADA	antar anyonya ardha artha asthi avāntara aśma aśvattha aṅga bhrū bindu buddhi citta deha dig doṣa dur dūra gati granthi hanu jñāti kati koṣṭha kukṣi kāla kāṣṭha kṣatra lakṣya mantra marma mata mati mitra mukha nir pakṣa parva paśu prasthāna purīṣa puṭa pāta pātra pāyu pāṣāṇa rahasya rasa rāśi rāṣṭra rūpa samaya samādhi saṃgha setu srug suhṛd svara tantra tvag varco vastu vistīrṇa viḍ vrīhi vyūha vākya ācāra śa śabda śaila śakaṭa śakti śakṛd śara śarīra śilā śākhā śūla ūlī
buddhi	80	UTTARAPADA	aham akṛta alpa anartha apakva apekṣā asad avipakva bheda bhrānta bhāvita dabhra dharma dhṛṣṭa droha dur duṣṭa dṛḍha eka gambhīra grāmya hata hita hīna indriya jaḍa jāta karma krūra ku kuśala kṛpaṇa kṛta kṛśa kṣudra mahā manda mugdha mukta mūḍha nir nitya nāga prapañca prāpta prāṇa pāpa sahasra sama sambhinna saṃdigdha sthira sthūla strī su sukha tīkṣṇa upari utpanna vakra varṇa vi vijña vikṛta vimala viparīta vipratipanna vipula viśiṣṭa vyavasāya vyāvṛtta yathā ātma śata śaṭha śuddha śākya śāstra śīghra ṛju
janman	80	UTTARAPADA	agni agra ambho ambu ambā antar antya anya asra bhrātṛvya bhūri brahma citta danta dharma dvi eka ghaṭa jala janma jāra kalaśa kaśmīra kopa ku kumbha kva kāśmīra kṛta kṣata labdha mano manuṣya mukha mānasa naṣṭa nābhi para payo paṅka prati prāg prāktana punar puro puṃ puṇya pūrva pṛthā ramaṇīya rāma saha salila samāna sarasi saro sarva saṃkalpa sindhu strī su sva tanu tanū valmīka varta vartita vi viśva viśvāsa vṛthā yugma ātma śara śarīra śuci śīghra śūdra śṛṅgāra ūru
prayoga	80	UTTARAPADA	alpa artha asamyak aupāsana aurdhvadehika aurva auṣadha baudhāyana bhairava bhāradvāja bhūri bodhāyana bṛhat cayana hautra holikā hotra kaitava karaṇa mada mantra mātrā mātṛ māyā naimittika naya nepathya neṣṭṛ nāciketa nṛtta parjanya pauṇḍarīka pañca paśu potṛ prastotṛ prati punaḥ pādma pūrva saha samyak samāpta samāvartana sapiṇḍana sarasvatī sautrāmaṇī savana saṃdhyā saṃskāra smārta soma su sādyaskra sāma utpatti utsarjana vaiśvadeva vaiśvasṛja vapaṇa vardhamāna vardhāpana vidhi vivāha viṣa vyāyāma vākya vāstu yajamāna yati āhnika śaunakīya śayyā śiṣṭa śrauta śrāddha śrāvaṇī śānti ṣoḍaśi ṣāḍguṇya
śrī	80	UTTARAPADA	adhvara agni artha ati aśoka bhadra bhraṣṭa brahma candra darśata daṇḍa deva dhana dhṛta gata gaṇa ghṛta hari hata jana jaya jina jñāna koṭi kṣatra kṣīra lāvaṇya madhu mahā marya mañju meru mukha māla mālava nitya niḥ nāga padma para prathama prāpta pūrṇa pṛthu ramya ratna rāja rājya sa saktu sambhṛta samudra sapatna satya saumya siṃha soma sthira su svarga sūrya tyakta vajra vasanta vasu veda veṣa vijaya vikaca vinaya viśva vīra yajña yauvana śiva śiśira śruta śākya śānta ṛta
vṛtta	79	UTTARAPADA	akṣa anyāya apama asādhu ayana bhinna bhāva bhū cakra cakru chando cira dakṣiṇā deśa dodhaka dur dvāra dṛg eka gaṇa guru hariṇī hata iti jina kadamba kalyāṇa kaunteya khaṇḍita kiṃ koṇa krānti kāma kṣepa loka madhya miśra mātrā nyāya nāḍī patita prati prāg puro purā pāda pūrva rāja sa sad sama sambhinna samyag sarvato satya sirā sthāpana su sva svaira svapna sādhu tejo varṇa vastu veda vikṣepa viṣama viṣuvad viṭa vācā yad yathā ārya śarīra śiro śruta śukla śīla
bhaṅga	78	UTTARAPADA	arāti asthi asu bhava bhru bhrū cakra caraṇa chattra danta daṇḍa deśa dhvaja dhyāna dur gati gātra gṛha iḍā kanaka karṇa kaṇṭha kaṭa kaṭu krama kṣaṇa mada mukha māna mṛṇāla nāsā pattra pañca pota pratijñā prayāṇa praṇaya puṣpa pāli pārśva pṛṣṭha rasa ratha rājya rāṣṭra sa samādhi saṃdhi senā sneha sthāna su svara sāra tapo tejo tāla udyama vahana vahitra viśvāsa viḍ vrata vyūha vāg vṛti vṛtta vṛtti yuga yācñā yāna ājñā āśā śara śatru śoka śīla ūru
stotra	78	UTTARAPADA	anyathā apāmārjana bhairava bhauma bhavānī bhujaṃga bhāgavata bṛhaspati catu catuḥ caṇḍī devī dhanya durgā dvādaśa gaṅgā hanumat hari kalyāṇī karpūra kālikā kālī kāśī kṛṣṇa laghu lakṣmī mahā malhaṇa marut maṅgala mithyā mārkaṇḍeya mātaṃgī nala nitya nārada nārāyaṇa parā pradoṣa prahlāda prauga priya puṇḍra pārvatī pṛṣṭha raivata raṅga reṇukā rāma rāmāyaṇa sarasvatī saundarya saṃdhi saṃkaṭa skanda svāminī sītā sūrya vetāla viṃśati viṣṇu vārāhī vāsudeva yama yamunā āditya āñjaneya śakti śani śarabha śaṃkara śiva śivā śyāmā śāradā śārikā śītalā ṣoḍaśi
pāta	77	UTTARAPADA	agni akṣa ambu antaḥ apakṣa asṛk avicchinna aśru aṅghri bhū bhṛgu bāṇa cakra candana caraṇa chala dambholi danta daṇḍa deha dhārā dhūma dūra dṛk dṛṣṭi eka garbha guṭikā gṛha hima iṣu kaśā khaḍga krānti kula kāṇḍa kṛpāṇa kṣepa kṣāra locana madhya mahā muṣṭi mūrdha nakṣatra naraka pada pakṣa pakṣma piṇḍa rakta retaḥ rudhira saura sthāna sūtra toya tālu ulkā vajra vartma varṇa varṣa vidyut vilocana vāta vṛṣṭi ātma śabda śakra śakti śam śamyā śara śarīra śastra śyena
kanda	76	UTTARAPADA	aśva bahu bhū brāhmī bṛhat caṇḍāla dharaṇī drāva gaja grāma grāmya guluccha guṇḍa hasti jñāna kadalī kalā kaṭu khasa khaṇḍa kola kuṣṭha kāsa kṛṣṇa kṣīra lulāpa mahiṣa mahiṣī mahā mleccha mālā māna niṣ nāga nānā nīla nṛpa paṅkti piṇḍa puṭa pīta rakta roma rucya sarṣapa stabaka sthala sthūla su svādu sūkara sūra taila tīkṣṇa tīvra vajra vana varāha vijñāna viṣa viṣṇu vārāha vārāhī vṛkṣa ābila ānanda āvalī āvila śabara śambara śikhā śiphā śukla śveta śālmalī śṛṅga
śālā	76	UTTARAPADA	abhiṣeka agni apūpa aśva bahiḥ bhakta bhāṇḍa bhāṇḍi brahma candra citra dhanuḥ dharma dyūta dāna eka go gāndharva hasti haviḥ haya homa kandu karma kulāla kumbha kupya kutūhala lekha lipi malla mardana mukha nartana nāpita nāṭya nṛtya pakṣi parṇa patnī paṇya paṭṭa peli puṇya pāka pānīya pūpa ratha raṅga sattra saṃgīta snāna sūda tantu upasthāna vahni vatsa vyākhyāna vyāyāma vyāḍi vāji vāraṇa yajña yajñiya yāna ākhaṇḍi āpāna ārogya āyudha śakra śilpa śilpi śulka śūnya ṭaṅka ṭaṅkaka
bāhu	75	UTTARAPADA	agni ati ayo aśva bahu bhadra bhagna candra catur citra cāru daśa daṇḍa deva dvi dvār dvāra dīrgha hiraṇya hrasva hīna indra jaya kaṃja khañja kumbha kuru kuṇi kṛta lūna mahā mitra nagara nṛ parigha paro pañca pralamba prati pravīra pṛthu pṛśni ratna rukma sahasra sarva savya siṃha stabdha sthūla su sva tri ubhayā ubhā ugra vajra veda vi vijaya vikrama viśvato viṃśati vrāja vīra yajña yojana yuga ājānu śaila śata śini śiti śākhā ūrdhva
netra	75	UTTARAPADA	abja agni anta apratihata apāṅga arka aruṇa ayugma aśru baddha barha bhaga bhagna bhugna bāla bṛhan cakora cāru dharma dhūma dhūpa dvi dṛḍha eka eṇa ghṛṣṭi hara hari hema ikṣu jagan jvalita kamala kekara khani khanī klinna kuśa kāla kṛṣṇa lola mahā mano mantra mañju mṛga padma phulla praphulla puṣpa puṣya pārvatī rakta ravi rājīva sahasra samanta satya saṃrabdha soma su sūrya tri tāmra vahni vasu vaṃśa vi vimala vipluta viśāla viṣama vāma yama śāstra
gandha	74	UTTARAPADA	adbhuta agūḍha alpa ati bahala bahu bahula barbarī brahma campaka candana catur citra daur divya dur hari haya hṛdya ikṣu iṣṭa khasa krūra kuṇapa kāla mada madhya magha mahā mallikā manuṣya matkuṇa matsya mātsya mṛṣṭa nir nābhi padma puṇya pīta pūta pūti rajanī rasa rūkṣa sa sama samanta sammoda samūha sarva saṃdeha sphurad sthira su sukha surabhi surabhī svādu sāra sīdhu tvag tīkṣṇa ugra vahni vi visra viśva viḍ viḍa ātta āśu śaila śīta
kartṛ	74	UTTARAPADA	alaṃ artha bandha bhaya bhūta bīja dama daṇḍa deha dina garbha grantha gṛha has hema hiraṇya hiṅ jagat jani karma kriyā kula kārya kāvya kṣaya lavana loka miṣṭa namas paryagni pravacana puṇya pāpa rāja rājya rūpa saha sarga sarva sat sattva saṃdhāna saṃskāra saṃtāna sneha sthiti suvarṇa svagā svī sākṣāt sūpa sūtra sṛṣṭi tanū tat trailokya trāṇa vaṣaṭ veda vedānta vicāra vighna viparīta viśva vāda yāvat ādi śaka śalya śarīra śrāddha śānti śṛtaṃ ṛṇa
vāsa	74	UTTARAPADA	acyuta ajñāta ambu araṇya bhūta bila brahma cira daur dhārā dur durga duḥkha eka garbha ghana ghṛṇā go grāma grāme guru gṛha hari jala kaṭi kārā kīrti kṛtti kṛṣṇa makaranda markaṭa mukha nadī naraka nāga paṅka paṭa prā reṇu sa saha sainya sarva saudha saṃdhyā senā siddha strī su sukha svarga tapo uda uru vaktra vana veda veśa veśma veśyā vi videśa vinā viśva vāri yathā śaila śayanīya śaṅkhinī śini śriyā śrī śāṇa śāṇaka
vīrya	74	UTTARAPADA	agni aho amita ananta aprati bahu bala bheṣaja bhuja bāhu citra daṇḍa dīpta dṛṣṭa eka go hata hiraṇya hīna jala kara kathaṃ ketu kiṃ kāma kṛta kṣaṇa mada maha mahā manda muni nir nānā paśu prati prayoga prāṇa ruddha rāja sa saha sahasra sama samāvad sarva siddha sindhu skhalita soma su tathā tigma tulya udāra ugra uktha uṣṇa vaicitra vaicitrya varṣma vasu vicitra vijñāta viśvato vāg yad yajña yathā īṣad śata śiva śīta ṛta
cārin	73	KRT_STEM_MEMBER	abhyantara adharma ambara ambu aniṣu asaṅga bahu bhīta bhūta brahma cakra chanda citta dharma dhānya divi divā duś duḥkha duṣṭa dvaṃdva dyu eka gagana giri go gūḍha hasti jala karma kaumāra kha kāma loka madhya mahī manda mithunī muhuś mānasa mṛga nakta naktaṃ pramoda pramāda pratyakṣa preta pāda pāpa saha sarva savya saṃgha saṃghāta saṃkīrṇa saṃsthāna sthala svaira sūkta ubhaya ugra vana vigūḍha vimāna viyac viśiṣṭa vrata vyoma vāri yathā yugma yūtha ākāśa
hara	73	KRT_STEM_MEMBER	apatha ardha artha aśmarī aṃśa bala bhrānti bhāga bhāra bhūta camū ceto darpa dhana doṣa dāya go grahaṇī granthi hari jvara kapha kaumāra kavaca kha kuṣṭha kānti kṛmi kṣata mano mūla nyāsa pakṣa paṅktī pitta prāgra prāṇa pāpa pāṃsu pṛtha pṛthu pṛthvī rajo riktha roga rājya sa sarva sattva saṃdeśa saṃtāpa smara su sudhā tamo tejo vaco varma viṣa vārttā vāta yaśo yodha ārti śakti śleṣma śrī śvitra śāsana śīla śīta śūnya ṛktha
pradīpa	73	UTTARAPADA	bhāva bhāṣya buddhi dharma dhvani dhātu divā dāna galita horā janma jñāna kalpa karma kula kāma kāvya kṛtya lauha loka mahā mantra maṇi megha meru nyāya nāṭya nīti pañjikā phala piṅgala praśna preta pūjā rakṣā rasa ratna rekhā roga rudra samanvaya samaya sampradāya saṃhitā saṃskāra saṃvatsara siṃha smṛti spanda sūrya taila tantra tarka vaidya vairāgya varṣa vedānta vimala viśva vyavahāra vyākhyā vākya vāstu vṛtta vṛtti yoga āhnika ākāśa śakuna śruta śrāddha śuddhi śyāmā
pṛṣṭha	73	UTTARAPADA	ahi aśva aṃsa baddha bhagna brahma bṛhat candra caraṇa citra dahara dvi dvika dīrgha gaura ghṛta giri gṛha gṛhīta harmya hasta hema kara kaṭhina kāla kāṇḍa kūrma loha madhu mahā mahī mala maru mauli megha meru muñja muṇḍa nīla pratyakṣa prāsāda pāṇḍu pāṇḍura raivata revatī rukma sahasra sainya sarva saurya senā soma stoma stūpa suvarṇa svara svaḥ tanū tat tri upāṅkya vairāja vairūpa vyūha vāji vīta yat śakvarī śilī śiti śukra śuna śākvara
vara	73	UTTARAPADA	ati bhiṣag brāhmaṇa buddhi bīja datta deva dharṣa dhārā dvija gaja gaurī gañja gaṇa ghana ghṛta go gor hari jyeṣṭha kad kari kesara kāma labdha loha mantri maṇi medhā muni māṇi nara naṭa nir nṛ patatri poṣṭṛ prasū pravīra prā prāpta pura puruṣa raghu rasa ratha rati ratna sampad saro sattva satya saṃyad sneha sura svayaṃ sūrya tala taru vadhū varṣa vraja vākya vāri vīra yaśo śaila śakti śikhā śiti śrī śūla śṛṅgi
hṛdaya	71	UTTARAPADA	akṣa antar atharva ayo aśva bhinna bhīru brahma cakita cañcala devī dur duṣṭa ghora gṛhīta hariṇa hata hṛṣṭa kaṭhina kaṭhora kloman kubera kālī kṛtsna laghu lakṣmī lalitā mātṛkā mṛdu nārāyaṇa prasakta pāpa pāṣāṇa rasa rudra rāma sa sammūḍha saubhāgya saṃtapta stena sūrya tala tantra trika udvigna uttāna vajra vaktavya vi vidīrṇa vihvala viklinna vipula virakta viṣa viṣṇu vraṇita vyākulita vyākṣipta vālmīki yajña yoga yoginī āditya śabala śarabha śrānta śuddha śānta śūnya
bandhu	70	UTTARAPADA	amṛta anya arka bala brahma deva dina dvi dvija dāya dūra dṛṣṭi gandha go gāna jala jaṅghā jyeṣṭha kairava kamalinī koka ku kumuda kṛta kṛṣṇa kṣatra loka manmatha mātṛ mṛtyu nir nāga nṛ padma pika pitṛ prati pratyakṣa pūrva pūta pṛṣṭa rati rājanya sa samāna soma su sva sāmudra tad trailokya tri vaidehī vaidya vasanta vasu vaṇig vi vipra viśva vāja vṛka yajña āditya ārta ātma śruta śuci śūnya ṛṣi
gaṇa	70	UTTARAPADA	abhaya ahar amara antar aparājita bha bhā bhūta capala catur deva dhātu dina divā dravya dyu go graha guṇa guṇi hara hari jyotir ketu kha kurarī mahā marud maṇi mātṛ mṛdu paśu pitṛ pṛthag rakṣo rudra rāja sa sakhī sapta sarva sendra su sumad sura sāma sārva taruṇī tri tārā varṣa veśyā vida vidyā vrātya vyāghra vāditra vārṣa vṛṣa ākṛti ārya āyuṣya śakti śaṃkara śiva śva ṛg ṛtu ṛṣi ṣaḍ
parṇa	70	UTTARAPADA	acchinna arka ayugma aśva aṅgāra aṣṭā bahu bahula chattra cira cīra cīrṇa dadhi deva dvi dīrgha gandha ghṛta granthi hari harit hasta hiraṇya hrasva jīrṇa kara kāla kīśa kṣudra latā laṭa madhyama maṇḍūka naṭa nīla padma puṣkara pūti raikva rakta sa sadā sahasra sapta sauvarṇa soma su sura taila tila tri tāla tāmra uttāna vi viśīrṇa vīra vṛkṣa yugma ādhī śakti śamī śata śrī śukti śuṣka śveta śīrṇa ṛta ṛtu
smṛti	70	UTTARAPADA	aruṇa atri babhru baijavāpa baudhāyana bhagavat bhoja bhṛgu budha bādhūla bṛhaspati cyavana dakṣa devala dharma dhaumya dhavala hārīta kastūri kaśyapa kokila kāśyapa laugākṣi likhita lohita mahā manu marīci mudgala muṣita mārkaṇḍeya naṣṭa nārada nārāyaṇa paiṅgya paiṭhīnasi paulastya pañca samyak sarva saṃvarta svalpa sāṃvarta vaiśampāyana vasiṣṭha vatsa veda vitaṇḍaka vivasvat viśvāmitra viṃśati viṣṇu vyāghra vyāsa vāsiṣṭha yama yathā yāvat śabda śaunaka śaṅkha śivā śiṣṭa śruti śuddhi śākala śākaṭāyana śāṇḍilya śāṭyāyana śūdra
vacana	70	UTTARAPADA	abhaya aneka antar bahu bhavad bhinna bhāva brāhmaṇa buddha cāṭu droha dur dvai dvi dvir eka guṇa hetu hita jāti kalyāṇa kapaṭa karma loka mad madhura mantra maryādā mañju mithyā māyā mūla mṛṣā nir nārada paruṣa paryāya piśuna pratīpa praśasta praṇaya priya prā prāg prīti punar pādma rāma rūḍha sa samāna satya saṃdhā solluṇṭha stuti su svasti svāgata svāpta sākalya sāmānya tathya veda vidagdha viśeṣa āhatya ākāśa āpta āśīr śruti
vāha	70	KRT_STEM_MEMBER	agni aja ambu ayoga aśva babhru bhāra bhāṇḍi dharma dhurya gandha hasti havya haṃsa hiraṇya idhma indra jala jale jīmūta kṣema marud mitra nau nī palli parī pattra pattri payo pota pratī puruṣa pārṣṇi pṛṣṭha rajata rakṣo ratha ripra rāja satya senā siṃha skandha soma su sādhu sārtha sīra taṇḍi toya uda vasu veda vipatha vār vāyu vṛṣa yajña yoga yugya yūpa ārohaṇa śava śobhana śuka śveta śāla śāli ūrja
śakti	70	UTTARAPADA	agni alpa amara ananta ati bahu bhagna bhoktṛ buddhi bāhu caṇḍa citi deva dhī duḥ dīpta dṛk gati indra indriya jña jñāna jīrṇa kanaka kriyā kāla kṛta kṛṣṇa kṣīṇa mahā mantra na nava para parā pracaṇḍa prāṇa puru pūrṇa ratha rati sahasra samagra sarva su sva tri ugra upendra utsāha vallabha vastu vasu vikrama vikṣepa vindhya virūpa viṣṇu yathā yuddha ādi āditya ātma āvaraṇa īśa śabda śata śikṣā śithila śiva
jā	69	KRT_STEM_MEMBER	abhra adhva adri agni agra amṛta anna apsu bhakta bhīma bimba cara cavya dakṣa danti deva divi divo dvi giri go grāma grīṣma hiraṇya hiṅgulā indra kaccha kalinda kosala kṣaudra manuṣya megha menā nabho nakṣatra nava naya nepāla parama phaṇi prathama puloma purā pūrva saha saho sana sano satya sita soma sura sva tapo valgu vane vedi vidarbha videha visraṃsa viśvakarma vāta yato yayāti śarkara śimbi śālaṅkāyana śāri ṛta
yukta	69	UTTARAPADA	adhyavasāya amedhya artha asthāna ayukti aśva bala bhāvanā buddhi caitanya catur dayā deva dhairya dharma dhāraṇā dūṣya go guṇa harṣa haṃsa hetu hima java kaṇṭaka kriyā kāla kṣaipra kṣamā kṣaya manana mudā narma nitya nīti phala pramāṇa prasrava prātar rāsabha samartha satata su sva svādu tala tapo tarka trapā tri tvarā upapatti utthāna vidhāna vipad vipatti viśiṣṭa vraṇa vyādhi vṛtta yajur yantra yathā yoga yukti śraddhā śruta śrī śānti
candrikā	68	UTTARAPADA	bhakti bhaṭṭi bhāva bhāṣya brahma bāla cic dattaka dhātu dāna jagac krama kāvya laghu lagna malūka mantra nayana nyāya nāma nāṭaka pada phala prabodha prayoga praśna prākṛta pārvaṇa rasa rasika sac sahama sampradāya samāsa saṃkalpa saṃnipāta siddhānta smṛti sphoṭa sphuṭa stuti sāhitya sāmānya sāra sāṃkhya tarka udāharaṇa vairāgya vana vara vedānta vikrama vivāda viśiṣṭādvaita viṣaya vākya vāstu vṛtta ācāra āgama āhnika śabda śarac śrauta śruti śrāddha śuddhi śānti
pāṇi	68	UTTARAPADA	abhigṛhīta abja agra asi avahita aśastra bhūri bāṇa cakra catuṣ dambholi daṇḍa deva dhanuṣ dravat gabhasti gadā gṛhīta hiraṇya itara karoṭa khaḍga khaṇḍa kiraṇa ku kuliśa kṛpāṇa kṣāra kṣīra madhu maṅgala musala mṛdu padma parśu pavitra phalaka pināka pātra pāśa pṛthu ratna rikta samit su sudhā sāraṅga sāsi sīra tṛṇa ubhayā ubhā ucchrita vajra vastu vetra viśva viśvatas vīṇā vṛṣa śakti śastra śaṅkha śukra śārṅga śīghra śīta śūla
sambhava	68	UTTARAPADA	abja agni amṛta artha asthi ayoni bhojya bhūmi brahma bāhu candra dadhi danu dhātu dvīpa dyu garbha giri go jala kha kula kumbha kumāra kusuma kāca kāśmīra kṛttikā kṣetra kṣīra madhu mahā maru megha mukha mānuṣa nāga padma parva paśu phala punaḥ ratna saha sarva saṃdhi saṃkalpa su sva tejaḥ ubhaya vimala vināśa viśalya viśva vāli vāri vāyu yathā yoni ānanda ātma śabda śaila śaṃkara śoṇa śoṣa śuṣka
kūṭa	67	UTTARAPADA	abhra akṣi ardha avakara aṃsa bhasma bhinna bhā brahma candra citra deva dharma dhānya dṛṣṭa ghāsa giri grāma gṛdhra haima haṃsa hema hima indra kala keśa kāla kāma kāṣṭha kṛśa lohita madhu mala malla maṇi meru niṣ padma prajñā prīti pūrṇa rajata ratna rāṣṭra saṃkāra svarṇa tri tuṅga tāmra tṛṇa vajra valmī vi vindhya vyāsa vāk vāri āmra āra śaila śaṅkha śubha śuka śāli śārikā śṛṅga ṛṣabha
prabha	67	UTTARAPADA	amara amita amṛta asaṃgata atulya avabhāsa aśani bandhu brahma buddhi candra caṇḍa deva guṇa hari harita hata hema indu jina jyotiṣ jñāna jāmbūnada kanaka kusuma kāñcana kṣaṇa madana mahā malaya malina meru niṣ padma parama ratna ruci sa sama samanta saurya sita soma sphaṭika su svayam sūrya tama tamaḥ tejaḥ vaiḍūrya vajra vara vidyut vimala vinīta viraja viśada vīra yaśaḥ āditya ātma śaśi śiti śākya śānti śīta
kārya	66	UTTARAPADA	agni ahaṃ akṛta alaṃ alpa ananya asat avasita avaśya bahiṣ carma deva dharma dina dūra eka guru gṛha hasta hāsya hīra iti jñāti ku kṛta mantra maṅgala mitra mūta namas niṣ nṛpa para paura phut pitṛ pradhāna pratī preta prātaḥ puras putra pūrva pṛthak rāja rātha samūha sat saṃdhyā siddha strī sura sva svāmi svī tantu udaka vahni viśrabdha viśva viśvāsa vājī vār yathā ātma īṣat
kṛtya	66	UTTARAPADA	akṛta alaṃ anyonya artha asat bahu bandhu bhakta bhūti cintā citra dauṣ deva dharma dina dāru guṇa gṛha iti karma ku kṛta kṣura kṣāra madhye mama mithaḥ mitra māraṇa nimittī nitya nyak nīcaiḥ pada para pañca pitṛ pravāsa prayāga preta prātaḥ puras putra puñjī rāja sahāya sat saṃvatsara su sādhu thūt tiryak tvaṃ uras urasi varṣa vaṃśa vaṣaṭ vipanna vyakta vāja vāsara śrāvaka śīghra śūdra śṛtaṃ
rahasya	66	UTTARAPADA	agni bhairavī bhāgavata bhāṭṭa bādha caṇḍī deva devī dharma dhātu dhāṭī dāya gāyatrī kaula kautuka kauṣītaki kavi kokilā kālikā kālī lalitā mantriṇī mātaṃgī nyāya parama parā pradyumna pratiṣṭhā praśna prākṛta pātañjala ramala rasa rati rāghava rāma rāmāyaṇa sa samaya sambandha siddhānta smṛti sādhāraṇa sūrya tarka vaikṛta varivasyā veda vedānta vidhāna viṣṇu vyatireki vyutpatti vāsudeva yantra yoga āgama āmnāya ātharvaṇa śabda śambhu śiva śrāddha śuka śyāmalā śyāmā
vallabha	66	UTTARAPADA	abhramu agni apara arka bhavānī bhogi bhāgīrathī bhū bhṛṅga chadma deva dharma dhātu durgā gagana gāyatrī hari hṛdaya jana jina jānakī kalabha karabha kavi kirāta kubera kāma kāmi lakṣmī mada mahī modaka mukha mṛga nṛpa oṣadhi padminī para paulomī pika puṇya rogi rohiṇī rādhā rāja rāma sarva smara sura suta svāhā sītā urvaśī vahni vaidya vidvad vidyā viṣṇu vraja vāruṇī vṛti śakti śambhu śiva śrī śuka
śṛṅga	66	UTTARAPADA	adri anya avāk ayaḥ bahu bhagna bhāra bhūri bāla catuḥ dvi dīrgha eka giri go hema hiraṇya jaya jāta jīva karkaṭa kaṭu ketu kāñcana kṛṣṇa mahā manuṣya maṇi meru meṣa mukha mṛga nara niḥ nṛ prā prāsāda pṛthu pṛśni pṛṣṭha rāja sahasra skandha su svarṇa tigma tri tīkṣṇa udgata uru vaiḍūrya vakra valmīka varāha vi vikaṭa vīrya śaila śata śaśa śaśāṅka śikhi śveta śāla ṛśya ṛṣi
roga	65	UTTARAPADA	ariṣṭa arśo ati bhasma bhedya budhna bāla cakṣū cira dadru danta dṛṣṭi gata grahaṇi grahaṇī guda guhya hṛd hṛdaya jaṭhara karṇa koṣṭha kuṣṭha kṛmi kṣaya kṣud kṣudra mahā medo meḍhra mukha māruta na netra nāsā nī nīlī oṣṭha pāpa pāṇḍu sa sarva soma stana stanya sthāṇu strī sūti sūtikā tvag tṛṣā udara vadana vaktra vandhyā vardhma vartma vi viṣa vāta yoni āḍhya śiro śotha śūka
tāla	65	UTTARAPADA	ambu asi bhagna brahma bṛhat candra catus caṇḍa citra deśī dhṛta dvitīya eka ghana guru hasta hema jala jhampā kara karṇa khaṇḍa krośa krīḍā kumbha kāla kāma kāṃsya kṛṣṇa laghu lakṣmī lalita līlā malla manas mārga mṛdu nīla nṛpa prati pāṇi rati raṅga rāja rūpaka saṃdhāna saṃgīta siṃha sthūla su suvarṇa tala ucca utkarṇa vakra vaktra varṇa vi yati ādi śamyā śiva śrī ūrdhva ṣaṭ
jñāna	64	UTTARAPADA	adhyātma antar avadhi bhaviṣya bhuvana brahma buddha candra cikitsā cākṣuṣa dharma divya dur dṛḍha hata haya hṛta indriya jala kevala ku kāla lipi marma mithyā mogha mokṣa mṛṣā nimitta nir nāḍī pañca pratyakṣa praśna puruṣa pāśupata pūrva rasa ratha roga samyag sarva saṃgama siddhi su supta svapna sāmānya sāṃkhya tarka vigata viveka viṣaya vyāpti vāstu vāsudeva yoga ānanda ātma āyur śakuna śalya śiva śāstra
tattva	64	UTTARAPADA	akṣa artha bhikṣu brahma buddhi dharma divya durgā dāya dīkṣā haya jyotis jyotiṣa jñāna kālī kṛtya kṣetra loka mahat mahā malimluca mantra muhūrta mukti mṛti nava nis nyāya para parama pañca pramāṇa pratiṣṭhā prayoga rūpa sa sambandha sat saṃskāra siddhānta smṛti sphoṭa tithi udvāha vastu veda vedānta vibhakti vivāha viṣṇu vraja vrata vyavahāra vākya vāmana vāstu yathā yoga āhnika ātma śiva śrāddha śuddhi śāstra
vāc	64	UTTARAPADA	abhaya abhijāta adrogha amogha anṛta asad baddha bhadra brahma chala cāru drogha dudhra dur duṣṭa gadgada ghana grāhya ku kuśala kāku madhu madhura mañju mita mithyā mleccha mṛdhra mṛdu mṛṣā nir paruṣa priya puruṣa raṇya rūkṣa sahasra samyag sanna satya saṃdeśa saṃyata saṃśita smita sthira su svasti sūkta sūnṛta vadhri vinaya visṛṣṭa vitatha viśva vyakta vṛthā yata āpta ārya ślakṣṇa śreṣṭha śuci śuka ūrdhva
cintāmaṇi	63	UTTARAPADA	abhidhāna adhyātma anumāna audārya bhāva bhāṭṭa bādha bṛhac cāturya dīna janma kautuka kṛtya laghu leha mantra muhūrta mukta mukti muṣṭikā nyāya nāma parā prabodha prastāra prastāva pratiṣṭhā pratyak prayoga praśna puṣpa pīṭha ramala rasa rūpa saubhāgya saṃdarbha saṃgīta siddhānta smṛti stava svapna sāhitya sāmudrika sāra tīrtha upanayana vaidya vedānta vicāra vivāda vyavahāra vīra yantra yoga yuddha śabda śeṣa śrāddha śuddhi śābara śābdika śānti
dvāra	63	UTTARAPADA	akṣa antar apāna avārita bahir bhavana brahma cakra catur dakṣiṇā dharma dṛḍha eka gala gandha gaṅgā giri gṛha hari haṃsa hṛd ku loka mahā maṅgala megha mokṣa mūla mṛtyu nagara nava pakṣa paścima prajā prāg pura pūr pūrva pṛthag raṅga rāja sahasra saubha siṃha suṣṭhu svarga tri ubhayato udag vaktra vardhamāna vijaya vivṛta vāg vāyu vṛti yoni āya śakuna śakṛd śata śālā ūrdhva
hīna	63	UTTARAPADA	artha astra aṅga bala bandhu bhakti bhartṛ buddhi daiva danta dhana dharma dvaya dvi dāna gati guṇa hāsya jala jāti karma karṇa kośa kula kāṇḍa kṛpā lajjā mantra mati megha mṛjā niṣpanda phala prajñā prāṇa putra puṣpa rakta saṃskāra smṛti sāmarthya sārtha trapā utthāna varṇa vaṃśa veda velā vidhi vidyā vitta viṣa vāyu vīrya vṛtta yaśo ācāra āji āśā śabda śakti śaṅkā śrotra
bhaṭṭa	62	UTTARAPADA	ananta bhagavad bhaṭṭoji bhoga bhāva bhīma bhū bhūri bhūṣaṇa brahma buddha bāṇa bṛhad deva dāḍima go gopa hari hīra kalyāṇa kavi kedāra keśava kullūka kumāra kumārila kṛṣṇa kṣura kṣīra liṅga mahima mahī malla mauna mañju megha mukunda mīmāṃsā nāga nānā prājya rudra sarva skanda soma su sūri sūrya tāna varuṇa vasu vetāla vidyā vināyaka vāg yogi ārya śaṃkara śiva śiṅga śrī śyāma
danta	62	UTTARAPADA	acyuta adhika ahi aroka bhadra cala catur cūḍā danti dhauta dvi dīrgha eka gaja galita go gopa hasti hiraṇya jāta kari kauṇapa kaṣāya kusuma kāka kūṭa kṛṣṇa madhya mahā markaṭa mūṣikā nara nir nāga paṅka piṅga puṣpa pāṇḍara rāja sama sampanna su tri ubhayato ugra uttara vajra vakra varāha vatsa vi vāji vṛṣa īṣā śubha śubhra śuddha śukra śvā śyāva śīrṇa śūra
dā	62	TADDHITA_SUFFIX_EXT	anaśva apāna aśva bala bhaga bhava bhoga bhāga bhūri bāhu cakṣur dhana draviṇo dāha etad go havir hiraṇya hrasva ikṣu jani kumāri mati mokṣa nitya ojo paśu prajā prapharvī prāṇa puccha pṛthivi rayi rāṣṭra sahasra saho sarva soma su suta svar svasti sāra sṛṣṭi varco vastra vasu viśāla vyāna vāg vāja vāso yaśo yuvati ātma āyur āśīr śala śalya śata śimi śrotra
guru	62	UTTARAPADA	adhvara amara ananya anūna asura ati bahu bhavānī buddha bṛhad daitya deva dānava dīkṣā dṛṣṭi eka gaurī guhya guṇa gṛhya indra jagad kula kālikā loka madhva madhye mahā meru mātrā namo parigha puro rata rikta rāja sad salila sarva saṃsāra siddha skanda smara sneha strī su sura sāra tārā umā varṇa vatsa vibudha vidyā viśva vyāja ādi āśrama śaila śikṣā śiva śānti
homa	62	UTTARAPADA	abhicāra agni anna asarva ayuta bali barhir caru darvi darvī dhiṣṇya dākṣiṇa gaṇa ghṛta hasta huta japa koṭi kṣipra lakṣa naktaṃ nitya oṣadhi pakṣa pavamāna paṇya prāg prātar pūrva pūrṇa pṛṣṭha saktu samiddha sarva saṃnati saṃsthita saṃsṛṣṭa saṃtati soṣyantī sruva svayaṃ sāyaṃ tila tūṣṇīṃ vaiśvadeva vana vapā vasu vasā vivāha vāstu vāta ājya āmana āyuṣya śabalī śarīra śrauta śākala śānti śāṭyāyana ṛtu
sū@kta	62	UTTARAPADA	aśva bahu bhartṛ bhauma bhū brahma brahmaṇaspati budha camaka candra dharma dhruva dīkṣā gharma go hari kāla kālī kāma kṣudra laba lakṣmī madhu mahā manyu matsya medhā mitra mṛgāra mṛtyu parjanya paryāya pavamāna pañca pitṛ puruṣa rudra rāhu rāma rātri rātrī samaya sampāta sarasvatī sarva saura soma sāma sūrya sūryā viṣṇu vāmana vāstoṣpati yama yuddha śakuna śani śiva śrī śukra śākuna śānti
varṣa	62	UTTARAPADA	abhra amogha arka aśma aṅgāra aṣṭa bharata bhārata daśa deva dhārā dvi gata graha hari havir hiraṇya hāra iṣu kalpa kanaka karpūra kaṅkaṇa koṭi koṭī ku kāma lohita maṇḍala megha meru nepāla nābhi pañca pañcāśad prabhūta prati puṣpa pānīya pāṃsu pīyūṣa pṛthag ratna rudhira sadyo sapta saṃgrāma su sudhā suvarṇa tiro tri triṃśad tuṣāra tārā tāvad vāta ārkṣa śaka śara śata ṣoḍaśa
vilāsa	62	UTTARAPADA	anūpa asu bhakta bhakti bhavānī bhrānti bhrū bhāva bodha buddhi caṇḍī cid dhanvantari durgā hara hari jaya kalā karpūra kaumudī kāvya kāśi kāśī kṛta lakṣmī momahaṇa mukunda nyāya nārāyaṇa nārāyaṇī nīti nṛtya pañcama rasa rādhā rāghava rāsa sa sarasvatī sarvato siddhānta sārasvata tārā vaidya vanitā varṇa vasanta vastra vedānta veṇī vidyā vijaya vijñāna viveka viśrānta vraja vāg vāṇī yati śaṃkara śānti śīla
kaṇṭha	61	UTTARAPADA	adhara alpa bhṛjja bāṣpa citra daśa dāma dāśa dīrgha eka gaḍu guru hari hema hiraṇya jhalla jhillī kala kalaśī kalmāṣa kambu khara kuhū kāla kṣīra madhu maṇi mukta mālā mārjāra mṛṇāla niṣ niṣka nārāyaṇa nīla parama pramada pāśa rajju rakta ratna rāma sanna sita siti su sudhā sūtra tīvra valgita vimukta viṣa vākya śalya śikhi śiti śruti śrī śuṣka śyāma ūrdhva
kṣetra	61	UTTARAPADA	agni anya apama ardha arka bhṛgu brahma buddha bṛhat deva dharma dhruva dhānya gaṅgā hara hari ikṣu janma jaya karma khila krānti kumārikā kuru kāñcī mahat maya mukti nandi padma para prati puruṣa puruṣottama puṇya pārvatī pṛthak raṅga raṇa rāma sama sasya sat siddha siddhi strī su sūkara tāpa udbhava valkala vijaya vinaśana virāṭ viṣṇu yava śiva śrī śukla śuṣka śāli
nagara	61	UTTARAPADA	antar avantī aśma bala bhadrā bhallāṭa bhoja bhuja bhīma dala dākṣi gagana gandharva giri gopa gādhi jaina jambhīra jambīra jāṃhāgira kaṭa kusuma kuśa kuśi kāñcī kāśi kṛṣṇa loha madhya madra mahā mādra mūla mṛjā nara nava palāśa puṇḍra rāma saurāṣṭra saṃgrāma suhma sva sūrya tālita vajra vaṭa videha vidyā vijaya virāṭa viśva viśāla vīra vṛddha śaiva śaurya śrī śākhā śālva śāmbhara
pūrva	61	UTTARAPADA	abhisaṃdhi abhukta abhūta abuddhi adṛṣṭa aham ahaṃ alaṃ alaṅghita amati ayathā bala bhavat bhūta buddhi carita dakṣiṇa deva dhṛta dṛṣṭa evam gaja gaṇa hrasva jñāna jāta kūṭa kṛta maitrī mallika mat mati māsa mṛdu nāma prekṣā pūrva racita roha sa sakhi sarva smita spṛṣṭa strī supta sāma sāntva tat udaka ukta upeta utpāda uttara vana vyāja yathā āḍhya śakti śruta ūḍha
rāj	61	UTTARAPADA	adri amara araṇya asura aṅga bhūta cedi deva dharma eka giri gṛdhra jana jyeṣṭha kratu kuru manu manuṣya mukhya mṛga mṛtyu nabh nakra nāga pakṣi parvata patatri pitṛ plakṣa ratna roga rāja sarva sattra saubha siddhi siṃha sura sva svā sūta toya tṛṇa uḍu vaidya vane vi vidarbha vighna viśva viśvā vādi vṛkṣa yajña yakṣa yama yogi śaila śaṅkha śāka ṛkṣa
gāmin	60	KRT_STEM_MEMBER	adhva agamyā agra alaṃ ananya anta anya apatha asta atyanta bahir brāhmaṇī dīrgha dūra grāma hasta kartṛ khela kuṭila kāma manda manthara mātṛ mṛdu nagara nīca para parva pitṛ pratīpa prāg puro pāra pṛṣṭha rāja saha samudra sarva sarvato sarvatra sthala svarga sāgara sārva tiryag unmārga utkūla vakra vaśa veśyā vidhavā vipatha vyoma vāta yoga āśu śyena śīghra ūrdhva ṛtu
kāraka	60	UTTARAPADA	alaṃ artha astra avarṇa bhadra bhairava brāhmaṇa cakra carma chala chikkā durga dyūta gandha guṇa gṛha hema hita jāla kali kalyāṇa kambala karma kaṇṭa kaṣṭa kośa koṭṭa kuhaka kumbha kūṭa kṛtsna kṣema loha maṅgala pañjikā phupphu pratyaya priya pāpa ratha raṅga rukma saktu samāna sarva siddhi siṃha svarṇa tṛpti udvega vaira vaśa virodha viśva viśvāsa vyāpāra śaka śaṅkha śilpa ṣaṭ
kāṇḍa	60	UTTARAPADA	acchidra adhvara adhvaryu amla araṇya arjuna aupānuvākya ayas bhū brahma bāla daivata dhanuḥ dhanuṣ dharma dvi dīrgha dūrvā dṛḍha graha ikṣu jñāna karma khila kriyā lakṣaṇa laṅkā madhu madhyama mahat mathurā mokṣa parama pitṛ pravara pūjā rāma sahasra sambhava sat saubhāgya sava saṃkarṣa su sundara tamas tri tṛṇa ugra upari uttara varatrā vyavahāra yuddha ādi āraṇya āraṇyaka śara śata śrāddha
locana	60	UTTARAPADA	agni ahi aneka aruṇa ayugma aśru bhāla candra cāru dhūmra dvādaśa dīna dīpta dīrgha hari kamala karma karāla kekara krūra kāla lalita loka lola markaṭa meṣa mṛga naya nāṭya padma phulla piśita piṅga puṇḍarīka pārvatī pṛthu pṛthula rakta ravi rājīva sahasra saṃrakta stabdha sthira su sāśru tri udvigna vi vidyul vihvala vikṛta vilola vipluta viśva vyākula vāma vṛṣa śata śuddhi
pāka	60	UTTARAPADA	agra akṣi daśā ghrāṇa ghṛta guda guru havya ikṣu kapota karma karṇa kaṭu khaṇḍa kim ku kumbhī kṛṣṇa kṣīra laghu mukha māsa māṃs māṃsa mūla netra nāsikā nāsā para parī pattra phala piṣṭa piṭhara punaḥ puraḥ puṭa pātra pīlu sadyaḥ sitā sthālī svādu sāra tvak tālu ulūka vṛkṣa āditya āhāra āma śam śarīra śata śiraḥ śukta śuṣka śva śūlya śṛta
taru	60	UTTARAPADA	abhra aśoka bhilla bodhi bāla caitya catvara chāyā dala deva dhanva dyu dīrgha dṛḍha hema indra kalpa kalpaka kaumudī kāma kṣaya kṣema kṣīra latā lākṣā madhu mahā megha muni nandi nimba nīla pattra piṇḍī prati pāṇḍu rogi rohiṇī rāgi rāja saṃsāra skandha sruva sura svarga sāra tāpasa ucca upaghna valka viṣa vīra yakṣa śakra śamī śaṅku śikhā śuka śāka śūka
vāsas	60	UTTARAPADA	abahir agni ahata antar bahir barhiṇa bhikṣā bhūṣaṇa cīra danta daśana dig dur eka gārdhra hairaṇya hṛta kaṣāya kāṣāya kṛtti kṛṣṇa laghu lohita megha muñja mārga nīla paṭṭa pradhāna pāṇḍara pīta rakta rātri sa samudra siti snāna strī su tamo taḍid uttara vadhya vadhū valka vavri vi vāla yūpa ārdra āśā śayana śikhi śiti śrī śuci śuddha śukla śukra śveta
citta	59	UTTARAPADA	ananya anavasthita anya artha baddha bhrānta bhīta bṛhac cala deva dhvānta duś duḥkhita dīna eka gāndharva hata hṛṣṭa iha kalya kaṭhina kaṭhora kṣipta laghu mac mahā maitra manuṣya moha niś prahṛṣṭa pramatta prāya prāyaś prīta pūrva sa sama saṃsakta sthira su sukha udrikta udvigna unmatta vi vikṣipta viparīta vipra virakta viṣṇu vyutthita vyākula vyāpanna āsakta śiva śrānta śūnya ūrjita
dhā	59	TADDHITA_SUFFIX_EXT	abahir aneka antar aparimita arbuda ayuta aṣṭa bahir bahu cano catur citra daśa dhiyaṃ dhāma dur dvi dvādaśa etāvad go jana jani madhu mitra māsa nava navati nāma payo pañca pañcāśad paṇa priya prā puro puru ratna reto sahasra sama sarva su sva tati tiro tri tāvad varco varivo vasu vayo viśva yaśo yāvad śata ṛju ṣaḍ ṣaṣṭi ṣoḍaśa
nirṇaya	59	UTTARAPADA	aurdhvadehika brahma deśa dvaita dāya homa jvara jāti karma kaumudī kāla kārya kṣaura lakṣya liṅga mantra mati maṅgala mokṣa muhūrta māsa māṃsa nakṣatra nartana nyāya parva pramāṇa pratiṣṭhā pravara pīṭha roga samaya sambandha sapiṇḍa saṃdhyā saṃkrānti saṃnyāsa saṃskāra saṃsāra siddhānta spanda svara sāpiṇḍya tithi tātparya tīrtha utsarga vaidhavya vapaṇa vedānta vicāra vivāda vrata vyavahāra āśauca śabda śrāddha śuddhi śānti
parvata	59	UTTARAPADA	agni amara arbuda brahma candra dola dāru gaṇa go hari hema hiraṇya indra jambu jāmbūnada kanaka kaumāra krīḍā kula kāla kṛmi lavaṇa līlā mahā malaya mantha maryādā mayūra maṇi megha meru nanda paryanta pañca pūrva rajata ratna rohaṇa sa sahya saṃghāta su sura tri udaka udaya udyat uttara vaibhāra vandhya varāha varṣa vindhya viṣkambha ādi ākrīḍa śarva śrī śveta
pūjā	59	UTTARAPADA	agra antaḥ anuttara atithi aśvattha bhauma budha deva dhātu dravya durgā dīpa gaurī graha guru gṛha holikā jarjara kumārī kālī kāñjika lakṣmī mahā mānasa mātṛ mūrti nitya parā pratimā pārthiva pūjya rudra rāhu rāma rātri sabhā sarasvatī saṃdhi soma stambha sūrya tīrtha uttara vaiśvadeva viṣṇu vyāsa vāsantī vāsudeva yamunā ātma īśvara śakti śiva śukra śyāmā śāradā śītalā ṛṣabha ṣaṣṭhī
siddhi	59	UTTARAPADA	abhīṣṭa amogha anukta anyathā artha ati ayuta bodha bodhi brahma bāṇa chandaḥ deva dhruva dravya dvaita hari hasta jñāna jīva karma kratu kriyā kuṇḍa kārya labdha lakṣya mahā manaḥ mantra mokṣa muhūrta naya paṇya phala prabodha pramāṇa rasa rūpa sakala sarva saṃgrāma saṃkalpa svārājya sādhya sākāra sāma sāmrājya vetāla vighna vijaya vora yajña yoga ārambha śabda śambara śaṃkara śrī
vāsin	59	UTTARAPADA	ajina anta araṇya asaṃvatsara atyanta bhūmi bila bāhya daṇḍa deśa druma dūra gaṅgā giri grāma grāme guhā gṛha jala kharva kośa kāma kāmpīla kṣīṇa mūla nagara nirdara parvata prāsāda pura pātāla pāṇḍara pāṇḍura rakta rāṣṭra sa saha samudra sarva saṃvatsara sindhu su sva sāgara sāmanta tatra tīrtha ubhaya vana vane vaṭa videśa vindhya viṣaya āsuri āśrama śmaśāna śriyā ūrdhva
bhadra	58	UTTARAPADA	aham bahu bala bali bodhi buddha catur cāru deva dānta gopa guṇa hari hasti janaka jina kaṭu madhu mahā mandra mañju maṇi mudita mālava māṇi mūla pañca prajñā puṣpa pāri pūrṇa pṛśni rāhula rāma samanta sapta sarvato saṃgha siṃha sthūla su tuṅga vairocana vihāra vimala viśva vāsu vīra vīrya yaśo yāma śakti śiva śoṇa śrī śveta śāli śīla
kaumudī	58	UTTARAPADA	akāla bandha bhasma bhāgavata bhāva bhāṣā cikitsā dāna gaṇita harṣa jyotiṣ karma kriyā kuṇḍa kāla kātantra kṛtya laghu madhya mantra mīmāṃsā nyāya nāma pada pattra pratiṣṭhā praśna pāṭī rasa sabhā saṃgīta saṃkalpa saṃketa saṃkhyā saṃkrānti saṃskāra saṃvatsara sevā siddhānta smṛti sukha sāhitya sāra sāṃkhya tantra tarka vaiṣamya vedānta vijñāna vikṛti viveka vivāda vrata vṛtta āgama śabda śrāddha śuddhi
keśa	58	UTTARAPADA	anupūrva añjana aśva babhru barhiṣ bhū bhūta candra chinna cūrṇa dhūmra dīrgha ghṛta gulma hara hari hema hiraṇya jala kapi kṛṣṇa lamba luñcita mahā mukta muni muñja nāga pakva pralamba pūtanā ruk rukma sa sarva sita sthūla su suvarṇa tanu upta vi vidhūta vidyamāna vidyut vikīrṇa vimukta vyasta vyoma vyupta vāji vāyu vṛkṣa śiti śociṣ śukla śveta ūrdhva
vartman	58	UTTARAPADA	anupalakṣya ardha arśo asita bahala bhinna bisa candra deva dhūma dvāra dyūta dīrgha eka garbha ghana guda janma kalyāṇa klinna kliṣṭa ku kula kṛtya kṛṣṇa marud megha mārga nakṣatra naya nāga prati puru puṣpa pṛthag ratha rāja sahasra sambādha satya saṃsāra sikatā smṛti sthala su sukha sura tri vi vyoma vyutkrānta vāyu yaśo ākāśa śliṣṭa śrotra śyāva ūrdhva
dvīpa	57	UTTARAPADA	anta antara aṅga badara baka bhadra candra daitya gaṇa haṃsa indra jala jambu jambū kalpa kara karpūra kaśyapa krauñca kuśa kārā kāśyapa loma malaya matsya maṇi mugdha nabho nava nāga nārikela plakṣa priyaṅgu puṣkara ratna revatī sapta sarid saṃdarśana sindhu siṃha siṃhala suvarṇa svarṇa tāmra varāha viṣṇu vṛṣa yama yamunā yava śara śaṅkha śveta śāka śālmali ṛṣabha
nandana	57	UTTARAPADA	aditi ari arka bali bhava bhavānī bhogi bhū bhṛgu devakī dharma diti gādhi hari indu jñāta kausalyā kaśyapa kula kunti kuntī kuru kāśyapa kṛta kṛṣṇa kṣiti maru medinī mitra mādhava mādri mātṛ mṛta nalinī nanda pārvatī raghu ravi rohiṇi rāghava rāja sa sindhu siṃha su sūrya sūta vapu vijaya vāyu yadu śacī śakra śambhu śatru śrī śāṃtanu
śabda	57	UTTARAPADA	akṣa aneka apakāra ardha bahu bheka bhoḥ bhāva brahma caṭacaṭā curcura deva dravya gadgada ghana ghaṇṭā guṇa halahalā hambhā jaya jāti khara kāka labdha loka mahā maṅgala maṇi miśra mṛta nemi niḥ pada paryāya parṇa paṭaha prati puṃ pāda pṛthak rūpaka rūḍhi sa sambandhi saṃkhyā stuti su sādhu sāma sāmānya tala tāla veda vi vyoma vāṇa yoga
bhūṣaṇa	56	UTTARAPADA	bhūti bhūṣaṇa bāhu dvaita jala jāla jātaka kara karṇa kavi kaṅkaṇa kaṇṭha kula kṛṣṇa madana mahā mandurā mantra mukha nayana naṭa nyāya nāga para puṣpa rakṣā ramala rasika saṃskāra strī su sura svarṇa uraga uro vacana vaidya vaiyākaraṇa vasanta vastra vedānta vicitra vidhi vidyā vivāha vraja vādi vāṇi vāṇī yajña śabda śaśi śeṣa śiro śravaṇa śṛṅgāra
cchada	56	UTTARAPADA	agra alpa audumbara ayuga ayugma badarī bahu bahula barhi danta daśana dīrgha dṛk dṛḍha ghana harita kamana kara karkaśa kaṭu khara komala kopa krakaca kratu kāka kṣīra madhu maśa mukha muni mṛdu nayana netra nīla pṛthu rada radana rakta sapta sita sthira su surabhi tanu tapana uttara vadana vaktra viṣama yamala śata śiti śuka śveta śītala
devatā	56	UTTARAPADA	abhīṣṭa ahirbudhnya aja anna ardha bhartṛ bṛhad cāturmāsya dasra dig dravya gaṇa grāma gṛha iṣṭa jala kula kṣetra kṣiti mantra maṅgala naipālīya naraka pada para pati paśu prati prāyo pura pāntha rakṣo raṅga samudra saubhāgya savana sthala sthalī sura tanū tithi ucca vana varṇa vāg vāstu vṛkṣa yoni ālekhya āpaṇa ātma śakra śakuna śastra śrāddha śāsana
dhī	56	UTTARAPADA	adūṣita ahaṃ ajaḍa alpa amalina andha anya asta dhvasta dhūmra dhṛṣṭa dur duṣṭa dīna guru hata jaḍa ku kuṇṭha kṛpaṇa kṛta mahā manda mugdha mūḍha naṣṭa neya nānā prasakta prati pāpa racita rucira sa sad sahasra samāhita sanna sthira sthita sthūla su sādhu sāśru tanu udāra udīrita upahata vakra vimūḍha viruddha viśuddha viśvato śaṭha śuddha ṛta
liṅga	56	UTTARAPADA	alakṣya anya bhedya bhinna bhū brāhmaṇa bāṇa deva eka guṇi jvālā jyotir kedāra klība koṭi ku kāvya kāśmīra latā loha mahā mūrti nir nāma nānā nṛpa pitṛ puṃ pārthiva rāja rāma sa sanā sarva sthira sthita strī sva sīma sīmā tri upadhāna vi viśeṣa viśiṣṭa viśva vyatireki vācya vṛthā yajña yoni āviṣṭa āśraya śiva ūrdhva ṛtu
rāśi	56	UTTARAPADA	agni ambho ambu ananta artha asta avyakta bahu bhasma brahma dhanu dina draviṇa dyu eka grāmya guṇa iṣṭakā jala janma kanyā kumbha kṣetra laghu makara māṣa mūla nīra payo phala pramāṇa puṃ puṇya ratna ripu rudra salila sattva strī tapo tejo toya udaya valmīka varṇa veda vidyā viśvāmitra vyakta vār vāri vṛścika yaśo āraṇya śabda śaurya
cetas	55	UTTARAPADA	adhyātma ananya bhīru dabhra dhīra duṣṭa eka gambhīra gata gṛha gṛhīta hata hṛṣṭa kaluṣa kaśmala kṛta labdha laghu manda mukta muṣita mūḍha niś nānā parama pratyupalabdha prā pāpa sa sahasra sama sammūḍha saṃsakta saṃyata sthira su sva tarṣa udrikta udvigna udāra vi vihvala vimūḍha viniyata viparīta visrasta vivikta viṣaṇṇa vyākula vyāvṛtta yata ārya āsakta śānta
kaṇṭaka	55	UTTARAPADA	amara ambu astra bahu bhūrja bhṛjja citra cora deśa dvāra dīrgha dṛḍha eka giri go grāma hata jala kara kubja kula kuṣṭha kāla kṛmi loha loka madana madhura mṛdu niṣ nābhi padminī paṅkti puccha pāṇḍu sa saṃyodha sthūla svādu sṛgāla tri tālu tāmra tīkṣṇa vajra vakra varma vi vijaya vāri vāta yauvana yāga śata śva
krama	55	UTTARAPADA	anuṣṭhāna bahu bala bhagna bhinna catura catuṣ duṣ dvi guru gīta hīna kathā kavi kopa kāla kālikā kālī laghu lakṣya madhu mahā mātaṃgī nau nāradīya pada para paribhagna paryāya pañca paṅkti prāpta pūjā sama sampanna samprokṣaṇa sarga savana tri tulya uru utpatti uttara vacana vacaḥ vala varṇa vi virāṭ viṣṇu vṛddha yathā āli śrī śākta
para	55	UTTARAPADA	anuśāsana anya apara artha asparśa avara bhavānī cintā cit daiva daivata dhana dharma dhyāna diṣṭa droha dvā dāna eka etat giri iti jñāna kautūhala keli kriyā kṣamā kṣut mat māna parāt pratyakṣa pravāsa prema pāna rāma sa satya saura strī sukha svarga ta tat upacāra upakāra vedi vicāra vigraha vindhya āmnāya śama śiva śuśrūṣā ūṣma
sad	55	UTTARAPADA	adma anta antarikṣa apara aravinda atra bahiḥ bhuvana dakṣiṇa dakṣiṇā dakṣiṇāt deva dhruva divi duroṇa dyu gagana garta gharma ghṛta grāma gṛdhra manaḥ nabhaḥ nāka pastya paścāt puraḥ puṣkara pūrva pṛthivi sabhā sattra satya soma svarga svaḥ tat turaṇya VERB tīrtha upari upastha uttarāt vana vane vara vyoma ātma āśrama śarma śruta śrānta śālā ūrdhva ṛta
sama	55	UTTARAPADA	ahetu anitya anupalabdhi anutpatti apakarṣa ardha artha asama asu avarṇya aviśeṣa bhāryā bhāṣā bṛhaspati catuḥ darśanīyā dik duḥ dvi etat jīvita kha kārya mahā nitya prasaṅga prati prāpti prāṇa puṇya pāpa sahasra sapta saṃśaya su sura sādharmya sādhya sūrya tarat tat tri upalabdhi upapatti utkarṣa vaidharmya varṇya vayaḥ vikalpa viṣvak vāyu ājānu ātma śikhari ṛk
svara	55	UTTARAPADA	alpa aṃśa bahu bhinna bhāṣika brāhmaṇa caturtha dundubhi dvi dvitīya dīrgha gadgada ghora graha hata hīna kala kalaviṅka kapi kaṇṭhya krūra kuhaka kāka kṛta madhu madhura madhyama mahā mandra mañju maṅgala megha pañcama pracaya prathama pratyaya pūrva rūkṣa sa sama su tathā tāna tāra tṛtīya uccaiḥ vi vyākhyā vākya ārta śaṅkha śikṣā śukta ūpā ṛṣi
tala	55	UTTARAPADA	adhas bhuvana bhū bhūmi citra dharaṇi dharaṇī gagana harmya hasta hima ilā jagatī jihvā kara kaṭī kṣamā kṣauṇī kṣiti kṣmā mahā mahī nabhas nai nimna ninda nis prāsāda pāda pātāla pāṇi pāṇī pṛthivī pṛthvī rasā sa saudha saṃgha saṃha saṃhata saṅga siṃha su tanū taru upari urvī vi vyāghra vṛkṣa śampā śayanīya śaṅku śilā śrī
vidha	55	UTTARAPADA	aneka aparimita arka asmad aṣṭa bahu bhauliki bhauriki bhavad caiṭayata catur caupayata daśa dur dvi dvādaśa eka guṇa kati kiṃ kāṇeya mad nava nānā pañca puruṣa pṛthag sa saikayata sapta sava savana saṃvatsara soma su tad tathā tri tvad tādṛg tāvad ubhaya uktha vaikayata vi viṃśati vālikājya vāṇijaka yad yathā yuṣmad āmāvāsya śayana ṣaḍ ṣoḍaśa
yantra	55	UTTARAPADA	ambu aṅgāraka baka chāyā daśa dhanur dhvaja dhāraṇa dhārā dolā durgā duḥkha dvāra dāru ghaṭi ghaṭikā ghaṭī gola gṛha hiṃsra ikṣu jala kālī kūpa kūṭa mahā mantra meru mudrā mātṛkā māyā nara nāḍī phalaka pātāla rajju rāma sa samrāḍ strī svastika svedana sūrya sūtra taila toya turya tāla vālukā vāri vāta yaṣṭi śalākā śloka ḍamaru
bhāṣya	54	UTTARAPADA	bhaṭṭa brāhmaṇa bāhu caraka chando chāndogya citra dramiḍa draviḍa gāyatrī hanumad kapila lalitā mahā mantra mīmāṃsā namaka nirukta nyāya paiśāca phaṇi piśāca praśasta pātañjala rudra sad saṃdhyā saṃdhā saṃhitā saṃkṣipta siddhānta skānda stotra sāvitrī sūtra trayī uccair ujjvala upalekha veda vedānta viśiṣṭādvaita vāsanā vātsyāyana yoga śabara śaiva śrī śulba śābara śākta śānti śārīraka ṛg
dharman	54	UTTARAPADA	anucchitti bīja bṛhad cakra citra cyavana cāru deva dhana dṛṣṭa hema jaya kalyāṇa ketu ku kāla kṛta kṣatra kṣatriya kṣema kṣetra manuṣya maraṇa martya mitra mṛga nānā nṛ paśu phala phena prasava pratyakṣa puṣya ravi rāja sa saha samāna sarva satya su sva tad tri uñcha vasu vi vināśa viṣṇu yati yugma śaśa śruta
dhāra	54	KRT_STEM_MEMBER	ambu ardha ayuta bahu bhūri cakra chattra daṇḍa dvi eka gaṅgā graha jala karṇa khara kuṇḍa kāṇḍa kṣura mada manda mālā mṛta pota prathama prāṇa pṛthu sahasra samid sapta sarvato su sūtra tigma tiryag toya tri tulā tīkṣṇa tūṇa tūṇī ubhayato uru vajra varṣa vasu viśva viśīrṇa vāri yama yuga śata śikhā śiva ṣaḍ
grahaṇa	54	UTTARAPADA	anvartha aprāpya artha ayugapad bilma cakṣur candra daṇḍa deha dig dāra dūra garbha guṇa kaca kanyā kara kaṇṭha keśa kośa kāṣāya lagna lāṅgala madhya mano mukha māna mṛga nepathya nimitta nāma pakṣa prayoga punar pāda pārṣṇi pāṇi ravi rāhu saṃketa saṃnyāsa soma su svayaṃ sūrya vana vetra vibhūti vidyā vigraha vrata āśīr śarīra ṛktha
grāma	54	UTTARAPADA	anurādha ariṣṭa asamāna astra bhoga bhūta catur caṭu daśa dharaṇi dākṣi eka gaṇḍa gola guṇa gāndhāra helu hāḍi indriya karabha karaṇa kesara kolaka ku kṛṣi madhyama mahā maya maṇi muñja mātṛ nandi pitṛ pāñci ramya rāma samāna skandaka su sva svara svarṇa tila vaṇig vikaṭa viśāla viṣaya vāsava yaṣṭi śabda śambhala śrī śāla śūra
grīva	53	UTTARAPADA	arka asita aśva bāhula carma cipiṭa citra daśa dhvaja dundubhi dīrgha gaura haya kalmāṣa kambu karabha kaśyapa kṛṣṇa lohita mahā mayūra maṇi niṣka nīla paṅkti pratīcīna prācīna prāg puṭa pṛthu rakta rāja sarpir siṃha sthūla su svarṇa sāra tuvi uṣṭra vakra vakṣo valita vi vipula vyāghra vyāla vāji yava śata śikhi śiro ṛkṣa
jala	53	UTTARAPADA	agādha anna asi ati bhava dhārā dur dṛg gandha gaṅgā gharma go kha kūpa kṣapā lavaṇa mada mantra maṣi maṣī mṛga nayana netra nir niśā nṛ prasveda puṇya pāda rajanī rātri sa saj samupacita samīpa saro saṃsakta siddha sruta su sveda tejo tvag uṣo velā vi viṣa vāpī ānanda śrama śveta śānti śītala
jyotis	53	UTTARAPADA	agni antar aruṇa barhir bhūta brahma bṛhaj dakṣiṇā daśa dina eka hima hiraṇya kha kiṃ madhye mahā mano mantra megha mūrdha nir pada pratyag pura purastāj puro sa sahasra sarva satya su suvarṇa svar svayaṃ sūrya tamo tṛṇa ubhayato upariṣṭāj vaiśvānara vinaya viśva viṣvag vāg vāsudeva āditya ātma śakala śata śekhara śukra ūrdhva
mātṛ	53	UTTARAPADA	adri asra bhadra bhiṣaṅ bhuvana bhāga bhūta daitya deva devakī dhānya dvi gandha go hata jagan jantu kandarpa kausalyā kuntī kīṭa loka mahā maṇḍūka muktā mātṛ nāga prati prāṇi pṛśni rasa raṅga rāja san sapta sarva sindhu skanda su svarṇa sveda tri vaidya varṇa veda vi viśva vyāsa vīra yoga yogi śakra śāṇḍilī
pāśa	53	UTTARAPADA	amogha anna aṅka bandha bhiṣak bhūmi bhūri brahma bāhu cikura cūḍā dharma gaṇita jyā jāla jāta kaca karṇa kavaca kesara keśa kāla kūṭa latā loha mahā moha mṛtyu nāga paśu pāda rakṣas rati rukma sahasra satya saṃjāta snāyu su sūcī ubhayataḥ vaidika vaiyākaraṇa varuṇa vi yama yoktra yāmya āntra śikhā śikya śravaṇa śṛṅkhalā
skandha	53	UTTARAPADA	amita asita aṃhri aṅga aṅghri dharma dhīra dīrgha dṛḍha gaja ghana godhā guru haya jaya kadalī kapi kari khara kāla kṛṣṇa mahā maṇi muhūrta nara pañca prati puṇya pāpa pīta pṛthu rāja rūpa rūḍha saṃhitā sena siṃha srasta sthūla su sura tatra tri veṇī vipula vāta vāyu vīra vṛṣa vṛṣabha śiva śākhā śāla
sthita	53	KRT_STEM_MEMBER	antara ayathā bahiḥ bandi bhū chadma cira citta dhyāna duḥ dvāra dvāḥ dūra gagana hasta jaṭhara kāya madhya maru nabhaḥ nibhṛta pada paraspara paryanta patita prakṛti pravāsa prāñjali puraḥ pārśva pṛthak saha sahita sthāna stimita su supta sva svarga sāci tala tamaḥ taṭa tredhā udara upari vana vrata vākya vṛkṣa yathā yāmika śiraḥ
bandhana	52	UTTARAPADA	ajñāna asthi añjali aśva bali bhuja bhāva bāhu bāla carma chinna gaja granthi gīta hiraṇya hṛdaya karma kāya makuṭa matsya mauñjī maṇi mukha mukta muñja mārga nau paryaṅka paṭṭa prasava prema pāda pāśa pūta rasa samaya saṃdhi saṃsāra setu snāyu sukha sāmarthya sāvaśeṣa tri visrasta vāg vāla vāri vāstu śikhā ślatha śṛṅkhalā
brāhmaṇa	52	UTTARAPADA	adbhuta aitareya bhaya bhāllavi chāndoga chāndogya daśa deva dur dāsī go gārgī indra jyeṣṭha jāti kauṣītaki ku madhu mahā maitreyī mantra maṇḍala pūrva rahasya rāja sa samāna saṃvatsara stuti su sāma sāṃkhyāyana taittirīya tāṇḍya upaniṣad vaṃśa veda vāg vājasaneya vājasaneyi vājina yajamāna ārya ārṣeya āśvalāyana śrāddha śārīra śāṃkara śāṅkhāyana śāṭyāyana ṛg ṛṣi
dṛṣṭi	52	UTTARAPADA	alpa ananta ananya antar apāṅga artha baddha bheda datta dharma dhyāna divya doṣa dīrgha dūra eka gṛdhra hetu krūra ku kṛpā mithyā muṣṭa mṛṣā nabho naṣṭa pakti phulla pāpa pūrva pṛṣṭha rakta roṣa sama samyag stabdha su sākṣād sūkṣma vakra vinaṣṭa vinihita vivikta viṣama vāma yathā ābaddha śaṅkita śiva śubha śāstra ūrdhva
mūrti	52	UTTARAPADA	acyuta alpa ati avyakta aṣṭa bahu bhāsura brahma cara catur dakṣiṇā drava eka hrasva jala jñāna kha khala kāla kṣema liṅga mahanīya mahā mantra namra pañca pracaṇḍa prati pūta rucira sahasra sarva sattva saṃhata su sāmba tanu tapo tejo tri tuṣāra veda vikaṭa viśva viśīrṇa vyāsa vāṅ yajña āpo ātma śaśāṅka śrī
rāga	52	UTTARAPADA	arūpa avyakta aṅga baddha bhakti cakṣū citta drava dṛṣṭi guṇa haridrā jāta kapola khāṇḍava kusumbha kṛmi lohita mada mano mañjiṣṭhā maṇi megha mukha nī nīlī padma pañcama paṭṭa pika puṣpa pāṇḍu pīta pūrva rātri rūpa sa saṃdhi saṃdhyā saṃvīta soma svarṇa sāma sāṅga taru tāmbūla uṣo vi vigata vimṛṣṭa viṣama vīta śrī
tejas	52	UTTARAPADA	agni amita amṛta anna asthi bhūri bilva brahma bṛhat divya dīpta hara hiraṇya iddha indra kṣata mahā manas medas māṃsa nis prāṇa puruṣa rakta rasa ravi sa samāna samṛddha sarva sita soma su sva sāma sūrya tejas tigma tulya ugra uttama varuṇa vinaṣṭa vāta vāyu vṛka āditya āyus śakra śata śaśi śrī
yāna	52	UTTARAPADA	agra araṇya arṇava bahir barhi bhadra cakra citra deva dola druta go haṃsa hīna jala khara lagna madhyama mahā manuṣya mṛgayā nara nau nārī pati pitṛ puṃ pṛṣṭha ratha rāja sambhūya samudra sura svar svayaṃ tiryag tri upari uṣṭra vadhū vimāna vyoma vāta vṛṣabha yāna ākhu ākāśa śava śaśa śreṣṭha śrāvaka śīghra
mālin	51	UTTARAPADA	akṣa asthi aṃśu babhru bindu dhṛti gabhasti gandha gaṇḍa hema hiraṇya jambu jaṭā jvālā jālaka ketu khala khura kiraṇa kirīṭa kuśa kāma malaya marīci mayūkha megha nagara nala padma puṣkara ratna raśmi raṅku rukma samudra sarpa sarpir sasya su supta sārci taila taraṃga timi trailokya vana vetasa vidyun vijaya vīci śiro
dhātu	50	UTTARAPADA	aṣṭa babhru brahma catur dharma dvi eka gairika ghana giri hima kāma kṣaudra loka madhu mahā mano mākṣika mākṣīka mūla nāma nānā parvata pradhāna pratyaya pravara rakta rasa raṅga rūpa sa sapta sattva saumya siddha sita su svarṇa tikta tri tāmra viṣama vāyu śaila śarīra śilā śiva śleṣma śukla śveta
granthi	50	UTTARAPADA	bahu bandhana bisa brahma caraṇa deva dāma dīrgha dṛḍha go gātrikā hṛdaya kaṭu keśa kāla kṛmi manuṣya medo mālā māna māṃsa mūla mūtra mṛdu para paṇa prāg purastād puro pāda pṛṣṭha rakta ratha rūḍha sarva saṃdhi su suvarṇa tṛṇa udara vastra viśva viṣa viṣṇu vraṇa vāyu śata śyāma śūla ṣaḍ
kula	50	UTTARAPADA	ali amuṣya baida bhrū bida brāhmaṇa candra dauṣ deva duṣ garga go guru harṣa hiraṇya hīna khala kirāta mahat mahira mahā mañju maṇḍūka mihira māhā mātṛ niṣ nīca para pāda pṛthak rāja rāti sa sat sena su sura sva uccaiḥ vaikartana vaiśya veśa viśiṣṭa viśāla viṭ yat śatru śaśāṅka śrī
kīrti	50	UTTARAPADA	akṛśa alpiṣṭha aspaṣṭa bṛhat candra cira deva dharma divā duṣ dīpta gata ghṛta harṣa jaya jina jñāna kalyāṇa ku kāla labdha madana mahanīya mahā pavitra puṇya pṛthu ratna ravi sat satya soma su suta sādhu tīrtha udāra unmatta uru vara vaṃśa vimala yuddha śata śruta śruti śrī śuddha śākya śīla
sādhana	50	UTTARAPADA	artha aśva bahu bhāra bhūta catuḥ dakṣa dhana dharma dhātu gaya jīva karma kartana kiṃ lekha lekhana manma mantra mokṣa mūla mṛti naya nāyikā pañcamī paśu phala sa samāpti sarva satya siddha siddhi su sukha svarga sādhya taila tri vaira vetāla vidyā vāda yajña yakṣiṇī yoga yoginī śabda śava śmaśāna
sāgara	50	UTTARAPADA	bhakti bhava brahma buddhi dharma duḥkha dāna gaṅgā guṇa jina jyotiḥ jñāna kuśala kārya kṛpā kṣudhā kṣīra loka prajñā pravāḍa prema puṣkara pīyūṣa pūrva rasa ratna sa sapta sarit saṃgīta saṃskāra saṃsāra sindhu smṛti sudhā sukha sādhana sāra trailokya tāmra vidyā vinaya vipat vāri yoga śabda śaurya śoka śruti śrāddha
śarman	50	UTTARAPADA	agni bala bhadra bhava bhāva bhūta bindu bāla candra datta daṇḍa deva dharma dhṛṣṭa dāsa dṛṣṭa giri hari haṭha indra jaya jīva kalyāṇa kapila kṛta kṛṣṇa kṣema lāvaṇya mahā makaranda mayūra mitra nanda nāga pitṛ rudra rāma soma su sukha uru varma varuṇa virūpa viśva viṣṇu vīra śiva śruta śānti
darśin	49	UTTARAPADA	adoṣa adīrgha amogha anartha anavama anīca apariṇāma artha ati bahu bhaya bheda bhinna bhāla bhāva chidra deva dharma dhūma dig divya dvāra dīrgha dūra kārya kṣema mantra niśā pratyakṣa priya pāpa pṛthu sama samanta samyag sarva satya siddhi sādhu sāra sūkta sūkṣma veda vega vibhinna vidhi vṛttānta āya śāstra
dhana	49	UTTARAPADA	alaṃ alpa antar antya bahu bhaya bhū bhūri brāhmaṇa bāla dhānya dṛḍha eka go gupta hṛta jīva kanyā kṛśa kṣīṇa labdha mahā miśra māna mūla nai nir paitṛka para prīti sad samagra sarva satya saṃyama strī su sukha sādhāraṇa tad tapo upabhukta vadhū vi vidyā vrātya yaśo ārya śrī
jāti	49	UTTARAPADA	agra andhra anta antya apakṛṣṭa asva bhinna bhāga brāhmaṇa cakra drāviḍa dur dvi dṛśya eka hīna kṣatriya mahā manuṣya miśra mleccha mūla mṛga nyag nīca padma pratyutpanna pretya prāg puru puṣpa pūrva sa sama samāna sarpa saṃkara saṃkīrṇa strī su sva tiryag tṛṇa ugra vi viśleṣa yathā śamī śeṣa
kṣaya	49	UTTARAPADA	bhūmi bṛhat candra deha dhana dhātu dina divasa divi dṛk garbha indu jagat jvara jīvita kalpa karma khara kula kṣapā kṣīra lohita māṃsa mūtra niśā pakṣa prati pāpa ratha sarva soma su svara sūrya tithi tṛṣṇā upaśama uraḥ uru vaṃśa vibhava vidhu viśva vṛta yama yuga āsanna śaśi śleṣma
māna	49	UTTARAPADA	aham anūḍha asan asmi ati aṅgula aṣṭa bahu bhagna chando chāyā deva dhānya divya gaja giri hata kroṣṭu kroṣṭuka kāla kūṭa mithyā māsa mṛn nir nṛpa pratī praṇaya saha samāna san satya saṃrabdha soma sthūla sūkṣma tulā turīya tārakā tāvan uccair uda vedi vi ātma śata śāta śūra ūrdhva
prakaraṇa	49	UTTARAPADA	bhakti bhukti chandaḥ dhātu dāna dīkṣā gṛha horā karpūra mahā manana mantra naimittika nakṣatra nyāsa nyāya nāḍī pañca prayāga praśna samudāya samādhi samāsa saṃjñā saṃkrānti saṃsarga saṃskāra saṃvatsara sthita sthiti sthūla stotra svapna svara tithi upasaṃhāra utpatti vairāgya vaitathya vedānta vivāha vyatipāta vākya vāstu yātrā śraddhā śyāmā śānti śītalā
stuti	49	UTTARAPADA	aprastuta ati bhagavatī bhīṣma bhū brahma brāhmaṇa devī dhruva durgā dāna gaṅgā ghṛta guṇa hari hiraṇya jina krama kṛṣṇa lakṣmī madhva mayūra mucukunda mādhava nindā niḥ nātha prahlāda punaḥ pārtha pūrvya rāma sadha sahasra sītā sūrya varāha veda viṣṇu vyāja vyāsa vāyu ātma śakra śaṃkara śiva śivā śruti śrī
śeṣa	49	UTTARAPADA	agni ahaḥ alpa anna ardha asthi bali bhukta deva devatā eka hata haviḥ huta jīva kathā kratu kārya kīrti kṛtya lāvaṇya madhu mukha na niḥ nāma nārāyaṇa parī prākāra puṇya pāda pātra pīta rāma rātri sa sarva smṛti sopadhi strī vrata vākya yajña yaśaḥ ālekhya āyuḥ śabda śiraḥ śvāsa
bhojana	48	UTTARAPADA	amṛta ati bahu bali brāhmaṇa eka gaṇa graha huta iha jīva kavya kravya ku kṛmi kṛta laghu marta miṣṭa mleccha nakta parṇa pitṛ prakṛti priya prātar pāna rasa rāja rātri saha soma su sukha sāyam sāṃdhya sūtaka ucchiṣṭa viruddha viśva viṣama vāji vāyu vṛtra śaṣpa śeṣa śrāddha śva
cakṣus	48	UTTARAPADA	adabdha aghora bahala buddha cāra dharma dhyāna divya diśā eka ghṛṇā hīna jagac jana jvalita jñāna krodha loka lola mukta māṃsa nabhaś naya niś nṛ pañca piṅga prajñā pāṭala pṛṣṭha sa sahasra sarvataś su sva sūrya tri tāmra utpala veda vi vinaṣṭa virūpa viśva viśvataś vāk yoga śāstra
carita	48	UTTARAPADA	anucaraṇa bhuvana buddha bāla caṇḍī deva dhruva dhūrta duś dāma gaurī hammīra harṣa hīna krūra mādhava mārkaṇḍeya nahuṣa naiṣadha naiṣadhīya nala nandī nayana patañjali prahlāda pāṇḍava rāma sac saha sarva su sāmba sūrjana udayana udāra vasu vaṃśa vikrama vināyaka vivikta vālmīki vīra vṛṣabha yayāti śaṃkarācārya śibi śuci śākalya
devī	48	UTTARAPADA	agra akkā anaṅga bhāva buddhi cilla dhruva dhṛta divya gaṅgā guhya gīr gṛha indra jayā kalyāṇa kokilā kumāra kāvya lagna līlā manasā meru māyā parā pattra paṭṭa pūr pṛthivī rājya rāmā rāṣṭra sarpa saṃsāra sundarī svasti sādhu trailokya vatsa vidyā vijaya viśvāsa vāg īśāna śyāmala śyāmā śāsana ṣaṣṭhī
dhāman	48	UTTARAPADA	agharma atuhina bhūri bhūta brahma caṇḍa cāru deva devī dyu hariṇa havir hima jatu jyotir kaustubha meru pratyag priya pīyūṣa ruci rāja sahasra sarva sattva satya siddha sthira su sudhā sura suvar sva svar tapo tri uccair utpatti viśva yaśo āditya śata śaśi śiro śrī śveta ṛta ṛtu
jvara	48	UTTARAPADA	abhicāra abhiśāpa abhiṣaṅga aṅga dāha gata giri hima hṛdaya jīrṇa kandarpa kapha karṇa mada mahā maithuna mano mastaka nir nitya nāsā palala pitta prākṛta pāli rasa rata ratha sa sadyo sarva satata saṃnipāta saṃtata smara taruṇa tṛtīyaka vi vigata viraha viṣa viṣama vāta āma śiro śleṣma śānta śīta
miśra	48	UTTARAPADA	arjuna asṛṅ ayo ballāla bhāva bhīṣma bṛhaspati deva dhānya guḍa hari jāgran jīva keśa keśava kukkuṭa kānta kṛpā kṛṣṇa kṣudra lohita lāla madana madhu maṇi mitra māṇikya niśā nārāyaṇa nīta pan pāda rasa saktu sarpir sarṣapa soma sundara tila vardhamāna vi viṭṭhala vrata vīra vīriṇa ācārya ārya śaṃkara
nāśana	48	UTTARAPADA	bala balāsa bhaya bhrānti bhūta chāga daitya dhātu draviṇa go graha gṛha jantu kalaha kapha kapi kilāsa kleśa kuṣṭha kṛta kṣetriya kṣudhā matsya mṛtyu pakti pāpa pīnasa roga rātri rūpa saṃkaṭa timira vahni vala vega vidradhi vighna viṣa vāta vṛtra vṛṣa yakṣma śatru śoka śopha śuka śāpa śūla
pattraka	48	UTTARAPADA	asi asra badarī bindu bāla citra danta darpa dvi dvādaśa dāḍima dīrgha eraṇḍa guhya guru hrasva kakkhaṭa kara karṇa kaṭu khara kṣāra laghu lekhya marica nāraṅga pratijñā sa saṃkoca snigdha su svalpa sīsa sūci sūkṣma tri tvak utpala uttāna vaṃśa veṇu yamala yuga ārdra śata ślakṣṇa śālmali śāta
ruha	48	UTTARAPADA	ambho ambu avani aṅga bhū bhūmi bhūmī bīja chinna dagdha dharaṇī gātra jagatī jala jale kara ku kṣiti loma madhu mahī malaya nalinī nīra payo paṅka paṅke pātho pāṇi pṛthivī sarasi sarasī saro skandha sānu tanu tanū tīra urasi urvī vaktra vakṣo vāri ātma śiphā śirasi śiro śṛṅga
saṃdhi	48	UTTARAPADA	aṅghri bha bhagna bhāva cala catuḥ dhruva dhṛta dvi dṛḍha garbha grantha hīna hṛdaya jānu kapāla kapāṭa kathā kumbha kāñcana kṣipra lekhā marma megha meṣa mukha niḥ nīti pada parva pañca pāṣāṇa repha sama saṃgata saṃtāna su svara sīmā tri vayaḥ vi vyañjana yathā śaila śarīra ślatha ṛtu
vaha	48	UTTARAPADA	agni aśru aśva bhāra cāru dhūr dur dāru gandha havya huta jaya kṣīra lajjā mantra medo mūtra pailu puṇya pīlu pūya rasa reto ruci rāvaṇa sad sakṛd skandha su sukha svayaṃ vaṇig vāri vārttā vāta yajña yoga ājñā āśā śila śilā ślāghā śrī śukra śīghra śīta ūrja ṛkṇa
vaktra	48	UTTARAPADA	agra aśva babhru catur cāru cāṣa dadhi danta danti daśa deva dhanur dvi dīrgha eka guha hasti haṃsa jina jvālā kapi karāla kumbha kāka kṛṣṇa mahā mañju mlāna pañca pārśva pūti ruddha sahasra sindhu siṃha su sūcī sūrya tīkṣṇa vakra vaḍabā vyāghra vṛtta yava śata śveta ūrdhva ṣaḍ
vīra	48	UTTARAPADA	ariṣṭa asarva baddha bhūta catur caṇḍa dayā daśa dharma dhānya dāna eka eṣa kara loka mahā nara nir prati puru raghu sa sadha saha sahasra sakṛd samara sarva sato saṃyad spārha su sāgara ugra utthāna vairi vajra vidveṣa vipra vāg yodha yuddha ātma śakti śata śāka śūra ṛṣva
śreṣṭha	48	UTTARAPADA	acala bharata bhārgava bhṛgu buddhi deva dhānya druma dvija dvīpa indra jhaṣa jñāna karma kuru kṣāra loka mantri manu mūḍha mṛga naga nara naṭa nṛpa parvata pattra phala pārthiva pāṇḍava roga sarva soma sura svayaṃ sūpa taru vadānya varṇa vasu vrīhi vāha vāhana vīra yadu yajña yama śāka
dviṣ	47	UTTARAPADA	adri ahi amara anṛta asura bala bali bhuvana brahma edhamāna hari hata hiḍimba jambha jara kaiṭabha kara kratu madana madhu makha mitra mokṣa mura mṛga namuci nara nṛpa pati pratyakṣa puloma pura puruṣa pāka rātri sakta sarpa sneha strī sura uccair vanitā viṣṇu vraṇa vṛtra śūla ṛṣi
gamana	47	UTTARAPADA	adhva agamyā alasa anta asta bahir divi diṣṭa dūra go haṃsa khe khela mada maithuna manda mañju pratīpa punar puro pāra pārśva saha sambhūya samudra samīpa saṃdhāya saṃsāra strī su svar svarga tiryag unmārga vakra vana vaśa veśyā videśa vidūra vimāna yātrā ākāśa śīghra śūdra ūrdhva ṛtu
grantha	47	UTTARAPADA	agni bhāva caraka chando deva dhanvantari eka gauḍa gṛhya hāyana hṛd karma khila kālikā kūṭa lakṣaṇa manana maṇi muhūrta mukti mūla nir nyāya nāḍī phala prathama praśna pṛthivī ramala saṃdarbha saṃgraha siddhānta sādhāraṇa sūtra tarka uttara vedānta virodhi vyācikhyāsita vāda vālakhilya yoga yoni ādi śrauta śānti ṣaḍ
kārikā	47	UTTARAPADA	agni añjali bhaṭṭa bhoga brāhma cayana cāturmāsya gṛhya hari jaya kalaha krama kuṭa laghu liṅga makaranda maṇḍana mokṣa mūla nava nāda pauṇḍarīka prayoga preṅkhaṇa reṇu saṃdhyā siddhānta sindhu soma spanda sāma sāṃkhya tarka tārkika vaiyākaraṇa vakṣas vihāra vivāha viṭ vāmana ādhāna ādhāra ākarṣa śaunaka śrāddha śulba ṣoḍaśa
nayana	47	UTTARAPADA	abja agni arka asita bhāla dvija dīpta eka eṇī galita jvalita kamala kokila kṛṣṇa lohita lola madira mukulita mānasa nihita paryāpta phulla praphulla prati protphulla prāṅ puṇḍarīka rakta rūpa sahasra samīpa saṃrakta sphoṭita stabdha stimita su svar sāśru sūkara timira tri vibhrānta vigata vinirbhagna viṣama ārdra ūrdhva
vadana	47	UTTARAPADA	anṛta avāg aśru aśva bhadra cāru daśa daṃśa dīna gaja guda hṛṣṭa indu kamala karāla kaṃja kaṅka klānta kāla phulla piśāca pracaṇḍa prahṛṣṭa pramlāna praphulla purastād rucira ruddha rāja sadaṃśa sahasra satya saṃhṛṣṭa su sūci sṛgāla valī vaṃśī veda vikaṭa vikṛta vivṛtta viṣaṇṇa vāri śruta śāla ṣaḍ
vāra	47	UTTARAPADA	aśasta aśva aṅgāra aṅgāraka bahu bhauma bhaṭṭāraka bhānu bhūri bhṛgu budha bāhu bāṇa bṛhaspati daśa dina divasa dur gabhasti ghāta goṇḍa guru indu kula lakṣmī madhu maṅgala parī puru ravi sapta saumya sindhu siti soma sva sūrya tri veśyā viśva vīta āditya śani śata śiti śukra ṛdhad
dala	46	UTTARAPADA	adhara ahar aṇḍa aṣṭa bhuja bhujā bṛhad cala cara carma catur droṇī dvi dyu gopa granthi indu indīvara jagad karkaśa kola komala kṣīra lekhya nalina nalini nalinī nava sahasra snigdha su sūcī sūkṣma tāḍī vakra vaktra veda veṇu vi vidyā vyāghra vāg vār vṛkṣa śata ṣoḍaśa
patnī	46	UTTARAPADA	anna arya bhrātṛ daṃsu deva dharma dāsa eka gandharva gnās guru gṛha indra jīva jīvat kāma muni nṛ para parjanya preta prāṇa pāṇḍu rudra rāja sa saha samudra sindhu soma su sūrya vasu viś viṣṇu vrata vāja vāta vīra vṛṣa yajña yoga yogi āyu śarva śūra
vadha	46	UTTARAPADA	agre baka bhrūṇa brahma brāhmaṇa bṛhad daṇḍa deva dhenuka dundubhi dūre garbha go hasti hiḍimba iṣu jīva kabandha kaṃsa kāya kīcaka mahā muṣṭi mātṛ nāga pakṣa pitṛ prāṇi puruṣa rāja rāvaṇa strī suhṛd sāsthi tapur tāraka upāṃśu vajra varṇi vikala virocana vṛtra ātma śastra śata śumbha
vākya	46	UTTARAPADA	bharata brāhmaṇa divya dur dūta eka gadgada hita ku lakṣmī mahā mithyā miṣṭa muni mṛṣṭa nir nārī nīti para paryāya phala piśuna pramāṇa pūrva rūpaka samudra satya saṃketa skhalad su suhṛd supta sānunāsika sārameya sūkta tārā ukta utpatti vakra vaktra veda vedānta vīra yajamāna āpta śūra
śataka	46	UTTARAPADA	amaru aṣṭa bhakti bhallaṭa bhāva bilhaṇa caṇḍikā devī dhyāna gīti jina karma khaḍga kuca lakṣaṇa mahiṣa mahiṣī mayūra moḍha mārtaṇḍa mūrkha nyāsa nārada nīti oṣṭha padya praśna rāma sapta siddhānta smṛti soma sūrya tri vairāgya viveka vopadeva vyavahāra vyāsa vṛtta yoga śiva śrī śānti śārdūla śṛṅgāra
hāra	45	UTTARAPADA	agha agra anna ardha aṅga bali bhāga dara dṛti hara jala kambala kara kuru kāla lekha manuṣya muktā mṛta mṛṇāla nagara nātha nī parī pratī preta prāg prāti rikta riktha rāja sanī sarva saṃdeśa soma sāraṅga taralita uda udaka uru vilola visrasta vārttā śāka śṛṅgāra
madhya	45	UTTARAPADA	bhavan bhrū bhuja bhujā bilva bāhu bṛhan danta deha dhanur divā dor gaṅgā guru jagatī kara kusuma kṣāra kṣīṇa laya maṇi nabho nir peśala pipīlika pipīlikā pṛṣṭha ratha raṅga sindhu stana sthūla strī su svar tan tantu tanu vedi vi vāstu yava yūpa śveta śūnya
mṛga	45	UTTARAPADA	asita bahu bhadra bāla caṇḍa citra gandha gaura gauḍaka go grāma grāmya gṛha hema kastūrikā kastūrī krīḍā kāka kṛṣṇa latā mahā mahī mano mugdha māyā nir niśā parṇa pum puruṣa rathyā sthāna su taru tāmra tārā vana vi vyoma vyāla vāla vāta śaila śākhā śālā
parvan	45	UTTARAPADA	araṇya bhīṣma brāhma caraṇa droṇa dāmana dīrgha gadā karṇa kaṅka kiṣku mausala mṛdu nata pañca ruci rāhu sabhā sambhava sauptika saṃgraha saṃvatsara soma strī su svarga sūrya tantu tikta tri udyoga vana vi virāṭa viṣa vṛṣa ādi āraṇeya āraṇya āśrama śalya śarat śata śānti ūru
prada	45	UTTARAPADA	abhaya anna bahu bala bhaya bhukti bīja duṣ hasta janma kali kara ku kāma mada maṅgala mūrchā phala piṇḍa priya prāṇa putra puṇya roga ruci rājya sarva sasya setu siddhi sthiti sukha svarga vara vasu viśvāsa vrata śaraṇa śarma śata śrī śubha śāpa śīta śītala
rāma	45	UTTARAPADA	ananta bala bhadanta bhadra bhaṭṭa bhuja bhārgava bhūri chalita dayā deva gaṅgā hali hari harṣa hṛdaya icchā jagad jaya kāśi kṛṣṇa manasā maṇi nanda paraśu parśu raghu rāja rāma sadā saṃkalpa smārta sītā sūrya veṅkaṭa veṇi veṇī vidyā vijaya vinaya viṣṇu āditya śambhu śiva śrī
sāman	45	UTTARAPADA	ahaḥ arvāk avabhṛtha bhadra brahma bṛhat candra godhā gāyatrī indrāṇī jagat jyeṣṭha jyotiḥ kṣatra loka mahā maṅgala paraḥ pauṇḍarīka payaḥ prastotṛ prācya puruṣa rudra rāja rātri saha sarpa satya soma su svara svaḥ sūrya tri tārkṣya ubhaya varuṇa viśva vāja śreṣṭha śāktya ṛk ṛta ṣoḍaśi
vaṃśa	45	UTTARAPADA	aila antar bhṛgu candra carma dvāra dīrgha guru hala hari janma karṇa kuru mahā mātṛ nir niṣadha nāla nāsā pitṛ prabhu prācīna prāg pṛṣṭha raghu randhra ratha ravi rāja rūḍha sad soma su sundara sūrya tiraścīna tulya veṣṭa vi vidyā yadu ādi śaśi śākya śālā
viveka	45	UTTARAPADA	bhāga bhāva bhāvanā bhūta darśana dharma dhvani dvaita dīkṣā haṃsa jāti kāla lipi manda manthara mātṛkā māṃsa naya nañ nir nyāya nīti pratiṣṭhā prayoga praśna rasa rāga rāmāyaṇa sa sambandha saṃjñā saṃkrānti siddhānta smṛti tithi varṇa vedānta vidhi vyakti yoga śrāddha śuddhi śānti śūdra ūlī
śravas	45	UTTARAPADA	aṣṭa bhadra bhaṅga bhaṅgya bhū bhūri cakṣuḥ cāru deva dyumna dīrgha dūra dūre dṛk gauri ghrāṇa gātha gūrta haviḥ karṇa prathama priya pṛthu rāja satya soma su suta sāma tura tuvi tīrtha uccaiḥ ugra upama uru vasu veda vi viṣṭara vāja vṛddha āśu śruta śuci
darpaṇa	44	UTTARAPADA	adbhuta artha bheda cikitsā dāna hṛdaya iṣṭa jñāna jātaka karṇa kavi lagna mantra maṇi muhūrta māsa nyāya nāṭya pramāṇa pratiṣṭhā pravara prayoga pāṇḍitya rasa ratna saṃgīta siddhānta smṛti sphuṭa su sāhitya sāma vaidya viśuddhi vyavahāra vyavasthā vārāṇasī vṛtta yoga śrāddha śrī śuddhi śāstra ṣaṣṭhī
ghāta	44	UTTARAPADA	amitra antar anyonya capeṭā danta durga go grāma hasti indriya kaphoṇi karma kaśā loṣṭa marma matsya muṣṭi mātṛ mūtra nagara pakṣa pañca paśu pratī prā pārṣṇi pāṇi stamba tala tāḍa udaka uro vajra viśvāsa viḍ viṣa vyādhi ākhu ātma śara śastra śata śatru śiro
gu	44	UTTARAPADA	adhri ahīna anuṣṇa ariṣṭa bahu balakṣa bhīma bhūri calad citra daśa dvi eka hima kuṭī kṛśa lalāma matsya pañca prati puṣṭi pṛśni ruśad ruṣad sa saha sahasra sapta sarva su tigma tiṣṭhad tuhina tāta uṣṇa vanar vṛṣad śabala śata śaṃ śiśira śruṣṭi śāci śīta
nābha	44	UTTARAPADA	abja aravinda brahma candra deva dharma dundu dṛḍha hairaṇya hari haṃsa hiraṇya kamala kaṃja kumbha kuśa kāla madra mahā nalina nāga padma puṣkara rajata rasa ratna raupya sa sauvarṇa su suvarṇa svarṇa sūkṣma sūrya tantu tri tuṅga uṣṇī vajra vatsa viśva vyāsa śaṅkha ūrṇa
paśu	44	UTTARAPADA	abhyāhita alam alaṃ alpa anaṣṭa antaḥ anṛta bahu daśa deva dvi ghṛta go grāmya hiṃsra iṣṭakā kratu kṛśa kṣudra mahā mandira nara nṛ pañca piṣṭa prati pum puru puruṣa ruśat sa sarva sat savanīya tri upahāra utsṛṣṭa vi vicitra yajña yūtha āraṇya śākhā ṛtu
phalā	44	UTTARAPADA	ajina asra badarī bhastrā bhānu catuṣ cāru eka eraṇḍa gundra hema kanda kapila kumbha kṣema kṣudra mañji māṃsala mūtra nīla oṣṭha pāda pūti roma rāji saktu sakṛt snigdha sthira suvarṇa svalpa svarṇa taṇḍula tiryak tiṣya toya tundila uṣṇa yugma śamī śaṅku śaṇa śivā śveta
vega	44	UTTARAPADA	ambu antar aśoka bhīma caṇḍa duḥkha garuḍa hata haṃsa kopa kāla kāñcana kṛta madana mahā mala mano marud megha mānasa nadī nandi nir pṛthu ratha sa samṛddha sarva saṃrambha su tigma tīkṣṇa udīrṇa ugra vajra vijaya viṣa vāji vāta vāyu vṛddha śakti śara śīghra
vijaya	44	UTTARAPADA	ananta bhakti deśika dharma dig hara hari hema jāmbavatī jīva madhva megha mukunda mādhava mālinī mṛtyu pavana pañca pradyumna prahlāda puṣkala pārtha pātāla rāja samara sambhūta samudra saṃgrāma suvarṇa sāmba uṣṇīṣa vaidika vaikuṇṭha vedānta vibudha vinaya viśāla viṣṇu vāsudeva vīra yayāti āśā śarmiṣṭhā śaṃkara
viṣaya	44	UTTARAPADA	adurga alpa ananya buddha buddhi cakṣur cedi darśana daṇḍa indriya jīva jīvitavya lāṭa makha mantra mitra mālava mīmāṃsā nayana nepāla nir nīti padma pauṇḍra prati puṃ romaka sarva sarvathā saṃjñā smṛti sthūla strī sva svalpa sāpiṇḍya tad vyavahāra vyavasthita yama yoga śakti śravaṇa śruti
śīrṣa	44	UTTARAPADA	avāk aśva cāru daśa druma dvi gaja gayā go haya kapi kraya kāka kūrca kṣudra kṣīra mahā markaṭa mārga mṛga pañca paśu piṇḍa prakaṭa puruṣa pūrva ratha raṇa sahasra sapta sarpa sthaula sthūla sthūṇā tri vajra valmīka vasti veda vāta śata śaṅkha śva śveta
bhakta	43	UTTARAPADA	aiṣukāri antarā auḍāyana bhaga bhartṛ brāhmaṇa chinna cāndrāyaṇa deva dyu dākṣāyaṇa eka hari khāḍāyana kṛṣṇa mad madhya nada naḍa nir pitṛ prabhu prāg rāma sahasra sauvīra sauvīrāyaṇa sāpiṇḍi sārasāyana sūrya tārkṣyāyaṇa upari vaiśvadhenava vaiśvamānava viṣṇu yugala śaubhrāyaṇa śaudrāyaṇa śayaṇḍa śayāṇḍa śiva śāyaṇḍāyana ṣaṣṭha
caryā	43	UTTARAPADA	adharma artha asi aśva bhaikṣa bhikṣu bhū cāru dambha deha deva dharma dina go grāma guru haya jaya kamaṇḍalu ku kāla mahā mithyā mṛga nagna naktaṃ naṣṭa naṭa paśu piśāca puraś ratha rātri sac sva tapaś tīrtha vana vrata vrātya yoga śva ṛtu
ghoṣa	43	UTTARAPADA	analpa aśva brahma buddha caṇḍa dama deva dharma dhārā dur ghuraghurā ghurughurā hari indra jaya jyā kala kaṭa madhu mahā mañju nandi nemi nir nāndī nīti pad ratha sa siṃha stanayitnu strī su tūrya uccair uda vajra vasanta veda yajña yāma ātma śevāla
kavaca	43	UTTARAPADA	baṭuka bhavānī cāritra deva devī durgā hanumat hiraṇya kṛṣṇa lakṣmaṇa lakṣmī nivāta nārāyaṇa nārī reṇukā rudra rukma rādhā rāma sa sahasra saubhāgya saṃnaddha skanda sundarī sūrya turīya tārā vajra varāha vetāla vi vidhvasta viṣṇu viṭṭhala yakṣiṇī śarabha śaṃkara śiva śrī śyāmā śārikā śūlinī
prastha	43	UTTARAPADA	badarī bhoga deva dharma drākṣā eka giri hima indra jambu jambū kanduka karkandhu karīra kavala khāṇḍava kurala kuvala kuṇḍa kāma kāñcī makarī maṅgala maṇi mālā oṣadhi pañca pātāla rajata rīti svarṇa sānu tuṅga udaya vana viṣa vṛka śaila śakra śamī śaṅkha śila śoṇa
priyā	43	UTTARAPADA	anala arka aruṇa bhiṣak bhṛṅga dahana dharaṇa dhātu dānava dṛk gaja ghana ghuṇa giri guha gīta jīva kavi kāminī kṣānti madgura mahiṣī mārgaṇa mṛta nala padma phala pika prauḍha rasika rudra smara sārasa vahni varuṇa vibudha vidhu viṣṇu vṛścika yoṣit śambhu śivā śoṇita
puṣpī	43	UTTARAPADA	arka avāk bāla citra cora dadhi dala dhātu dhātṛ droṇa durga gaja grīṣma hiraṇya indra kambu kanaka koṭhara kāñcana kṣīra madya nakha niśi parva parāk phala pratyak raṅga sarpa saṃdhyā saṃgha sindūra siṃha sūkṣma toya vahni vāṭya ārakta śakra śambūka śaṅkha śaṇa śoṇa
sakha	43	UTTARAPADA	agni anala anila bhavānī bhūri caitra deva dhī hara hari indra karṇa khaḍga kāma kṛṣṇa lakṣmī madhu madirā mandayat manmatha marut megha nara pavamāna paśu priya putra pārvatī rudra rāma smara strī sura vahni vanitā vasanta vibudha viśva vāta vāyu yāvayat śiṣya śunaḥ
siddhā@nta	43	UTTARAPADA	bhakti bhṛgu brahma brāhma bṛhaspati dvādaśa jyotiḥ jñāta kerala kāla kārttika lalitā madhva nyāya nāma pauliśa pañca pūrva romaka romaśa sama samrāṭ sanātana sarva saura saṃgīta soma sphuṭa sundara sūrya sūtaka vaidika vasiṣṭha vedānta viśiṣṭādvaita viśvakarma viṣṇu vyāsa vāsiṣṭha ārya śakti śiva śrauta
sū	43	UTTARAPADA	ambhaḥ amṛta asu aṇḍa bahu bhīṣma billa brahma bīja dasra deva dhana dharma jīva karṇa kaṃja ku kumāra kālindī kāma kṛmi kṛṣṇa nava pitṛ putra puṃ pūrva raha ratna rudra rāhula rāja sakṛt sapta sudhā sva svarṇa viśva vyāsa vīra yama yamala śata
vartin	43	UTTARAPADA	antar anyāya bahir cakra dharma dūra guru guṇa hasta hṛd kaṇṭha kṛcchra madhya maṇḍala mātṛ nikaṭa nyāya paripārśva paścād pitṛ pradeśa puro pārśva pūrva saha sama samagra sambādha samīpa saṃnidhi svaira unmārga uñcha vana vaśa vaṃśa vidheya viṣaya vyavasāya āsanna śiro śmaśāna śāsana
śata	43	UTTARAPADA	abda adhyardha ardha arvāk aṣṭa aṣṭā bhakti catuḥ cāṭu cāṭuka daśa dhanuḥ dvi dvādaśa eka ekaka go grāma guṇa mūrkha nava navati nāga nāśa paraḥ pañca pañcaka sapta sārdha tri vacana varṣa vayaḥ viṃśati vāsaḥ vṛtta yoga yojana śṛṅga śṛṅgāra ṣaṣṭi ṣaṭ ṣoḍaśa
dīpa	42	UTTARAPADA	bhadra bhuvana bhāva citra daiva deha deva dharma dhyāna hanumad hasta haṭha hṛdaya jagad jñāna karma kula madhu maṇi megha muhūrta niśītha nyāya nāṭaka nṛpa prayoga ratna siddhānta smṛti tṛpti vana veda vedānta viśva vyākaraṇa ācāra ādi ākāśa śruta śrāddha śuddhi śāstra
jihva	42	UTTARAPADA	agni agra asi baddha dvi dīrgha haṃsa hiraṇya idhma jala jvālā kāla lamba latā lola madhu madhya mahā mandra mantra nir prācā rakta raṃsu sahasra sanna sapta srug sthira sthūla su tālu ulkā uṣṭra vi vidyuj viloma viṣa śata śuci ṛkṣa ṛśya
kāya	42	UTTARAPADA	adhara agra alpa apara asti ati ayaḥ bala brahma bṛhat citra dharma dhātu dīrgha goji laghu mahā manuṣya māyi patti prajñā prati preta puri purī pūrva ratha sambhoga satya sthūla stoka svarṇa tejas tri uttara vijñāna vinata viśva vṛtta yaśaḥ ūrdhva ṛju
kṛti	42	KRT_STEM_MEMBER	ahaṃ alaṃ anyathā araṃ ayas aṅgī bahiṣ bala brahma camat caṭat cīt devī duṣ has haviṣ khalī kroḍī kuhayā mitra namas nyak para phut purā pāṇini pṛthak samī sat satyā spaṣṭī su svagā svāhā svī sākṣāt tiras vaśī vaṣaṭ yajuṣ śakalī śīt
lavaṇa	42	UTTARAPADA	akṣāra arka aśva bahu bhū caṇaka darbha dhūrta droṇī gaḍa gaṇḍa ghaṭikā go kalyāṇaka khaṇḍa kāca kāla kṛta kṛṣṇa kṣāra lohita melaka nir pattra pañca pippalī pāṃsu rauma raumaka rāma sa samudra sindhu sneha su tri tīkṣṇa viḍ viḍa viṭa vyakta ṣaḍ
nidhi	42	UTTARAPADA	ambho ambu arṇo bhadra bhoga bhoja dayā dhāma guṇa hiraṇya jagan jala jñāna kalā kāla kṣīra mahā nīra padma payo praśna prema pātho rata ratna rāma salila satya sauhārda su sudhā tapo tejo toya veda vidyā vikrama vāri yaśo ānanda śrī śīla
nyāsa	42	UTTARAPADA	akṣara aṅga bodhi bīja caraṇa iṣṭakā kalā kara karma khura kāśikā laghu lipi mahā maṇḍala muṣṭi mātṛkā nakha nakṣatra pada pattra prati puṣpa pāda pīṭha pūrva rekhā rudra saṃdhyā sādhāraṇa sūtra vidyā viśrānta vyasta vṛddha yoga śakti śarīra śastra śiro ṣoḍaśa ṣoḍhā
puṭa	42	UTTARAPADA	añjali bhāṇḍa carma catuṣ cañcu cañcū cāru dardura dvi gaja kaccha kakṣa kara karṇa kha kārya mūtra nayana nāsikā nāsā oṣṭha pacat pakṣa pakṣati palāśa parṇa pattra pipīlika puṣpa pāṇi su tri tālī tāḍī vi viṣa śata śrotra śrī śukti śūrpa ūṣa
pā	42	UTTARAPADA	abhiśasti abhiṣṭi agra agre anṛtu apāna añjas cakṣuṣ go hari haviṣ kratu kula kīlāla madhu mṛta mṛtyu paras pathi payas paśu prāṇa pūrva sarva soma stana sti suta tanū viśva vrata vāk āprīta āyuṣ śaṅkha śrotra śrī śuci śṛta ṛdū ṛta ṛtu
vidhāna	42	UTTARAPADA	aśvastana bali caṇḍī cāndrāyaṇa dig dīkṣā dīpa holikā homa kuṇḍa kāla nakṣatra nepathya nyāsa paitṛka pallī pañcaka pratyakṣa puttala pāda pūtanā rudra sad samaya saṃkhyā soma su sāma tapo tathā vagalā viṣa vājī vāstu yajur ācchad śarabha śānti śāstra śūlinī ṛg ṣaḍ
bodha	41	UTTARAPADA	bhāva brahma bāla deva druta dur duḥkha hari jarā khyāti laghu mugdha nir nāga pañca pratī prāti rasa samyag satya sphuṭa su sukha svayam sāhitya vi vidagdha vimala viparīta virūḍha viśva ātma āśu śabda śakti śikṣā śiśu śruta śuddha śābda śīghra
dhānya	41	UTTARAPADA	araṇya bahu bīja chattra deva dhana graiṣmika grīṣma harita haumya hema homa khala kośa ku kumbha kumbhī kusūla kṛṣṇa kṣudra miśra muṇḍa māla nai pavitra prā pūta pūti rāja saha sapta sāra tuccha tuṣa tṛṇa vana vaṃśa śamī śimbī śukla śūka
dina	41	UTTARAPADA	adhika adya arka aṅgāraka bhānu bhū brahma budha dur gata guru hari hyastana indu janma ku kṣepa kṣiti lagna madhya mandāraka medinī naktaṃ pauṣadha pitṛ prātar puru pūrva pūrṇimā ravi sapta su svayaṃ tad vidhu viṣuva viṣuvad śrāddha śubha śukra ṣaṣṭi
doṣa	41	UTTARAPADA	abhūta anna artha ati bahu daiva dṛṣṭa dṛṣṭi grahaṇī guṇa hasta jāta kanyā karma maṇi medo mātṛ mūtra nir nīti para paścā paṅkti prahīṇa prā prāpta pāna pāṭha rāga sa saṃsarga svapna sūnā tri tvag vacanīya vipāka vāg yoni śukra śūka
jīvin	41	UTTARAPADA	abdhi akṣara ambu bandhu bhāra bhūmi brahma buddhi cakra cira dasyu dhānya duḥkha dīrgha ghaṭṭa gopa hasti jala kuhaka kṛṣi matsya mālya māyā saha saraṇa sarva saṃcāra saṃgha sthira sudhā surā svarga vadha vana vetana āyudha śastra śata śilpa śva śyena
kānta	41	UTTARAPADA	ahi ati ayas bhavānī bhogi candra darśanīyā deva gaurī hari hiṇḍī indu jala kamalinī kāminī lakṣmī loha loka mahā manas manaḥ manda nadī niśā niṣ padminī puṣṭi ramā ravi revatī rohiṇī rādhā rāma soma su sūrya tūṇī umā śaśi śaśāṅka śrī
nāyaka	41	UTTARAPADA	amla anukūla bhaṭṭa bhīma bhū cakra camū daṇḍa deva dvāra eka gaṇa graha hari hasti hīna jīva kośa ku kuliśa kumudinī loka mahā nara nir nāga nāka nāvika phaṇi prati raghu rasa ratna raṅga sabhā sainya sura tārkṣya vighna vyāghra yakṣa
ratnā@kara	41	UTTARAPADA	bhaiṣajya bhakti bṛhad chando dhātu hāsya kuṇḍa kṛtya laghu loha nāma nīti pauṇḍarīka prabodha prasaṅga prasthāna prastāva prayoga pūjā rāga rāma rūpa saubhāgya saṃgīta saṃhitā siddhānta smṛti sāgni sāhitya sūkta sūkti vivāda vyavahāra vyutpatti vṛtta yamaka śakti śeṣa śrī śuddhi śānti
sthala	41	UTTARAPADA	acyuta agni apavāda avi bala brahma citra dharma dāha gaṇḍa harmya jaya jaṭila kapi kaṭa kuśa loka mada madhya marma maru muni mūla mūṣika nabhaḥ nitamba nāga sama samādhi siddha su tapaḥ uraḥ vakṣaḥ vicāra vāraṇa vṛka yajña yakṣa śiṃśapā śrī
varga	41	UTTARAPADA	amla aṣṭa bandhu bha bhinna bhūta bhṛtya catur daśa dvādaśa dāsa hīna indriya ka mṛdu naraka nāṭya pa para pañca poṣya prā pātra rakta rakṣi sapta sparśa stotra su sūrya ta tri varga viśeṣaṇa vyāla āpta śa śukla śūdra ṣaḍ ṭa
vāta	41	UTTARAPADA	ananta ati bṛhad cakra daiva deva dhanur dur ghana gulma jhañjhā khuḍa mahā malaya mano megha mukha mṛdu nir paścād prati prāg puro pūti rakta salila sig sūti tanu upariṣṭād uṣṇa vana vi viṣvag vṛṣṭi āma āḍhya śākhā śītala śūrpa ūrdhva
vṛddhi	41	UTTARAPADA	agni antra ardha artha ati aṇḍa bhukta brahma buddhi cakra cūrṇa dhana diṣṭi dravya kośa krama kula kusīda kāla kāma kṛta kṣatra kṣema medo māṃsa mūtra prajā sapatna smara stoma tejo varṣa vaṃśa vāta yathā ātma śaka śatika śikhā śleṣma śrī
śatru	41	UTTARAPADA	abhūta ajāta apatya aśva bahu bhujaṃga chāga datta daṇḍa deva dvīpa dvīpi dīpa indra jita kali kaṃsa kaṅka krauñca krodha kīṭa kṛmi kṛtrima nija niḥ plīha plīhā prati rāhu sa smara sura timi vibudha vāji vṛtra vṛṣa yajña āre śaśāṅka śūla
bhakṣa	40	UTTARAPADA	aja amāṃsa anna asthi bahu dadhi dhana dur eka haviṣya huta jana kapi kaṇa kāla kāma kṛmi kṛṣṇa lālā māṃsa parṇa payo phala prathama pratyakṣa prāṇa rāja sa saha samākhyā sarva soma sva vāta vāyu śakra śiṣṭa śrī śva śāka
dhārin	40	KRT_STEM_MEMBER	astra catur chattra daṇḍa deha dhanur gandha hrī jaṭā kanthā karpaṭa kirīṭa kṣiti liṅga mala mantra mauna mañjari muñja muṇḍa nyāsa nāma pallava pota prāṇa rahasya rūpa sarva su ulkā vaṃśa vetra veṣa viśva vrata śastra śmaśru śīla śūla śṛṅgāra
ruci	40	UTTARAPADA	abhakta ahima amita artha atuhina bhadra bhakta bhinna bhā bhūyo bodhi dharma dṛḍha hasti hima hiṃsā kāñcana māṃsa pradāna pīyūṣa ruci sad samāna sapta saṃvibhāga sita su sva tigma uṣṇa vara vasu viśva vrata yajña yathā ārambha śamita śyāma śīta
strī	40	UTTARAPADA	amara bandi deva divya duḥ dyu dāru ku kula kāka lepya madra mālava mṛta nāgara nāka nānā para paura paṇa paṇya prati puṃ pācaka rāja sadṛśa su sura svarga svargi svaḥ sādhāraṇa vara veśa veśya vibudha vidhavā vraja vāra ārya
pattrikā	39	UTTARAPADA	ajina ali bahu bhṛśa bilva cīra cīrita dhūsara eka gandha gaṇanā gārutmata harita janma jīrṇa kaṇṭa khadira kṣura lagna lekha lomaśa maṇḍala mālatī māṣa nava naṣṭa naṭa paṭu saṃghāta tṛṇa vajra vibhāga viṣa vṛścika vṛṣa yugma śirīṣa śubha śītala
purī	39	UTTARAPADA	amara apāpa bhoja campā cedi kanaka karṇa kāntā kāñcana kāñci kāśi laṅkā magadha mokṣa mādhava māyā prayāṇa preta puṣpa pāpa pāvā pūrṇa sekandhara siddha svarga sāmba tri vaikuṇṭha vikrama vitta viśvāmitra viśāla vṛkṣa yuddha śakra śuddha śumbha śākhā śānta
raśmi	39	UTTARAPADA	ahima amṛta atuhina aśiśira caṇḍa citra gharma hima iṣṭa khara manda pañca prācīna pṛthu ratha sa sahasra samanta sapta sita siṃha soma sudhā syūma sūrya tigma tuhina tuṣāra tīkṣṇa uṣṇa vi vṛṣa yata śaśi śubhra śveta śānta śīta ṛju
saras	39	UTTARAPADA	abja agni alpa amṛta ap avantī bhadra bindu brahma candra dyu dāha gautama gaṅgā gopikā hima hiraṇya kairāta karpūra krama krīḍā kṛṣṇa maya nabhaḥ nandī nārāyaṇa padma rudra rājakīya rāma sarasvatī satī sāma tanaya traiyambaka viṣṇu īśa śoṣita ṭīṭibha
sūnu	39	UTTARAPADA	arka bhṛgu brahma danu devakī dharā eka gaṅgā gādhi hara hari indra indu kṛṣṇa mahī mantri marut muñja māruta nanda niḥ pṛthā ravi rebha rāja sa sindhu siṃhikā sāgara sātvatī vandhyā vaṇik vinatā viṭṭhala vāyu āditya ākhaṇḍala śauri śiva
traya	39	UTTARAPADA	agni bhuvana bhūmi doṣa guṇa jagat jana kaśā kaṇṭaka kaṭu kaṭuka kāla kṣāra loka madhu madhura muni māsa mātra phala puṃs rahasya ratna rāśi sama savana saṃdhyā saṃketa siddhi sitā trika veda viśva vyāhṛti vyākaraṇa vṛkṣa śakti śata śloka
śaila	39	UTTARAPADA	ambara avara badarī caitya durga gandha gaṇḍa haima hema hima indra keli krīḍā kula kāla kāma kūṭa kṛmi mahā mantha maṇi mekala pañca pāda pūrva rāja setu svarṇa tuhina tuṅga tuṣāra tārkṣya udaya uttara varāha vihāra vindhya śrī śveta
śānti	39	UTTARAPADA	adbhuta antaḥ bhauma bhāva budha bṛhaspati citta graha kṣudhā mahā maṅgala mūla nakṣatra parjanya pañcaka prajā pūrva roga rohiṇī sarva saumya saṃkrānti su sūrya udaka uttara vaidhṛti vaiṣṇava vināyaka vrata vāstu vāyasa vāyu yama yamala śani śiṃśumāra śukra ṛtu
bhāra	38	UTTARAPADA	akṣa ati aśva aṃsa barha bhūri cikura garbha guru jaṭā kaca kavara kavarī khaṭvā kuśa kāṣṭha mahā mahī muṣka mūla pañca prāg prāpta rajju ranti rājya samāropita sthūṇā tila tulā uda udaka vaṃśa veṇu śoka śroṇī śīrṣa śīrṣe
caraṇa	38	UTTARAPADA	adharma akṣa ati bhaikṣa bhikṣā catuś dharma dvi eka hasta khañja kāma nāḍī padma prāk puraś ramaṇīya ratha rādhā rāma saha sahasra smṛti sphuṭita sādhu sūtra taittirīya tapaś unnata vi viṣṭabdha vrātya śaunakīya śloka śveta śāṅkhāyana ūrdhva ṣaṭ
deha	38	UTTARAPADA	adhiṣṭhāna avaruddha bhadra bhinna bhoga bhāsura cāru divya dvi eka gṛhīta karma ku kṛṣṇa kṣipta liṅga mad madhya mahā mṛta nāḍī piṅga pūrva riṣṭa sakala saṃnyasta sthūla su sūkṣma trayī vajra vi vicitra vipanna virāḍ vyāvṛtta śukla ūrdhva
jāla	38	UTTARAPADA	agni ayo aṃśu bindu bṛhaj dhvānta dhūma giri grāma indra jaṭā kara kāma kṣīra loha matsya mañjarī megha moha muktā parvata pramāṇa pāśa raśmi reṇu sa sirā stotra sūtra tantu veṇu vikalpa vāg āla śakra śara śastra śāli
lekhā	38	UTTARAPADA	alika anaṅga citra cāpa deva dhūma gaṇḍa indu jala jyotir kalaṅka khaḍga krama kāma lalāṭa mada makarī megha mṛga nakha nāga padma pattra rāga rāma suvarṇa tarala taḍil vana varṇa vasanta vidyul yaśo ālekhya śaśi śaśāṅka śrī ṛju
piṇḍa	38	UTTARAPADA	ayaḥ bahiṣ dadhi dyu eka hasti hiraṇya hṛt jyā kheṭa lohita medas mukha māṃsa mūrdha mṛt netra nīla odana palala para phena piśita piṣṭa pūraka pṛthak rakta sa sthūla takra tarku vāri śaka śakṛt śaṅkha śiraḥ śāli ūrṇā
pālaka	38	UTTARAPADA	avani aṭṭa bandhana daṇḍa dvāra go grāma gupti hasti ibha jana kalya kara kula kāla kāma kūṭa loka mahiṣa meṣa nepāla niṣ paśu pura pṛthivī rakṣa reṇu roga sarva tantri udyāna vallabha vana vatsa vindhya yama śayyā śiśu
rava	38	UTTARAPADA	brahma caṇḍa cāpa cāru garjita ghana ghargharā ghaṇṭā ghumaghumā go hambhā hū jana kala kaṇṭha kaṭu kekā krūra ku kuhu kuhū kuṇṭha kāka kākalī kṛta loka magha mahā megha nāndī nī siṃha tuvī vaṃśī vīṇā vṛṣā śānta ṭaṃkāra
tanaya	38	UTTARAPADA	abdhi arka bahu bhūmi bhṛgu bāla chāyā diti ku kālī kṣamā kṣiti marut nandinī pavana priya prāk raghu ravi reṇukā rohiṇī rucirā rudra rādhā rāja savitṛ siṃhikā surabhi sūrya sūta tapana utathya vandhyā vāyu śambhu śaśi śaśāṅka śāradā
vasu	38	UTTARAPADA	amā antar arvāg bhavad bhuvad bhūri bṛhad divā drava ghoṣa icchā mahā manā mudā nir parāg punar puro purā purū saha sampad satya saṃyad su sva sūryā vibhā vibhū vidad viśpalā viśva viśvā vājinī vṛṣaṇ śacī śarad śithila
veda	38	UTTARAPADA	adhvaryu adhīta agada astra atharva brahma catur chāndogya cāpa dhanur dur dvi eka gandharva gāndharva hotṛ jāta kaṇva kṣatra nir nāṭya piśāca purāṇa rātri sarpa sarva sasya siddhānta sthāpatya su sāma taittirīya tri viśva yajur ānanda āyur ṛg
śikṣā	38	UTTARAPADA	akṣa akṣara astra baudhāyana bhāradvāja dhaumya gaja hasti haya hārīta kavi keśava lomaśa manaḥ maṇḍūka nyāya nārada piṇḍa pāri pārāśara ratha raṇa samāsa saṃketa siddhānta svara vaidika vasiṣṭha vijñāna vyāla vyāsa vyāḍi vālmīki vāsiṣṭha yoga śambhu śastra śaṃkara
bhartṛ	37	UTTARAPADA	amara aṃśu bhaginī bhuva bhuvana bhū bhūta bhṛtya chāyā dina divasa dur gaurī gaṇa go gṛha jagatī kanyā ku kṣiti kṣmā loka mahī nada nṛ paśu putrikā ruci rādhā sarid svarga taraṃgiṇī vaḍabā vivīta viśva śrī śālī
dravya	37	UTTARAPADA	brāhmaṇa buddha bīja cara drava eka gandha gaṇa homa homīya hṛta jala kevala khaṇḍa kraya ku mūla mūlya nir para pitṛ rañjana rādhana rāga rājya sa sarva siddha svaccha sītā upamā vamana vipula yajña yathā āyur śuci
ghnī	37	UTTARAPADA	abhrātṛ apati bhrātṛvya bhū cala citra devara devṛ dru dūta gṛha jyeṣṭha jāra kumuda kāka mada mahiṣa marma meha prajā puruṣa putra pārāvata sapatna sneha srug sārtha vraṇa vīra vṛtra vṛṣṭi yakṣma śata śopha śotha śva śvitra
hārin	37	KRT_STEM_MEMBER	artha aṃśa bhaga bhaya bhāga bhāra bhūta citta dhana hṛdaya jīvita lekha loma mano manuṣya mṛta netra phala prāṇa puṣpa rasa riktha roga sarva saṃdeśa soma sphāti strī vighna vārttā vīrya śiro śopha śravaṇa śrotra śruti śāsana
puccha	37	UTTARAPADA	agni apakṣa cala camara dadhi ghaṭa go hasta haya kalmāṣa kalyāṇa kavara kaśyapa kola kāka kāla kṛṣṇa maṇi medaḥ mīna pakṣa phala sa sampūrṇa ulūka vakra viṣa vyasta vyāghra yajña śara śaṅku śikhi śuka śunaḥ śva śvā
rājan	37	UTTARAPADA	agni anya ati bahu deva dharma dhṛta geya indra jana kardama kiṃ koṭṭa ku kunti kāśi manuṣya maṇḍalaka mukhya pañcāla phala pitṛ prati sa satya soma su sura sva sāma taru tṛṇa varuṇa vikrama yama yuva śālva
rājya	37	UTTARAPADA	araṇya aṅga baddha bhraṣṭa daiva deva dvai gaṇa hṛta krama ku kuru kūpa mahā mano māhā naṣṭa pakṣi pṛthivī pṛthvī samarya sarva sauma soma strī sura sva svarga sūrya trailokya vana vanitā vatsa vipra yama yuva śūdra
rātra	37	UTTARAPADA	aho apara ardha brahma catta catū cira daśa dvi dvādaśa dyu eka gaṇa hīna madhya madhyama mahā nava parācīna pañca prathama puṇya pāñca pūrva sapta sarva tri triṃśad vajra varṣa varṣā vi śata ūna ṣaḍ ṣaṣṭi ṣoḍaśa
sarvasva	37	UTTARAPADA	anṛta bheṣaja bhārgava brāhmaṇa guṇi hṛta jñāta jīvita kautuka muhūrta mumukṣu mīmāṃsā nāgara nṛtya paṇḍita prākṛta purāṇa rasa rasika rati saṃgīta smṛti spanda sādhaka sāhitya udara upādhyāya vaidika vaiyākaraṇa yājñika śaiva śiva śrauta śākta śānti śṛṅgāra ṭīkā
sukha	37	UTTARAPADA	antaḥ cit deha grāma grāmya mahā manaḥ mukha nayana niḥ pat priya punaḥ pṛthak rāja rājya sadā saṃsāra sparśa strī su svarga upalabdha uttama vayaḥ vi viṣaya yathā yauvana ātma śama śata śravaṇa śrotra śruti śrī śṛṅga
veśman	37	UTTARAPADA	agni antar bali bandhana catuṣka cintā deva devatā eka garbha jatu jāta kośa krīḍā kārā līlā megha nṛpa para paṭa pitṛ prati rāja sambhoga saṃgīta snāna sura sūrya vastra veśyā vidyā vilāsa viśrāma vāsa śayyā śilā śmaśāna
vikrama	37	UTTARAPADA	ajita amita amogha bahu bhīma bhūri bāḍha candra caṇḍa druta dṛḍha ku kāla kṛta laghu mahā pañca prājya pṛthula raṇa sa samāropita satya siṃha sthira su tri triṃśad tulya udāra uru vyakta vīra āyata āśu śīghra ṛṣabha
śaya	37	UTTARAPADA	ayaḥ bhū bhūmi bila dharā divā giri guhā hari hṛdi jala jale karṣū kha khe kūpa kṣapā manasi nitya paṅke prage puri pārśva pṛṣṭha rajaḥ saha sthale sthaṇḍile sāgara talpe tūṇī udara upari uttāna vane vāri vīra
śekhara	37	UTTARAPADA	agni anaṅga bhava candra deva dhātu doḥ gandha indu jaya jina kula kūrca laghu maṇi nāṭya padma praśna puṣpa pṛthu ratna rāja siddhānta smṛti suvarṇa tuṅga vahni vasanta vīra yati śaila śaśi śaśāṅka śikhi śiva śmaśru śṛṅgāra
śruti	37	UTTARAPADA	apṛthak bahu bhāllaveya bhāllavi cakṣuḥ catuḥ dvi dṛk eka go jana jābāla kaṇṭha kaṭha loka mahā mantra māṇḍavya māṇḍūkya nārāyaṇa pūrṇa pṛthak sahasra sama su sukha sītā tri tulya udātta veda vākya yathā āgama ākhu āpta śūrpa
śāka	37	UTTARAPADA	amla apāka bāleya gandha gardabha gaura harita haritaka indrāṇī jīva jīvanti kanda kapi khara kāla kṣīra mada mahā nāḍī parva pathya pattra paṭṭa puru rāja sarṣapa su sūkṣma tikta udaka utpala vāstu vīra ārdra śaṇa śreṣṭha śrāddha
bhid	36	UTTARAPADA	adri aśma bala bhrūṇa brahma giri hiḍimba kaiṭabha kāṣṭha kīcaka madhu mura naga nāga pralamba puloma pura puṭa pūr rukmi sahasra sthiti sūtra takra tamo vala viḍ vāla vīṇā vṛkṣa yamunā śabda śakaṭa śakra śilā śrotra
daṃṣṭra	36	UTTARAPADA	anupūrva asi ayo aṣṭa aṣṭā bhagna cakra catur eka hiraṇya karāla kāñcana mahā puṣpa pṛthu rajata raudra sahasra sarpa siṃha sthira su sūkara tīkṣṇa ugra vajra vakra vaktra varāha vikṛta vivṛtta viśva vyāghra vyāla yama śvā
dāru	36	UTTARAPADA	amara bhadra bhava brahma cāru deva dur dvāra gandha guḍa gṛha indra jīrṇa kāṣṭha kṣīra mahā masta nāsā pīta pītu ratha snigdha srug sthavira su sura surabhi sāra sūkṣma tīvra vara varṇaka vāyu vṛddha yūpa śiva
ghana	36	UTTARAPADA	abhra ambu antar ayo bhinna bhū cid citi dadhi ghana jñāna jīva krama kāṃsya kṣapā nāgara paruṣa payo prajñā pralaya prota rasa sa sad saindhava stamba su tri varga vi vijñāna ānanda śarad śilā śleṣma śrī
pad	36	UTTARAPADA	akṣa aśva aṣṭa aṣṭā bahu catuṣ dvi dīrgha eka gūḍha iṣu jāla krakaca niṣ prati riśya sahasra sapta sarva su tri tīrtha ubhaya ubhayataḥ ubhayā uttāna viśva viśvatas vyāghra yuga śata śaṅkha śiti śva śvā ṣaṭ
puṣpikā	36	UTTARAPADA	amara arka aṣṭa bāla bīja cora dadhi dhātu dhātṛ dhūli indra indu kanaka kuṭila kṣīra mālya māṃsa mūla niśi nīla parva pāṇḍara pūga pūti saṃhita sidhma svarṇa tvak uru vāṭya āditya śakra śata śaṅkha śaṇa śīrṇa
pāna	36	UTTARAPADA	adhara ayaḥ aṅghri deva dhūma duṣ gandha indra jala jana khana kṣīra lālā madhu madya mahā payaḥ pratī pāri pūrva saha sneha soma stana stanya su surā sīdhu tanū tulya uda vāta vīra īṣat śastra śuṇḍā
saṃskāra	36	UTTARAPADA	agni akṣi anna aṅga bhū cyuta dravya duḥ dvādaśa dīkṣā garbha guṇa kriyā kṛta mantra mālā mṛta niḥ pattra pañca prayukta prākṛta punaḥ puruṣa pātra rasa sarpa smṛti sthira udbuddha vahni vismṛta yati yūpa śarīra śūdra
vṛddha	36	UTTARAPADA	ardha brahma dhana dharma ghoṣa ghṛta grāma jñāna kula kuru kṣatra mada mahā nagara parjanya paura prajñā sarva soma su tapo vara varṣa vatsa vayo veda vidyā viṣṇu vācā vārṣṇi vṛthā vṛṣṇi yajña yathā śruta śīla
śarīra	36	UTTARAPADA	adhiṣṭhāna alpa antaḥ anuṣṭhāna audārika buddhi dharma dhṛta dvi eka hiraṇya kha ku kāraṇa kṣīṇa liṅga madhya mahā pramlāna preta prāṇa sa sanna sarva sthūla su sva svalpa sūkṣma tanu tri vajra yaśaḥ ādi śeṣa śūnya
dhvani	35	UTTARAPADA	curcura dhārā dhīra gadgada gambhīra ghana gharghara jaya jātaka kala karuṇa krandana krośa kukkuṭa mahā mandra mardala maṅgala mukta muraja nemi nāga nānā paṭaha pāvana ramaṭha siṃha syandana sādhu sāma utprekṣā vajra veda vyoma śaṅkha
dru	35	UTTARAPADA	agasti caitya dīrgha guggulu hari indra kali kalpa kukkura kāṣṭha kṣāra mita nāga pallava parama piśāca pīta pūta raghu ratha rañjana sannaka sita su sura svarṇa tuccha tāmra uttara vajra vasanta vīra yūpa āsava śata
grāha	35	UTTARAPADA	asad bandi chāyā cāmara daṇḍa dhanur gila hasta hṛdaya karṇa kavala mahā mūḍha nara nāma pakṣa paṅka pārṣṇi pāṇi riktha rāhu sakṛd svayaṃ sāmya sāra sūtra uru varuṇa vyāla vṛka yoṣid śamyā śūrpa ūru ṛktha
kuṇḍa	35	UTTARAPADA	agni amṛta asthi ayas bhramara brahma bāhya candra deva divya durgā homa jambha kāma kārttika kṣīra mahā maṇḍa mṛgī nandi naraka nīla padma rāja sa stana sītā taila tāmra vahni vipra yajña yoni śiva śrī
mada	35	UTTARAPADA	akṣa bala danti dhana dur eṇa gaja gṛtsa hasti indra kastūrikā kumbhi kuraṅga lavaṇa madhu mahā mṛga nir para pāna sadā saubhāgya soma sthira su sukha surā tri tīvra varṣā vi vibhava vidyā yukta śrī
mata	35	UTTARAPADA	bahu bauddha bṛhaspati candra cārvāka deva devī guṇa jīrṇa ku kuṇḍalikā madhva mahā maya muni mādhu māyā nār nīla para pauliśa paśu prācīna pāśava siddha su sādhu sāṃkhya vaikhānasa vaiyāsika vapuṣ vrīhi vāsu vṛddha śākalya
roman	35	UTTARAPADA	bahu dīpta dīrgha hari haṃsa hiraṇya hrasva hīna hṛṣṭa kapota khara khaḍga kṛti mahā mayūra mṛdu netra piṅgala prahṛṣṭa pṛthu rudra sahasra saṃhṛṣṭa stabdha su suvarṇa svarṇa sūci sūcī vikīrṇa śaṅkha śiśu śveta śvāvid ūrdhva
siddha	35	UTTARAPADA	anubhava anyathā artha ayuta aśāstra loka mahā mantra nisarga nitya paṭhita prakṛti pratyakṣa punaḥ pūrva rasa saha saṃkalpa siddha smṛti su suvarṇa sva svayaṃ sādhu sādhya sāma tapaḥ vyākaraṇa vāk yathā yoga śrama śveta śāstra
stambha	35	UTTARAPADA	agni bandha bhuja dhanu dhanuḥ dvāra eka hanu hṛt jahi jala jaya jihvā kanaka kula kāṣṭha kīrti mahiṣī manyā maṇi netra niḥ parigha pāda rambhā raṇa smara su uraḥ vāk śilā śāla śālā ūrja ūru
bindu	34	UTTARAPADA	bhakti brahma bāṣpa candra dharma dvi gharma hiraṇya jala kuśa kāma nyāya pakṣa prasveda rakta rudhira sa saro senā siddhānta suvarṇa svarṇa sveda tṛṇa uda udaka uru vāri vīdhra śaśa śaśi śaṃkara śūnya ṣaḍ
jātaka	34	UTTARAPADA	agra brahma bāla bṛhaj catur gaurī hillāja janma jāra kerala laghu mahā manuṣya māla mṛta nakṣatra naṣṭa padma puruṣa pārāśara ratna rāma strī su svalpa sāma sūkṣma tri vāmana vṛddha yama yavana yoginī śuka
kanyā	34	UTTARAPADA	abdhi anṛtu bhadra bhagīratha bhoja bhujaṃga dakṣa deva dik gaja gandharva gopa gṛha jahnu kalinda kroḍa kula kāśi mṛtyu nāga paura phaṇi rāja sama sindhu soma su vahni vaiśya vipra viṣa yoga śaila śūdra
kathā	34	UTTARAPADA	artha avatāra bṛhat damayantī dharma dhātu dhṛṣṭaka gupta guṇa haritālikā hāsya kathaṃ khaṇḍa ku loka mugdha nīti para prabhu praśna purā rāja rāma rāmāyaṇa sat smara su svaira viśrambha viśva vāda vṛthā śaṃkara śūdraka
kumbha	34	UTTARAPADA	asthi ayas bhadra bhinna ghṛta hasti hema jala kari kuca madya payas pāna pūrṇa rajata ratna rikta sampūrṇa sneha snāna stana surā tapta uda udaka veda viṣa vāta āma śata śiti śrīmat śāta śīta
kāṣṭha	34	UTTARAPADA	agni arka bhadra brahma danta daṇḍa deva dāha dīrgha gandha kāka kṛṣṇa laghu padma pīta pūti rakta raṅga rāga samit sarala saṃdhi su sura tantra tantu tṛṇa vahni vipra viṣa ārdra āsaṅga śreṣṭha śuṣka
mānasa	34	UTTARAPADA	ananya anya dakṣiṇa dhruva duṣṭa dīna hata hṛta hṛṣṭa khinna krūra kṣudraka laghu niṣṭhura paridīna prayata priya prīta pūrṇa rata samprakṣubhita samprīta satata saṃlīna saṃvigna saṃyata siddha su uttara vismita viṣṇu vyākula yata śuci
nadī	34	UTTARAPADA	aśva aṃśu brahma cakra dadhi deva divya dyu giri hari jambū ku kuṇḍa kṣudra kṣāra kṣīra luṇṭha mahi nabho nada naga nāka preta ratna sura svar sītā uṣṇa varṣā vetra vi vibudha viśvāmitra viṣṇu
nābhi	34	UTTARAPADA	anupūrva anya apūpa avāṅ bisa cakra ghana hema ku kuraṅga maṇḍala mṛga nata nimna nir padma rajata ratha sa su suvarṇa svara tri ubhayato unnata upari uttara vatsa viśva vṛddha vṛṣa śaṅkha śiva ūrṇa
paṭa	34	UTTARAPADA	antaḥ avaśyāya avi bahiṣ citra cāpa dhanuḥ dhanuṣ dhvaja dhṛta karpūra kaṭī ku kāṇḍa mahā marut mukha nāndī nīla puṣpa rakta saṃnipāta sita sthūla tiras uttara vadhya vaktra vāta yama ānanda śuddha śveta ūrṇa
praśna	34	UTTARAPADA	antara ati bādarāyaṇa daiva deva dharma divya kuśala kāma mahā mantra milinda mūka nakṣatra naṣṭa paśu prati priya ramala ravi rudra rūpa soma su sukha svāgata sākṣi vācika vārāhī vārṣika yakṣa śrauta śrī śākunika
rūpin	34	UTTARAPADA	anya avyapadeśa bahu baṭu caura chadma divya dīpta gaṇa ghora haya kaca ku kuñjara kāla kāma mahā mṛga naraka sa samūḍha sarpa sarva sva svarṇa sādhana tathā tīkṣṇa viśva vyakta vāmana śeṣa śiṣya śuddha
tvac	34	UTTARAPADA	asthi bahu brahma bṛhat citra dhānya dṛḍha gandha gaura ghana go guḍa hari hiraṇya kapittha khara kirmīra krakaca mastiṣka meḍhra mṛdu picchila sa su supta surabhi sūrya tanu vara viśāla śallakī śilā ślakṣṇa śleṣmātaka
baddha	33	UTTARAPADA	asi chando daśa deha dur dṛḍha grīva guṇa jāla kāma loha mantra marud megha nava paryaṅka pañca pāda pāśa roma rīti sneha su sukha svara tala tāla vāg śarīra śata śloka śreṇi śṛṅkhala
bhaya	33	UTTARAPADA	ahi anāvṛtti bṛhad daṇḍa hrī jagad kṛta mahad mahā maraṇa mṛtyu nir prati prayāga prāṇa ripu roga rug rāja rāṣṭra sa salila tvad vahni vi vigata vipramukta vyapeta vyādhi vīta vṛka śastra śānta
dhanvan	33	UTTARAPADA	abala asthi avatata bhīma chinna dṛḍha gāṇḍīva gṛhīta hema iṣu kusuma kṛta kṣema kṣipra maru nāga puṣpa seṣu sthira su svādu tri tuṅga ugra vi vilāsa vitata vīra ājya śaila śata śārṅga śūla
dhāna	33	UTTARAPADA	agni aila aṃśu bhāga garbha havir kaṇṭha khala kṣura madhu maṇi maṣi mālu nai parī puro pāṃsu rajju rāja samavatta soma surā tiro uda vasu viṣa vāla vāṭa yātu śara śarkarī śava śaṅku
dhāraṇa	33	UTTARAPADA	astra asu bhasma cakra chattra citta daṇḍa deha garbha hasta hema jala kanthā keśa kirīṭa kuṇḍala kāṣāya liṅga mudrā prāṇa puṣpa pātra tad tulā vajra veda vrata vyoma vāyu śastra śruta śubha śvāsa
hita	33	UTTARAPADA	antar arśo bhuvana brāhmaṇa cano catur deva dur go guhā hita locana loka menakā netra pada para paraspara pauro prajā priya prāṇi pura puro purā sarva satya su sva tiro vi ātma āvir
matī	33	UTTARAPADA	abhrātṛ bhartṛ bhukti bhuvana bhā dhṛta go ikṣu jaya kacchū kakum kareṇu karkandhu kukṣi lāla mañju mukti nāga pati pīlu rūpa sthāṇu sābhra sūrya sūti vadhri vasu vedi vāṅ vīra yaśo śubhra ūti
māṃsa	33	UTTARAPADA	agra anupākṛta chāga danta grāmya khaḍga laghu lūna madhu mahā matsya meṣa mṛga nara nir nṛ prati pūti pṛṣṭha rohi sadyo supta sva takra vi vṛthā āma ānūpa śiti śuddha śuṣka śva śūlya
pattrī	33	UTTARAPADA	abhīru ajina bhakṣa bhīru bhūta catuṣ caṇa chinna chūrikā dhīra dravat dāru gaṅgā jāti jātī khadira kṛtti kṣudra laghu marakata pāṇḍu pūta raṅga tata tithi tṛṇa varāha vārāha vīra āśu śamī śikṣā śūla
pāṭha	33	UTTARAPADA	artha bandi bhāga bāla caṇḍī dhātu dīrgha gaṇa jaṭā khila krama likhita mantra meda pada pattra prakṛti pramāda rudra saha sakala samyak saṃhitā stotra svayam varṇa veda viloma vārttika yathā śabda śānti ūrdhva
samaya	33	UTTARAPADA	asta bhojana dharma garbha ghana grīṣma hemanta lagna mahā mithaḥ naktaṃ pada prabhāta pradoṣa prasava puṣpa pūrṇa samṛddhi saṃdhyā stanita surabhi sāyantana tarka uṣṇa vaināśika varṣā vasanta vivāha viṣuva ārya śarat śiśira ṛtu
vastra	33	UTTARAPADA	anna antar danta dig divya dvi eka jīrṇa kaṣāya ku kāśika kāṇḍa kṛṣṇa nava netra nir nīla nīlī paṭṭa phuṭṭaka prayata samudra saṃyata snāna snānīya su uttara vadhū vara vi ācchādana śikyaka śukla
vin	33	TADDHITA_SUFFIX_EXT	atejas aṣṭrā bhrājas dhanvā enas haras kanīyas mahas manas medas medhā mekhalā māyā namas payas preyas rajas rakṣas retas rujā sabhā srag stukā sāman tapas taras tejas vacas varcas vāg yaśas ātman ūrjas
vyūha	33	UTTARAPADA	andha bala bhaya cakra caraṇa catur daṇḍa dvir eka garbha gaṇa gaṇḍa ghana karaṇḍa kāraṇḍa kāya lalita mahā nakṣatra nava nāma padma prabhā senā srug trir vajra vatsa vimala vīra śakaṭa śobhana śubha
yaṣṭi	33	UTTARAPADA	asi aṅga bhuja bhāra brahma carma cāpa deva dhanur dhruva dhvaja eka gātra hiraṇya hāra ikṣu indra ketu kratu kṛpāṇa latā madhu maṇi nāga rakta ratna tri tulā veda vetra veṇu vāsa śarīra
bhavana	32	UTTARAPADA	amṛta antar asta bahir brahma cara deva devī dhātṛ dvādaśa garbha kamala kula latā lākṣā madana morāka rati ripu rāja sudhā sundarī sura sūtikā tanaya vilāsa vyaya vāsa vṛkṣa yakṣa śakra śāli
bhāṇḍa	32	UTTARAPADA	agni aśoka bhagna bhikṣā bhinna bhojana bhrātṛ dadhi gandha homa kartana kṣura lauha madhu madya mahā maṣī mṛd nāpita nīlī putra pāka pāna sa sneha srug surā suvarṇa sāra tantrī vi yajña
caritra	32	UTTARAPADA	bhoja bhānu bilhaṇa buddha caitanya dhammilla duṣṭa ku lakṣmī mairāvaṇa muktā nala nemi puruṣottama rāghava rāvaṇa sac spanda strī su sādhu uttama vaiśya vicitra vikrama vikramāditya vyāsa vīra śaṃkara śibi śiva śānti
cit	32	UTTARAPADA	agni alaja amṛta asthi cakṣuś chandaś droṇa duś huraś karma kaṅka kuṣṭa mahā manaś paśu prauga prāṇa pūrva sa sac tapaś tri vidyā vipaś vipra vāk śmaśāna śrotra śyena ūrdhva ṛta ṛṇa
dhenu	32	UTTARAPADA	asi ati dadhi dharma dhānya eka ghṛta go guḍa homa jala kalpa khaḍga kāma kāruṇya kṣiti kṣīra lavaṇa madhu mārga punar puṭa pāra rasa ratna suvarṇa svar tila vana vaḍaba viśva śarkarā
diś	32	UTTARAPADA	agni agṛhīta antar antarā avāntara aṣṭa aṣṭā buddha daśa eka gṛhīta hari koṇa mahā pināki pratyag prāg pūrva sa sthāṇu tiryag uttara vi vāsava vāyu yama īśāna śakra śikhi śiva śākrīya ūrdhva
gandhā	32	UTTARAPADA	aja aśma aśva basta bhasma bhūri bhūta deva dāru havir ibha khara kṛṣṇa mārjāra mīna nāga sarja sarpa saumya tikta tīvra tṛṇa uṣṇa vyakta vyāla vāji vṛṣa vṛṣya yojana śiśu ṛkṣa ṛśya
ghātin	32	UTTARAPADA	amitra andhaka ardhaka brahma chadma go grāma guṇa jagad jīva kumāra kāla kṛmi marma matsya mātṛ mīna pitṛ pitṛvya pratī prāṇi ripu sahasra timi tiryag viśvasta viśvāsa viṣa ātma śatru śaśa śīrṣa
hrada	32	UTTARAPADA	ahalyā ahi amṛta bhadra bindu brahma cakra deva dākṣi gaṅgā ghṛta jala kanyā kaṅka kṣīra madra mahā markaṭa nāga rukmiṇī rāma rāvaṇa sudhā sundarikā tanu tanū vāsuki śata śaṅkha śāta śīta ṣaṣṭi
kratu	32	UTTARAPADA	adbhuta adhvaryu adṛpta amita antaḥ asarva avārya bahiṣ dakṣa guru hīna iha kavi mahā purastāt pūta sa sambhṛta sarva soma su tathā tuvi vara vareṇya vṛṣa yajña yat yathā yāvat śata ṛju
kīṭa	32	UTTARAPADA	bahu bhramara bāhu jāla kala kamala kaṭu keśa kuṇḍa kāṣṭha kṣāra kṣīra loma madya nāra padma pakṣi prabhā puṣpa pāṭala pūti sa taila talpa tantu vajra vasu vīra yama śakṛt śūka śūra
malla	32	UTTARAPADA	aśoka bharata bhaṭṭa dvija gaja harṣa hasti jaya jaṭa kalyāṇa kaṭāra kedāra kroḍa kāṣṭha mahā malla māṇikya nāga nātha prati pṛthvī rakṣā raṅga ripu rāja siṃha sūrya tri vijaya vīra yakṣa śara
puṣpaka	32	UTTARAPADA	alpa amara candana chattra cāmara giri guccha gūḍha hema jīrṇa kramuka kuśa kāñcana lohita lomaśa maṇi mukha muni mṛdu pattra piṇḍa rakta rodhra su tila tāla varṇa viṣa śiva śoṇa śveta śīta
rekhā	32	UTTARAPADA	bindu brahma bāṇa candra citra hasta indu jala kanaka kāma lalāṭa lamba madana madhya madhyama megha mukha mṛti padma pattra pāṇi ratna saṃkoca svarṇa vakra varṇa vibhāga viṣuva yati śaśi ūrdhva ṣaḍ
sindhu	32	UTTARAPADA	bhava dharma dugdha dyu gagana hāyana kha kṛpā kṣāra kṣīra lavaṇa maryādā muhūrta nabhaḥ pāna pāre rasa saktu siddha siddhānta sikatā sita smṛti soma sudhā sura svaḥ sāra viveka vivāda vyādhi vṛnda
sneha	32	UTTARAPADA	apatya asthi baddha bhartṛ bhavat dadhi dvija gupta jāta kaṭu kṛta mahā mastaka mitra māṃsa niḥ nāḍī phala piṇḍita prati putra sa sakhī sambhṛta sarṣapa sodara sodarya tila uddhṛta vigata viṣaya vṛkṣa
stoma	32	UTTARAPADA	ahaḥ bhūmi bṛhaspati eka go indra jyeṣṭha kali kṛta mahā marut muhūrta māsa mṛt nakṣatra paśu pitu pratīcīna punaḥ pṛṣṭhya saha sarva stuta tretā vaiśya viṣuvat vrātya yama āpta śukra ūrdhva ṛṣi
svana	32	UTTARAPADA	adbhuta bahu bhaṅgā bhidura citra dundubhi duḥ ghana ghaṇṭā hanu harṣa janita jīmūta kala kara kuhaka madhura mahā mandra mañju mṛdura nemi niḥ prāṇi ratha sa su taṭataṭa tāla uru vāta śaṅkha
tṛṇa	32	UTTARAPADA	bahu bahula barhis bhū bhūta bāla bṛhat chadis dhūpa dīrgha dṛḍha gandha guḍa harita jagdha kara ku lavaṇa loṇa madhu mālā parvata puṇya pūta sa sarpa snāna su veda vi vīra śūka
yuj	32	UTTARAPADA	aruṇa arśo asthi aśva bha brahma catur dharma dur jayana mano mitra nitya nṛ prātar prīti puṃ rakṣo ratha rāga sa saha su suruṅga sva sākaṃ vaco viṣvag vrīḍā yoga yuvā ṛta
śāsana	32	UTTARAPADA	bhīma brahma dauḥ dharma duḥ jina kali ku kāma kūṭa mahanīya mahā nṛpa para prati prākṛta pura pāka rakta rukmi rāja smara su sāmānya tāmra ugra ullaṅghita varṇa vastu śabda śākya śūdra
bali	31	UTTARAPADA	bhūta bhūti brahma bāhu deva dur gṛha hanumad kāka kāpila mahā nara nāga nārāyaṇa paśu puṣpa pāka rudra sa sarpa saṃdhyā surā sūrya vāg vīra yakṣa īśāna śaka śata śivā śrī
bhūti	31	UTTARAPADA	agni amogha aryama bhava bhṛta brahma candra deva hala indra kāṇa maru megha mitra phala pitṛ puṣpa ratna raṅga rudra saha su sva vasu viyad vyāghra vāyu āvir āṣāḍha śiva śvo
devata	31	UTTARAPADA	agni anya apratta bahu bhaga bhṛgu dvi dūre eka guru kiṃ nakṣatra nānā paśu pitṛ puṃ pṛthag rātri saha samāna sarva savitṛ soma strī tad vasu yad yama āditya āpo ṛtu
devatya	31	UTTARAPADA	ahirbudhnya anya apitṛ asmad bahu bhrātṛvya dvi eka etad kiṃ nānā pitṛ rakṣo samāna sarva soma sūrya tad tvad tvaṣṭṛ uṣo varuṇa viṣṇu vāg yad yajamāna yama yāvad āpo śānta ṣaḍ
loman	31	UTTARAPADA	aja ajāta akṣi asi aśva babhru bahir dṛḍha go hari hiraṇya kakṣa khara kroḍa mahā sa siṃha su urasi uttara uḍu vyāghra vāri vṛka yakṛl āsya śalya śara śaśa śvāvil śārdūla
maṅgala	31	UTTARAPADA	anaṅga avataraṇa avighna aṣṭa bilva caitanya dur godāna jaya kautuka kṛta mahā māla prathama pāna racita rakṣā raṅga rāma sahasra san sarva saṃdhyā smaraṇa stuti su udvāha yātrā śrī śubha ṛtu
māsa	31	UTTARAPADA	adhika ardha candra catur cāndra deva garbha gharma karma kṣaya lagna madhu makara mala mṛga paurṇa prasava prati puṣpa pūrṇa rāja saura surabhi sutyā sūrya sūti sūtī vasanta vidhu śiśira ṣaṇ
nārāyaṇa	31	UTTARAPADA	agni badarī bhaṭṭa bṛhan darpa hara hari jaya lakṣmī mahā nara naṭa naṭṭa niśā prema prāṇa rudra rāja rāma rūpa satya saṃgīta siddha sūrya uttara vyāsa vīra yajña śaṃkara śeṣa śiva
padī	31	UTTARAPADA	bhagavat catuṣ droṇa droṇī dugdha ghṛta godhā guṇa kalaśī krauñca kroñca kumbha kuṇi kṛṣṇa muni pārāpata pārāvata rakta sthūṇā sūcī sūkara sūtra tīrṇa tṛṇa yajña śakṛt śata śatā śrī śuci śūla
stava	31	UTTARAPADA	bhairava deva durgā hari karma karpūra kālī laghu lakṣmī mahima maṅgala mithyā pañca pañcamī prasāda ruci rājñī sapta sarasvatī saṃketa sītā vaikuṇṭha viṣṇu vāmana ātma āñjaneya śiṃśumāra śrī śānti śāradā ṛṣabha
sthalī	31	UTTARAPADA	ambara aṭṭa dāṇḍāyana ghoṣa hṛdaya kanaka kaṇṭaka kaṇṭha keli mahā maru māhiṣa māṣa nitamba prasava pratyak puñjika rāja samudra tri vadha vana vasu vihāra vyoma vyāsa ānaka śama śaśa śubha śādvala
vadhū	31	UTTARAPADA	amara bhrātṛ deva dig dyu gaja gandha gopa ku kula kuraṅga mugdha mṛga nava nāga pura putra sarid sura svar svarga svargi vahni veśa vidhi vidyā vraja vyāghra vāra śarad śukti
vicāra	31	UTTARAPADA	bhāvanā bādha dharma dur dvaṃdva jāti jīva kāraka nir pallī prayāṇa rūpa sa saṃgati saṃnikarṣa sevā su sāhitya sāmagrī varṣa vastu veda vidhi virodhi viṣaya vāstu vīpsā yoga śakti śaṅku śākuna
viṣa	31	UTTARAPADA	agha ati daṃṣṭrā dhārā dhātu dur dṛg dṛṣṭi jīrṇa karkoṭaka karṇa kāla loma lālā lūma lūna mahā manda mūtra nakha naṣṭa netra nir prati sa tīkṣṇa vīta āśī śava śaṅkha śṛṅgī
yaśas	31	UTTARAPADA	ati bhagīratha bhaṭṭa brahma cāru deva dharma dur dīrgha hari hasti kṛta mahā mṛṣṭa nandi prathita puṣya pṛthu rāma saha samṛddha soma sphaṭika su sva svar viśva viṣṇu āditya śakti śrī
yātrā	31	UTTARAPADA	ati bahir bṛhad daṇḍa deha deva dig dola dolā gaṅgā ghoṣa jala janya loka mahā malla nitya prāṇa punar ratha rāsa samudra snāna svalpa tīrtha vara vasanta vihāra yoga yāna śarīra
bhaṭa	30	UTTARAPADA	bhadra bhīma bhū cāra cāṭa hari jaya kula mahā nāga prati pāda raṇa rāja samara siṃha skanda su sva sāra tāla ugra vyāghra vāg vār vīra yama yāmika ārya śatru
bhuja	30	UTTARAPADA	bahu bhadra bhīma bṛhad catur dvi dvādaśa dīrgha hauta lagna lolad mahā nir pañca pralamba prati prājya sahasra samucchrita sthūla su tri uccair vakra viṃśati vīra śrī śṛṅga ṣaḍ ṣoḍaśa
dīdhiti	30	UTTARAPADA	ahima amṛta caṇḍa dhṛta gharma ghṛta hima iddha mantra maṇi nava pratiṣṭhā sahasra sapta saṃskāra saṃvatsara sita sudhā svarṇa tigma tuhina udīrṇa uṣṇa varṣa vi vipanna vyavahāra śiśira śrāddha śīta
gocara	30	UTTARAPADA	bhūmi bāṇa cakṣur darśana dhyāna dṛg dṛṣṭi graha indriya karṇa kāṇḍa locana nayana netra pānīya pāpa raṇa saṃtrasta su sva vacana vana viśva vāyu īśa śabda śara śmaśāna śravaṇa śruti
grāhin	30	KRT_STEM_MEMBER	artha asad bhāva brahma dhanur dhātu doṣa dṛḍha gandha guṇa hṛdaya kara khaḍga mano pakṣa pallava phala strī sāra tri tṛṇa vacana vana vinaya vyāla ātma śastra śulka śūla ṛṇa
gītā	30	UTTARAPADA	agastya bhagavad bhagavatī bhṛgu bodhya brahma datta guru hari jānakī kapila laghu nārada nārāyaṇa pāṇḍava rāma siddhānta smṛti sāra uttara vidyā vyāsa yama īśa īśvara śaṃkara śiva śiṣṭa śruti śyāmalā
hantṛ	30	UTTARAPADA	aśva bala bhrūṇa candra daitya dharma garbha go keśi krodha kuṣṭha kārya kṛmi madhu mala mṛga pralamba pāka sainya sasya strī sva vighna viśvāsa viṣa vyādhi vāli vṛtra vṛtti śatru
kumāra	30	UTTARAPADA	agni anila asura brāhmaṇa danta dik dvīpa gaṇa grāma krīḍā mahā muni nanda nāga nātha rudra rāja rājanya rāma sampat sanat stanita strī su svāmi taḍit vahni viproṣita ārya śakti
mala	30	UTTARAPADA	anna arṇava ayo bahu cakṣur danta dhātu dina jihvā karṇa kāca kāṃsya lauha loha makṣikā netra nir nāsikā rasa rasanā siṃha toya tri tvaṅ vasti vi vīta śanna śilā śānta
nāga	30	UTTARAPADA	abhra aśva bhava bhū brahma dhīra dig diṅ durga go hasti kula kṣiti mahā malla manda matta maṇi piṅgala prati puṃ pāṇḍu rati ravi saṃkīrṇa su tantu vasu śeṣa śiśu
pañcaka	30	UTTARAPADA	amla artha baka bhīṣma dhanvantari dhānya dhāṭī manīṣā nimba pada pañca ratna samanta soma sopāna sva sādhana sūkta tri upadeśa vairāgya viṣṇu vyoma vyāpti vāyu yati ārogya ātma śaiva śikṣā
paṭṭa	30	UTTARAPADA	aṃśu carma citra cīna dhara dharma dukūla dvāra gaurī kāṣṭha lalāṭa lūtā nīla prasāda rāga rāja sthūla trapu tālī tāmra uṣṇīṣa vaktra vraṇa vīra yoga śaṇa śilā śiraḥ śukti śāri
samuccaya	30	UTTARAPADA	bharata dravya jñāpaka kriyā lakṣaṇa mantra nakṣatra nāḍī nīti pramāṇa pratiṣṭhā praśna purāṇa rasa ratna saṃdeha saṃjñā smārta smṛti svara sāra sāraṅga sūtra vacana viṣṇu vyavahāra vāstu śikṣā śrāddha ṭīkā
sattva	30	UTTARAPADA	abhraka adīna alpa antaḥ asaṃjñika bahu bhīru bodhi deva dhīra duḥ dīna gata kalyāṇa laghu mūḍha niḥ paridīna sa samyak sarvatra sthira su udāra uru vajra vinīta viśuddha śrita śuddha
tilaka	30	UTTARAPADA	araṇye doṣā eṇa graha karpūra kha kula kāca kāśikā lodhra nyāsa pratiṣṭhā praśna prācīna raghu sindūra sāmudra vasanta vi vidhāna vihīna vipina viveka vyavahāra vyāmṛṣṭa śrāddha śārada śāradā śṛṅgāra ūrdhva
vayas	30	UTTARAPADA	adhika alpa avara bṛhad carama dvitīya gata jyeṣṭha kaiśora madhya madhyama nīcā nūtna pakṣya pati prabhūta prathama pūrva sa samāna su svalpa tad tri tulya viśva vṛddha yathā ūrdhva ūḍha
yuga	30	UTTARAPADA	ambara antya brahma caraṇa catur daitya daiva deva dharma dur go kali karma krośa kṛta mahā manu pañca ratha sahasra sama satya saṃsakta tretā tri upānad uru uttara vipatha vāso
śrāddha	30	UTTARAPADA	daiva darśa hasta hiraṇya iṣṭi kāmya lavaṇa māsika mātṛ naimittika nava nitya nāndī phalgu pitṛ preta prīti puṣṭi pārvaṇa pātheya sāma sāṃvatsarika varuṇa viṣṇu vṛddhi yajuḥ yātrā āma śuddhi ṛṣi
śūla	30	UTTARAPADA	akāṇḍa ayaḥ danta dhūmra dik dvi eka gṛhīta hṛdaya karṇa kaṭi keśa kukṣi mastaka mūtra pakti prota pārśva rakta saṃdhi tri udyata uraḥ vi vipakṣa viṭ vāta āma śiraḥ śmaśāna
bhairava	29	UTTARAPADA	baṭuka bhūta kala karāla kaṅkāla krodha kāla mahā manthāna muhūrta māyika nasya pracaṇḍa prati praśna ruru saṃhāra su svara ucchuṣma ugra unmatta varṇa vijaya vijñāna yajña ānanda śambhu śuddha
jyā	29	UTTARAPADA	agra apama ardha bhuja bāhu cara cāra dhanur dig dor dvi dyu dṛg eka jina koṭi krama krānti ku kṣiti lamba madhya nata parama tiryag tri udaya utkrama uttara
kavi	29	UTTARAPADA	bhāratī bāla candra dhārayat hari indra kapola ku kāla lopāmudrā mahā maṇḍala mucukunda mūka puṇḍarīka sat soma su sūrya uddaṇḍa vartamāna varṇa vāṇī ādi ādya āmra āśu śaṃkara śleṣa
loha	29	UTTARAPADA	anya aṣṭa bhūri dīpta kapi kapila kāla kānta kṛṣi kṛṣṇa mahā muṇḍa nir nīla pañca piṅgala pāṇḍu pīta rasa ravi rukma sarva su sāra tapta tri tīkṣṇa vahni varta
mandira	29	UTTARAPADA	antar arṇava avaskara bali devatā hari indirā jala jīva kalyāṇa keli lakṣmī līlā madhya medhya māna nṛpa pitṛ rati rāja smara sundarī sura vidyā vilāsa viṣṇu yama śava śāśvata
mayūkha	29	UTTARAPADA	ahima dāna hima khara kāla mantra nīti pratiṣṭhā prayoga pīyūṣa samaya saṃskāra sthūṇā sudhā tuhina uddyota utsarga vrata vyavahāra ācāra śata śaśi śiśira śrāddha śuddhi śveta śānti śīta ṣaṇ
mūrdhan	29	UTTARAPADA	adri asta aśma bahu dina dvi eka gagana hiraṇya kumbha mahā muṇḍita naga nata raṇa roma sahasra samanīka samara samāna saudha saṃgrāma saṃyuga tapur tigma tri yan śakra śata
rajas	29	UTTARAPADA	abhūta agni amūrta ayo bahu bhṛṅga danta dṛṣṭa go jāta loha mahī majjā nabho nava nimba nī paro puṣpa pāda sa strī su tāmra varāṭaka vyutkrānta vīra śaśa śānta
ratnā@valī	29	UTTARAPADA	bhaiṣajya bhakti bhāṣya dhātu hasta haṭha jñāna karma krama kṛtya nāma pada parva prasaṅga prayoga praśna saṃgīta siddhānta smṛti vaidyaka vrata vyākhyā vyākhyāna vāda vṛtta yantra yuddha śakuna śiva
saṅga	29	UTTARAPADA	asat aṅga citra dharma duḥ gata go guṇa jita karma manaḥ mukta mātrā mūtra niḥ prā ratha sa sat saṃsāra strī su sukha tadīya tṛṣṇā viṣaya viṭ vāk vāsara
soma	29	UTTARAPADA	ardha ari avanti brahma bṛhat candra deva dhānā dūrvā gandha hari kīrti mahā nṛ paśu prathama prāk rudra sa saha samṛta surā suta tīvra vi vīra yajña śruta śānti
sārathi	29	UTTARAPADA	anila anūru aruṇa dahana damya dharma go indra karma ku kṛṣṇa madhu mahā mātali nau pārtha pārṣṇi ratha ravi sa saṃsāra su sūrya vi vākya vārṣṇeya vāta yajña śakra
tanu	29	UTTARAPADA	agni alpa ardha aśīta citra dīrgha gharma hṛṣṭa kara kaṇṭa kiṃ ku līlā nānā priya sa sarpa sarva su tapas trayī tāmra vara varṇa vi vihvala viśva vāmana śaṃ
tra	29	TADDHITA_SUFFIX_EXT	aneka apara aṃsa aṅguli bahu caraṇa dvi giri go hasta iha itara kaṭi marma para pāda pārṣṇi pūrva samāna sva tala tanu tvak uras uttara vadha varṣa ātapa śiras
varcas	29	UTTARAPADA	agni anūna aviddha baddha bhinna bhūri brahma dasma dhūma gāḍha gūḍha hata mitra muṣṭi padma paṇya pāvaka sahasra samāna soma su sukha sura sūrya vi vidyud śreṣṭha śuci śukra
vatsa	29	UTTARAPADA	baddha bāla candra ghṛta go kuru kutsa kāma maṅgala nitya paurṇa pauṇḍra punar puro puṃ pāri pṛṣad ruśad rāja sa saha siṃha surabhi tila tri uraṇaka vi vyāsa śrī
veṣa	29	UTTARAPADA	avadhūta chadma citra cāru go gopa gupta keśa kṛta muni mṛgayā padma parī prāg prātar puṃ rāja sa sama su sādhu unmatta uttama vibhinna vinīta vivāha śuddha śṛṅgāra ṣaṇḍha
śuddhi	29	UTTARAPADA	asthi bhāva bhū bhūta buddhi danta dharma dravya gṛha kara kośa koṣṭha kāya lagna mala mukha nyāya nāḍī preta pātra rajaḥ sadyaḥ saṃdarbha sthala tulya vaira āhāra ātma śabda
śākhā	29	UTTARAPADA	aśvattha bhāllavi bāṣkala dhanuḥ dvāra kara kaṭha khaṇḍa kāṇva kāṇḍa maitra maitrāyaṇī maitrāyaṇīya parṇa plakṣa prati pāda skandha taittirīya vajra veda vetasa vājasaneya vājasaneyi vṛkṣa āśvalāyana śaiśira śaiśirīya śākala
bha	28	UTTARAPADA	agni antya bhujaṃga candra cara deśa guru indu janma kaṇa ketu kha koyaṣṭi kṣudra madhya maitra mitra nīla prāti su tantu tri tuṅga vasu viṣṇu vāji vāsu śatru
ccheda	28	UTTARAPADA	aṅka bhakti bhava dhyāna gharma guṇa kaṇṭha klānti marma māṃsa mūla nakha pada pattra prāṇa prīti pāṭha sa sama saṃdhi saṃśaya sneha sthāṇu suṣira vana vṛtti śīrṣa ṛṇa
cūḍāmaṇi	28	UTTARAPADA	cakra candra chandaś hara horā kula mantra muhūrta nyāya prayoga praśna rasa rāja samāsa satya saṃgraha siddhānta svaś sāhitya tantra tarka tārkika vidagdha vipra viveka vrata yoga śleṣa
dhi	28	UTTARAPADA	ambho ambu bāṇa deha dhanva garbha go iṣu jala kīlāla kṣīra nīra parva parṇa payo puccha pātho su toya uda utsa vāla vār vāri śara śeva śiro śruta
gaṅgā	28	UTTARAPADA	abhra ambā antar ardha bhaviṣya bāṇa cela giri kha kāla kṛṣṇa mahā nīla pañca pātāla pūrva rāma rāvaṇa siddha svar viyad viṣṇu vyoma vṛddha ādya ākāśa śiva śveta
karṇī	28	UTTARAPADA	adri aviddha ayas giri khara kāla kṣura laghu mārjāra mūrdha mūṣaka mūṣā mūṣīka naga payas sita sthāṇu tāmra undura vārāha vāsa vṛṣa ādi ākhu śilā śiva śuka ṛkṣa
kāraṇa	28	UTTARAPADA	asamāna dharma jagat kiṃ kopa kārya mada mahā mūla nimitta niṣ pratyaya priya pūrṇa sa samavāyi samāna sarva siddhi sindūra stambha svāmya upādāna vaira vi viśvāsa ādi āyuṣ
medha	28	UTTARAPADA	apakrānta aśva catur dur gavām go gārha gṛha hari haya mahā mita nara nir nār nṛ paśu pitṛ praiya preta priya puru puruṣa sarva su utkrānta vāji ūrja
nakha	28	UTTARAPADA	agra ayamita baka cakra daśa dru druma dvīpi dīrgha galita giri guḍa hasti koka ku kḷpta kṛta mahā nīla pañca pāda pāñca taru tāmra vajra vyāghra vyāla śaṅkha
padma	28	UTTARAPADA	alpa caraṇa daśa hṛt jina kara lekhya līlā mahā maṇi mukha nīla pada pravāla pāda rakta sa sita sthala su suvarṇa sūcī vi śarat śata śoṇa śrī śveta
paṭala	28	UTTARAPADA	akṣa akṣi bhairavī bhṛgu dhūli gṛha hanumat jaṭā kṛt kṣaudra madhu marīci muktā nīla nīti pañca pāṃsu rajaḥ rāma samāsa saṃkrānti siddhānta timira vagalā varṇa vivāha yakṣiṇī śānti
prabhā	28	UTTARAPADA	acira agni alaka ambara anala bhakti cit dhūma dina indīvara jvalat kapi kaumudī maṇi paṅka sat sva tama taḍit trailokya vasu viṣuvat vālukā ānanda śarkarā śrāddha śuddhi śāstra
prakṛti	28	UTTARAPADA	anila antaḥ artha aśuddha bahu bhūta bāhya cala dravya duṣ jaḍa manuṣya mohana mūla namra pitta pum rāja saha sapta stobha tṛtīya varga virakta viśuddha yathā śākhā ūṣma
raṅga	28	UTTARAPADA	adbhuta anaṅga carma karma keli kārma mahā matsya mīna nava naṭa nāga paścima paṭṭa pāṇḍu pūrva raṇa rāja sa sneha su vi vinoda vāda vāta yoga yuddha śrī
ripu	28	UTTARAPADA	ahi andhaka arka asura aśva bahu baka chardikā droṇa hari krauñca kṛmi madana madhu mura māra mṛga naraka prati pāpa sura timira tāraka vibudha vyādhi vāha vṛtra śambara
taila	28	UTTARAPADA	aṇu bhallātaka cakra cañcala cañcu dīpikā eraṇḍa gandha gandharva hima kapi karpūra kaṭu kṣāra kṣīra lākṣā mahā māṣa nimba nārāyaṇa pīta sarṣapa tila tīkṣṇa viṣṇu vṛkṣa āmra śyāva
vidya	28	UTTARAPADA	alpa bahu bhūyo catur dhārma dur gṛhīta kiṃ kṛta labdha na nir pati putra sa sad samparipūrṇa samprāpta sampūrṇa samāna sarva sārva tad tri upātta vāstu ātta śūra
vāri	28	UTTARAPADA	candana dadhi ghana gharma hima ikṣu kara kha khadira khaḍga kośa kuśa kāraṇa kṣīra lavaṇa mada madhye nayana netra pakva paṅka surā sveda svādu tara vihāra ājya śrama
śāyin	28	KRT_STEM_MEMBER	adhaḥ ananta bhasma bila brahma eka gṛha jaghanya jala kuṇḍa madhya maṇḍūka mita prāsāda prāṅ pārśva pṛthak rata sthalī sthaṇḍila sukha taru upari uttāna viṣama vīra yoga ūrdhva
bhājana	27	UTTARAPADA	asṛg bhinna dīpa ghṛta indra jala kara kāca kārya kāṃsya madya nāndī piṣṭa prastara puṣpa pāna rajata sa seka su surā sva sāṃnāyya uṣṇīṣa vedi yajña śānti
bhānu	27	UTTARAPADA	ahi bṛhad cakra candana candra caṇḍa citra gharma go hari hima mitra pīyūṣa sahasra su sva svar sūrya tri vasanta viśva vīra vṛṣa śrī śubhra śveta śīta
dakṣiṇa	27	UTTARAPADA	alpa aśata bahu bhūri candra dhenu hasta hiraṇya mita nīta paryāpta paścima prayata prāg prājya pūrva sa sahasra samāna su udag vajra vi āpta ātma śata ṣaṣṭi
gava	27	UTTARAPADA	ayo aṣṭa aṣṭā bahu bhaima bhīma catur dhānya dvi dvādaśa dāra jarad kṛśa kṛṣṇa mahā parama pauro pañca punar puro puṃ sad su vana śaiva śūla ṣaḍ
jīva	27	UTTARAPADA	apatya araṇya astra ati bandhu dur gata go hari jagaj jīva kandarpa kumāra kuṭa mṛta nir priya putra pāpa rūpa sa sarva su tāmra viśva yudhā yāvaj
kapāla	27	UTTARAPADA	aṣṭa aṣṭā bhūmi dhanuṣ dvi dvādaśa eka kumbhī loṣṭa mahā manu nara nava nāra pañca piṭharaka pāñca rauhiṇa sapta tri vi āṇḍa śiraḥ śroṇi śīrṣa ūrdhva ṣaṭ
kṣāra	27	UTTARAPADA	amṛta bahu kanaka lavaṇa mahā mṛt nārikela pala pañca pāṃsu raṅga sa sarji sarjikā sarjī sarva sita stoma svarji tri vaiśvānara vajra yava śastra śveta śīta ṭaṅkaṇa
lābha	27	UTTARAPADA	abhīṣṭa artha bhoga bhūmi bhūri dig dur jina kaṇa labdha mitra mātrā prāṇa punar putra rājya siddhi su svarṇa uttama vidyā vṛtti yathā ātma śarma śrī śānta
meha	27	UTTARAPADA	amla bhasma haridrā hasti hāridra ikṣu kṣaudra kṣāra lavaṇa lālā madhu majjā mañjiṣṭhā nīla piṣṭa rakta sikatā surā sāndra udaka vasā vāta śanair śukla śukra śveta śīta
mudrā	27	UTTARAPADA	aṅguli bandha dhyāna divasa ghaṇṭā haima kapāṭa mahā mauna mukha nabho nāma oṣṭha pañca prati pāda ratna rāja saṃhāra siddhānta sāgara tapta tarka veṇu yoni śaṅkha śrī
mīmāṃsā	27	UTTARAPADA	bhakta brahma cakra citra dattaka dharma karma kāvya laugākṣi māsa māṃsa pūrva rasa saṃgīta saṃkara smṛti sāhitya sāpiṇḍya sāṃkhya uttara vrata śabda śrauta śruti śrāddha śulba śārīraka
parṇikā	27	UTTARAPADA	bahu bhṛṅga cañcu citra cuccu eka hasti jala kāma laghu madhu maṇḍūka pañca paṭu pṛthak pṛśni siṃha sura tri viṣṇu āditya ākhu śalya śara śimbi śrī śāla
prā@ṇa	27	UTTARAPADA	alpa apeta bahiṣ bala datta dīrgha gata jagat khara kṛcchra mahā manda mañju māhā māna nabhaḥ niṣ pare pañca priya sa sahasra sarva saṃyata svadhā tyakta vasu
sahasra-nāman	27	UTTARAPADA	bhairava bhavānī devī hanumat kālī lalitā mahā puruṣottama pārvatī reṇukā rudra rādhā rāma skanda sītā sūrya vagalā vināyaka viṣṇu viṭṭhala vāsudeva yugala śarabha śiva śyāmalā śyāmā śāradā
sava	27	UTTARAPADA	agni bahu bhūmi brahma brāhmaṇa bṛhaspati deva go indra kṣatra manu manuṣya odana prātaḥ pṛthi pṛthivī sahasra satya soma su sūta tīvra vaiśya vaniṣṭhu varuṇa vṛṣa ācārya
sparśa	27	UTTARAPADA	agni alpa atala ati aṅga bāhya duḥ duḥkha gātra indriya khara koli kāka manaḥ mātrā mṛdu niḥ sama su sukha sāndra udaka veda śava śukti śīta śītala
spṛś	27	UTTARAPADA	atala bahu bhuvi bhū bhūmi dina diva divi gagana ghṛta hṛdaya hṛdi kratu kṣiti mantra marma nabhaḥ praṇaya rajaḥ ratha sādana tamaḥ upari viśva vyoma śava ṛta
vāhin	27	KRT_STEM_MEMBER	ambu bhāra catur daṇḍa go kumāra loma madhu mala megha nara pañca phena praṣṭi roma siṃha sādhu udvega uṣṭra vega veṇika vāri vīrya yajña yoga śveta śīghra
śilā	27	UTTARAPADA	antaḥ antra bhadra candra citra cāru eka gaṇḍa jāta kṛṣṇa mahā manaḥ marakata maṇi preta pāṣāṇa ratna roga sphaṭika svalpa tīrtha vadhya vasiṣṭha viṣṇu śaṅkha ślakṣṇa śāsana
ṃ-gama	27	UTTARAPADA	avaśa bhuja bhāva bila deva diva hṛdaya jala jana makṣu mita nabhasa pakṣa plava prahita prava pūrva ramita samiti suta sāgara tura vaśa viha vismaya yudhi śūra
bhoga	26	UTTARAPADA	abja aṣṭa bhava bhukta deva eka ku kāma mahā mohana nir nāga paryāpta phala pratyakṣa punar rati rāja rājya rāśi strī sukha sāra vaśā vṛthā ādhi
cūḍa	26	UTTARAPADA	akṛta amla aruṇa bhadra candra dvi haṃsa kapi keśa kṛta kṣudra mayūra maṇi nāga pañca puṣkara ratna sthūla suvarṇa svarṇa tāmra vahni vāma vṛtta śaṅkha ūrdhva
daivata	26	UTTARAPADA	agni ahi anya apratta aryama bahu bhaga bārhad dig guru kula nagara pañca pitṛ rakṣo sa savitṛ tad vahni varuṇa vasu viśva viṣṇu vāyu yama śakra
dhārā	26	UTTARAPADA	amṛta asi asṛg aśru citta cāru ghṛta guhya kapila khaḍga khaṇḍa kumāra kuśa kṣura madhu pattra payo pīyūṣa soma sudhā uda udaka vana vaṃśa viṣṇu vār
gandhi	26	UTTARAPADA	alābu anna aukṣa bhrātṛ daur dhūma dur hṛdya karīṣa kuṇapa kuṣṭha malli padma puruṣa puṇya pūti su surabhi sūpa vasanta visra viśva vṛtta āma āñjana śaileya
jīvana	26	UTTARAPADA	aja anna astra bhavya dharma dāsa hata kaumudī megha mṛga mṛta nāga nāra prāpta puruṣa rasika rāma taru vaidya vaṅga vrāta vṛddhi vṛṣṭi yācñā śva śṛṅgāra
kṛcchra	26	UTTARAPADA	artha ati dharma ghāta go mahā mūla mūtra parṇa pattra prāṇa pāda ratha sa sarva saumya tapta toya udaka vāraṇa vṛddha yāvaka śiśu śrī śukra śīta
kṛṣṇa	26	UTTARAPADA	ati bāla catuṣ gaura hari jaya lohita mahā paraḥ pañca phala prāṇa pāka rakta rādhā rāja rāma sarva sita su veṅkaṭa īśvara śeṣa śiva śrī śukla
manyu	26	UTTARAPADA	ahi analpa bhava bhavan dṛḍha iddha jita kṛta nir para prācā raghu rūḍha sadyo sahasra satīna su tigma tuvi uccair vi vigata vīta yata yudhā śata
māla	26	UTTARAPADA	ati aśva bahu brahma daśa gaṇḍa ghaṭī giri kaca ketu kāla kṛta lamba mahā megha nimba pattra su sūrya toraṇa vana vardha vidyun ābaddha śrī śveta
paṇḍita	26	UTTARAPADA	bhānu bāla deva hari kailāsa kaṇṭha ku kumāra kṛṣṇa laghu mahā mithyā mūrkha nanda padma pāka raṇa rudra rāghava smārta soma sūrya vara vañcanā vināyaka yādava
puṣpā	26	UTTARAPADA	ardha bhāsura bhūri candra dala dhūmaka dīpta dṛṣṭa eka indra iṣu kadamba kumuda madya meṣa miśra mogha mudita niśi phala prāk prānta tikta tiṣya vaṃśa vāsa
vaśa	26	UTTARAPADA	artha cintā daiva karma kopa kriyā krodha kuru kāma kārya madana manu nir para preta puru ripu strī su sva svayaṃ sāma tad ukṣa vi ātma
vraṇa	26	UTTARAPADA	akṛta aśruta carma caru dagdha duṣṭa dvija hṛd kara kaṭa kṣata mahā nakha nir nāḍī pūti rata rūḍha sa sadyo saṃrūḍha strī tanu vasanta śuṣka śārīra
vṛṣṭi	26	UTTARAPADA	anabhra astra ati aśma bhūri bāṇa bāṣpa droṇa dur hima kṣaṇa manda nakṣatra pradhāna prājya puṣpa sadyo su sudhā sva vasu vega vānta vāta śara śilā
yuddha	26	UTTARAPADA	bāhu dharma dolā dvaṃdva gadā graha grāma hata kadamba kūṭa mahā malla manmatha mitra muṣṭi mṛdu punar pāda ratha saṃkīrṇa su tala vāda vāg vṛkṣa ḍimba
śarkarā	26	UTTARAPADA	bhasma bhū danta guḍa hima jala kaṭa khaṇḍa kṣaudra kṣudra madhu mākṣīka piṇḍa pāṇḍu sita sneha sūkṣma tri tuhina tūla vartma vaṃśa yavāsa yāsa āsāra śoṇita
śayana	26	UTTARAPADA	abdhi ananta aśūnya bhūmi hari jala keli kusuma kṣmā loha mahā paryāya rāja sa sindhu sthaṇḍile sukha upari vadhūṭī vihāra viraha vīra āditya ākāśa śara śava
cyuta	25	UTTARAPADA	buddhi bāhu deha dhana dāna dṛḍha garbha hasta kula kārya mada madhu nabhaś pada paryāya rājya soma sthala sthāna supta svarga vimāna vṛṣa śabda śapha
cūrṇa	25	UTTARAPADA	ayaś aśma dhānā dhātu harītakī hema jīva kṛṣṇa loha lākṣā mṛttikā nārasiṃha nārāca nāyikā rakta rāga saindhava surabhi tila yava yoga śastra śaṅkha śaṇa śāli
dyuti	25	UTTARAPADA	acira amita amṛta bṛhad candra dhyāna gharma hima kapila kṛta kṣaṇa mahā narma pīyūṣa rajata sama sthavira tapana tapo tigma tuhina tuṣāra tīvra śveta śīta
muṣṭi	25	UTTARAPADA	ardha baddha bīja catur cūrṇa darbha dhānā dhūli dṛḍha guru gāḍha keśa kuśa muṣṭī pañca pūrṇa su suvarṇa tṛṇa vajra viṣa yava yavasa yuddha ācārya
mādhava	25	UTTARAPADA	bindu jaya kanakāvatī kāla lalita lalitā madhu matsya māgadha mālatī mūla nīla pracaṇḍa rādhā saṃgīta veṇi veṇī vibhūti vidagdha vidyā vijaya vyavahāra vṛnda yaśo śveta
mālikā	25	UTTARAPADA	akṣa dīpa hema jambūla kaṭi mahā mauli mayūkha maṅgala nakṣatra nava nyāya prapanna ratna suvarṇa sūkti vacana vaidya vana vandana vasanta vijaya vyavahāra yukti śabda
nemi	25	UTTARAPADA	ananta ara ariṣṭa arṇava bhā cakra dṛḍha eka gabhasti graha hiraṇya jita kāla mahā nakṣatra ratha sa samudra sāgara tigma tri uda vasu yajña yāma
phalaka	25	UTTARAPADA	adhiṣavaṇa aṃsa bīja citra dvāra dyūta dīrgha gaṇḍa hāra kapola karañja karaṇḍa kṣudra lalāṭa lipi phaṇā preṅkha sāri tāmra viśāla śilā śroṇi śālmalī śāri ūru
pramāṇa	25	UTTARAPADA	aghora alpa aṅgula candra grāsa kathaṃ kim laghu mahā nāsā pratyakṣa prācī sa strī su tiryak tāla tārā vayaḥ viśeṣa yuga yāvat śabda śiśu ūrdhva
rata	25	UTTARAPADA	anta bāhya caurya deva dharma dīrgha hiṃsā jyoti kari khañjana khaṇḍana kṛṣi mahī maṇi nī nīca pāna sama satya su tapo vadha vaiśya viparīta vāda
sadman	25	UTTARAPADA	bali bhoga danta deva dyu jina khaḍga nāku padma pitṛ prāṇa ruk rāja sattra sura sūkara vasana vibudha vidyā vilāsa yantra īśvara śukra śānti ūrdhva
saha	25	UTTARAPADA	akāla amitra bheda bhāra bhūmī deva durga duḥ mahā mahī mitra niḥ prā rujā sarva satrā smara su sārva viśva vyaya vāta vīrya śatru śīta
sahāya	25	UTTARAPADA	agni bhavānī buddhi bṛhat devī dharma duḥ kariṇī madhu marut niḥ prajñā raṇa sa samīraṇa sat tapaḥ umā urvaśī vacana vasanta vācā āyudha śiva śṛṅgāra
saṃjña	25	UTTARAPADA	antaḥ cakra candra dharma jīva kanda kṛta labdha naṣṭa niḥ rakta sa samāsa soma strī sīdhu sūrya vi vikīrṇa vimūḍha vāri īṣat śabda śrī śulka
sevā	25	UTTARAPADA	ati atithi caraṇa dvija dviṭ go guru hīna kṛṣi mahat para paryāya pati pradhāna pāda pūrva rāja strī svāmi tīrtha vipra vāra vṛddha yoga īśvara
snāna	25	UTTARAPADA	avabhṛtha bhasma devatā duḥ gaja gaṅgā hasti jala mahā mantra maṅgala māgha mṛta prātaḥ puṣpa puṣya samudra sparśa triḥ vivṛta vrata śaṅkha śiraḥ śuddha ṛtu
vah	25	UTTARAPADA	apsu bhāra bhū dakṣiṇā havir havya hotra indra kavya praṣṭha pārṣṇi pūrva pṛṣṭha pṛṣṭi saha sroto su suṣṭhu svasti turya vajra viśva vīra śveta śāli
śara	25	UTTARAPADA	antaḥ asama ayugma bhīma dadhi darbha dīrgha hari ku kusuma kāma kṣīra mahā maṇi pañca puṅkhita puṣpa pāñca rāma sa sthūla su sūna viṣama yantra
śikha	25	UTTARAPADA	agni agra baddha bahu barhi catuḥ dhūmra dvi dīpta hari kukkuṭa mukta pañca su svarṇa tri tulya unnīta vahni vara vi vāli yama śveta śāta
śālin	25	UTTARAPADA	abhimāna artha bala bhuja bhṛtya buddhi bāhu doḥ dāna mati naya phala rūpa samiti sasya sattva saṃgharṣa smita viśeṣa vyaya vīrya vṛtta yuddha śruta śīla
ṣad	25	UTTARAPADA	anti apsu barhi barhiḥ camū dhūr divi dru dyo dyu giri go nṛ pathi paśu pitṛ pṛthivi pṛthivī su upari vana vanar vedi yoni śuci
bhakti	24	UTTARAPADA	bhagavad bhaṅgī deva doṣa dṛg dṛḍha dṛṣṭa eka graha hari jina keśava kṛṣṇa kṣetra mātṛ nakṣatra pitṛ prabhu pramāṇa su svara virala viṣṇu śiva
dat	24	UTTARAPADA	ahi aroka catur dvi ekato hiraṇya mūṣikā rakta sa su tri ubhaya ubhayato ubhayā udagra varāha vṛṣa śata śreṇi śubhra śuci śuddha śukla śyāva
dīpaka	24	UTTARAPADA	anta bhuvana dravya guhya guṇa hṛdaya jāti kriyā madhya mantra muhūrta mālā nāda pratīpa ratna sa saṃhitā vahni viveka ādi āhnika āvṛtti śakuna śṛṅgāra
dūta	24	UTTARAPADA	agni aśva candra deva gupta hari haṃsa hṛdaya kāla madhu mahā megha mithyā mṛtyu pavana prati rāma satya sātya uddhava varṇa vasanta yama yāma
hata	24	UTTARAPADA	akāma asākṣika ayo aśani daiva digdha guha hrāduni iṣu mano maṭacī muni pakṣa paraspara prāti putra sadyo vleṣka vyāja vāta yūtha īśāna śastra śva
maṇḍapa	24	UTTARAPADA	adhikaraṇa bhoga dola garbha ghaṇṭā jñāna keli kukkuṭa latā mahā majjana mañca maṇi mukti mādhavī paṭa prapā raṅga sabhā taru yāga āsthāna śrī śṛṅgāra
mūlaka	24	UTTARAPADA	bahu bāla cāṇakya dhauta dīrgha gandha hrasva kanda kiṭi laghu masta mastaka nepāla pattra piṇḍa puṣkara pānīya pīta rakta su vaṃśa vitāna vāla śīta
nāda	24	UTTARAPADA	anāhata bahu bherī bhīma dīrgha gambhīra ghaṇṭā go harṣa haṃsa kala karṇa khara mahā me megha nāndī siṃha su tāra valgu veda ārta īṣan
putraka	24	UTTARAPADA	ahi amota bharata brāhmaṇa bāla eka jatu jaya jīva karṇa kula kṛtrima muni mātula peṣaṇī poṣya pāṭali rāja sa sūta yantra śilā śāta ṛṣi
pīta	24	UTTARAPADA	ardha bhukta duṣ eka ghṛta go indra madya nīla pitṛ prāduṣ retaḥ sita sneha sthira su surā sāmi taila vaṃśa viṣa vāja vāji āṇḍa
randhra	24	UTTARAPADA	aneka bhīru bhṛta brahma gala gṛha karṇa krauñca kukṣi loma mahī mukha nāsā nī prāṇa rodo roma sa sroto su udara śaila śiti śvasana
ruh	24	UTTARAPADA	ambho avani bhū bhūmī dhānā gartā jagatī jala kṣiti kṣmā kṣoṇī mahī parva parṇa paṅka paṅke pāṇi sarasī saro sva tanu vakṣo śirasi śiro
rūpaka	24	UTTARAPADA	avayava bahu daśa garbha gaṇa hetu jala lalāmaka mahā nīla praiya prati puruṣa rūpaka sakala samādhāna su sva tapta upamā viśva yukta ākṣepa śliṣṭa
srotas	24	UTTARAPADA	arvāk avāk dugdha garga karṇa mahā muṣka mūla nāsikā pañca prati pratyak prāk sa sahasra sapta su tiryak tri tīkṣṇa vi śuṣka śīghra ūrdhva
varjita	24	UTTARAPADA	artha bala bhukti buddhi dhana karṇa kiṭṭa krodha māna nāma puruṣa puṇya ripu sambandha saṃskāra saṃsāra saṅga sāra vācya ācāra śruti śāstra śīla śṛṅga
vyavahāra	24	UTTARAPADA	ajāta aprāpta artha asad brahma chāyā citi deśa dur jana krakaca kuṭṭaka kṣetra loka miśra miśraka prāpta rājya rāśi sevā vyāja vāg śastra średhī
vṛṣa	24	UTTARAPADA	aśva aṣṭa catur daśa duṣṭa dvi eka go hari kharī kṣmā madhu mahā nava nir nīla prati puṃ sapta sindhu tri vṛṣa śāka ṣaḍ
anta	23	UTTARAPADA	catur dig dur dūre dṛg etad gurv hal jagad praty prātar samid sub tad tiṅ try vasv vedy vidhy vy vāg yaṅ śarad
artha	23	UTTARAPADA	bahir bahv catur dhvany dvy dūre gurv kad kim mad nañ nir pum pṛthag sad sadyo sub tad try vy vāg yad yāvad
bhṛta	23	UTTARAPADA	adhama anya anākāla artha asaṃvatsara ati dharma dvaita grāma kṣīra nṛ para prā pāra rāja saṃvatsara su svayam upadhā vaḍabā vrāta śravaṇa śyena
citra	23	UTTARAPADA	artha bahu bindu candra cāru dānu hema jagac janma kaṣāya kha mati maṇḍa ratha rāji sa su vema vi vividha vācya śabda śyena
dhanus	23	UTTARAPADA	bṛhad cakra daśa dhṛta dṛḍha gṛhīta hiraṇya indra kusuma mahā maṇi navati pañca puṣpa sa sautrāmaṇa su sura vi ākhaṇḍala śakra śata śārṅga
dāha	23	UTTARAPADA	agni antar ati ayo deha dig diśo eṇī geha gṛha hṛd parī pitta preta punar pura pāda pārśva rug sarva vana āgāra śava
dāman	23	UTTARAPADA	bahu bakula jīva mauktika mekhalā muktā mālya mālā pañca phulla puṣpa rudra srag su vasu vidyud vāla vīra āśā śikhā śiro śrī śṛṅkhalā
gotra	23	UTTARAPADA	aneka anya dvi kiṃ kula mātṛ nāma nānā pada pālaka pṛthag sa samāna surabhī suvarṇa uccair viśva vīra yad śālaṅkāyana śāli śāṇḍilya śāṭyāyana
hāsa	23	UTTARAPADA	amarṣa anavacchinna antar ati aṭṭa bhīma bhūta candra gaṇa grīṣma jala krodha mahā manda padma parī pratī puṣpa rudra rātri sa su vana
hṛt	23	UTTARAPADA	anila bali citta dhana kalaṅka kapha kuṣṭha loma mano megha meṣa phaṇi roga roma sudhā vibandha vraṇa vānti āyur śalya śopha śotha śūla
jaya	23	KRT_STEM_MEMBER	bhadra bhartṛ bhūta deva dig dur dyu kakub kusuma mahā puraṃ pṛtanā pṛthag pṛthivī pṛthu raṇa sarva su taj tri tāraka śatru śaṃkara
krīḍā	23	UTTARAPADA	agni anaṅga bāla devī dyūta gola gulikā jala kāma malla māṇavaka mṛgayā pāśa pāṃsu rāsa su sārī sūtra toya vapra viparīta ākarṣa śiśu
kāvya	23	UTTARAPADA	bhaṭṭi bhīma bilhaṇa bāla damayantī dhātu hanumat khaṇḍa ku mahā muktā māgha naiṣadha patañjali pāla rākṣasa rāma sat setu viloma yamaka ādi ānanda
kīla	23	UTTARAPADA	ardha ayas bhūti carma dharma dīrgha go guda indra janma ku kuṇḍa loha marma māṃsa nala narma prati rata sa vajra vakra yama
kṣīra	23	UTTARAPADA	aja arka daśa eka gardabha go irā lohita madhu mahā mṛga mṛgī payaḥ puruṣa puṃ sa saṃdhinī strī tanu tāla vi śaṅkha śukla
nidhana	23	UTTARAPADA	anādi bahir bhūri catur dakṣa dvi dvādaśa gata kaṃsa madhye pada payo pañca samāna sapta sarva sāma tiraścīna tri vāṅ yajña śastra ṛta
niścaya	23	UTTARAPADA	artha baddha bhaṅgura dhṛta dravya dṛḍha eka iti jñāna krūra kṛta kṣipra maraṇa mati prati pāpa pāṭha saṃdigdha su sīmā vara vyāpti vāṅ
pradāna	23	UTTARAPADA	abhaya agni aṃśa bhū buddhi daṇḍa eka go gāli jala kanyā kāṣṭha mahā mahī maṇi phala pāṇi vara veda vidyā vrata śiraḥ śāpa
prasāda	23	UTTARAPADA	ambu bhairava bhavānī citta deva duṣ dṛṣṭi guru hari hṛta lākṣā mahā manaḥ mukha rāja rāma sa su svāmi āmra īśvara śiva śītala
pūra	23	UTTARAPADA	bāṣpa bīja daśa dharaṇī duṣ ghṛta jala kalā karṇa kāma maṇi nadī pallava payaḥ phala piṣṭa pāṇi salila sneha su sudhā taila vāri
rakta	23	UTTARAPADA	ati aṅga dhūma dū jīva kāka kṛṣṇa lākṣā nāga nī pitta puṣpa pīta pūya ripu sapta sita su vikṛta vāta āma īṣad śveta
sahasra	23	UTTARAPADA	abda adhyardha ahaḥ bṛhatī catuḥ dvi eka go lalitā paraḥ phala pādukā reṇu rātri saṃvatsara sūkti varṣa śata śrī ṛtu ṣaṣṭi ṣaṭ ṣoḍaśa
samudra	23	UTTARAPADA	bhava catuḥ dadhi dugdha ghṛta guṇa ikṣu jala janma jina kṣāra kṣīra lavaṇa mahā priya pūrva sakālī sarpis sarpiḥ saṃsāra surā velā śiva
sthiti	23	UTTARAPADA	abhinna bala duḥ gṛha kula kāya kṛta loka maṭha māna mārga pūrva pṛthak rājya saha samyak su vastu vaṃśa vyavahāra yathā śarīra ūrdhva
sundara	23	UTTARAPADA	ati guṇa hāyana kṛṣṇa loka mahima nanda padma pakṣa patha pattra puṇya rati siddhānta soma su sura sāraṇa trailokya tri uṣṇa vinaya śyāma
taraṃgiṇī	23	UTTARAPADA	bhakti bhāva dhātu jaina jala kīrti kṣīra nyāya prastāva rasa rāja rūpa sura svarga sāhitya tarka vana vijñāna vāda vṛtta yoga śabda śṛṅgāra
tyāga	23	UTTARAPADA	asu bhojana deha dharma jīva karma mahā mauna prāṇa rājya sarva saṅga snigdha stana stanya sthāna suhṛt tanu ātma śarīra śastra śleṣma śīla
vajra	23	UTTARAPADA	anumata dāna dṛḍha hasa indra jñāna jīrṇa karma kṣudra līlā nīca nīla samaya su svarṇa uda udaka vācya vāg vākya ārya śaivāla śoṇa
varṣin	23	UTTARAPADA	amṛta apātra bāṇa citra daśa jīmūta kāla kāma manīṣita māṃsa prā saṃtata sudhā tuṣāra vicitra śara śarkara śarkarā śata śilā śoṇita śīkara ṣaṣṭi
vastu	23	UTTARAPADA	bhoga bāhya kapila kārya mahā maṅgalya para pañca prati priya raṅga rohita sad saṃgraha siddha sāra tri varṣā vinaya vraṇa yathā yuddha śubha
velā	23	UTTARAPADA	agni akāla anta bhojana cira homa kulika kāla lagna nadī pradoṣa sad samaya samudra saṃdhi saṃgava saṃvatsara siddhānta sura tri vrīhi yava ṛtu
vikāra	23	UTTARAPADA	anna ayo bahir bhakṣa bhrū bhāva ceto citta dhvani dhātu ikṣu kṛta mano nir payaḥ prasava rakta roma sa svapna tad tamo vāta
vinoda	23	UTTARAPADA	agāra bhīma dīkṣā graha hari kṛṣṇa madana mano nija nir praśna rādhikā rāja rāma sabhā upavana vaidya vidyā vādi vīṇā vṛtta yuddha śrama
vārttika	23	UTTARAPADA	bhaṭṭa bhāṣya laghu mahā mokṣa māhā mīmāṃsā nyāya nārāyaṇa piṅgala pramāṇa rāja sa sambandha taittirīya tantra vedānta vāsanā vṛtta vṛtti yoga śloka śulba
śākha	23	UTTARAPADA	adhama avāk bahu bhadra catuḥ daśa dvi dīrgha eka kharva kṛśa madhu mahā niḥ nīca pañca sahasra sūkṣma sūtra tri uttama vi śata
śāla	23	UTTARAPADA	agni bahu bāhu catuḥ chāttri dvi dākṣiṇa go khara mahā patnī paurva prācīna pātnī pīta tri vatsa vātsa vāṇa śilpa śilpi śukla śveta
ṃ-kara	23	UTTARAPADA	abhaya bhadra bhaya dīpa kha kṣaya kṣema livi madra megha pala pralaya priya sukha tīrtha vaira vaśa vismaya viśva vṛti yata śiva śubha
bhedin	22	UTTARAPADA	bhūmi bāhu gṛha jambha kuṇḍa marma purīṣa pāṣāṇa rasa rādhā rāhu rāṣṭra samaya samādhi satya setu upala vaktra vastra viḍ vṛkṣa śabda
citi	22	UTTARAPADA	agni amṛta brahma droṇa dāru eka go idhma iṣṭakā loṣṭa mauni prati prauga prāṇa punaś sadma stoma svayaṃ sāvitra vāyu yathā ṣaṭ
cāra	22	UTTARAPADA	agastya ayukta bhauma bhikṣā budha bṛhaspati dadhi gūḍha hasti kalyāṇa kaumudī kāma māṇi pāda rāhu rātri sac saha sukha śiti śukra śīghra
dātṛ	22	UTTARAPADA	agra anna ati bhakta brahma cira kanyā mantra phala piṇḍa prāṇa punar pṛthu sarva sthāna su udaka vara vidyā vṛtti śarma ṛṇa
gātra	22	UTTARAPADA	anunnata anupūrva bhasma gaṇḍa lohita madhura pakva prastabdha puruṣa pāṇḍu rajo sarva saṃgata srasta stabdha su sāra vara vibhakta viṣṭabdha śīta śūna
haraṇa	22	UTTARAPADA	agha bali draupadī dāha go jala jāmbavatī jānakī kanyā mānasa prasabha prācīna rajo rasa rukmiṇī sarva strī sva sītā uda vāḍaba śukra
jātīya	22	UTTARAPADA	andhra antya bhinna bāla dvi eka haṃsa itara mahā mṛdu nānā paṇḍita paṭu sama samāna saṃkara su sva taj tathā vaiśya vṛkṣa
muktā@valī	22	UTTARAPADA	bhakti bīja hari hasta jātaka mantra muhūrta mukunda nyāya padya paryāya prayoga saṃgīta saṃskāra siddhānta smṛti sādhana sūkti vedānta vṛtta yoga yukti
nāla	22	UTTARAPADA	brahma deva dīrgha kaṇṭha khara loha nābhi padma parṇa pava rakta sa saṃdhi sthūla su sura vakra vi yantra yava yāva ūrdhva
nāśa	22	UTTARAPADA	abhikrama artha ceṣṭā citta dhana graha jīva kula kṛśa kṣīra labdha liṅga mano mūla prāṇa sapatna sarva sva tan tālu śoka śuka
pavitra	22	UTTARAPADA	antaḥ bahiṣ bhū brahma darbha daśā jala kim kuśa kṣā mahā raśmi sa su sāma varṣa vāk ārdra āṅgirasa śata śākhā ūrdhva
paṅkti	22	UTTARAPADA	akṣara haviṣ keśa loka mahā megha nārāśaṃsa pada patti prastāra racita rathyā sataḥ savana saṃstāra sopāna taru unnayana viśīrṇa viṣṭāra āstāra śrāddha
prakāra	22	UTTARAPADA	anāsrava aurva auṣadha bahu bheda bhinna dohada eka evam nānā sahasra sarva saṃhitā sindūra stambhana tat tri triḥ yoga āhanana ārādhana śānti
pratiṣṭhā	22	UTTARAPADA	agni bhakta bimba deva gādha hanumat janma liṅga mūrti nāga pratimā prāsāda prāṇa rudra satī sthira sura sūrya viṣṇu vrata yantra śiva
pūta	22	UTTARAPADA	ati brahma dharma dhyāna dhāra dṛṣṭi gabhasti mahā manaḥ mantra pavitra sarva satya saṃcāra saṃskāra su vastra vāk vāyu yantra śaka śastra
ramaṇa	22	UTTARAPADA	bhū doṣā gopī hiḍimbā kṣapā kṣoṇī lakṣmī para rajanī rasika rati revatī rohiṇī rādhā rākā tārā urvaśī uṣā yāminī śacī śarvāṇī śraviṣṭhā
rāṣṭra	22	UTTARAPADA	ari deva dhārta dhṛta gopa karma mahā malla māhā nava para pura pāṃsu pāṇḍu sa saṃgṛhīta soma su sva valli vana yama
vallikā	22	UTTARAPADA	anuṣṇa aṅghri bhadra ghana gūḍha kapi khara kāṣṭha kṛṣṇa kṣīra mohana raṅga soma su toya tāmbūla vasu vyoma vṛṣya yojana śiva śuddha
vedin	22	UTTARAPADA	brahma dhanur dvi gambhīra guṇa kanyā karuṇa kāruṇya kṛta naya niśā nīti pada rātri sakala sarva tri vedānta yajur āyur śūdrā ṛg
śūnya	22	UTTARAPADA	abhimāna akṣara bahu bhāva dūra hetu karṇa lajjā lobha mahā muṣka niḥ prāntara puṣpa sarva svara sāra tṛṇa vastu vi vṛkṣa śūnya
aśva	21	UTTARAPADA	bahv bṛhad go harid hary hasty jāty kad madhv nir pārṣad pīvo pṛṣad sad sākam vidad viṣvag vy vāyv vṛṣaṇ ṣaḍ
bhojin	21	UTTARAPADA	amṛṣṭa animantrita aśrāddha bahu bhujaga bhujaṃga caṇa eka gṛha kṛcchra mudga muhur saha sudhā ucchiṣṭa viḍ vāja śeṣa śva śīta śūdra
bhīru	21	UTTARAPADA	anartha bhava bhīru candra daṃśa dharma jarā kāka mahā parṣad patad purīṣa taraṃga tejo varṇa vistara vivāda śata śva śāta śīta
dhūma	21	UTTARAPADA	alaṃ cariṣṇu citā go gṛha havir homa kaṇa laiṅga mṛga nabho nir preta sa sāgni tṛṣṭa veśma vi vyoma āgāra śaka
dāyin	21	KRT_STEM_MEMBER	anna apatha apātra bahu bhakta bhaya dhana kusuma phala salila saukhya saṃdeha smara sādhu trāsa udaka viṣa śiva śubha ṛṇa ṛṣabha
gama	21	UTTARAPADA	araṃ bha bhūri cheda deva dur hṛd kha kāma nai pakṣa pataṃ puro pūrva sadā su sukha sāgara tiryag uro vātiga
ha	21	UTTARAPADA	apāṣṭhi ari arāti darpa druṇa guru jala karañja roga sahasra sapta satrā tṛṣā viṣa vraṇa vāpī vāstu vṛtra yoni śatru śleṣma
hetu	21	UTTARAPADA	aniṣṭa bhaya citra ghṛta jīvana karma kāraka mada mahā mṛtyu nimitta nir phala sa saṃketa smṛti sva vikāra vināśa viśva vṛtti
jananī	21	UTTARAPADA	akṣara bhīma bhīṣma bhūta deva heramba ku kāma loka manda putra rakṣo rāma sakala skanda strī vaidarbhī veda vetāla ākāśa āmoda
jyeṣṭha	21	UTTARAPADA	agni bala bhūri brahma indra janma kavi kāma liṅga loka mantra manu rasa samudra su sura vaiśvānara varuṇa varṇa vasu śārdūla
jānu	21	UTTARAPADA	antar asita bahir bhagna bhīma dhūmra ghaṭa indra mahā nata pura savya saṃhata upari vatsa vi vistīrṇa vyūḍha śakra śiro ūrdhva
kamala	21	UTTARAPADA	aruṇa caraṇa dhvasta hasta hema hṛt indu kara keli līlā mukha nīla pada rakta sa sita sthala su sūrya vibuddha śveta
kaṇa	21	UTTARAPADA	agni ambu dṛṣat jvalana jyotiṣ kṣiti muktā mṛt rajaḥ sarṣapa suvarṇa svarṇa taṇḍula tila toya tuhina tuṣāra tūla śikhi śāli śīkara
kusuma	21	UTTARAPADA	akāla barhi bisa caṇḍī darbha deva gagana gaṇḍa kalita kandalī maṇi meṣa prastha prathama rīti samanta vana vāsantī śaṅkha śilā śirīṣa
kūpa	21	UTTARAPADA	andha carma dharma gayā gaṇḍa kandarpa kanyā kaṇṭha kaṭi loma mahā prati roma saṃsāra sopāna tanu tapta trita yakṣa śara śauca
kṣama	21	UTTARAPADA	bahu bhāra dṛṣṭi ghana gīta karma kleśa kāla kārya kṣiti kṣoda sadṛśa sambhoga saṃgara sparśa sādhana upabhoga vadha vimarda āyati śrita
nara	21	UTTARAPADA	adṛṣṭa ahī jala kiṃ koṇa kāla nir parṇa preta sa sabhā sama sarva siddha uśī viśva viśvā vāstu śacī śikṣā śva
patana	21	UTTARAPADA	agni amogha bhṛgu caraṇa deha duṣ kula mahī mūtra pallī pāda rakta stana su tuṣāra tāra vahni vajra yayāti śarīra ṛṣi
pādapa	21	UTTARAPADA	arka brahma bāla bīja dīpa dīrgha gaja janma jantu kalpa kuñjara mathita phala pracura sura sāra uddeśa uddeśya vana viṣa śakra
pīṭha	21	UTTARAPADA	aṃsa bhadra dharma karṇa kathā kaṇṭha kṣiti liṅga mahā manda pāda pāśaka pūga raṅga siddha skandha tarku vidyā yoga śiraḥ śārikā
pūrṇa	21	UTTARAPADA	anna ardha aśru aśva bala bhāṇḍa bīja darpa ghṛta jala kalā kavi mahā pīyūṣa rakta sarva sasya su sva tūla ānanda
rajju	21	UTTARAPADA	akṣṇayā bahī bandhana darbha hṛdaya kuśa kāṣṭha mukha nāsikā paśu pramatta pāda pāśa pūti rāga rūpya sama snāyu vaiśākha vāta śaṇa
retas	21	UTTARAPADA	bahu bhūri bādhya dvi hiraṇya kumbha kṛśānu mahā parjanya sa sahasra su suvarṇa svarṇa ugra vahni vasu viśva vāyu yajña ūrdhva
rātri	21	UTTARAPADA	apara brahma gata kāla madhya mahā moha pakṣa prati pāścāttya pūrṇimā sa su sukha uru varṣa varṣā yakṣa śeṣa śiva ūna
setu	21	UTTARAPADA	aṅgāra dharma dīkṣā horā kedāra kāśī mahā mathurā nala prayāga prākṛta rasa rāma sikatā suyyā sva sīmā vivāda vyavasthā śaila śuddhi
sāra-saṃgraha	21	UTTARAPADA	audgātra bhāgavata bhāvanā dravya kāvya mumukṣu nārāyaṇa nīti pratiṣṭhā purāṇa rāmāyaṇa saṃgīta saṃkṣipta smṛti sārasvata vacana vaidya vaidyaka vidhāna vyavasthā vārttika
sūdana	21	UTTARAPADA	ari ariṣṭa asura bala bali cāṇūra dhenuka havya keśi kirmīra krauñca kuṣṭha kīcaka madhu namuci pūtanā ripu rāvaṇa tāraka vala śambara
tantu	21	UTTARAPADA	bisa dīrgha kula kāṣṭha lūtā manu nava nis padma prajā sapta saubhāgya su sūtra tri uda utpanna vara vi śata śaṇa
tuṇḍa	21	UTTARAPADA	agni asthi ayas cakra dīrgha kaṅka kāka kṛṣṇa pīta rakta siṃha sūcī sūkṣma tāmra tīkṣṇa vajra vakra vaktra vāyasa vṛtta śuka
vacas	21	UTTARAPADA	dur dvi gāḍha gūrta kala madhu mata maṅgala muhur priya prīti puruṣa sad satya sneha stuti su vipra yajña yācñā ātta
vallabhā	21	UTTARAPADA	ali gaja ghuṇa grāmya kroḍa kāka mano muhūrta māgha mārtaṇḍa pañca prati prāṇa samudra vaidya viṭa vāraṇa vāri yajur yājñika āditya
vaṭa	21	UTTARAPADA	akṣaya arundhatī bhadra cāpa gṛdhra kalpa maṅgalā maṇḍala muñja nabho nadī pañca prā prāg rudra siddha sthāṇu tapo tara vāg vār
vāla	21	UTTARAPADA	aśva cakra camara dur go kara kavya kroḍa kāla kṛṣṇa loha maṇi pṛśni rajju su vāja vāra śiti śuddha śva ūrdhva
yogin	21	UTTARAPADA	brahma haṭha ku kāla madhya mahā puruṣa sadā samprajñāta sarva saṃharṣa siddha soma sthāna sthāne svādu vijñāna vinaya yoga śiva śuka
śayyā	21	UTTARAPADA	anta ariṣṭa bhū bhūmi divā garbha jala janma mahā parṇa puṣpa pṛthak rāja saha sthaṇḍila sukha upari veṇu vilāsa vīra śara
śodhana	21	UTTARAPADA	danta dhātu havya janma jihvā mantra mukha mālā pāpa rasa sama surā tulya tūla udgāra vaktra vasti vraṇa śakti ūrdhva ṛṇa
śruta	21	UTTARAPADA	ardha bahu deva duḥ dūre dṛṣṭa jana ku paryavadāta sambhṛta sana sanaḥ su uttama vasu veda vipāka viṣṇu vāja yathā yāma
bhāṣin	20	UTTARAPADA	alpa avyakta bahu dur gadgada kala madhura mañju mita mṛdu mṛṣā niṣṭhura priya prākṛta pūrva spaṣṭa su ucca vipluta vāma
bāndhava	20	UTTARAPADA	abja ahar arka cakra dūre giri hata jana kamala kubera kumuda loka mātṛ pika pitṛ rāja sa saha su sva
candana	20	UTTARAPADA	arka go gopī hari indra ku kṣudra lohita pracura pāṃsu pīta rakta su vana vara śambara śiti śoṇita śrī śveta
cāpa	20	UTTARAPADA	bāhu citra dhṛta gṛhīta hari hasta indra kusuma māghavata mṛdu puṣpa sendra skandha sthūla sura tūla vilāsa vāsava ākhaṇḍala śakra
dugdha	20	UTTARAPADA	adri arka avi bahu dhenu eka go hema prathama prātar pūrva ravi sa sadyo sāyaṃ tadānīṃ vitta vrata yajña śukla
dvādaśī	20	UTTARAPADA	araṇya aśoka bhīma jāmadagnya kūrma kṛṣṇa madana malla matsya nāma rāma tila tāraka varāha vibhūti vijaya vāmana vārāha śravaṇa śrāvaṇa
ghaṭa	20	UTTARAPADA	agni bhadra dharma dur ghaṭi ghaṭī ghṛta hasti kāla lola mahā maṅgala mṛd nir secana sneha su surā sāmānya vṛkṣa
karṇikā	20	UTTARAPADA	bahu bhadra gaṇa giri karṇa kāla laghu maṇi mārjāra mūṣaka padma puṣkara ratna sita stava undura upadeśa varāha vāri vṛṣa
kesara	20	UTTARAPADA	baddha bhānu dina ibha karāla māma mūla nāga padma phala phaṇi rakta rasa roma sarva siṃha su vāraṇa śata śiva
kopa	20	UTTARAPADA	antaḥ asta guru jita jāta krīḍā kṛta mithyā mṛdu oṣṭha pakṣma praṇaya sa samupajāta saṃjāta upajāta vahni yajña śastra śaṭha
koṭi	20	UTTARAPADA	bhūta dhanuṣ ghoṣa koṣṭha kāla kṛta nagara nava pramāṇa pūrva ratna rudra siddhānta stana tulā yama yava śata śaśi śuddha
lakṣman	20	UTTARAPADA	hariṇa jarā kampa kusuma lulāya mṛga nṛpa purastāl puṃ reṇu rāja sa samīra tulya tāla upariṣṭāl uttara vyakta śaśa śrī
megha	20	UTTARAPADA	amṛta dharma droṇa gṛha hemanta kāla mahā maṇi nava nir nṛ puṣpa rajo sita su sāgara uda utaṅka vi śaran
māra	20	UTTARAPADA	agha ahi aja aśva dhundhu dundu haya jana khaḍgi kṣudhā mṛtyu nir nāga para paśu punar skandha tṛṣṇā vajra śiśu
mātṛkā	20	UTTARAPADA	asra bahir bhūta bīja dhāraṇa graha kula loka mṛga nyāya rahasya rasa samaya varṇa veda viśva vyavahāra yantra śakra ṣoḍaśa
māya	20	UTTARAPADA	ahi bahu bhūri daśa deva dhānya gata gūḍha kroṣṭu mahā nir puru sameta sarva su vana vi vyoma śata śīrṣa
pitṛ	20	UTTARAPADA	bhoja brahma dakṣa dvi go hata jagat jīva jīvat karṇa koka ku mātā pitṛ preta putra rāja sva tvat śākalya
pratyaya	20	UTTARAPADA	apatya apavāda bheda bhāṣya dṛḍha dṛṣṭa evam glāna jāta labdha loka mithyā pūraṇa sa strī sākṣi sāmanta vi vṛtta yuva
ruj	20	UTTARAPADA	alpa dṛg grahaṇī guhya hṛd mahā mano mukha mānasa netra nī puru pārśva sa smara tapa vasti vi śiro śravaṇa
saptamī	20	UTTARAPADA	gaṅgā jahnu jayantī kalyāṇa lalitā mahā makara mandāra mitra nimitta putra ratha samīpa ubhaya vidhāna vijaya viṣaya śarkarā śītala śītalā
tapas	20	UTTARAPADA	agni agrya atapta bahis bṛhat dīpta dīrgha jñāna kaṣṭa mahā pañca rohiṇī sa satya saṃśita su sūrya tapta ugra śveta
taṇḍula	20	UTTARAPADA	bhṛṣṭa citra gandha hrasva jīva komala kūla kṣudra mauktika pīta snigdha sthūla sāra sūkṣma tāra vaṃśa vīra vṛtta śveta śyāmāka
toya	20	UTTARAPADA	antas gandha ghana gharma karaka kat lavaṇa mantra marīci mṛga mṛt nis prabala stabdha su vi viśva āsvādya śuṣka śānta
trāṇa	20	UTTARAPADA	aṅguli bāhu jaṅghā karaṇa kaṇṭha khura kṣiti kṣā prāṇa pāda tala tanu tvak udara uras varṣa vāta ātma śiras śīrṣa
veśa	20	UTTARAPADA	agni asva cāru cāṇḍāla cūḍāla dāsa kapaṭa malla nai nindya prati pratī sa soma su vahni vastra vidhūta vāraṇa ārya
vivaraṇa	20	UTTARAPADA	aiśvarya dharma dīpikā gṛhya jyotir kalpa kīlaka makaranda mudrā nyāya saṃgraha smṛti spanda sphuṭa upaniṣad vedānta vibhakti vyākhyāna vākya vāsiṣṭha
vratin	20	UTTARAPADA	ahi baiḍāla baka bhrāṣṭra deva mahā matsya mithuna māyūra mūla pāśupata rāma sa snātaka tila veda yāvaka āplava āpluta śiva
vādya	20	UTTARAPADA	bhāṇḍa brahma carma galla ghaṇṭā jala jaya mukha nakha pada parṇa paṭa raṇa tantu tāla udaka vaṃśī veṇu vīṇā śṛṅga
yoṣit	20	UTTARAPADA	dyu guru kula lepya para paura paṇya rāja saha samudra sarva siddha sura svar vara veśa vidhava vāra vṛddha śiva
śikhara	20	UTTARAPADA	arbuda asta aṭavī bhuja bāhu daśana gayā giri parvata pradyumna pṛṣṭha racita ratna sa sahasra saudha tri vahni vaiḍūrya śaila
śūra	20	UTTARAPADA	candra deva dāna gehe hara karma kṣema nāga pitari piṇḍī pradāna rati raṇa samara samudra sarva soma ādi ārya śṛṅgāra
ṣeṇa	20	UTTARAPADA	bharaṇi bhānu bhūri dhṛṣṇu hari mātṛ nandi pṛthu ravi rohiṇi rohiṇī sindhu su svāti vasu vāri āśu śrī śānti ṛṣṭi
ṣṭha	20	UTTARAPADA	agni barhiḥ bhuvi bhūmi divi dvi go methi nāri nārī parame paśu prakṛti prā puñji savye tri upari śakti śaṅku
bhinna	19	UTTARAPADA	antar chinna chāyā dvaṃdva dāna dūra guṇa mūrdha nakha nir nisarga sambandhi sūci tad tri varṇa vibhāga śaṅkha ūru
bhāvin	19	UTTARAPADA	abhito apunar bhūta bhṛtya cira eka krama loka prathama prāyo punar puro pūrva sadyo saha tathā vinā āśu śvo
bāṇa	19	UTTARAPADA	asama bhasma citra drāvaṇa dṛṣṭi gīr kusuma kāma latā nir pañca piccha puṣpa rāma surabhi vi vilāsa viṣama vāra
carman	19	UTTARAPADA	duś gaja gala go hariṇa kari meḍhra meṣa niśā nīla paruṣa siṃha su vajra vi vyāghra yuga śata śārdūla
dhṛti	19	UTTARAPADA	acala carṣaṇī dṛḍha garbha ku kṛṣṇa kṣatra kṣmā mahā medhā nija satata satya sendra su sva sāyaṃ tapo śata
divasa	19	UTTARAPADA	adya anadhyāya ardha bhū dur garbha gata guru jani kṣaya lagna parva prathama sapta saura su tri tṛtīya viṣuvad
durga	19	UTTARAPADA	bṛhad danti deva dhanur dhanva giri hanumad ilā mahā mahī manuṣya nṛ parvata prānta ratha rāma vana vāri ṣaḍ
dāra	19	UTTARAPADA	bhū candra cāraṇa dharma guru hṛta karbu ku kṛta mṛta para putra rāja sa saha sva udara vāyu vṛddha
dṛṣṭa	19	UTTARAPADA	anapāya bahu deśa dur ku kṣaṇa pramāṇa pratyakṣa purāṇa pūrva sahasā samāpatti su sva sākṣād veda vidhi viśva śāstra
ghātaka	19	UTTARAPADA	brahma go grāma loha mātṛ pitṛ prāṇa puṣpa rāja sphig strī supta upāṃśu vadhya viśvasta viśvāsa viṣa ātma śaśa
gupti	19	UTTARAPADA	bīja candra dāra kriyā kāraka mantra mitra pañca prajā randhra ratha rāṣṭra su svara veda vidhu ākāra āmra ātma
gīta	19	UTTARAPADA	bahir cāru komala mahā maṅgala maṅki nṛtya pitṛ pramatta purāṇa rudra su sāma upāṅga vaṃśī veṇu vāyu yathā śaṃkarī
gṛhīta	19	UTTARAPADA	aṣṭa aṣṭā bandī catur dhūr dhṛti dvādaśa gandharva karṇa keśa mano pañca pāṇi su sva varuṇa yakṣma śamala ṣoḍaśa
kalā	19	UTTARAPADA	abhyantara ayana brahma candra gāndharva indu kalaṅka kāka kāma mahā ratna rāja sahasra saptama sat tri vibhūṣaṇa śaśi śrāddha
ketana	19	UTTARAPADA	dahana dhūma jhaṣa kapi krīḍā makara mīna mṛga nabhaḥ nakra padma patatri puṣpa saṃketa su utpatti vānara vṛṣa ṛśya
khaṇḍana	19	UTTARAPADA	bheda mahā nyāsa phala pramāṇa pāṣaṇḍa rada samavāya sāṃkarya tuṣa upādhi uttara vaiśvadeva viśeṣaṇa vyākaraṇa vādi vākya śulka śīla
kiraṇa	19	UTTARAPADA	ahima amogha amṛta aruṇa avaśyāya aśiśira caṇḍa dīpta hima manda ravi sahasra tuhina tuṣāra uṣṇa śata śaśi śiśira śīta
kṣit	19	KRT_STEM_MEMBER	acyuta antarikṣa apsu bandhu bhū dhruva divi giri kṣiti loka mahī parī pāri pṛthivī sa sapatna sarva sindhu vraja
lekha	19	UTTARAPADA	brahma candra catur hasta hṛdaya hṛl jaya khañja kūṭa loka madana manmatha pāṇḍu rāja sakṛl smara su śilpa ṛju
lipi	19	UTTARAPADA	animitta aṅga bhūta dakṣiṇa dakṣiṇā drāviḍa dur haṃsa magadha mudrā prati puṣpa puṣya saṃkhyā sāgara utkṣepa vajra vaṅga vikṣepa
maṇḍana	19	UTTARAPADA	antya avasita gaja jina kavi lulita mauli mukha māruta naṭa palāṇḍu priya rūpa sabhā sārasvata sāya vidvan viśeṣa vāstu
mokṣa	19	UTTARAPADA	ati bāṣpa duḥkha gandha garbha hanu kara kāśī mucukunda parama praśna preta prāti rakta saṃsāra sirā śakti śāpa ṛṇa
mukta	19	UTTARAPADA	ati gāṇḍīva jīvan kara līḍha mukti nija nitya pāpa pāṇi pūrṇa pūti roga saṃdhi su yantra yoni ākarṇa śāpa
mānin	19	UTTARAPADA	astena ati bahu darśanīya deha dhāma dhṛṣṭa madrikā mahā paṇḍita puruṣa raho strī su sukha tan vaidya vīra śūra
padavī	19	UTTARAPADA	artha ghana hāsya jala khura kārya muhūrta nayana pavana puṣpa rahasya reṇu saṃsāra smaraṇa sādhu viveka yauvana śrotra śūnya
parī@kṣā	19	UTTARAPADA	daiva dharma dūta kāraka mata maṇi muhūrta mūtra nāḍī nāṇaka puruṣa ratna saṃśaya svapna sākṣi tulā vajra vāstu śakuna
prakāśikā	19	UTTARAPADA	bhaṭa bhāva bhāṣā dravya dīpikā karma kāla maṇi mita naya nyāya prauḍha saṃgraha sāra sūtra vaibhava śruta śruti śāstra
pāyin	19	KRT_STEM_MEMBER	alpa amṛnmaya amṛta candrikā dugdha dvi kaṇa kuṇḍa kṣīra madhu rakta rasā rudhira soma stana stanya taila vasā śīghra
pūruṣa	19	UTTARAPADA	antara ati daśa jala kim madhyama mahā para parama parvata prati pāpa rāja saha sarva strī tri uttama ādi
rañjana	19	UTTARAPADA	jana keśa loka mahā mana mano netra pattra paṭṭa pāka rasika ruci sabhā sita strī su vastra yoni śveta
ruhā	19	UTTARAPADA	agni amla apada bahu kaccha kakṣa keśa kāka kāṇḍa kṛtta kṛṣṇa kṣetra kṣudra māṃsa pādapa sthala sthale taru vṛkṣa
sampanna	19	UTTARAPADA	buddhi daiva dākṣiṇya guṇa jāti kāla lakṣmi loka prakṛti rūpa sarva sattva saṃskāra su svara vega vīrya vṛtta śīla
sani	19	UTTARAPADA	abhaya abhra aśva daśa dhana go kāma loka paśu prajā sahasra stanayitnu su vidyut vāja vṛṣṭi ātma śata ūrja
saṃstha	19	UTTARAPADA	bahiḥ brahma brāhmaṇa catuḥ citra dhanuḥ dhara dvi dūra gṛha phala prāk pārśva sarva sukha udak vakra ātma īśa
tulya	19	UTTARAPADA	bhauta brahma candrikā dik dṛk etat go kratu kāka kāla māsa sva tat tāta vajra viṣa śarīra śaṣpa śīla
vigraha	19	UTTARAPADA	anāsādita bhīma kanaka khaṇḍita nāḍī pada pāda raṇa sa sakhi samādhi sarva saṃdhi sthala su supta sva śatru śuṣka
vihāra	19	UTTARAPADA	bhadra brahma divā hiṃsā jaṅghā kaccha kṣapaṇaka mahā mṛgayā nir niśā rāja sparśa sukha vilāsa vraja vāri śama śarad
vṛdh	19	UTTARAPADA	dakṣa girā kṣatra madhu mahi namo payo rayi sa sadyo saho satya su sākaṃ tamo vayo yajña āhutī ṛdū
yava	19	UTTARAPADA	ati bhadra bhṛṣṭa harita indra kaliṅga ku kāka kṣīra madhya mahā sa tri uraga vaṃśa veṇu vi vrīhi śakra
yuta	19	UTTARAPADA	agni bala baḍiśa daiva go gātra kāla kīrti mudā na prasara prāṇa snāyu su sābhijñāna tyāga yaśo śalka śrī
śalya	19	UTTARAPADA	adhva antaḥ bahu brahma grāsa hṛdaya jihma jihvā karma kāma manaḥ niḥ sa su tri vajra vi vāk śata
śastra	19	UTTARAPADA	astra buddhi bṛhatī mahā niḥ nṛ paryāya prauga sa saṃnyasta stuta stuti tīkṣṇa upātta vi vālakhilya vṛtta śilā ṣoḍaśi
śīrṣan	19	UTTARAPADA	avanata avācīna ayaḥ eka gṛdhra haya hiraṇya kṛṣṇa mṛga ruru sa sahasra sapta sarpa tri ubhayataḥ vi śata śīrṇa
bhāskara	18	UTTARAPADA	ardha bhagavad bhagavanta bhaṭṭa bhāṭṭa brahmaṇya hari jñāna kaśyapa laugākṣi nyāya saubhāgya saṃskāra smṛti vi yoga śiva śruti
bila	18	UTTARAPADA	arvāg catur ghrāṇa grīvā kumbha kusūla kūpa mahad mahā pañca sado sthālī tiryag tvag uru vasti vi ṛkṣa
cikitsā	18	UTTARAPADA	arka astra aśva bāla jvara kāya mādhava saṃdhiga saṃnipāta sārameya vaidya visarpa vraṇa yoga yoni śastra śruti śvayathu
daśa	18	UTTARAPADA	aṣṭā catur dvi dvā dāma kṛṣṇa nava nir pañca prāg pāñca sa sapta trayo tri udag upari vi
daṇḍaka	18	UTTARAPADA	bhuja citra hanumad lupta lāṅgala mantha mātaṃgī pāra rāma sarasvatī saṃhitā stava tri vajra varṇaka vāg śiva śyāmalā
duḥkha	18	UTTARAPADA	antar duḥkha dvaṃdva dṛṣṭa eka mahā mano nir para sa sama samāna saṃsāra su sukha svalpa tad śiro
dūṣaṇa	18	UTTARAPADA	artha arāti bauddha kanyā kaustubha khara kula kṛtyā loka mukha nārī para paṅkti pūtanā rakta sapatna saṃdhi viṣa
gaṇḍa	18	UTTARAPADA	asi ati chāttra gala gale kapha medo meru mura pala sura turuṣka tūrya vāta vāyu yuva śakula śāstra
hatyā	18	UTTARAPADA	bhrātṛ bhrūṇa bhūta brahma bāla bālaka go mitra muṣṭi pitṛ rāja sarva strī vīra ātma śatru śiśu śūdra
havis	18	UTTARAPADA	aśva deva dvi mahā paro pavamāna pañca punar puro ratna rāta satya su tanū tri upāṃśu yajamāna ājya
kala	18	UTTARAPADA	akhaṇḍa bāṣpa catuṣ daṇḍa kala keli kiṃ kṣayi mada niṣ paryāpta sa su uṣaḥ uṣā vi ṣaṭ ṣoḍaśa
kalaśa	18	UTTARAPADA	bhūti deva droṇa hema indu jyeṣṭha kanaka kara maṅgala mukti praśasta ratna rudra rāja snāna soma stana sudhā
kriya	18	UTTARAPADA	anya avitatha bahiṣ bhraṣṭa cira eka hīna jaḍa kṛta naṣṭa niṣ sa sama sat tat viṣama āpta śabda
kutūhala	18	UTTARAPADA	bhojana karaṇa karṇa kṛṣṇa kṣema mīmāṃsā niṣ nyāya rāma sa smārta sāndra tarka vaidya vaiṣṇava viṣṇu vāda yuddha
kuṭī	18	UTTARAPADA	aśva bhra bhrama bhru bhrū bhṛ caitra gandha grantha jaṅgama khara maśaka parṇa paṭa pāka tṛṇa upari vāsaḥ
kāram	18	UTTARAPADA	akṛta ayuja bṛhatī chambaṭ dvedhā guhā gāyatrī ittham kakup kathaṃ kikkiṭā maṇḍalī nānā nīcaiḥ tathā tiryak uccaiḥ yathā
maha	18	UTTARAPADA	brahma candra cūḍā dhanur gaṅgā indra jāti kaumudī kuṭī kāma kāmi madana mahā mātā mātṛkā paitā pitā viśva
mardana	18	UTTARAPADA	ari cāṇūra graha kaṃsa keśa kukkuṭa kālīya kāma kāsa kṣatriya mainda mura pāṃsu samara samiti vīra yava śatru
matsya	18	UTTARAPADA	alīka bahu dagdha daṇḍa go kuḍya kṛṣṇa mahā mīna nir prati pāka rakta rohita varmi vīra āgata śuṣka
māruta	18	UTTARAPADA	ati caṇḍa dīrgha jhañjhā mallikā mukha paścān paṭīra puro pīta su surabhi sūti sūtikā sṛṣṭa vadana vṛṣṭi ūrdhva
nakṣatra	18	UTTARAPADA	agni deva eka ghāta hari indra janma kula kṣaura kṣura lagna maitra nāga nāḍī puṃ pāpa sūrya yama
nanda	18	UTTARAPADA	bhava bhoja bhūmi bhūta bhūti go hari kṣiti maṇi melā meru parama su sundara sītā vasu viśva yoga
nandin	18	UTTARAPADA	bhava brahma dharma hari jumara kṛṣṇa mahā mañju mātṛ padma rabhasa rudra siddha soma sāgara vijaya vinaya āgata
nāsa	18	UTTARAPADA	chinna cipiṭa go kapi ku kāka kṛśa mahā markaṭa sthūla su tiryag tiryaṅ tuṅga tuṅgī vakra vi śuka
pallava	18	UTTARAPADA	bīja dhūma dīrgha ghana kara lulita nava oṣṭha pañca pramāṇa prati pāṇi rakta sa tāmra vana śrāddha śīta
plava	18	UTTARAPADA	asi aśma dharaṇī dharma jala ku kuśa mahā marut nayana pota puṇḍarīka pāri pṛthivī sukha uda vi vilubhita
prabandha	18	UTTARAPADA	ati bhoja bhānu hanumat kapaṭa kathā kriyā mahā nayana netra rasa rāghava rāmāyaṇa smṛti syamantaka vikrama vākya yātrā
prabhāva	18	UTTARAPADA	alpa candra divya evam hata kim mahā mantra niṣ prāpta sa saumya su tapaḥ tathā vajra yaśaḥ śrī
pradīpikā	18	UTTARAPADA	bhuvana bhāva dhātu galita hara kalpa karma nyāya prākṛta saṃskāra smārta spanda sāra vikṛti vyavahāra yoga śruta śārīraka
prajña	18	UTTARAPADA	antaḥ bahiṣ bahu duṣ dīrgha kṛta manda niṣ pathi pūrṇa pṛthu sa sthita su ubhayataḥ vipula viśada ṣaṭ
prā@ya	18	UTTARAPADA	bhauta bhūta drava hata hiṃsā mṛta naḍa prabhāta priya sa samāpta samāsa saṃstuta siddha siddhi sikatā strī vajra
rakṣa	18	UTTARAPADA	aśva cakra dhana giri go khaṇḍa kṣetra loka pota pura pāda pṛṣṭha saha saro senā soma su śīrṣa
rakṣā	18	UTTARAPADA	anna bāhu bāla deha garbha gṛha mahā pañca prāṇa rahasya rājya rāma sasya tārkika vedānta ātma śarīra śābdika
reṇu	18	UTTARAPADA	aṇu bhadra bhasma bṛhad candra hema kuṅkuma madhu maha nabho nāga puṣpa rakta ratha saṃsikta su trasa vīra
ruc	18	UTTARAPADA	akṛtta aśīta dhūmra divo ghana kṛta nī puro puru purū sa sahasra su sūrya tanū tigma vasu śīta
rṣi	18	UTTARAPADA	brahma deva dvija jina maha parama rāja rājanya rāma sapta siddha soma sura sādhya ukta vipra yatha śruta
sambandha	18	UTTARAPADA	artha brahma dāra ku kṛta niḥ para piṇḍa roga samavāya saptati siddha su vaiparītya vivāha yauna yoni śarīra
sampad	18	UTTARAPADA	akṣara bhāgya dhana durga guṇa icchā kṣaya lakṣaṇa phala pṛthu rūpa sa samagra sarva su svara vara yathā
sarpa	18	UTTARAPADA	brahma citra duḥ giri go koli kāla kṛṣṇa mahā nai niḥ parī pīṭha rāja sa tāmbūlika śveta ṛju
sattra	18	UTTARAPADA	bhūmi brahma deva dīrgha go kula mahā muni mṛga nakṣatra pañca raṇa rāja rātri sarpa saṃvatsara su yāt
sāt	18	TADDHITA_SUFFIX_EXT	arthi bhartṛ bhasma brāhmaṇa jala loka madhu mṛtyu rāja sarpa sarpis vapus viṣṭhā yajus yama ātma śara śatru
sūrya	18	UTTARAPADA	bāla candra dvi dūra jala kāla mṛdu nānā nṛ pracaṇḍa prati prāpta sāyaṃ uṣāsā vajra vi yama śāli
tarām	18	UTTARAPADA	adhas alaṃ bahu bhūyas kathaṃ kiṃ kutas na nīcais paras prati prāhṇe prāk prātas punas su āvis śanais
taṭa	18	UTTARAPADA	dik kaṇṭha kaṭi kuca lalāṭa mahī nadī sama samudra sarayū stana tāpī uccais udaya velā veṇā śroṇi śīla
vairin	18	UTTARAPADA	baka dhātu dānava dṛḍha indra kapha kopa kāka mura pura pūrva sura tamo tāraka vāta vṛtra yakṛd śuṣka
vallarī	18	UTTARAPADA	amara amṛta aṅgāra candra dhyāna gandha ikṣu indra kadamba kuñja kāka mantra nāga pattra soma su vana viṣa
varṇana	18	UTTARAPADA	arṇava guṇa madhu mantra nala naraka nārāyaṇa pātāla sa sahya samudra vaikuṇṭha vasanta yamunā yoga śarad śoṇita śrāddha
vasana	18	UTTARAPADA	avadāta bhadra carma cīra daśana dig dīkṣita kaṣāya kāṣāya mukta nīla rakta samudra samāna su varṣa vi visrasta
vibhāga	18	UTTARAPADA	anyonya deva dhana dig dur dāya jīvad kiṃ kāla kūrma mantra riktha rūpa sama sthāna uddhāra viṣama yoga
viśeṣa	18	UTTARAPADA	bhagavad bhojana daśā dyūta grāma guṇa gīti karma maṇi nir nyāsa pratimā rasa rata sa vayo vākya śabda
vyādhi	18	UTTARAPADA	anila apagata druma dīrgha go hṛdaya mada mahā mūla nir pavana sa saṃcāra udara vāta yathā śilā śravaṇa
vyākhyā	18	UTTARAPADA	bhārata bhāṣya dīdhiti dīpikā māgha nārāyaṇīya pārṣada pūraṇa saundarya saṃvara saṭṭaya siddhānta stotra svara viṣama śataka śekhara śāstra
vāsara	18	UTTARAPADA	bha bhṛgu bindu bodha dharma hari lagna maṅgala mṛta paṅgu ravi saumya soma śani śaśi śrāddha śubha śukra
yāga	18	UTTARAPADA	antar aṅga brahma darśa gaṇa graha indra mātṛ pakṣa paśu sarpa sattra skanda soma viṣṇu vāstu yama śyena
yāma	18	UTTARAPADA	aiḍa antar ardha citra daṇḍa dīrgha kṛta kṛṣṇa mahā pañca pṛkṣa saurya su tri tveṣa vāg yāta śubhra
śāli	18	UTTARAPADA	araṇya gandha gaura go karaṅka kāla kārttika kṛṣṇa mahā muṇḍa pota prācīna rakta sthūla sūci sūkṣma śoṇa ṣaṣṭi
ṃ-dhara	18	UTTARAPADA	dharaṇī jala jāti kula kuśika nemi nimi seka varṣa vasu vinaya vārṣa vīra yauga yoga yuga śila śruta
ṃ-jaya	18	UTTARAPADA	amara bhāga bhūmi dhana kṛta kṣetra mṛtyu nṛpa pṛthivī pṛthu raṇa ripu samara samiti suta sṛta śatru śruta
akṣa	17	UTTARAPADA	bhūry catur dur dvy hary madhv nir praty pratyag prāty triy try vidyud vy śarad śucy ṣaḍ
aṅga	17	UTTARAPADA	antar bahir bṛhad calad catur dvy hary mṛdv nir paśv praty tanv triṃśad try vy vīthy ṣaḍ
bhāṣā	17	UTTARAPADA	bhūta chando deśa dravya janma karṇāṭa karṇāṭaka lāṭa mleccha muhur para piśāca prācya tarka vi vraja yukti
bhūya	17	UTTARAPADA	amutra brahma deva eka ekadhā karma mūrkha nikaṭī putra rāja satya sura tūṣṇīṃ vidheyī vinā vṛtta ātma
brahman	17	UTTARAPADA	anna bhūta bṛhad deva hari ku kṛta mahā oha para parama sad su svara tri tuvi śabda
campū	17	UTTARAPADA	bhoja bhāgavata bhāgīrathī bhārata bhārgava gaṅgā kuśala kārtavīrya lakṣmaṇa mathurā mādhava nala prahlāda rukmiṇī rāmāyaṇa yādava śiva
cchandas	17	UTTARAPADA	bhakṣa deva gaṇa gāyatra kali kṛta madhu madhye rātri sa saha samūḍha sapta vi vyūḍha āpta ṛṣi
cetana	17	UTTARAPADA	apakṛṣṭa dīna gata hṛṣṭa mūḍha naṣṭa niś pratyak prāyaś puru sa su vi vihvala vyākulita śabala śīghra
daghna	17	UTTARAPADA	atra aṃsa cubuka gaja grīva gulpha jānu kaṇṭha kulpha mukha nābhi puruṣa sphig upapakṣa upastha āsya ūru
dharmin	17	UTTARAPADA	anyonya aprasava atithi cyavana divya maithuna martya patana prasava sa saha su tad vara vi yati yoga
dhāraka	17	UTTARAPADA	daṇḍa deha dṛti eka karṇa kula mṛta nyāsa nāma pṛṣṭha sarpa tri tāla tīkṣṇa vastra vetra śata
drava	17	UTTARAPADA	amla amṛta go hari hṛd hṛdaya kvathita kṛmi madhu mala medinī puṣpa sarala sudhā sāṃsiddhika śallakī śuci
druh	17	UTTARAPADA	akṣṇayā antaka asma asura bhūta dharma garbha hima jagad kratu mitra puru suhṛda tata viṣu vṛtra yajña
dvaya	17	UTTARAPADA	ati bhuvana bṛhatī doṣa haridrā hasta jāra koṭi kṣāra loka muṣka māsa mīna pakṣa rajanī śata śloka
gir	17	UTTARAPADA	apakāra gara grāhya kāmya mañju muhur mṛdu purāṇa ruddha satya saṃdeśa sāma ucca upahāsa vṛṣā yata śama
gola	17	UTTARAPADA	akṣi ardha bha bhū brahma bṛhad dṛg gola hṛd ilā kadamba kha kuṇḍa saumya viriñci viṣṇu yantra
gulma	17	UTTARAPADA	cakra guccha jala kapha kṛṣṇa nalinī nir pitta rakta vana vaṃśa veṇu vāta vāyu vṛkṣa śara śleṣma
gṛhya	17	UTTARAPADA	baijavāpa bhūta drāhyāyaṇa grāma guṇa hasta haste jyeṣṭha khādira lāṅgūla nāma pāda sarva sāṃkhyāyana āpastamba ārya śāṇḍilya
hāni	17	UTTARAPADA	artha dharma dṛṣṭa guṇa hetu kāma māna phala pratijñā prāṇa puru rūpa sparśa vastu vrata vīrya śulka
jaṅgha	17	UTTARAPADA	dīrgha eṇa jānu kharī khārī loha mahā mayūra nāli nāḍī piṇḍī su tāla valgu veṇu vi śuddha
kakṣa	17	UTTARAPADA	bāhya go hasti hema hiraṇya jarat phala puṇḍa puṇḍra sainya sama senā su tulya śiti śrauta śruta
kaustubha	17	UTTARAPADA	bhāṭṭa dāna mitra mīmāṃsā nyāya nāma pratiṣṭhā prayoga rāja saṃskāra saṃvatsara vaidya vedānta vyākaraṇa śabda śābara śṛṅgāra
kaṭa	17	UTTARAPADA	alābū avi bhaṅgā bhinna bhoja dhauta divya kara kaṭa paṅkti sa tila tri umā uras vi śruti
kāntā	17	UTTARAPADA	arka dik haṃsa kroḍa kāma kāmuka lulāpa rūpa sadā samudra tīkṣṇa varāha viṭa āditya śambhu śiva śrotra
kṣatra	17	UTTARAPADA	ahi brahma bṛhat citra deva dṛk dṛḍha mahi niḥ prati priya su sva tuvi varṣiṣṭha vṛddha śrī
lagna	17	UTTARAPADA	asta caraṇa ghaṭika janma kaṇṭha ku kumbha madhu madhya paṅka prāg pāda pṛṣṭha siṃha su yati śubha
lakṣmī	17	UTTARAPADA	akṛśa ati jaya jyeṣṭha lāvaṇya mahā mihira raṇa rāja rājya siddha vana vasu vaṃśa vijaya viṣama ṛddhi
mahiman	17	UTTARAPADA	alupta bhadrā datta devī hari kāla kārttika mahā mathurā pradoṣa rāma taru tīrtha viṣṇu yoga śiva śrī
nirūpaṇa	17	UTTARAPADA	agra brahma ceṣṭā dravya dātṛ kāla naya pīṭha rasa sampradāya sphoṭa vidhi vyāpti ātma śabda śrāddha śuddhi
nivāsa	17	UTTARAPADA	dyu jagan kva kāśmīrika lakṣmī parvata pūrva san sarasvatī sāyaṃ vidyā vṛkṣa yaṣṭi yādo ārya śara śrī
nāsika	17	UTTARAPADA	avanāṭa cipiṭa gata kṣudra mukha namra nata pralamba pūti rakta sthūla su tīkṣṇa ugra vakra vi vigata
nāḍī	17	UTTARAPADA	gandha garbha jala madhu mahā nata nābhi pakṣa parva prati prā puṣkara rakta sūrya vaṃśa vi viṣa
nṛtya	17	UTTARAPADA	bandha deśī dhruva gīta jhampā kalpa līlā mahā mañca maṇḍala maṇḍalī maṭṭa pramoda rūpaka saha yati śabda
paribhāṣā	17	UTTARAPADA	bhāṭṭa dāna magadha mīmāṃsā nāṭaka praśasta rūpaka saṃjñā smṛti svara tarka vaidyaka vedānta vyavahāra vyāḍi yajña śaiva
pattana	17	UTTARAPADA	deva dharma dhārma jala marīci mañju muracī nārī prastāra romaka sa sthala svara sṛṣṭi vatsa śrī śrīraṅga
pattrā	17	UTTARAPADA	ajina ambu carma dhūmra kaṅgunī kharva kṣara kṣudra mauñjī nāga sa surabhī vyāla vṛta vṛtta śirīṣa śāla
prasaṅga	17	UTTARAPADA	aniṣṭa ati brāhmaṇa doṣa indriya kathā kriyā lekhya nārī strī sṛṣṭi vidhi virata viruddha viṣaya yātrā śāstra
praveśa	17	UTTARAPADA	agni antaḥ citā duṣ dvārakā gṛha kuṭī māsa nyāya pattrikā raṅga su tamaḥ vadhū vana varṣa śāstra
prā@pta	17	UTTARAPADA	avabhāsa bhūmi brahma duṣ hasta jīvikā krama pitṛ rāga sampradāya sukha vaśi vyavahāra yathā yoga yācñā śama
pāra	17	UTTARAPADA	ananta apāra avāra brahma carcā duṣ dūra gata gaṅgā krama mahā māṇi niṣ pāra su śamanī śravaṇīya
pīḍā	17	UTTARAPADA	cakṣuḥ cetaḥ dharma graha hṛdaya hṛt kaṇṭha madana manaḥ marma prāṇi rāhu soma vasti yantra śarīra śiraḥ
pūjana	17	UTTARAPADA	atithi devatā guhyaka haritālikā lakṣmī mānasa mātṛ mātṛkā pitṛ pārthiva rudra sarasvatī viṣṇu vāstu śiva śāci ṣaṣṭhī
rahita	17	UTTARAPADA	abhidheya bhāgya jīva lajjā pāpa saṃskāra saṅga uttara vipad vipatti viveka vyathā vyutpatti vyādhi yuyutsā śabda śraddhā
rakṣaka	17	UTTARAPADA	araṇya bhūmi dhana dvāra go kula mudrā mārga pañca pāri rātri sasya sthāna udyāna vana ātma śarīra
ratna-mālā	17	UTTARAPADA	dhātu jyotiṣa kula lalita naya paryāya pramāṇa prayoga saṃskāra saṃskṛta siddhānta vaiśeṣika vidhāna vyavahāra vyavasthā yukti śiva
rudra	17	UTTARAPADA	eka hari jambu kapila kākatīya kāla likhita mahā medhā mālava nandi pañca rāma ucchuṣma vi śata śivā
rūpya	17	UTTARAPADA	bāhu dvai dāśa eka garga ku kṛṣṇa maṇi māṇi prati sama viṣama vārka vṛka śaiva śiva śveta
sammita	17	UTTARAPADA	hṛdaya mukha mṛtyu nagara pakṣa prāṇa puruṣa pāpa raśana rudra sahasra saṃvatsara veda vīrya yajña āsya ātma
samāsa	17	UTTARAPADA	anitya anyāya ca dhātu jīva kṣetra nañ nitya prāk saptamī sarva siddhānta tṛtīyā udak upapada vyāsa ṣaṣṭhī
saptati	17	UTTARAPADA	aṣṭa aṣṭā catuḥ dvi dvā eka nava pañca praśna prākṛta sapta sāṃkhya sūrya trayaḥ tri śuka ṣaṭ
sara	17	UTTARAPADA	agra agre dāha jambu khe mauktika maṇi nava parī prāgra punaḥ puraḥ pūrva sarva sva tri vega
saṃkalpa	17	UTTARAPADA	dhṛta gata hṛṣṭa jāta kāma kṛta mahā manaḥ niḥ pāpa samyak sat satya siddha vigata śiva śrāddha
sveda	17	UTTARAPADA	antaḥ dadhi drava gharma gupta karṣū nāḍī piṇḍa prastara puṣpa sa saṃkara su tāpa upanāha uṣma śilā
sūri	17	UTTARAPADA	candra deva dinna divya hema māṇikya nārāyaṇa paṇḍita pūrva rudra samudra sūrya uddyotana vardhana īśvara śānta śānti
vala	17	UTTARAPADA	bhrātṛ brahma dur hema naḍ parṣad payas putra pṛṣad rajas rajo vyāla śata śatru śikhā ūrjas ūrṇā
varti	17	UTTARAPADA	dhūma dhūpa dīpa ghṛta liṅga mahā mūtra nir phala piṣṭa siddha siddhi sneha sudhā sādhaka varṇa vāla
vasati	17	UTTARAPADA	baddha dur duḥkha garbha gūḍha kāma kṛta lakṣmī pitṛ prathama prati ramaṇa rāja saha sattra tad vilāsa
vitta	17	UTTARAPADA	bhaga bhāga gata gṛha hṛta mūla para pitṛ prasāda sa sana strī su upagupta velā yakṣa śraddhā
vivāha	17	UTTARAPADA	aśvattha brāhma dharmya dur gandharva gaurī ku kṛta mahā prīti punar strī sītā sūryā tulasī vidhavā vṛṣa
vāraṇa	17	UTTARAPADA	aśva dig hasta kāṇḍa mada matta para prati sita tala uṣṇa vara vāha vāra vāri ātapa śara
vāṭa	17	UTTARAPADA	akṣa anala cakra go kāṣṭha mañca maṇḍa maṇḍala prācya pāṇḍya raṅga veśa yajña āmra śmaśāna śāka ṛṣi
yodhin	17	UTTARAPADA	agra bāhu cakra caraṇa citra dvaṃdva gaja garud jihma kūṭa māyā vakra vaktra vikrānta āgata āsanna ṛju
yukti	17	UTTARAPADA	artha chattra gandha kalpa kula kṣaya mantra nagarī nir sad su sva vyākhyā vāco yathā yoga ṛta
śūka	17	UTTARAPADA	dhānya dhūmra dīrgha jala kara manaḥ niḥ rodhra sa sita toya tīkṣṇa viṣa yava yāva śāli śīta
ṭīkā	17	UTTARAPADA	bharata bhāṣya bhūṣaṇa bṛhaṭ durga dīpikā jīrṇa madhyama muhūrta pramāṇa pārṣada saṭṭaka stuti tantra śataka śārīraka śāstra
akṣara	16	UTTARAPADA	bahv catur dur dvy gurv kad laghv nir praty saṃdhy svasty trir triṃśad try viṃśaty ṣaḍ
barhis	16	UTTARAPADA	citra jīva kevala kulmala prācīna sa sadma samāna stīrṇa su tri uttara uttāna vṛkta śara ūrdhva
bhraṣṭa	16	UTTARAPADA	bhaya brahma hasta jāti krama kula kārya lakṣaṇa rājya sthāna viveka yati yoga yūtha ācāra āśrama
bhrū	16	UTTARAPADA	agre asita ati añcita kapiśa lekhā nata saṃhata saṃnata su valgita vikṣipta vāma ārecita śalākā śubha
bhāgin	16	UTTARAPADA	apriya ardha aṃśa dharma duḥkha kleśa kṛṣi lepa mahā manda phala puro riktha saṃcara sukha ṛktha
bhṛtya	16	UTTARAPADA	andhra bāla kim ku kṛśa mūla mṛtyu nai para protkaṭa rāja rāṣṭra sa sad strī viśrambha
bimba	16	UTTARAPADA	bhū bradhna candra hasta indu jagad jala ku nitamba prati ravi stūpa sūrya ādarśa śaśāṅka śroṇi
caura	16	UTTARAPADA	bandi bhitti citta dhānya hṛdaya kāru miśra niś nāma paṭa ratna saṃdhi strī suvarṇa varṇa śāstra
cchid	16	UTTARAPADA	bhava bhīti darpa hṛdaya keśa klānti marma pakṣa paṅka prāṇa sveda timira ukha vana śoka śrama
cintā	16	UTTARAPADA	ari artha bhāva bhūta daiva dharma kārya kṛtya lagna maṭha para su svara upāya ātma śarīra
dagdha	16	UTTARAPADA	agni anagni antar ardha ati bandhu dur duḥkha hīna līlā māṃsa pāyasa samyag tanu vahni vi
dheya	16	UTTARAPADA	bahu bhaga bhāga mitra nai nāma prā pāri ratna reto rūpa soma uttara vasu vayo vār
dāvan	16	UTTARAPADA	aśva bala bhūri oṣiṣṭha paśu puṣṭi sahasra satrā su vasu vibhū viśva viśvato vāja āyur śata
gaja	16	UTTARAPADA	araṇya bāla cakra dig diśā duṣṭa eḍa gandha grāmya mahā nabho prati sura vana āśā śveta
ghṛta	16	UTTARAPADA	bindu drākṣā go kalyāṇaka kṣīra mahā mayūra nārāca phala pāda sa soma surabhi taila tikta uttara
gopa	16	UTTARAPADA	aśva dharma dhruva indra kula nanda preta pṛṣṭha rāṣṭra saha senā sva vajra vāta vāyu śakra
hanu	16	UTTARAPADA	adhara ayo aśva candra catur dur dṛḍha kumbha mahā nāga siṃha stabdha su uttara vatsa śveta
haya	16	UTTARAPADA	aśva chattra hari kratu mahā nara nāra sa sapta su uttāna veṇu śata śoṇa śveta śānta
hotṛ	16	UTTARAPADA	agni catur daivya daśa dvi kaṇva kṣīra nitya pañca rudra sapta su sva svayaṃ yajña āruṇi
hāraka	16	UTTARAPADA	artha aśva bhaya dhana lekha mala maṇḍa nakra prāṇa pāda saṃdeśa saṃdhi saṃtāpa vācika vāḍaba śāsana
kāka	16	UTTARAPADA	araṇya bhū ciri dagdha daṇḍa droṇa jala kṛṣṇa mṛga nagara nara parvata saraḥ tīrtha vṛddha śveta
laharī	16	UTTARAPADA	bhakti gaṅgā lāvaṇya narmadā pīyūṣa saubhāgya saundarya sudhā sundara sāra vidyā viṣṇu āhlāda ānanda śiva śṛṅgāra
mantha	16	UTTARAPADA	agni dadhi dvi hari havir laghu madhu maṇi māṇi māṣa pṛśni sindhu tejo uda udaka vahni
mocana	16	UTTARAPADA	baddhaka bhava bāṣpa cira cīra dūta gaja garbha indriya kapāla kara piśāca puṣkala pāpa svaru ṛṇa
mukhya	16	UTTARAPADA	bala daṇḍa dvija gaṇa mantri paura pāri ratna rāṣṭra sāṃkhya vastra vedha vācaka vāra yodha yūtha
pakṣin	16	UTTARAPADA	ambu ghāti jala kānta madana mahā mṛga pañca prati pura pūrva raṇa sat vanya vāji śārṅga
paryāya	16	UTTARAPADA	anila catuṣ dharma jala manaḥ niśītha ratha rātri rūḍha saṃgīti tri vadhya vasana vāta śakra ṛtu
parākrama	16	UTTARAPADA	bhīma dhṛṣṭa kim laghu niṣ pārtha sa satya siṃha su upakrama vi vyāghra vīra yat śīghra
peya	16	UTTARAPADA	agra anna antaḥ aśva daśa kāka madhu netra prāti pūrva soma sukha suta vāja śrotra ṛta
pitta	16	UTTARAPADA	amla ap asra go jala jhaṣa kūrma māṃsa pañca rakta vāta śikhā śleṣma śoṇita śākhā śīta
prabhava	16	UTTARAPADA	antara bīja jaghanya maināka mekala nakta nitamba pavana saṃkalpa sūrya trailokya vraścana yamunā ānanda śarīra ślīpada
prabhu	16	UTTARAPADA	amara campaka jagat kapi keśava kim ku mahā mūḍha mṛga padma prabhava puruṣa ravi sarva svayam
pradhāna	16	UTTARAPADA	dharma jagat mantri niṣ prayoga sattva strī sva svarga sāma tapaḥ tat vinaya vṛddha yuga śama
prīti	16	UTTARAPADA	bandhu cakṣuṣ duṣ jagat khala manaḥ nayana niṣ paraspara rati saṃstava su vatsa viṣṇu yathā ātma
rakṣin	16	UTTARAPADA	citta deśa dvāra kośa nagara nagarī paśu pura ripu sarva su vaira vitta vyasana ākāśa śiro
rakṣita	16	UTTARAPADA	buddha daiva deva jina mahā maitreya phalgu ratna sarva saṃgha su vasu vijaya śakti śākya śānti
rṣabha	16	UTTARAPADA	aja bharata daśa dvija kṣatriya lekha maha puruṣa pārthiva rāja saha siṃha sura vibudha vipra śukra
sakhi	16	UTTARAPADA	arjuna asmat bāla deva go indra kaṇva kiṃ marut mat sa soma su vāyu īśa śrāvayat
saṃyoga	16	UTTARAPADA	asthi atyanta avarṇa duḥkha kāma phala prīti rati saṃyukta sukha svara svayaṃ varṇa viṣa vākya ātma
sraj	16	UTTARAPADA	antra harita hiraṇya lamba maṇi mlāna muktā puṣkara puṣpa sa su uṇḍeraka vadhya vana vara śiraḥ
sthāyin	16	UTTARAPADA	antara bahiḥ cira dūra hṛdaya jaṭhara laṅkā mūla puraḥ rājya sthira upari vana vīra vṛkṣa ākalpa
trā	16	UTTARAPADA	agni anagni asma bahu brāhmaṇa dakṣiṇa deva jala jana manuṣya martya puru puruṣa pāka sa vāri
tāti	16	TADDHITA_SUFFIX_EXT	ariṣṭa asta ayakṣma dakṣa deva gṛbhīta jyeṣṭha riṣṭa sarva satya upara vasu vṛka śaṃ śiva śubha
vaira	16	UTTARAPADA	baddha dur gata jāti kṛta mahā mitra nir prasṛṣṭa prati pūga sa sakta upaśānta viśrānta śuṣka
valaya	16	UTTARAPADA	adhyuṣṭa bhujaga bhū dig krānti ku kṣmā latā lekhā mṛṇāla nāḍī skhalad viṣuvad vratati śaṅkha śāla
vedha	16	UTTARAPADA	akṣuṇṇa arka dūra gambhīra karṇa lakṣya mahā nāsā roma sa sahasra sama sirā śabda śroṇi śruti
vāja	16	UTTARAPADA	barhiṇa bharad citra dāśa gaja gāja gṛdhra jyā pattra puru pāñca rāyo sahasra sanad tuvi śata
vāpa	16	UTTARAPADA	akṣa anya bīja hasta keśa khārī kṛta māṣa mūla parī paṭa pratī sūtra tantra tantu vrīhi
vārṣika	16	UTTARAPADA	aneka aṣṭa bahu daśa dvi dvādaśa mṛta nava pañca pāñca pūrva sapta sārdha tri viṃśati śata
vāyu	16	UTTARAPADA	anukūla apāna cāra deha deva ghūrṇa indra kadamba kalpa kupita kṣaya mahā pitta pūrva stimita viṣvag
śikhā	16	UTTARAPADA	agni atharva bharga dhūma dīpa hema krama mayūra nandi puṣkara rūpa stana sūci yoga śaila śikhi
śiṣṭa	16	UTTARAPADA	anvācaya apratyakṣa deva hata huta hṛta madhu mātṛ pradhāna puru saha su utpatti viṣama yajña śrāddha
śīrṣaka	16	UTTARAPADA	citra dhānya dvi go kaṭi kūrca kṣīra madhu mārga rakta rāja sasya tri ākheṭa ākhoṭa śava
agra	15	UTTARAPADA	avāg avāṅ ayo dadhy dvy go jyotir nir praty prāg sūcy tantv tapur udag vy
bhrātṛ	15	UTTARAPADA	acala bhaginī dharma dur hata ku laghu pitṛ rāja sa saha su sūrya yamunā śrī
catvāriṃśa	15	UTTARAPADA	arvāk aṣṭa aṣṭā catuś dvi dvā eka nava niś paraś pañca sapta trayaś tri ṣaṭ
cihna	15	UTTARAPADA	kṛta maṇḍala nara nṛpa pada puṃś pāda rāja sa saubhāgya sita strī tata vadhya vajra
dalā	15	UTTARAPADA	bhinna gandha kaṇṭa kaṇṭaka kaṭu khara kṣāra lohita madhu picchala rakta sthūla tri uḍumbara vaṃśa
daśā	15	UTTARAPADA	antar dur graha jāgrad jīva kṣauma mahā maraṇa smara upāsaka vastra vipad vyavahāra yauvana yoginī
dhra	15	UTTARAPADA	avanī bhū dharaṇī ku mahī nada nī payo pūṣa pṛṣa pṛṣad vidyā yadu śiro śrī
dyumna	15	UTTARAPADA	abhiṣṭi bhūri bṛhad deva dhṛṣṭa indra pāśa su tuvi tveṣa vibhūta vīra vṛddha śata ṛta
dīkṣita	15	UTTARAPADA	apyaya bhaṭṭoji hari keśava kṛṣṇa nānā nārāyaṇa reṇu saṃvatsara sāmrājya vaikuṇṭha vallabha yajña śaṃkara śītala
hari	15	UTTARAPADA	bhartṛ brahma dṛti harita iti nara nātha nṛ rāma sa sarva vana viṣṇu śrī śuka
japa	15	UTTARAPADA	bhakṣa brahma deva hotṛ karṇa mahā prātar purastāj rudra sa saṃhitā saṃsthā tya tūṣṇīṃ varuṇa
kalikā	15	UTTARAPADA	cikitsā dīpa indu kāma kānta lavaṃga nyāya padma rasa saṃgīta saṃnipāta sāra vaṭa ānanda śṛṅgāra
kalpa-latā	15	UTTARAPADA	dvija kavi kuṇḍa kāvya mantra nyāya rasa saubhāgya saṃvatsara vijaya vāñchā yoga śyāmā śānti śāradā
kampa	15	UTTARAPADA	bandha bhaya bhū bhūmi gātra hṛdaya hṛt kṣiti mahī niṣ pṛthivī sa svara vidyut śiraḥ
karṣaṇa	15	UTTARAPADA	ari ati danta dhanuṣ dīrgha hrasva keśa kālindī mala mandra rāṣṭra vajra śalya śarīra śatru
keli	15	UTTARAPADA	bāla dhana hara hema jala kalā kandarpa karpūra kāma kṛṣṇa puṇḍra pīṭha siṃha vāk vāta
koṇa	15	UTTARAPADA	agni antaḥ aṣṭa catuṣ dvi ghaṇṭi khara marut pañca sapta sūtra tri vahni vāyu ṣaṭ
kuñjara	15	UTTARAPADA	aśva dik go indra jaya nārī prati rāja sa sita vana vijaya yāma yāmaka śveta
kuśala	15	UTTARAPADA	akṣa dhātu harṣa jina kalā kumāra kārya kṣudhā mantra nīti pramāṇa saṃdhi vaitāna veda śastra
kuṣṭha	15	UTTARAPADA	citra dadru dhauta eka galita gulma kaṭi kāla kṣudra mahā parimaṇḍala pitta pīta śukla śveta
kānana	15	UTTARAPADA	divya giri keli krīḍā kāma madhu maṇi mṛga nabha nala nandana pitṛ pramada saṃsāra vilāsa
kūla	15	UTTARAPADA	arvāk daṇḍa dākṣi madhu madra mahā nadī prati prācīna prāk pāṃsu rohita udak velā veśma
kṣepa	15	UTTARAPADA	apaṭī bhrū dṛk dṛṣṭi guru iṣu khura kāla kṣaṇa manaḥ pakṣa prati pāda śamyā śara
lepa	15	UTTARAPADA	amedhya kuliśa kuḍya liṅga mukha nir piṇḍa piṇḍī piṣṭa pāda ripta rudhira sa vajra ājya
lopa	15	UTTARAPADA	anta anunāsika artha dharma kriyā nyāsa piṇḍa pratyaya smṛti upadhā vidhi viśva viṣvag vrata yajña
mallikā	15	UTTARAPADA	bhadra dur giri gūḍha kastūrī kāla kṛṣṇa nava nīla sāyantana sūci vana vṛtta yukti śuci
maraṇa	15	UTTARAPADA	bāla dagdha dhī dur duḥkha icchā iṅgita jīvan jīvita kāmya muni proṣita sadyo saha śvo
maṇḍa	15	UTTARAPADA	bhakta bhūmi bodhi dadhi dharaṇi ghṛta lāja madya nau pṛthivī sarpi sarpir surā vādya vāṭya
moha	15	UTTARAPADA	buddhi citta diṅ duḥkha dvaṃdva hṛn kāma mahā māyā nir purī smara vīta yantra śānta
nigraha	15	UTTARAPADA	bala dur gada graha indriya meḍhra prāṇa rasanā sa stena su sādhu upastha vadha vyādhi
nimitta	15	UTTARAPADA	abhyāsa anukta apathya dur kiṃ kuto mahā nir pūrva san tan vi viṣa vrata yan
niṣṭha	15	UTTARAPADA	antar brahma dharma dhyāna jñāna karma prati puru pṛthaṅ samādhi sva tamo tapo vedānta īśvara
nī	15	UTTARAPADA	bhāma gāthā mana nava pada pṛtanā sadha senā sānanda vahni vaśa vrata vāma yajña śva
nīti	15	UTTARAPADA	asu daṇḍa dur ku nṛpa rāja soma su vasu vidura vāma śardha śikṣā śukra ṛju
parigraha	15	UTTARAPADA	anya artha asat dravya duṣ dāra janma niṣ para prāṇa pūrva sat vigraha ājñā ārāma
pariśiṣṭa	15	UTTARAPADA	dvaita gārgya gṛhya maitrāyaṇī nirukta nyāya pratijñā pravāsa pārṣada pūraṇa rātri saṃskāra sāma vyavahāra śulba
pañcāśat	15	UTTARAPADA	ardha aṣṭa aṣṭā catuṣ dvi dvā eka lakṣmī nyāya pañca sapta svara trayaḥ tri ṣaṭ
paṭu	15	UTTARAPADA	bahu cāṭu daśa deśaka dhruva kriyā ku kumāra mada māyā pañca pravacana tri vacana vāk
prakriyā	15	UTTARAPADA	bodha duṣ mīmāṃsā prācīna sarasvatī saṃjñā svara sārasvata vaidika vardhamāna vedānta vyākaraṇa vyākhyāna śrauta śābda
prasū	15	UTTARAPADA	bahu bala bharata duṣ kuśa kārttikeya lakṣmaṇa maṣi muktā pitṛ putrikā strī su vīra śani
pravāda	15	UTTARAPADA	asti duṣ evam jana jñāna karma loka puṃs sa saha satya veda vidyā vīrya ātma
puṣṭa	15	UTTARAPADA	anya bahu bali cara dhvāṅkṣa dhyāna divā hṛṣṭa jarā kāka nitya para roga su vi
rāji	15	UTTARAPADA	aṅgula bindu dhūma loma megha nīla rakta ratna roma snigdha su tiraści ulapa vana ūrdhva
rāta	15	UTTARAPADA	asmad bhagavad brahma deva hara hiṅgu jaya kratu kīrti kṛti soma vasu veda viṣṇu yaśo
saktha	15	UTTARAPADA	apara añji baka cakra duḥ dīrgha gaura hari lomaśa mṛga phalaka pūrva pṛśni su uttara
salila	15	UTTARAPADA	antaḥ bāṣpa dhārā mṛṣṭa nayana niḥ pṛthak samāna siddha soma su sukha velā ākāśa śānti
sarga	15	UTTARAPADA	aniśita anugraha bhāva bhūta eka go mahā nai prati pratyaya rudra sattva tri vaikṛta ādi
saṃcaya	15	UTTARAPADA	agni artha asthi ati bīja dhana dharma dina dravya puṇya pāṃsu sārtha tṛṇa vitta śabda
sva	15	UTTARAPADA	alpa brahma brāhmaṇa deva nija niḥ para rāja sarva vipra yathā āsura ātta śiva śrotriya
svabhāva	15	UTTARAPADA	bhāva cala jāti komala kuṭila mugdha niḥ strī su sukhi sva vimala vāma yat śuddha
tuṅga	15	UTTARAPADA	bhadra bhṛgu brahma jagat jaya kaśyapa meru māna rāja sa samara su sura udaya vikrama
vaṇa	15	UTTARAPADA	agre antar badarī dūrvā ikṣu khadira kārṣya mūrvā nir prā sidhrakā sārikā āmra śara śirīṣa
viṃśa	15	UTTARAPADA	arvāg aṣṭā catur dvā eka nava paro pañca paḍ sa sapta trayo triṃśad vi ṣaḍ
viṣāṇa	15	UTTARAPADA	cipiṭa go jīva kharī khaḍga kṛṣṇa mūṣika nara nir sa su vikaṭa śaśa śaśaka ṣaḍ
vyaya	15	UTTARAPADA	artha asu ati bahu bhava bhojana daśana dhana jīvita nitya prāṇa samutthāna svalpa vāg āya
vīthī	15	UTTARAPADA	aja gaja go lakṣya mṛga nabho nakṣatra nāga paṇya ratha rāja soma sura vaṇig śmaśāna
vṛt	15	UTTARAPADA	arṇo dakṣiṇā eka hrādunī nadī nī pañca purū ratha sa sahasra su sākaṃ tri viṣū
yama	15	UTTARAPADA	bṛhad catur dvi dūre eka laghu mahā prāṇa samāna sapta su sūrya vācaṃ vāg yāma
yāvan	15	UTTARAPADA	agra akṣṇa deva eka eva prātar puro pūrva ratha sa sva sāyaṃ śubhaṃ śubhra ṛṇa
śapha	15	UTTARAPADA	aneka ayaḥ aśva aṣṭā catuḥ dvi eka go kṛṣṇa mukha mṛga pṛśni sapta vasiṣṭha vi
śaṅku	15	UTTARAPADA	ayaḥ aśva danta deha garbha koṇa ku lauha loha mahā sama tri vīra vṛtra śaṅkā
śoka	15	UTTARAPADA	arka bandhu bhartṛ citra harṣa hṛdaya niḥ pati sa su tri ugra vi vīta śīrṣa
śukla	15	UTTARAPADA	ati bhīma candra dvi kṣīra māgha pañca sarva su sundara sādhu tri triḥ śaṃkara śrāvaṇa
bhara	14	UTTARAPADA	antarā cintā dur kalā kavarī nir phaṇā pṛthvī sahasra salila stana su vṛṣa śam
bhedana	14	UTTARAPADA	adri amla aśmarī kālindī leṣṭu loṣṭa marma mata para paṭa puṭa pāṣāṇa rahasya stūpa
bheṣaja	14	UTTARAPADA	akṣi duḥkha harita indra jalāṣa kilāsa kṣipta muni rug su viliṣṭa viśva āhruta āsrāva
bhāgya	14	UTTARAPADA	alpa bahu daur dur hata mahā manda māhā nir para pauro sa sad su
bhārata	14	UTTARAPADA	bāla campū citra jaimini mahā prāsa sattva satya saṃkṣepa saṃkṣipta vijñāna vikrama yamaka śiva
bhī	14	UTTARAPADA	apeta ati avadya bhavad gata jāta kaṭa nir prati sura vi vigata vyapeta vīta
budhna	14	UTTARAPADA	adri aśva bhūmi candra giri jīrṇa mahā pṛthu sapta uccā ulūkhala upari śīta ūrdhva
camasa	14	UTTARAPADA	dhānya hotrā hotṛ iḍā kha mahā nabhaś phala phāla saṃdhi soma uda yajamāna ākāśa
candro@daya	14	UTTARAPADA	bhakti caitanya dhātu prabodha pṛthvī rāga saṃketa siddhānta smṛti vaidya viveka vyavahāra vṛtta śṛṅgāra
cañcu	14	UTTARAPADA	akṣara bṛhac cala dīrgha khadira kośa kṛśa kṣudra pīta sthūla vajra vakra vāda śalala
cchattra	14	UTTARAPADA	ahi bhūmi dvija eka haṃsa madhu ratna rudra rāhu sarpa sita smara su śveta
cchāya	14	UTTARAPADA	eka hata manda maṅgala pāṇḍu sa sthira su sukha tanu tārā vi vipula vṛkṣa
damana	14	UTTARAPADA	dur duṣṭa indra kula kāliya kālīya madana prasabha sarva udgātṛ vana vanya vipra śatru
dhṛk	14	UTTARAPADA	daṇḍa deha dharma pināka prāṇa rūpa sūtra vajra viśva vākya vāsa śakti śarīra śūla
duhitṛ	14	UTTARAPADA	bhartṛ bhoja giri kula meru mātā rāja sapatnī sva sūta ugra vandhyā ārya śaila
dāyaka	14	UTTARAPADA	agni bhakta bhūṣaṇa jīva kara kānti mala raṅga saukhya sukha tāmbūla uttara vara viṣa
dūrvā	14	UTTARAPADA	ali aruṇa gaṇḍa granthi mugdha mālā nīla pāka rāja sita valli śveta śāṇḍa śīta
gamya	14	UTTARAPADA	abodha bhakti bhāva bodha buddhi dhyāna dur jñāna mano rāhu su sukha vedānta yajña
garta	14	UTTARAPADA	bhūmi bāhu dvi loma mahā mañju roma sthūṇā sṛgāla tri vṛka āsya śamyā śvāvid
geha	14	UTTARAPADA	antar bhū garbha havir jatu khara līlā puṇya rāja sūtikā vāsa śilpa śiro śūnya
gā	14	UTTARAPADA	agamya agre dur dūra ghaṭṭa kalpa kuṭila nimna plakṣa puro svasti sāma tamo vaṃśa
harṣa	14	UTTARAPADA	anaṅga danta jina jāta loma pāda roma sa sanna sirā vi vibhraṣṭa vyapeta śrī
haṃsa	14	UTTARAPADA	abhavya bhakti eka jina kala mahā mana para parama pāka pārama rakta rāja yantra
huta	14	UTTARAPADA	agni brahma brāhmya dur nir prātar puru rātri sadā saha sarva strī su śata
jita	14	UTTARAPADA	astrī bhiṣag bhāryā daṇḍa dyūta hrī karma puṇya satrā strī su sva vaiśva vīra
jāha	14	UTTARAPADA	akṣi bhrū danta gulpha karṇa keśa mukha nakha oṣṭha puccha pāda pṛṣṭha āsya śṛṅga
jāni	14	UTTARAPADA	ananya arundhatī bhadra dvi jagatī priya sa saha sapta sītā vi vitta yuva śubha
jīvita	14	UTTARAPADA	gata hata kṣīṇa prahīṇa priya samabhityakta samparityakta sthira su sāvaśeṣa tyakta ujjihāna vi vyutkrānta
kalaha	14	UTTARAPADA	anyonya gṛha karṇāṭa keli kuṭumba līlā madana māna praṇaya priya sa vyāyāma vāk śuṣka
kukkuṭa	14	UTTARAPADA	agni ambu gartā grāma grāmya gṛha jala kaṇa kulāla prāsāda salila vana vṛkṣa āraṇya
latikā	14	UTTARAPADA	amṛta anaṅga cūta dor kalpa kanaka karṇa mṛṇāla piccha prema roma soma vasanta vijñāna
mehin	14	UTTARAPADA	cira gehe hāridra kṣāra madhu phena sarpir surā uda ālāla śoṇita śukla śukra śīta
muhūrta	14	UTTARAPADA	bhārgava brahma brāhma brāhmya dur hala ku lagna prati ravi san su vairocana ūrdhva
muni	14	UTTARAPADA	dambha deva dvi kabandha kanaka karṇa mahā mukunda rāja san sura sātya tri śākya
muṇḍa	14	UTTARAPADA	ardha gandha gaurī go kamboja muṇḍita nir pīta ruru uru veda yavana śikhā ūrdhva
mūlya	14	UTTARAPADA	alpa bahu bhāṇḍa dhana dur hīna kṛta mahā paṇya piṇḍita sarva surā tulya yathā
nidra	14	UTTARAPADA	alabdha ati bhagna bhraṣṭa gāḍha mahā mukta naṣṭa nir pīta sa su vi vidhūta
nighaṇṭu	14	UTTARAPADA	bāhaṭa bīja deśya dhanvantari hanuman mātṛkā nakṣatra nāma rāja vaidya veda viśva vāmana śāka
nivāsin	14	UTTARAPADA	bharukaccha daṃṣṭrā durga grāma martya prānta sadma saha saubha vaideśika vindhya yathā āsanna śmaśāna
nāma	14	UTTARAPADA	bhagavan chando deva go manuṣya marun nadī nakṣatra rāma sa sarpa satya vṛkṣa yathā
nārī	14	UTTARAPADA	divya krīḍā ku kula lepya lāṭa matsya nāka prati pura suhṛn vara vāra śaṅkha
nāśaka	14	UTTARAPADA	agha artha aśva jvara ku kāma kṛta matsya mūla mṛtyu tārkṣya vighna viṣa śūla
nīla	14	UTTARAPADA	hari indra kāṃsya kāṇḍa kṛpā mahā megha pīta rakta rāja sthūla su vi śveta
prasava	14	UTTARAPADA	anuyāja megha prati puṇya pīta rakta rāga sa satya su sukha suvarṇa tārkṣya śata
pratijña	14	UTTARAPADA	alaghu baddha bahu bhagna dṛḍha hīna kṛta mithyā sat satya sthira su tīrṇa vṛthā
pāli	14	UTTARAPADA	aṅga aṅka danta go kapola kapota kara karṇa kula pakṣa prajā su śravaṇa śrotra
pārśva	14	UTTARAPADA	aja antaḥ bhagna catuṣ gāyatra mahā pāri su suvarṇa vana vi vipula vāma yajña
pātana	14	UTTARAPADA	akṣa bhitti capeṭā chanda chandaka daṇḍa dūra garbha phala prema tiryak vajra vartma ūrdhva
pātin	14	UTTARAPADA	antaḥ daṇḍa dūra eka laghu pakṣa pṛṣṭha retaḥ sadyaḥ tiryak vyāyata śabda śata śīghra
racanā	14	UTTARAPADA	cikura danta dhūrta keśa kūṭa pada padya pakṣa praguṇa sopāna vacana vastu vyūha vākya
rakṣaṇa	14	UTTARAPADA	agni bāla garbha go paśu prāṇa pāda pṛṣṭha sarva su veda ātma śeṣa śīrṣa
rodha	14	UTTARAPADA	kaṇṭha mala mūtra nyag prāṇa pura sa saṃdhi smṛti su taṃsu vega vāg śvāsa
sasya	14	UTTARAPADA	anupta bahu dīrgha jāti mūla nava pañca pūrva sa sarva su ubhayataḥ śarat ūrdhva
satya	14	UTTARAPADA	bahu deva mahā mama niḥ priya sa samyak sarva su tanu tri ārya ṛta
saukhya	14	UTTARAPADA	deśa jina mahā saṃskāra tīrtha vi vivāda vivāha vyavahāra vāstu śama śiśu śrāddha śuddha
saṃvatsara	14	UTTARAPADA	adhika bahu eka karma kṛcchra nakṣatra sahasra saura sārdha tri yuga āditya śata ṣaṣṭi
sthā	14	UTTARAPADA	antama koṭara koṭi madhyama maru rocana taru veśa viśva śaṃ śreṣṭha ṛk ṛta ṛtu
sudhā@kara	14	UTTARAPADA	bodha chandaḥ prabodha praśna rasa rākā saṃgīta smṛti svāhā vicāra vidhi vāda yoga śṛṅgāra
sundarī	14	UTTARAPADA	dik karṇa kula madana paṇa prati rudra svaḥ sāra vara vraja vāra śiva śṛṅgāra
taram	14	UTTARAPADA	abhyātma apa ava avat bhūyas candra gāḍha paras parā prathama suṣṭhu tūrṇa upasti vi
tāpa	14	UTTARAPADA	antas ayas citta guru hata hṛt koṣṭha manas parī paścāt pṛṣṭha sa ulbaṇa uru
tūrya	14	UTTARAPADA	bhakta gandha malla maṅgala mitra mṛtyu nandi raṇa sa saṃgrāma sāyaṃ vṛtra yāma śatru
vyākaraṇa	14	UTTARAPADA	bhoja bāla dīpa dīpaka garbha garbhiṇī hema praśna prākṛta rāma sārasvata vaiṣṇava śākaṭāyana ṛju
vyāpāra	14	UTTARAPADA	danta divasa gṛha jagad karaṇa kiṃ ku mithyā mukta nir prajā sa vāg śūnya
vācaka	14	UTTARAPADA	bhāva dravya eka guṇa jāti kriyā nāma paryāya satya saṃkhyā svasti sādhu tad āśīr
vāhaka	14	UTTARAPADA	aṅga bhāra jala pathi pota ratha skandha sīra tāmbūla vāri yoga śava śiśu śāsana
vāhinī	14	UTTARAPADA	havya haṭṭa jaya kanaka makara manda meṣa mātṛ padma puṣpa sura svar tāmbūla vāyu
vāka	14	UTTARAPADA	bali bhū cakra cīrī dhāra joṣa namo nī sahasra satya sinī sūkta tīrtha ṛta
yajus	14	UTTARAPADA	dvi iṣṭa kṛta lakṣmī sambhāra samiṣṭa saṃsthita stamba su yathā yāvad ādhīta śukra ṛg
yauvana	14	UTTARAPADA	abhinava aprāpta nitya nūtana pattra prathama prauḍha prāpta pūrṇa rūḍha sa samprāpta satya sthira
yogya	14	UTTARAPADA	artha dvai dāna kṛta prācīna rāja sabhā siddhi vara vyākhyāna yajña yathā yuddha śāka
yājin	14	UTTARAPADA	asoma atirātra bahu cāturmāsya deva grāma havir kṣīra paśu sad sahasra soma ātma ṛtu
īśa	14	UTTARAPADA	dig div dur gav gir jagad jyotir manv nir rakṣa srota tiryag vāg yāda
śiva	14	UTTARAPADA	bhaṭṭa bhūti dhīra guha kavaca mahā para parama sadā sapta sita sāmba vāma śīta
śiṣya	14	UTTARAPADA	bādhūla duḥ ku prati pūrva rāma sa sarva su sūrya vaikuṇṭha vi yajamāna śukra
śloka	14	UTTARAPADA	anuvaṃśa ardha cāṇakya lakṣa prastāva prati puṇya saṃgraha su uttama vi viveka vyākhyā śūra
ṛṣi	14	UTTARAPADA	brahma deva eka kāṇḍa maha rāja rāma sapta sarpa sura vaṃśa yatha śrauta śruta
balā	13	UTTARAPADA	ajita aśva bhadra jyeṣṭha kṣudra nanda ojo pañca rāja tad vṛddha śveta śīta
bhadrā	13	UTTARAPADA	bhiṣag brahma gandha jīva kapila latā pattra putra sadā sva vaiśya viṣa yoga
bhakṣaṇa	13	UTTARAPADA	abhakṣya anna bheṣaja dāḍima kāṣṭha madhu māṃsa prathama pāpa tāmbūla viṣa vrata vāyu
bhañjana	13	UTTARAPADA	aparādha aṅga bhaya gātra gṛha loṣṭa pada prā prākāra pāpa rāga saṃdeha su
bhārya	13	UTTARAPADA	aneka dvi dāsa gārgā ku madrikā rasikā sa saha sauvaśva vaiyākaraṇa śūdrā ūḍha
bhāṣita	13	UTTARAPADA	bandhu bhūta dur guhya gūḍha saṃdhā solluṇṭha su sva vibhrama yāvad ākāśa śṛṅgāra
bodhinī	13	UTTARAPADA	ajñāna bhaṭṭi brahma jñāna laghu mugdha nyāya su sukha sāra tātparya śiśu śīghra
cakṣas	13	UTTARAPADA	apāka bhūri duś ghora nṛ sahasra soma su svar sūra upāka uru viśva
caya	13	UTTARAPADA	agni bhasma ghana kāñcana mṛc payaś prāṇa puṣpa pātra rathya ugra vahni śilā
cintaka	13	UTTARAPADA	artha aśubha buddhi daiva dharma graha kārya megha prasāda sthāna vaṃśa vraṇa śāstra
darbha	13	UTTARAPADA	baddha bṛhad hari hrasva kiṃ pavitra rūkṣa sita sthūla su vi vṛṣa vṛṣā
darśa	13	UTTARAPADA	avasāna deva diva dur nakṣatra pratiṣṭhā pratī priya su vadhū ādinava ātma śubha
deya	13	UTTARAPADA	bahu bala brahma brāhma magha māsa pathi rādho vaira vasu vīra yāvad śraddhā
dhānī	13	UTTARAPADA	aṅgāra bīja dadhi deva dhana jīva khale matsya rāja saktu vāri yama ājya
dveṣin	13	UTTARAPADA	brahma brāhmaṇa dharma dīrgha kriyā kāru makha mitra para puruṣa sindhura stana strī
dāya	13	UTTARAPADA	akṣa aśva bhaya brahma go graha hasti pitṛ prīti punar su āyur śata
garbhā	13	UTTARAPADA	citta dhṛta dāru gṛhīta mṛta patita rakta spaṣṭa sravad uṣṇig vi vṛddha āpta
gāthā	13	UTTARAPADA	indra loka muni pañcāśad pitṛ prācīna sthavira vi viṣṇu yajña yama śaila ṛg
hastin	13	UTTARAPADA	danta gandha jala kiliñja mahā matta prati raṇa rāja su vaiyākaraṇa yantra śveta
hotra	13	UTTARAPADA	agni catur deva kokila pañca puru su veṇu vīra vīti āvir śuna śāli
jīvaka	13	UTTARAPADA	akṣara bandhu cakra cira jīva kuhaka megha mālya raṅga saṃdhi suta vāri vṛddhi
kadalī	13	UTTARAPADA	araṇya aśma bāla dāru giri kanaka kāka kāñcana kāṣṭha pīta rakta suvarṇa vana
kadamba	13	UTTARAPADA	bhū bhūmi bhūmī dharā dhārā giri keli nadī nīca rakta rolamba rāja sat
kalpalatā	13	UTTARAPADA	avadāna bhakti bhāva jalpa kṛtya phala pratiṣṭhā praśna sahama siddhānta sāpiṇḍya vedānta śruti
kartavya	13	UTTARAPADA	ahaṃ dina iti kakṣī kṛta puras puñjī sat sthirī svī sākṣāt tat yathā
kaṇṭa	13	UTTARAPADA	bhadra bhujā dīrgha go kāṇḍa rakta randhra svādu tri tīkṣṇa vajra vakra śākhā
khāta	13	UTTARAPADA	abhri adhaḥ deva kuddāla kuddālaka mahā pāṇi pṛthvī sama svayaṃ sūci sūcī viṣama
krodha	13	UTTARAPADA	dṛk dṛḍha harṣa jita jāta kāma mahā mithyā niṣ sa upajāta vi śānta
kukṣi	13	UTTARAPADA	bṛhat hiraṇya indra sa samudra su sāgara vajra vi vāma vīra śveta ṣaṭ
kuṇḍala	13	UTTARAPADA	cala citra eka lola lulita makara mṛṣṭa rakta sa su suyyā vasti vi
kālīna	13	UTTARAPADA	bahu prāk pūrva sadyas sama sampūrṇa samāna sarga sarva sāyaṃ utpatti ādi śīta
kīlaka	13	UTTARAPADA	bhagavatī dharaṇī dīrgha guda harṣa haṃsa karma kāṇḍa nara tāmasa yajña yuga āditya
kṛtvas	13	TADDHITA_SUFFIX_EXT	aparimita aṣṭa gaṇa kati nava pañca sahasra sapta tri tāvat yāvat śata ṣaṭ
muc	13	UTTARAPADA	ambho ambu eno jala mada parṇa payo salila toya vana viṣa vār vāri
mukhī	13	UTTARAPADA	guru jvala padma saṃvatsara sudhā sūrya vagalā vara vidhu viśva śarārī śmaśru śuci
mālinī	13	UTTARAPADA	amṛta bhoga dala ikṣu kambu kaṭa kīrti madana muṇḍa nara nava pura śaṅkha
māṣa	13	UTTARAPADA	dhānya kāca mahā nīla nṛpa pauti pūti rāja rūpya sita su suvarṇa tila
mṛtyu	13	UTTARAPADA	chanda janma jarā mahā mṛtyu para pautra punar sarva saṃgrāma su vi viṣa
nagarī	13	UTTARAPADA	abdhi ambara avanti cedi kāntī laṅkā pātāla pūrva rādhā rāja svar vidarbha videha
nipāta	13	UTTARAPADA	ari aśru dhārā dṛṣṭi eka kaśā para pāṃsu pūrva salila śamyā śarīra śastra
nāsikā	13	UTTARAPADA	agra bisa carma dhvāṅkṣa kapi kari kola kāka kārpāsa prāṅ tuṅga vyoma śuka
nāṭaka	13	UTTARAPADA	bṛhan chāyā hanuman kapaṭa mahā maithilī mathurā puṣpa rukmiṇī rāma rāmāyaṇa sabhā vāla
pakva	13	UTTARAPADA	agni ardha dviṣ ghṛta kandu kāla niṣ sneha sthālī tuṣa vi vṛthā ṛbīsa
palāśa	13	UTTARAPADA	bahula bhū brahma brāhma bṛhat eka paraśu puṣkara sa sapta su vi viṣama
pariṇaya	13	UTTARAPADA	ambikā damayantī jānakī lavalī maithilī mukti pārvatī rukmiṇī saugandhikā sāvitrī vaidarbhī vaidehī vidyā
paṅka	13	UTTARAPADA	candana ku kuṅkuma madya mahā mala nadī niṣ nīla palvala su śoka śīta
pippalī	13	UTTARAPADA	chidra gaja hasti jala kapi kari kuñjara kṣudra markaṭa siṃha sūkṣma toya vana
pota	13	UTTARAPADA	arṇava aśva kari manuṣya markaṭa mṛga nāga pūga sa vara vaṃśa śāka śāla
prabodha	13	UTTARAPADA	duṣ hari hṛdaya jina karaṇa manda mugdha parva prathita prākṛta varṇa viśva ātma
prayatna	13	UTTARAPADA	bhagīratha bāhya dīrgha eka kṛta laghu mṛdu niṣ sarva vitatha ābhyantara āsya śithila
prāya	13	UTTARAPADA	anūpa duḥkha evam gata jala jñāti jāta kapha kṣatriya tuccha tṛṇa utkalikā ārya
puṇya	13	UTTARAPADA	adhyayana alpa gata kṛta kṣīṇa loka mahā manda nai pāpa sarva su veda
pālikā	13	UTTARAPADA	aṅka jala kapota madhu mṛga prapā pāda rāṣṭra suvarṇa udyāna vāri śayana ṛju
pāpa	13	UTTARAPADA	bhadra dhuta dhūta gata kṣīṇa mahā manas niṣ prati pūta svayam uddhūta vi
pāṭhaka	13	UTTARAPADA	avasara dharma likhita mañju maṅgala nakṣatra nānā prastāva smṛti stuti su svarṇa veda
rca	13	UTTARAPADA	ardha aṣṭa aṣṭā daśa dhana dvādaśa nava pañca sa sapta viṣama śata ṣoḍaśa
rohiṇī	13	UTTARAPADA	agni ambu aśoka bhadra kanda kaṭu kaṭuka māṃsa pīta su taru tikta vahni
rtu	13	UTTARAPADA	akhaṇḍita candra gandharva hima nitya prāpta sarva tapa tuṣāra varṣa vasanta yatha śiśira
rāti	13	UTTARAPADA	brahma brāhma citra daiva maṃhiṣṭha piśaṅga pūṣa sa su svādu vibhūta visṛṣṭa śrotu
rūpā	13	UTTARAPADA	bhadra brāhmaṇi caṇḍa deva dṛṣṭa ghana keśa virāḍ viṣa vyāghra vāta ādhāra śrī
sabhā	13	UTTARAPADA	anātha brahma dharma dyūta hrasva indra mahā manuṣya paṇḍita rāja vikrama yama śiṣṭa
saṃcāra	13	UTTARAPADA	asukha bhūta durga duḥ duḥkha mūrti niḥ nāḍī piśāca pātra sukha vākya vāta
saṃghāta	13	UTTARAPADA	akṣara asthi hima kaṭa matsya megha māṃsa pada ratna roga tamaḥ vajra varṇa
saṃsthā	13	UTTARAPADA	ahaḥ haviḥ mat paśu preta pāka sapta savana soma su sva yajña śrī
senā	13	UTTARAPADA	amitra anaṅga daitya kaliṅga kandarpa kubera madana malimlu mṛtyu nabhaḥ nṛ prati āhara
sphoṭa	13	UTTARAPADA	bhū duḥ hṛt kapāla kara kṣudra muktā narma pāda pīta sūkṣma vākya śabda
svarūpa	13	UTTARAPADA	bhagavat brahma cit kiṃ kāla māna nīla pratyak strī sva svara virāṭ śrī
sāda	13	KRT_STEM_MEMBER	agni anala aśva go kara khara prā puṣkara sapatna sarva śakuni śarīra ūru
sādhya	13	UTTARAPADA	duḥ kaṣṭa kṛcchra līlā mantra siddha smṛti su sukha sāma tapaḥ tarka śrama
sānu	13	UTTARAPADA	adri agra antaḥ budha divya giri maṇi pṛdāku ramya ratna tri vṛṣa ūrdhva
taraṃga	13	UTTARAPADA	carma jala mahimā nis nāḍī nīra nīti raṅga sabhā sāṃkhya vāri yoga śabda
tikta	13	UTTARAPADA	anārya ardha cira kaṭu kirāta kāṇḍa lavaṇa mahā nāḍī pañca su vana vara
tithi	13	UTTARAPADA	adhika bhīma dhanya divasa dus ghāta janma kula mahā nāga pitṛ rātri viṣṇu
valka	13	UTTARAPADA	bahu bṛhad danta druma dṛḍha parṇa pārṇa soma uru yajña yājña śaṇa śīta
valkala	13	UTTARAPADA	bahu dṛḍha gandha haima jala nir pañca sthūla surabhi svarṇa teja śilā śveta
vani	13	UTTARAPADA	brahma dhānya dhārā kṣatra sajāta sarva upamāti vasu viśva vṛṣṭi āditya śata ṛju
vapus	13	UTTARAPADA	amṛta candra dāruṇa dṛḍha go ku megha pūrṇa saumya stabdha su vitata śata
veṣṭana	13	UTTARAPADA	aṅguli danta gātra ikṣu karṇa latā mūrdha nṛ sa soma sūtra yūpa śiro
vidvas	13	UTTARAPADA	antar aveda brahma dur kalā kāla na su veda viśeṣa viśva yad śastra
vihita	13	UTTARAPADA	aveda aśāstra brāhmaṇa nyāya pratyakṣa pūrva sattva su tredhā veda vidhi śastra ṣoḍhā
vikrayin	13	UTTARAPADA	apatya aśva ghṛta kratu kraya māna māṃsa rasa sarva soma sūtra veda śastra
viruddha	13	UTTARAPADA	deśa loka mano nyāya paraspara saṃdarbha saṃyoga smṛti vacana vidyā vācā ācāra śāstra
viṃśati	13	UTTARAPADA	aṣṭā catur dvā eka nyāsa pañca rudra sapta trayo vetāla vi yāvad ṣaḍ
vīṇā	13	UTTARAPADA	alābu brahma danta kaṇḍola kaṭola ku kāṇḍa mahā piśīla rudra rāma sūtra tumbī
yojana	13	UTTARAPADA	agni bāṇa daśa hari pada pañca pātra sahasra samāna tri āhāra śata ṣaṣṭi
yūpa	13	UTTARAPADA	aśva brahma caṣāla citya eka homa mañca patnī sthūra tri śata śikhi śilā
ātmaka	13	UTTARAPADA	antar cid dhvany dvy evam jagad kim nir praty tad vidhy yad ṛg
śreṇī	13	UTTARAPADA	cakra deva dhanu dhanuḥ gṛha haṃsa kaṇṭaka pattra phaṇa pratyak putra suta vara
ṣaṇḍa	13	UTTARAPADA	dhātaki druma grāma ku nīla padma padminī pālāśa taru vana vātika vṛkṣa vṛṣa
antara	12	UTTARAPADA	dig dvy hetv kim manv nir smṛty sṛṣṭy tiryag vastv vedy vy
bandhaka	12	UTTARAPADA	aśva caritra daśa dugdha jala nāga paśu pāśa ratna sa svarṇa śarīra
bhasman	12	UTTARAPADA	abhraka homa kṛṣṇa pravāla pīta rasa sa saha vi śava śaṅkha śveta
bhaṭṭīya	12	UTTARAPADA	hanumanta lakṣmaṇa liṅga nāgoji nārāyaṇa pañca sūrya vajra vandya yalla śambhu śaṃkara
bhedaka	12	UTTARAPADA	aśma granthi maryādā para puṭa pāka pāṣāṇa saṃgha stūpa taḍāga tvag vastra
bhās	12	UTTARAPADA	acira anūrdhva bṛhad hima su sūrya tigma uṣṇa śaśi śaśāṅka śyāma ūrdhva
bhāvana	12	UTTARAPADA	bhava bhuvana bhāvita bhūta brahma loka malla nyag sa sarva viśva yajña
bhāṣaṇa	12	UTTARAPADA	amṛta asphuṭa gadgada kala priya roṣa rucira satya solluṇṭha su ucca uccair
bhīta	12	UTTARAPADA	bhava bhīta divā jarā mahā mṛtyu na nir su vi vyādha śīta
bṛhatī	12	UTTARAPADA	ardha latā mahā pratyakṣa purastād upari upariṣṭād uro viṣṭāra śabda śveta ūrdhva
cchanda	12	UTTARAPADA	abhakta asva bhakta deva indra madhu para prati sa sva vi vijaya
cchedana	12	UTTARAPADA	danta hasta nakha nābhi pāda sama saṃdeha saṃdhi yūpa ārambaṇa śiśna śīrṣa
cchidra	12	UTTARAPADA	bhūmi divasa garbha gṛha karṇa kṛta para sa sapta svara yuga śata
dakṣa	12	UTTARAPADA	atūrta dhṛta dīna kara kārayitavya pūta sa samāna sevā soma su śara
deśya	12	UTTARAPADA	madhya maru māthura paṭu pāra sarva tad vanāyu vidvad vitasti ārya śiśu
dhvaṃsa	12	UTTARAPADA	dhairya dhvani dhārā garbha jāti kalmaṣa karma kāraṇa kṛta kṣudhā sa vighna
dhātrī	12	UTTARAPADA	bhūta bṛhad dharma hasta hṛd jagad kṣudra kṣīra mala sāmānya vajra viṣa
doha	12	UTTARAPADA	asṛg dugdha go kāṃsya nadī prātar su sāyaṃ uktha vi ācyā ājya
dundubhi	12	UTTARAPADA	bhūmi deva dhvānita karṇa laghu megha prasthāna raṇa sura vijaya yāma ānaka
gala	12	UTTARAPADA	bṛhad dur gadgada ghoṭa kuṣṭha kṛṣṇa mahā mecaka medo nīla poṭa ārta
gandhaka	12	UTTARAPADA	hṛdya krūra mukha rakta rasa rūkṣa sama su tri tīkṣṇa āmra śubha
gandhikā	12	UTTARAPADA	aja apara avi bhadra bhasma bhogi droṇa ikṣu mārjāra ugra vṛṣya ṛkṣa
gavī	12	UTTARAPADA	bhilla brahma dakṣiṇā guru kāma mano manuṣya pañca rāja sarva strī śaṃ
gaṇita	12	UTTARAPADA	avyakta bhadra bīja graha kṣetra naṣṭa pāṭī rekhā su suvarṇa sūtra vyakta
govinda	12	UTTARAPADA	bhagavad bāla chando gīta hara jaya mukunda rasa rāma soḍha sānanda śeṣa
grasta	12	UTTARAPADA	bhūta doṣa graha roga rāhu vipad vyādhi vāta vāyu yakṣma āpad śāpa
gāna	12	UTTARAPADA	anirukta guṇa prakṛti rahasya sāma veya yoni āraṇya āraṇyaka śuṣka ūha ūhya
java	12	UTTARAPADA	ati bahu kathā mahā mano pavana puro sroto stimita sṛta vāta śīghra
jihvā	12	UTTARAPADA	ali bhujaṃga dīpta go hasti kukura nāga phaṇi prati vyāla yama śuka
kalpa-druma	12	UTTARAPADA	hautra kaivalya kavi kuṇḍa kṛtya mantra saubhāgya vaidya vedānta vrata yoga śabda
kamalā@kara	12	UTTARAPADA	candra dāna mantra nīti pratiṣṭhā samaya saṃskāra vrata vyavahāra śeṣa śānti śūdra
karkaṭī	12	UTTARAPADA	cīrṇa grāmya kola kula kulaka kāka kṣetra madhu padma rāja trapu vṛtta
kautuka	12	UTTARAPADA	graha jāta kathā krīḍā kṛta rasa rāma sa saṃjāta sāścarya vi vṛtta
kesarin	12	UTTARAPADA	candra indu karaṇa nara nṛ pañjara puruṣa siṃha sneha svalpa vikrama vīra
kulyā	12	UTTARAPADA	cakra candra dadhi deva ghṛta madhu pitṛ rasa retaḥ soma ārya ṛṣi
kālī	12	UTTARAPADA	bhadra gandha gaṇḍa guhya jyotsnā kośa megha rudra sthala ugra vajra śmaśāna
kṣiti	12	UTTARAPADA	asura bhava dhruva dhārayat parī raṇa roha samara su tāra uru viśva
lohita	12	UTTARAPADA	ati bṛhal dhūmra jala kṛṣṇa nīla sa sarva sita su vi śveta
mahat	12	UTTARAPADA	bhakti guṇa māna parama sarva sato su sāra vi viśva śruta śruti
marda	12	UTTARAPADA	ari aṅga cakra graha kara kaṭa kaṭha kāka kāsa picu pāṇi pīṭha
matta	12	UTTARAPADA	artha kadā madhu mahā mṛta pāna rakta raṇa sadā surā vīrya ṣaṣṭi
modaka	12	UTTARAPADA	dala dhātrī khaṇḍa ku madana mudga muktā mātṛ siddha sudhā āsya ḍiṇḍira
mānuṣa	12	UTTARAPADA	ardha divya jala kevala mati nir prākṛta rāja sapta vana vi viśva
mūtra	12	UTTARAPADA	baddha bahu basta go pañca ruddha sakta sāndra viṇ śakṛn śayyā śveta
nyāya	12	UTTARAPADA	dakṣiṇā kaimutika kaimutya kapiñjala laukika mahā markaṭa mārjāra mīmāṃsā prāṅ pūrva śārīraka
patita	12	UTTARAPADA	antara bhū caraṇa kāṇḍa kṛcchra madhya pāda sthāne sva svayam sāvitrī vastu
pañcā@ṅga	12	UTTARAPADA	baṭuka bhavānī bhārgava candra durgā grahaṇa gāyatrī hanumat lalitā rāma sūrya śiva
pañcāśa	12	UTTARAPADA	arvāk aṣṭa catuḥ catuṣ dvi dvā eka nava pañca sapta tri ṣaṭ
paṇa	12	UTTARAPADA	ardha kṛta mūlaka prati sa sottara sva veśyā vi vīrya ākṣika śāka
paṭṭaka	12	UTTARAPADA	cola dāna lalāṭa mocana prasāda pūjā su tāra vraṇa yoga śilā śīrṣa
paṭṭikā	12	UTTARAPADA	carma citra kaṣa lalāṭa loha madana nala paryaṅka pradakṣiṇa rāja trapu vraṇa
piṣṭa	12	UTTARAPADA	bhṛṣṭa cīna grāma guḍa māṣa naṣṭa nema su yava ślakṣṇa śrī śāli
pluta	12	UTTARAPADA	anta aśva ghṛta hariṇa madhu maṇḍūka prathama rajaḥ sāntara uda vakra ādi
pravaṇa	12	UTTARAPADA	bhakti dakṣiṇā mātṛkā nimna pratyak prācīna prāk purastāt udak udīcīna vañcana viṣaya
pucchaka	12	UTTARAPADA	asi asita aśva go kāla kṛṣṇa maṇḍala medaḥ rakta romaśa vyāghra śuka
putrikā	12	UTTARAPADA	asi bahu bhīma candana citra dāru gṛdhra khaḍga pāñcāla su vastra yantra
puṃgava	12	UTTARAPADA	gaja gaṇa kuru muni nara pakṣi puruṣa ratha samara sarpa yadu śākya
pālita	12	UTTARAPADA	bandhu buddha cakra deva go guṇa indra mātṛ vasu vāta śrī śīla
pūjā-vidhi	12	UTTARAPADA	bhagavat bhauma devī maṅgala pradoṣa saṃkṣepa sūrya vināyaka vāstu śamī śastra ṣaṣṭhī
pūrvakam	12	UTTARAPADA	abhisaṃdhi avidhi bhakti deva jala pratijñā prīti saṃketa sādara vidhi yathā śapatha
pūrvam	12	UTTARAPADA	adya bhakti bodha dayā pradāna prekṣā prīti sneha su sāmānya vidhi vāri
rada	12	UTTARAPADA	cakra dvi dīrgha dū eka hala jihvā latā nī rasanā vajra ṣaḍ
rati	12	UTTARAPADA	adhyātma bhū deva dharma līlā mihira māyā padma su tapo ātma śila
rkṣa	12	UTTARAPADA	bhāgya dahana janma kṣaura mṛga nīca parama raudra sa sūrya yama śaṃkara
rātrika	12	UTTARAPADA	dairgha dvai dāśa dīrgha eka pañca pāñca sapta saukha sāpta sārva śāta
rāya	12	UTTARAPADA	deva hari kacu kalyāṇa kṛṣṇa māṇikya rudra vedāṅga veṅkaṭa viśvāsa yādava ānanda
sadṛśa	12	UTTARAPADA	avikāra bahu icchā kāla mukhya prastāva su sva sūrya tat vi īṣat
sattama	12	UTTARAPADA	bharata bhārata bhṛgu brāhmaṇa dvija kuru mṛga pṛthu ratha sura viśva ṛṣi
saṃhati	12	UTTARAPADA	alaka aṅga bhinna citta dhūma hanu hima naḍa pathika patti su śastra
saṃkhya	12	UTTARAPADA	aneka asta aśva citta go kati niḥ paśu sahasra samāna yathā śata
saṃsarga	12	UTTARAPADA	asat hṛdaya jala khala kṛta mātrā nara saha sat strī sādhu varṇa
saṃsthita	12	UTTARAPADA	bahu cira duḥ dvi paryanta sama su sukha sāmi veda vi vyasana
saṃyukta	12	UTTARAPADA	deva dharma guṇa narma phala pitṛ prasnava prasrava sneha su sva ātma
saṃśita	12	UTTARAPADA	antarikṣa apsu brahma dyau kṛṣi oṣadhī prāṇa pṛthivī su yajña āśā ṛk
srāva	12	UTTARAPADA	amṛta asṛk garbha jala karṇa kṣīra lālā moca mukha nāsā rakta sphik
sutā	12	UTTARAPADA	bhagīratha bhīma bāṇa ilā jahnu janaka kalinda madra pārthiva tapana viśvakarma śaila
svapna	12	UTTARAPADA	ati bhadra divā duḥ jāgrat ku mahā priya satya su vi ūrdhva
svasṛ	12	UTTARAPADA	dama hata kṛṣṇa maināka mātuḥ mātṛ pituḥ pitṛ rāma sapta vāsukeya yama
sāhasra	12	UTTARAPADA	adhyardha bahu daśa dvi dvādaśa nava tri triṃśat viṃśati śata ṣaṣṭi ṣoḍaśa
tarpaṇa	12	UTTARAPADA	brāhmaṇa deva ghrāṇa go nitya pitṛ udaka viṣṇu yama ācārya śloka ṛṣi
tūla	12	UTTARAPADA	bhasma cāra haṃsa indra iṣīka lohita picu prāk sa vāta vīriṇa śaṇa
vaṇij	12	UTTARAPADA	biḍāla dur gandha kaṃsa ku mahā pattana pota pāla pāna suvarṇa svarṇa
vedhin	12	UTTARAPADA	hṛdaya koṭi laghu lakṣa marma nimitta rādhā sahasra sāhasra śabda śata śīghra
vijñāna	12	UTTARAPADA	apahṛta artha bhūta dur jñāna nāḍī ratha sa sarva su supta vedānta
vilāsinī	12	UTTARAPADA	buddhi haṭṭa matta parṇa paṇya sevā sura vana varṇa veda velā vāra
virodha	12	UTTARAPADA	hṛdaya kāla loka nir nyāya pratijñā smṛti vacana vāg āgama śabda śāstra
viṣṇu	12	UTTARAPADA	bhūta bṛhad guṇa laghu mahā mātṛ prati su sukha vaikuṇṭha vyāja vṛddha
vāhya	12	UTTARAPADA	bāla dharma kambala nṛ pṛṣṭha rāja skandha strī veda viṣṇu śiro śuci
vāluka	12	UTTARAPADA	brahma elā ghora hari hima jala kāla rakta rūkṣa svaccha sūkṣma tapta
vṛnta	12	UTTARAPADA	deha dīrgha kāla nīla phalgu rāga stana tri tāla tāmra śīrṇa śūka
yamaka	12	UTTARAPADA	garbha kāñcī mahā mithuna māyā puṣpa pāda samudga sarva vipatha vṛnta vṛtta
yāman	12	UTTARAPADA	akhidra dur gāyatrī iṣṭa pravad punar pṛthu raghu sahasra su yāta śata
yāyin	12	UTTARAPADA	agra diśo dūra mano nau pūrva pṛṣṭha saha sarala satata śata śīghra
ācāra	12	UTTARAPADA	asad dur evam kad kim nir paśv praty pum sad sādhv śucy
ādi	12	UTTARAPADA	ad VERB ahar cur VERB cārv etad evam gav manv punar tad tan VERB vidhy
ātman	12	UTTARAPADA	antar catur cid dur hary jagad pratyag pṛthag saccid sad vāg ṣaḍ
śaṅkha	12	UTTARAPADA	hema jaya kṛmi kṣudra laghu latā mahā nakha sa saṃdhyā tri vṛddha
śila	12	UTTARAPADA	catuḥ dhauta go guṇa kiṃ masṛṇita pañca takṣa tri uñcha śiraḥ ślatha
śocis	12	UTTARAPADA	agṛbhīta ajira citra manthi pāvaka sva tigma vṛddha śreṣṭha śukra śīra ūrdhva
śravaṇa	12	UTTARAPADA	aṣṭa dharma dūra kuru nagna pitṛ prā purāṇa sahasra vi śaṅku śākya
ṣah	12	UTTARAPADA	bhūri dhūr nī nṛ prāśu pṛtanā rayi vane vṛthā śuci ṛtī ṛṣi
ṣaṣṭhī	12	UTTARAPADA	araṇya aśoka bhadra bṛhatī campā guha lalitā mahā mandāra ratna skanda sūtikā
ṣaṣṭi	12	UTTARAPADA	aṣṭa aṣṭā catuḥ dvi dvā eka nava pañca sapta trayaḥ tri ṣaṭ
anna	11	UTTARAPADA	bahv dadhy kad muny nir pīvo sarpir svādv tad yad śāly
bhadraka	11	UTTARAPADA	bāla gṛha maṇi māna puṣpa pāri rāja sarvato su tikta vīra
bhauma	11	UTTARAPADA	antar bahu dvi mahā maru sapta sarva sārva tri valmīka vālmīka
bhitti	11	UTTARAPADA	citra gaṇḍa ghana gṛha kapola maṇi sphaṭika sudhā vilāsa śaila ūru
bhraṃśa	11	UTTARAPADA	artha deśa guda guṇa jāti pada rājya smṛti sthāna yoni śīla
bhujaṃga	11	UTTARAPADA	bhavānī caṇḍa devī kṛṣṇa pṛthivī rajanī rāma rātri viṣa śiva śveta
bhūma	11	UTTARAPADA	dvi kavi kṛṣṇa pāṇḍu sapta su tri udag udaka utkṛṣṭa vi
buddha	11	UTTARAPADA	dhyāni ghoṣa mahā nāga sarva siddha vi ādi śuddha śākya śīghra
bāhya	11	UTTARAPADA	dharma kalā loka nagara sapta sarva vaṃśa veda viyoga yukti śuci
bāla	11	UTTARAPADA	bhīru dur kara pattra punar stana su tana vayo vṛddha śva
cchadā	11	UTTARAPADA	badarī cīrita dardura dhūsara karkara laghu maru māṃsa picchila vṛścika āyata
cchāyā	11	UTTARAPADA	bhuja buddha buddhi gaja madhya prati ratna taru viṣama viṣuva śaṅku
daivatya	11	UTTARAPADA	bahu deva jala pañca pitṛ sarva soma tad viṣṇu vāg vāyu
dakṣiṇā	11	UTTARAPADA	abhaya dharma guru kratu parva piśāca pratyag prāṇa vara veda yajña
darpa	11	UTTARAPADA	ati bala bhagna dhana mṛga rukmi sa sambaddha samiddha siṃha yauvana
dhāriṇī	11	UTTARAPADA	bhūta cihna cāmara dīpikā karṇa keśa loka maṇi saṃvega vasu śiva
dhūpa	11	UTTARAPADA	baka deva kha kḷpta kṛtrima sura vi vṛddha vṛka vṛkṣa yakṣa
dhūrta	11	UTTARAPADA	akṣa kaṭha krūra kṣema mṛga rāja strī sāya vṛka śalāka śva
dvitīya	11	UTTARAPADA	chāyā dhanur etad idam kṛcchra sādhu sārasa tad varga vyavasāya ātmanā
dyūta	11	UTTARAPADA	akṣa buddhi chadma chala dur muṣṭi prāṇa prāṇi punar tintiḍī yuddha
dīkṣā	11	UTTARAPADA	apsu avāntara gaṇa guru kalā pūrva su vivāha yajña śiva śāka
gandhika	11	UTTARAPADA	bhrātṛ elā madhu mṛdu nīla pūti sama sarva su utpala āma
gaura	11	UTTARAPADA	bhadra candana hema hima indu kanaka karpūra rakta tuṣāra tṛṇa śaṇa
hartṛ	11	UTTARAPADA	anna bhaya haya mano pratī sudhā viśva viśvāsa vārttā yajña śalya
hāyana	11	UTTARAPADA	catur dvai dvi eka kati mauda pañca pṛṣṭa saptati śata ṣaṣṭi
hūti	11	UTTARAPADA	bhara deva dyumna indra puru pūrva rudra sa soma su yāma
janaka	11	UTTARAPADA	candra haritāla indu karāla khyāti khāṇḍikya kṛṣṇa rati svāmi viṣāda yamunā
jaṭa	11	UTTARAPADA	dhūr eka hema kapila mahā piśaṅga piṅga sarva tri vi śikhā
juṣṭa	11	UTTARAPADA	anārya avīra brahma brāhmaṇa deva saj soma su viṣa vāma ārya
jīvikā	11	UTTARAPADA	aṅgāra bhaikṣa bhāṭaka brāhmaṇa ku sphoṭa vana vṛddhi śilpa śruti śva
jūta	11	UTTARAPADA	adri brahma bāhu dasyu daṃsu deva indra vipra vāta āditya śyena
kandaka	11	UTTARAPADA	bhūmi daṇḍa dīrgha gandha kuru kāla peṭa sthūla su svādu vajra
kanyakā	11	UTTARAPADA	deva gopa ku kula mekala mekhala nāga rāja viṣa vāra vāsara
kaṣāya	11	UTTARAPADA	avipakva aṅga hima karṇa lavaṇa niṣ pakva pañca rasa sa sattva
khura	11	UTTARAPADA	aśva dvi eka go kṛṣṇa mukha prati sa su vaktra vi
kuṇa	11	UTTARAPADA	aśvattha badara karkandhu karīra khadira kola koṇa kuvala pailu pīlu śamī
kārmuka	11	UTTARAPADA	bhīma indra karma kusuma maṇḍala sa samāropita sura tūla udyata śakra
kārī	11	UTTARAPADA	bidala buddhi deśa gandha gaṇḍa jantu jatu peśas pūt svāti varṣa
kṛtsna	11	UTTARAPADA	ap jagat kaśa kāśa lohita nīla pṛthivī ratha vijñāna vāyu śubha
lalita	11	UTTARAPADA	aśva dhīra dur gaurī lalita madana pravara su vijñāna vīra śārdūla
lipta	11	UTTARAPADA	abhra amedhya aśuci gandha maṣī nir pāda soma tāma tāmra ājya
liṅgin	11	UTTARAPADA	bāhya dvija mārjāra sa sarva unmatta varṇi vṛthā ārya śiva ūrdhva
lāñchana	11	UTTARAPADA	hariṇa kuraṅga makara mīna mṛga padma sāhasa vatsa vikrama vṛṣa śaśa
mahas	11	UTTARAPADA	citra mahā mitra puṇya pīyūṣa su uṣṇa vi vidyun viśva vṛddha
mathana	11	UTTARAPADA	abdhi ariṣṭa dakṣa kandarpa keśi madhu makha mano pralamba pura samudra
mohana	11	UTTARAPADA	dhana hara jagan jihma kūṭa madana mahā rādhā rāma viśva vraja
mātrā	11	UTTARAPADA	iṣṭakā khaṇḍa mūrti prajñā prati sarva svara sādhu tejo vitta āpo
netṛ	11	UTTARAPADA	bhū catur daṇḍa dhana loka madhu nau naya pāra su śabda
niryāsa	11	UTTARAPADA	agni hiṅgu kāla moca māṃsa puṣpa tantu vṛkṣa śaila śilā śāla
nāmaka	11	UTTARAPADA	aja aṅghri daśa kapi kiṃ kṛta nāga pattra raṅga sa vyartha
pata	11	UTTARAPADA	bārhas dhānya dhārma prāṇa rāṣṭra saura sthāna vrāta vācas yājña śāta
pañcāśikā	11	UTTARAPADA	bilhaṇa caura kula lekha pavana sambandha sāmba śiva ṛṣabha ṣaṭ ṣaṭka
peśas	11	UTTARAPADA	aśva hiraṇya kīlāla nṛ puru su viśva vāja vīra śuci ṛta
piṅgala	11	UTTARAPADA	babhru dīpta eka hari hema kanaka keśa kṛṣṇa nīla prākṛta śveta
prapañca	11	UTTARAPADA	bahu jāgrat mahā niṣ nāma nāṭaka prekṣā sa sthūla svapna āntara
pratiṣṭha	11	UTTARAPADA	dvi hṛt kṣiti labdha magadha pṛthivī sa su sva vana vedi
purīṣa	11	UTTARAPADA	baddha citi go mūtra niṣ sa samuhya sthālī vedi vi śleṣma
pādikā	11	UTTARAPADA	aṣṭa dvi hasti haṃsa kīla paryaṅka pañca suta sūkara uṣṭra vi
pālī	11	UTTARAPADA	aṅka danta deśa gaṇḍa kapota kroḍa kula maṇi mārga prapā udyāna
pārijāta	11	UTTARAPADA	dāna madana nyāya prapanna prayoga rasa saṃgīta vidhāna vijaya śrāddha śānti
pāṇa	11	UTTARAPADA	eka kaṣāya kṣīra nṛ pitṛ prati sauvīra surā tri vīra vṛṣa
pīḍita	11	UTTARAPADA	asukha bhṛśa bubhukṣā kāma kṣudhā smara su vyādhi śalya śithila śrama
pū	11	UTTARAPADA	agre anna ghṛta keta khala madhu mala su sva uda vāta
pūraka	11	UTTARAPADA	bīja karṇa krama maṇi phala rakta sarva su vana vaṃśa śravaṇa
pūrvaka	11	UTTARAPADA	abuddhi amati artha buddhi dakṣiṇa kula mati praśna strī vyāhṛti yathā
rādhas	11	UTTARAPADA	ananya aśva citra ghṛṣvi paṅkti satya spārha su tuvi viśva vīti
rākṣasa	11	UTTARAPADA	bhikṣu bhṛgu brahma daka kacchū kāvya mudrā mānava mānuṣa ripu rāja
sadana	11	UTTARAPADA	brahma deva dyūta keli rasa rāja sura vāḥ yajña yama ṛta
sarasvatī	11	UTTARAPADA	ati bāla gupta indra lakṣmī mahā nīla pratyak rajaka vīra śrī
savana	11	UTTARAPADA	nepathya pañca prātaḥ puṃ satya soma soṣyantī tri tṛtīya upāṃśu śakuni
saṃgama	11	UTTARAPADA	anya dṛk mahī prathama punaḥ sindhu su tvat vyañjana śoṇa śuddha
saṃkāśa	11	UTTARAPADA	adbhuta agni divya ghora hiraṇya madhu padma parigha satya su śāla
stanī	11	UTTARAPADA	dvi gala gale giri kha kumbha lamba prasnuta pīvara saṃhata su
stava-rāja	11	UTTARAPADA	bhavānī bhīṣma mādhava nārāyaṇa pañcamī rāma vināyaka viṣṇu viṭṭhala yoginī śiva
sthālī	11	UTTARAPADA	caru dhruva kāca kāya siddha uda ukthya vijñāta āditya āgrayaṇa ājya
suhṛd	11	UTTARAPADA	alābu bāla kiṃ kumuda madhu manmatha megha narma priya sa vi
sā@hvaya	11	UTTARAPADA	abhūmi cakra cāmara gaja jeta kāla nāga vāraṇa āyudha śoṇita ṛṣi
sāraka	11	UTTARAPADA	kanda pitta pāri pīta reṇu sita tala tantu viśva vṛkṣa śiti
tāra	11	UTTARAPADA	dus hema janma kṛṣṇa nārāyaṇa pañca sa sphuṭa su tāra vi
van	11	UTTARAPADA	dyu gir jā magha saho tad tamas upasad vasu ṛghā ṛṇa
varta	11	UTTARAPADA	andhaka antar bahu brahma cakra kalya krama parī pratī rāja śva
vartani	11	UTTARAPADA	ghṛta gāyatra hiraṇya kṛṣṇa nīti raghu rudra sahasra sphya vṛjina śambhū
varāha	11	UTTARAPADA	dharaṇī dur jagatī mahā nṛ vana viḍ yajña ādi śrī śvā
veṣṭa	11	UTTARAPADA	danta karṇa keśa lakṣmī latā pattra ramā śiro śrī śāla śālmalī
vistara	11	UTTARAPADA	bahu cita grantha guṇa lalita mahā sa su tṛṇa vaṃśa vāg
vāsinī	11	UTTARAPADA	ambu catvara koṭara kuṇḍa kāntāra madya malaya mandara paṭa sahya śikhara
vāṭikā	11	UTTARAPADA	amla gṛha ikṣu jīrṇa mukha phalgu puṣpa sāci vṛkṣa śaśi śāka
vṛta	11	UTTARAPADA	kṛtsna manu pūrva strī surā svayaṃ tamo vara viṣvag vārya ūrdhva
yodha	11	UTTARAPADA	bhīru bāhu dur dvi mitho puro ratha sāra vasanta vi virodhi
śaraṇa	11	UTTARAPADA	agni bhakta maithilī niḥ prati samiddha su tri vi vivikta yajña
śmaśru	11	UTTARAPADA	dīrgha hari hiraṇya hiri jāta keśa niḥ rakta rūḍha sa sita
śrama	11	UTTARAPADA	ati hari jita jāta kṛta mṛtyu niḥ sa su viphala vṛthā
ṃ-dhama	11	UTTARAPADA	ghaṭi jala kara muṣṭi nāsika nāḍi nāḍī pāṇi stana vāta śuni
agni	10	UTTARAPADA	antar bahv bṛhad dvy kad nir praty puro vedy vāyv
aṃśa	10	UTTARAPADA	dvy nir praty pārṣad pṛṣad rāśy saccid try vy ṣaḍ
bhaginī	10	UTTARAPADA	bhrātṛ dharma garga indra kṛṣṇa maināka nāga rāma veśa yama
bhikṣu	10	UTTARAPADA	deśya ku mahā mādhava pāṇḍara sāṃkhya vijñāna śuddha śveta śākya
bhuvana	10	UTTARAPADA	amartya brahma martya pṛthu sapta saura sura tri vaikuṇṭha śakra
bījaka	10	UTTARAPADA	bhaṭṭa danta kumbha kāka kāla piṇḍa pṛthu sphoṭa tṛṇa vajra
campaka	10	UTTARAPADA	bhūmi kanaka kṣudra nāga pīta rāja suvarṇa vana śveta śīta
carya	10	UTTARAPADA	bhaikṣa bhikṣā brahma buddha bāla dauś rathya sāścarya vana vīra
catvāriṃśat	10	UTTARAPADA	aṣṭa aṣṭā catuś dvi eka pañca sapta trayaś tri ṣaṭ
dahana	10	UTTARAPADA	aurva dava kandarpa kāma madana nir pralaya punar puttala smara
daiva	10	UTTARAPADA	ambu catur dur hata kula varuṇa vasu viśva śaśi śiva
dara	10	UTTARAPADA	asṛg dur maṇi nir puraṃ raṇa sa vi vār yakṣa
darśaka	10	UTTARAPADA	akṣa artha bahu bīja mārga patha pāra su vidhi vivara
dha	10	UTTARAPADA	bhāga dvai dvi garbha nāma puro puru puṣpa ratna vitta
dhur	10	UTTARAPADA	akṣa dur dṛḍha guru mahā ratha raṇa su sva yuga
dhura	10	UTTARAPADA	eka mahā mantri prati rāja sa sama sarvato su vi
dhāyas	10	UTTARAPADA	ari bhūri go hari jana kāru sahasra viśva viśvā śaṃyu
dhṛt	10	UTTARAPADA	aneka carṣaṇī dharaṇī dharma keśa mano nitya rūpa su viśva
duh	10	UTTARAPADA	divo gharma ghṛta go homa kāma payo puṇya sabar vrata
dvār	10	UTTARAPADA	darśita gṛha prāg pūr raṅga rāja sahasra saubha siṃha śālā
dāraka	10	UTTARAPADA	bhartṛ karbu kari loha muni pattra pāṣāṇa vana vṛddha śaṅkha
dāraṇa	10	UTTARAPADA	aśma bhaga bhujaga go krauñca kroñca nakha pāṣāṇa rukmi śambara
gada	10	UTTARAPADA	avijñāta gardabha grahaṇī hṛd jaṭhara mahā sūtikā udyata vi śiro
gīti	10	UTTARAPADA	cāru daśa madraka mañju sahasra su vi vyādha śaṃkarī ūha
havya	10	UTTARAPADA	daiva deva dhṛta paśu rāta satya su sātya vīta vṛṣṭi
hū	10	UTTARAPADA	amitra deva indra mitra pitṛ su sumna varṣā yāma śaka
jambha	10	UTTARAPADA	antar ku madhu mahā su tapur tigma tṛṣṭa vārka vṛka
jīvā	10	UTTARAPADA	bṛhaj dyu koṭi krānti kṣiti kṣudra mahī svarṇa tri śaṅku
kaccha	10	UTTARAPADA	baka bhiru bhīru bhṛgu dāru hasti mahā maru mukta vi
karṇaka	10	UTTARAPADA	aja aśva hasti kṛmi oṣṭha pūti roma sa su ujjhita
kaṭaka	10	UTTARAPADA	dhānya kalyāṇa loha pāda pātra samudra suvarṇa vaṇik yūpa śaila
kilbiṣa	10	UTTARAPADA	brahma caura dagdha deva hata manuṣya niṣ pitṛ rāma saṃśuddha
kola	10	UTTARAPADA	citra grāma grāmya kaṭa pañca pṛthu rāja sama vṛddha śveta
kālam	10	UTTARAPADA	aneka bahu bhūri dvi etat kiyat nitya tāvat ubhayataḥ yāvat
kāmya	10	UTTARAPADA	dhana naiṣ prati priya prā sarva sārva yathā yāthā śava
kāmyā	10	UTTARAPADA	brāhmaṇa go hita jīvātu kiṃ loka putra vadha āhava śubha
kānti	10	UTTARAPADA	bhūṣaṇa candra hema kāñcana lambhita manda su sūrya vaiḍūrya ātta
kāṅkṣin	10	UTTARAPADA	aphala darśana jala jaya mokṣa phala pāra pāri vadha vi
kṣata	10	UTTARAPADA	bṛhat ghuṇa gṛha kṣāra sa sadyaḥ su uraḥ vāk śastra
kṣaṇa	10	UTTARAPADA	bṛhat datta kiṃ kṛta prātaḥ sa samāgama tat vihita śubha
lakṣa	10	UTTARAPADA	baddha dvi labdha paro rati siddha sthūla su vi śata
lakṣya	10	UTTARAPADA	dur iṅgita labdha nir sthaula sthūla sukha sāvarṇa vi yūpa
lih	10	UTTARAPADA	dāma gagana guḍa jihvā madhu nabho puṣpa rasanā yajña śva
locanā	10	UTTARAPADA	citra hariṇa kuraṅga mṛgī sarva sāraṅga sūrya tarala vaṃśa viśāla
lola	10	UTTARAPADA	artha cāṭu dolā kal kāma lola mahā rati strī su
loma	10	UTTARAPADA	antar ati bahir nir pracura prati su vi yakṛl śara
m-manya	10	UTTARAPADA	dhanya nara paṇḍita rajani rātri strī sundara sādhu vīra śūra
maithuna	10	UTTARAPADA	ati dyu gandha gūḍha māṃsa saṃsṛṣṭa saṃyata spṛṣṭa yata yati
makaranda	10	UTTARAPADA	advaita horā lulita mīmāṃsā nyāya saṃgīta siddhānta viveka śuddhi śāhi
manoramā	10	UTTARAPADA	bāla loka madhya nyāya prauḍha praśna prākṛta siddhānta vaidya vidvan
meru	10	UTTARAPADA	aja dharma druta guru jñāna ku laghu mahā pluta su
mākṣika	10	UTTARAPADA	dhātu hema kaṃsa pīta pītaka rūpya suvarṇa svarṇa tāra viṭa
māraka	10	UTTARAPADA	ahi aśva haya kali loha madhu paśu sita siti vahni
mārtaṇḍa	10	UTTARAPADA	chando kuṇḍa mantra muhūrta naya nyāya praśna rāja viveka yoga
mīna	10	UTTARAPADA	go jihma kṣudra mahā nala naḍa sphuran su supta tala
mūlī	10	UTTARAPADA	aṣṭa darbha kha kṛṣṇa tāla vajra vāri ākāśa ātma śaṅku
mṛta	10	UTTARAPADA	acira antar bhojanīya jāta jīvan na punar sadyo su svayam
nada	10	UTTARAPADA	dharma koka mahā māhā nadī pañca pāñca sindhu veśa śoṇa
nandinī	10	UTTARAPADA	adri amogha dāsa dāśa giri janaka kalinda naga pārthiva su
navati	10	UTTARAPADA	aṣṭa aṣṭā catur dvi eka nava pañca sapta trayo tri
nibandha	10	UTTARAPADA	deva dharma dhavala gauḍa karma kriyā kārikā rasa rāma smṛti
nirodha	10	UTTARAPADA	apratisaṃkhyā cakṣu cakṣur mūtra nagarī nir saṃvatsara vi virodhi vṛtti
niṣūdana	10	UTTARAPADA	baka daitya hiḍimba kaṃsa keśi krauñca kīcaka madhu puloma pāka
nālikā	10	UTTARAPADA	gandha kapāla karpūra kaṇṭha madana panasa pāda tūla vaṃśa vivara
pariccheda	10	UTTARAPADA	bhāṣā kārya nyāya pratyakṣa pūrva smṛti vivāda vāda vādana śabda
patya	10	UTTARAPADA	anna aṃhas bārhas garta karta nār prajā senā vācas vāk
pañjara	10	UTTARAPADA	asthi baṭuka bha gāyatrī siddhānta sāvitrī vajra vidhu viṣṇu śara
piṇḍaka	10	UTTARAPADA	jyā mastaka mudgara mālya rakta tri vimala vātaka vātika śṛṅgāra
prabhṛti	10	UTTARAPADA	adya etat iti janma nānā sa samāna saṃvatsara tat śvaḥ
prahāra	10	UTTARAPADA	cañcu dṛḍha khaḍga lalita muṣṭi pāda pārṣṇi su tala śastra
prasādana	10	UTTARAPADA	ambu citta duṣ lākṣā priya pārvatī raṅga toya varṇa śruti
prasūta	10	UTTARAPADA	brahma bṛhaspati deva guru indra kula mat savitṛ sindhu tvat
pratīka	10	UTTARAPADA	cāru ghṛta madhu prati siṃha soma su tveṣa vyāghra śuci
prā@yaścitta	10	UTTARAPADA	bhāvi brahma homa laghu rāśi sarva saṃdhyā smārta soma śrauta
pur	10	UTTARAPADA	bāṇa deva karṇa māyā parā prati stamba tri viṣṇu śiva
pād	10	UTTARAPADA	aja aśva bahu catuṣ dvi dīrgha sahasra tri vyāghra śata
pālana	10	UTTARAPADA	bhū paśu prajā pratijñā pāśava samyak sthiti tithi vatsa ājñā
pāvan	10	UTTARAPADA	abhiśasti asṛk citta gharma ghṛta jihvā soma suta tanū vasā
pūraṇa	10	UTTARAPADA	dadhi karṇa mukha pada prapā pāda sahasra vardhamāna vākya vṛtta
rocis	10	UTTARAPADA	acira ahima caṇḍa su sva tigma vasu śuci śveta śīta
rogin	10	UTTARAPADA	arśo dadru dadrū dīrgha janma mahā mukha pitta āḍhya śīrṣa
rāghava	10	UTTARAPADA	amogha anargha jānakī ramaṇīya rāya saṃgīta udātta unmatta vijaya vīra
rājaka	10	UTTARAPADA	bhṛṅga dhātu loha mahā nakra sa saha soma su tantra
rājī	10	UTTARAPADA	bhasma catū lakṣaṇa megha rakta roma soma tīrtha ulapa śveta
sabha	10	UTTARAPADA	deva dāsī eka ina nṛpa piśāca rakṣaḥ strī yama īśvara
saciva	10	UTTARAPADA	candra dhī karma keli ku mati narma niḥ sa su
sampāta	10	UTTARAPADA	dhārā kāka niḥ pakṣma sarva tala vrata vṛṣṭi śarāva śastra
saṃdhāna	10	UTTARAPADA	bāṇa duḥ madhu madya pada punaḥ pārśva surā śara śata
saṃhita	10	UTTARAPADA	anṛta bidala mūrdha nyāya prāṇa pārśva rati satya su āgama
saṃhāra	10	UTTARAPADA	asthi kāvya labdha sa sarva stobhana varṇa veṇī viśva ṛtu
saṃkrānti	10	UTTARAPADA	bhava caitra kūṭa mahā makara piṣṭaka ravi sūrya viṣuva viṣuvat
saṃtati	10	UTTARAPADA	bahu bhava dhvānta dhī jñāna kula niḥ pathika priya tantu
sevaka	10	UTTARAPADA	cira dvija gandha kula mṛtyu nitya priya rāja rāma vyāghra
siddhā@nta-saṃgraha	10	UTTARAPADA	bhagavat bhāgavata dhvani dvaita rasa rāma sarva smṛti yajña śaiva
spṛha	10	UTTARAPADA	baddha gata jāta kṛta niḥ sa sampūrṇa uparata vigata vīta
sā@kṣin	10	UTTARAPADA	bhūta gūḍha jagat jīva kauṭa kūṭa mithyā sarva satya viśva
sāyaka	10	UTTARAPADA	asama astra kiṅkiṇī kusuma pañca puṣpa sajya sthūla vāk yantrita
sūci	10	UTTARAPADA	bhārata cañcu dala darbha jala karṇa kha mahā pattra vajra
tanayā	10	UTTARAPADA	adri jahnu janaka kalinda muni puloma taraṇi vidarbha vinatā śaila
timira	10	UTTARAPADA	dara ghana megha nis pradoṣa pāpa sa tejas vi vibhraṣṭa
triṃśa	10	UTTARAPADA	aṣṭa aṣṭā catus dvā eka nis pañca sapta trayas ṣaṭ
tvaca	10	UTTARAPADA	bahala guḍa hiraṇya madhura sa sūrya tanu tṛṇa vara vāk
ukta	10	UTTARAPADA	apunar dur dvir nair paunar punar samyag smṛty yāvad śruty
ukti	10	UTTARAPADA	apunar dur dvir nama paścād prāg punar sad svayam āśīr
uttara	10	UTTARAPADA	aham catur dadhy dur nir praty prāg sad vāg ṣaḍ
vada	10	UTTARAPADA	brahma dhvaja kad ku mahā viśva vāg yad śaṃ śrī
vakra	10	UTTARAPADA	ati aṣṭā danta dhanur kapota kavāṭa ku nadī svayaṃ tāḍa
vaktṛ	10	UTTARAPADA	ati bhaviṣyad brahma priya satya spaṣṭa sphuṭa upasthita ādi śāstra
vakṣas	10	UTTARAPADA	hiraṇya kapāṭa kaustubha mahā pīna pṛthu pṛthula rukma saṃtapta su
vanitā	10	UTTARAPADA	bāla kumudinī lalita nāka prati sāmānya veśa vraja vāra āhara
varcasa	10	UTTARAPADA	brahma brāhmaṇa candra hasti hiraṇya palya rāja samāna saurya su
vasti	10	UTTARAPADA	aja indra lekhana mātrā netra siddha sneha uttara vāta śiro
vatsā	10	UTTARAPADA	anupūrva anusṛta jīvad mṛta prauḍha su vīra yama śukla śveta
vedana	10	UTTARAPADA	bhaga garbha manda naṣṭa pati su sukha svayaṃ utkṛṣṭa śūdrā
vedanā	10	UTTARAPADA	bhṛśa citta naraka prasava trika tīvra vraṇa śiro śīrṣa śūla
viddha	10	UTTARAPADA	apāpa bāhu digdha hima kāma rasa sneha su tiryag śara
vinda	10	UTTARAPADA	bhadra cāru go gātra kara mitra pāra sarva vasu vatsa
viparyaya	10	UTTARAPADA	bhāgya dhana karma liṅga mati rūpa saṃdhi svapna varṇa vidhi
vipulā	10	UTTARAPADA	antya bha jaghana mahā mukha ra repha ubhaya yugma ādi
visarga	10	UTTARAPADA	ardha go kāṇḍa loka lupta mala muṣṭi nir vrata vāg
vivara	10	UTTARAPADA	karṇa kāṣṭha loma nir nāsā pīṭha roma sarpa suṣira śruti
vraja	10	UTTARAPADA	aśma daśa gaja giri go meru ratha uda uru śata
vyasana	10	UTTARAPADA	bahir danta dur durga kārya mṛgayā nau nir svāpa vidyā
vyāpin	10	UTTARAPADA	bahu catur dig kula kāla pakṣa sarva viyad viśva vyoma
yuvati	10	UTTARAPADA	ballava ibha prati sad sura vara veśa vraja vāra vṛddha
yāmala	10	UTTARAPADA	brahma kṛṣṇa rasa rudra saṃketa siddha viṣṇu ādi śakti śrī
yūtha	10	UTTARAPADA	gaja hasti meṣa māṃsa mṛga nir ratha varāha vi śva
īśvara	10	UTTARAPADA	bahv dig gav jagad jyotir nir sad sthāṇv svayam vāg
śaṃkara	10	UTTARAPADA	bhavānī bhaṭṭa bhīma dayā hari jaṭā ramā rāma sadā śiva
śaṃsa	10	UTTARAPADA	agha duḥ gambhīra jāmi jīva nṛ pāka sajāta tūṣṇīṃ uru
śiromaṇi	10	UTTARAPADA	mīmāṃsā nyāya paṇḍita praśna saṃgīta siddhānta tārkika vedānta vāstu yātrā
śuddha	10	UTTARAPADA	buddhi laya saṃdarbha su svara svādu tāla uda udaka vahni
śukti	10	UTTARAPADA	jala kṛmi kṣudra mahā mauktika muktā paṅka samudra sāgara vāri
ṃ-dhaya	10	UTTARAPADA	ghaṭi kara kūla muñja nāsika nāḍi puṣpa pāṇi stana śuni
ṣaṣṭa	10	UTTARAPADA	aṣṭa catuḥ dvi dvā eka paraḥ pañca sapta tri ṣaṭ
artham	9	UTTARAPADA	etad pitr praty siddhy svāmy tvad vasty vṛtty yuṣmad
aṣṭaka	9	UTTARAPADA	catur devy hanumad hary madhv muṣṭy svāminy try ṣaḍ
baka	9	UTTARAPADA	go kara koka kṣudra nagarī ākhanika āḍi āḍī śrī
bhogya	9	UTTARAPADA	bhukta eka gaṇa phala rāja sarva su sukha vahni
bhāvanā	9	UTTARAPADA	antar antara dur indriya samāsa tulya viśeṣa yoga śubha
bhūmika	9	UTTARAPADA	bahu catur daśa eka kṛṣṇa madhu mahā sapta su
bādha	9	UTTARAPADA	alpa bāhu devatā mahā nir prāṇa pūrva sa tuvi
caturdaśī	9	UTTARAPADA	ananta bhūta campaka kālī kṛṣṇa madana pāṣāṇa vaikuṇṭha śiva
cchedya	9	UTTARAPADA	duḥkha kuḍya laghu nakha pattra sukha viśeṣaka yantra śīrṣa
ceṣṭa	9	UTTARAPADA	anurūpa bhagna gātra naṣṭa niś sa saṃruddha vi yukta
chada	9	UTTARAPADA	bṛhac duś mahā niśā puraś snuk tvak uraś vakṣaś
cintana	9	UTTARAPADA	ari artha daiva dharma droha eka laghu pūrva su
cita	9	UTTARAPADA	alaja aśma kusuma muni sāmi upari vipaś vipra śyena
cyut	9	UTTARAPADA	acyuta bāhu dhanva dhruva mada madhu parvata tṛṣu ṛṇa
cāmara	9	UTTARAPADA	ambu karṇa mañjarī niś pañca puṣpa pāṃsu sa vyajana
damanī	9	UTTARAPADA	agni bhujaṃga bhūta deva keśa kāla nāga sarpa vahni
dantī	9	UTTARAPADA	bahu bṛhad cakra dhvāṅkṣa krūra kuḍmala laghu rakta sarpa
dattā	9	UTTARAPADA	bhoga bhūta gandharva kāma manasā priya rāja surabhi yakṣa
dhauta	9	UTTARAPADA	kala kupya māṃsa rūpya sahasra su sudhā vahni śata
dhyāna	9	UTTARAPADA	antar dur mūrti para pūrva rāma sūrya vigraha śukla
dugdhā	9	UTTARAPADA	bhūri droṇa hima phena pīta samanta svarṇa tikta tāmra
dugha	9	UTTARAPADA	bhāga gharma kāma madhu sabar su āhlāda āśira śukra
dvipa	9	UTTARAPADA	gandha jala mada maru prati sura vana vanya śveta
dūṣaka	9	UTTARAPADA	brahma kanyā kora mahā paṅkti pānīya varṇa śruti śāsana
gaurava	9	UTTARAPADA	brahma jaghana kula kārya mahad nir su vacana śiro
ghaṇṭā	9	UTTARAPADA	caṇḍa grīvā jaya mukha paṭu saubhāgya śata śveta śyena
grāhaka	9	UTTARAPADA	gandha guṇa hasta hṛdaya pāṇi rasa śakti śastra śulka
guḍa	9	UTTARAPADA	ayo giri kalyāṇaka kaphoṇi kṣudra priya sa saha tulā
gāyatrī	9	UTTARAPADA	bali brahma gaurī paśu rudra rāma viṣṇu vṛṣa śiva
hantrī	9	UTTARAPADA	bhūta carma jantu jvara keśa nāga phaṇi plīhā śūla
heti	9	UTTARAPADA	asi deva dhṛta dūre hari nir tigma viṣa śvāsa
jambū	9	UTTARAPADA	bhū bhūmi dhvāṅkṣa hrasva kāka kāṣṭha mahā rāja sṛgāla
jantu	9	UTTARAPADA	bhū dhūrta hiṃsra jala kṣiti kṣudra nir su tṛṇa
janya	9	UTTARAPADA	bahu bāhu karma pāñca sa saha samāna sārva viśva
jaṭā	9	UTTARAPADA	amṛta bhūta brahma krama kṛṣṇa rudra saj tāla śītalī
jvāla	9	UTTARAPADA	agni hema jaṭā mahā sapta udvahni vahni vidyuj vāyu
jū	9	UTTARAPADA	dhī mano nabho sadyo sanā senā vayo viśva yātu
kalmaṣa	9	UTTARAPADA	dhūta gata jala kṣīṇa vi vidhūta vigata vyapeta vīta
kalpa-taru	9	UTTARAPADA	dāna kṛtya nīti samaya sūrata vaidya viśvāmitra yukti śabda
kalpanā	9	UTTARAPADA	asat aṃśa bhāga keśa patha rasa taila ucchiṣṭa vibhāga
kalyāṇa	9	UTTARAPADA	bahu kṣamā mahā naṭṭa prakṛti pravara rukmiṇī sītā vara
kambala	9	UTTARAPADA	citra gala ghṛta meṣa mṛta paṇya pāṇḍu rakta su
kapha	9	UTTARAPADA	abdhi ambu ghana mauli megha samudra sarit sindhu vaṃśa
karañja	9	UTTARAPADA	ghṛta guccha hasti kaṭu latā mahā pūti rīṭhā valla
karī	9	UTTARAPADA	guḍa guṇa jana kaṇḍū kṣut peśas rāma sālā śilpa
katha	9	UTTARAPADA	anṛta ati citra iti mahat vicitra viśrānta yantrita śubha
kaṇṭhaka	9	UTTARAPADA	bhṛjja dīrgha kāla kṣīra maṇi saha śiti śukla ūrdhva
keśava	9	UTTARAPADA	amṛta dina miśra muktā vyāsa vṛddha ādi āditya śrī
keśin	9	UTTARAPADA	dhāma hiraṇya mañju pula sarva su svalpa vyoma yūpa
koṣa	9	UTTARAPADA	amara ardha aṇḍa dharma dhānya garbha indra kara tulā
kroḍa	9	UTTARAPADA	grāma grāmya madhu nyāya sa sādhāraṇa śaṃkara śāstra śāṃkarī
kulīna	9	UTTARAPADA	bahu jñāta mahā māhā pāra sat saṃhata su āḍhya
kālika	9	UTTARAPADA	aṣṭama māsa niṣ pūrva saṃdhyā sārva sāyaṃ āpat āsanna
kīrtana	9	UTTARAPADA	bhūti guṇa hanumat hari kṛṣṇa mahā nāma śalya śiva
kṛṣṭa	9	UTTARAPADA	anuloma ardha duṣ eka indra phāla su svayaṃ upta
kṣobha	9	UTTARAPADA	bala hṛdaya jāta pitta ratha sainya vāta vīci āgata
kṣīrī	9	UTTARAPADA	hema kanaka kāñcana soma suvarṇa svarṇa tugā tvak vaṃśa
lajja	9	UTTARAPADA	agaṇita gata mukta nir prāg sa saṃjāta tyakta vi
lekhaka	9	UTTARAPADA	adhikaraṇa citra daiva danta dyūta grāma khaṇḍa kāṣṭha nakha
leśa	9	UTTARAPADA	artha aśru daṇḍa sa siddhānta sukha sveda vighna vāri
likhita	9	UTTARAPADA	ardha brahma citra dur lalāṭa su sva śaṅkha śivā
lohaka	9	UTTARAPADA	candra haṃsa indu kṛmi pañca su tri vahni vajra
līla	9	UTTARAPADA	gaja haṃsa rati raṅga sa siṃha varṇa vīra śarabha
m-bhara	9	UTTARAPADA	deha hari kula puṣṭi sahasra suta viśva vāja śaka
madhu	9	UTTARAPADA	adhara deva idam mukha priya tri vāṅ yaṣṭi yaṣṭī
makṣikā	9	UTTARAPADA	araṇya dhenu go jala kumbhīra madhu nakra nīla vana
mallī	9	UTTARAPADA	bhūri dur dīpa karuṇa madhu nava vana śaila śiva
manda	9	UTTARAPADA	bhadra cakra go kara manasi mṛga picu su vāsu
mantrin	9	UTTARAPADA	indra kim ku mahā mukhya pradhāna rāja su sura
mastaka	9	UTTARAPADA	asta kukkuṭa loca madhu parvata pīta rakta taru śrī
mauli	9	UTTARAPADA	cakra candra indu sahasra saudha vi śaśi śiro śiva
medhas	9	UTTARAPADA	alpa dur hari hata ku manda puru satya su
mekhala	9	UTTARAPADA	brahma citra loha maṇi su sāgara upari vasu śaṅkha
mukti	9	UTTARAPADA	ati bāṇa jīvan lohita saṃdhi sāyujya videha śāpa ṛṇa
mukuṭa	9	UTTARAPADA	candra mauli māṇikya ratna rāja rāya tri vajra śaśāṅka
muṣ	9	UTTARAPADA	cakṣur dhṛti graha iṣṭi netra smara yajña śemuṣī śrī
mālaka	9	UTTARAPADA	bahu gaṇḍa giri kali ketu kāla kṛta loca loha
mātṛka	9	UTTARAPADA	adeva anya deva dvai mṛga mṛta nadī saha vijñāna
māyā	9	UTTARAPADA	asura hasti prati siṃha sthira strī sva viṣṇu yoga
mūḍha	9	UTTARAPADA	agni diṅ go hrī kāma mahā tri vi vicāra
naya	9	UTTARAPADA	apayātavya bhaṅga dur nyāya rāja samaya su vāhya śubha
nidāna	9	UTTARAPADA	alpa dhātu haṃsa laghu mādhava mādhavīya nimitta nāḍī tato
nindā	9	UTTARAPADA	daridra deva kula kṛpaṇa para veda vyāja ātma śāstra
nāśinī	9	UTTARAPADA	bhava dadru daṃśa duṣṭa jvara kuṣṭha kāsa kṣaya śūla
nīḍa	9	UTTARAPADA	brahma eka gūḍha gṛha nir ratha sa śakaṭa śilā
parva	9	UTTARAPADA	catuṣ kūṭa kṛta pañca prati tri vi yathā śata
payas	9	UTTARAPADA	chagala dadhi dhārā gharma kṣāra su vi āsru śata
paṇya	9	UTTARAPADA	adhyardha aśva dvi jñāna kara maṣi prati tara viṭ
poṣa	9	UTTARAPADA	duṣ go niṣ rāyas sahasra su sāyam ukti vīra
praja	9	UTTARAPADA	anurakta bahu dhṛta duṣ gata jīva sa sakṛt su
prakarṣa	9	UTTARAPADA	dravya guṇa mati patat praṇaya vapuḥ varṇa vayaḥ śakti
pralaya	9	UTTARAPADA	anna brahma jala khaṇḍa mahā nitya prakṛti prākṛta tithi
prathama	9	UTTARAPADA	etat idam jyeṣṭha kaniṣṭha soma tat varga yat yavasa
pratimā	9	UTTARAPADA	ayaḥ daivata deva devatā hema loha mārtaṇḍa saṃvatsara śaila
pravāha	9	UTTARAPADA	aśru bahu jala megha rakta ruddha stimita vāri yantra
prā@pti	9	UTTARAPADA	artha brahma phala sarva sthāna suhṛt vidyā vyasana yathā
puṣkara	9	UTTARAPADA	dvādaśa hema hṛt jyeṣṭha mūla pratyak su tri śata
pākin	9	UTTARAPADA	cira dina garbha kṣipra laghu phala svādu tāmra varṣa
pāvana	9	UTTARAPADA	bhuvana danta jñāna pavana paṅkti puṇya sarva viśva śṛṅgāra
pūga	9	UTTARAPADA	bhū guṇa jaṅga kāla latā muni rāja rāma varṣa
pūjita	9	UTTARAPADA	deva dānava loka maṅgala nakṣatra pūrva sarva su viśva
rasā	9	UTTARAPADA	ati drava mṛga pañca saha surabhī tāmra vala yukta
raṇa	9	UTTARAPADA	bṛhad dhī mahā mahī priya raṇa sa su sute
rddhi	9	UTTARAPADA	adhika maha prema pāpa rāja vana vikrama vitta vāta
roha	9	UTTARAPADA	abhra bharata dū prā su vasā śami śuṇḍa śṛṅga
rāva	9	UTTARAPADA	dīrgha ghaṇṭā ghuraghurā mahā megha sapta sindhu su tri
sarit	9	UTTARAPADA	amara daivata dyu ku nabhaḥ siddha sura svaḥ vyoma
sarṣapa	9	UTTARAPADA	deva gaura kṛṣṇa meru rakta rakṣā rāja sita śveta
saṃdeha	9	UTTARAPADA	anna artha gata jīvitavya kārya niḥ prāṇa sa ātma
saṃdeśa	9	UTTARAPADA	aṅguli haṃsa madana mat megha priya uddhava vyāhṛta śuka
saṃketa	9	UTTARAPADA	bṛhat divā kṛta nyāya rasa sa sthita utsava vṛtta
saṃkhyā	9	UTTARAPADA	agra daṇḍa kratu kula kāla lipi nāḍī sapta sāma
saṃśaya	9	UTTARAPADA	anartha artha chinna jīvita mukta niḥ prāṇa sa vi
saṃśraya	9	UTTARAPADA	anyonya bhuja dharma eka kali nṛpa rāja ucca vana
sthūṇa	9	UTTARAPADA	asthi ayaḥ chinna dvi dṛḍha gṛha sa sahasra tri
stūpa	9	UTTARAPADA	agāra aruṣa dhātu droṇa ghariṇī hairaṇya hiraṇya mahā vaṃśa
supta	9	UTTARAPADA	alīka bhukta divā lakṣa lakṣya pūrva sukha viśrabdha vyāja
sāha	9	UTTARAPADA	amitra mitra prā sabhā sapatna sarva vrāta śabda śatru
sāti	9	UTTARAPADA	arka arṇa dhana dyumna kṣetra medha toka vāja śūra
sāvarṇi	9	UTTARAPADA	agni dakṣa deva dharma hema indra meru rudra sūrya
tarka	9	UTTARAPADA	bheṣaja dus ku rūpa sa sat tulya vivikta śuṣka
triṃśat	9	UTTARAPADA	aṣṭa aṣṭā catus dvā eka pañca sapta trayas ṣaṭ
tumbī	9	UTTARAPADA	bhū divya dugdha kaṭu kumbha kṣīra tikta vṛnta vṛtta
tur	9	UTTARAPADA	mithas pṛtsu radhra rajas ratha sapatna viśva vṛtra āji
tāna	9	UTTARAPADA	ananta cyava eka māṃsa parī VERB paścima prācīna su vi
tāraka	9	UTTARAPADA	candra dhruva hema maṇi ramaṇīya spaṣṭa su vilola vyakta
tāt	9	UTTARAPADA	adharāt apāk avas deva paras satya tāvat udak vṛka
tūlikā	9	UTTARAPADA	akṣara citra haṃsa kala nyāsa ratna su taru varṇa
vaidya	9	UTTARAPADA	aśva go ku paṇḍita sad svar vidagdha viṣa śārīra
varya	9	UTTARAPADA	arya deva dvija hotṛ kareṇu raghu sa vyāsa yati
varṇaka	9	UTTARAPADA	dagdha kuru kīra padma pīta rāja tri vāri śaṅkita
vatsala	9	UTTARAPADA	bhakta dharma dīna kṛpaṇa mitra mātṛ nir sad suta
vibhrama	9	UTTARAPADA	bhrū citta dhī dṛṣṭi jāta mati pāna sa smṛti
vighna	9	UTTARAPADA	bahu karma kṣaṇa mahā mārga nir prasthāna siddhi sūrya
vikalpa	9	UTTARAPADA	aprāpta aṣṭa daṇḍa dur mithyā nir prāpta sa vyavasthita
vikraya	9	UTTARAPADA	kraya madya māṃsa paṇya rasa veda vidyā yoga ātma
vinaya	9	UTTARAPADA	dur hata jīva lakṣmī pranaṣṭa sa sammukha smṛti su
vyāghra	9	UTTARAPADA	citra go kala nara nir puruṣa puṣkara siṃha śva
vācya	9	UTTARAPADA	bhadra dur kartṛ nir para saha su svasti yuṣmad
vāhas	9	UTTARAPADA	brahma gir mṛkta nṛ sindhu stoma uktha vipra yajña
vīja	9	UTTARAPADA	bahu dhānya indra kalyāṇa madya nir rakta vana śiva
āgama	9	UTTARAPADA	ahar antar dur nir punar rātry sad suhṛd śarad
āhuti	9	UTTARAPADA	havir madhv meda paya praty prāg prātar sāyam ṣaḍ
śimbī	9	UTTARAPADA	asi khaḍga kola ku kāka kṛṣṇa mahā sthūla śūka
śoṇita	9	UTTARAPADA	jīva manuṣya māṃsa pitta pīta pūya tṛṇa vi vāta
śrava	9	UTTARAPADA	duḥ karṇa madhu pṛthu su sukha viṣṭara vāja śrauta
śrut	9	UTTARAPADA	bhadra deva dīrgha havana karṇa satya su tri vandana
śyāma	9	UTTARAPADA	ardha ghana marakata maṇi megha rakta sita śastrī śveta
śākhin	9	UTTARAPADA	avaroha bahu kalpa mārga sura taittirīya vasanta yajuḥ śakra
śārdūla	9	UTTARAPADA	bharata bhṛgu kṣudra nara pakṣi puruṣa rasa rāja yādava
śāstrin	9	UTTARAPADA	bāla dharma mādhava rāma satata svāmi valli viśvakarma ṣaṭ
śīta	9	UTTARAPADA	bahiḥ hema laghu pānīya su sukha tṛṇa vara śṛta
śṛṅgī	9	UTTARAPADA	aja basta duḥ ghana kulīra kṣīra meḍhra pattra putra
ṃ-karaṇa	9	UTTARAPADA	andha ayakṣma bhadra nagna palita priya sphāti sthūla vana
ayana	8	UTTARAPADA	gavām muny paśv svasty tiryag udag vāry ṛg
babhru	8	UTTARAPADA	aja aruṇa gṛha hari mahā randhra su śuka
bhakṣya	8	UTTARAPADA	ambu dur punar sarva su vāji vāyu śva
bhogin	8	UTTARAPADA	bhujaṃga kāla kṛṣṇa mahā paryaṅka phala sarva sukha
bhoja	8	UTTARAPADA	bali bhūri kunti kuntī mahā su svayam vṛddha
bhojya	8	UTTARAPADA	agra bāla deva ku nīca prājya prīti vaṃśa
bhrama	8	UTTARAPADA	bha buddhi cakra citta dig mati sadā sthāṇu
bhukti	8	UTTARAPADA	ku māsa pakṣa pūrva saṃsthāna saṃvatsara tīra vīra
bhā	8	UTTARAPADA	akṣa anita aṇu dūre guḍa pala sūrya viṣuvad
bhāgavata	8	UTTARAPADA	dāna jaimini laghu mahā mantra yati śiva śrī
bhāryā	8	UTTARAPADA	bhrātṛ dur guru jyeṣṭha kula rāja sraughnī vīra
bhṛti	8	UTTARAPADA	dur hala idhma nir piṇḍa rāṣṭra sa sudhā
bhṛṣṭi	8	UTTARAPADA	bhrāja catur kṣura piśaṅga sahasra tigma śara śata
bālaka	8	UTTARAPADA	ati mṛga pakṣi su vatsa vatsīya vāri vṛddha
bījā	8	UTTARAPADA	dugdha dīrgha gandha kaṭu lamba pīta tikta īṣad
caturthī	8	UTTARAPADA	gaurī karaka kunda saṃkaṭa tila umā vināyaka yava
cela	8	UTTARAPADA	bhāryā brāhmaṇa carma ku mṛta sa su tuṇḍi
chandas	8	UTTARAPADA	akṣara bṛhac jagac kiṃ mātrā niś tretā yac
citraka	8	UTTARAPADA	barhi bhāṣā bindu carma janma mayūra rakta su
codana	8	UTTARAPADA	brahma eka juhoti kīri radhra tulya śruti ṛṣi
dantaka	8	UTTARAPADA	bāhu hasti kāla kṛmi nāga viṣa vāji śyāva
dantin	8	UTTARAPADA	bāhu deva dig dyu matta prati svar śakra
deśika	8	UTTARAPADA	mārga nai nair prā pāra su sāmāna vedānta
deśīya	8	UTTARAPADA	madhya māgadha paṭu sarva vidvad ācārya śarmaṇya ṭakka
dhita	8	UTTARAPADA	hṛd mitra nema su tad tvad vasu yuva
dhiṣṇya	8	UTTARAPADA	adhvara akuṇṭha cāru deva eka nānā samāna uru
dhvaṃsin	8	UTTARAPADA	abhidhā bali dhenuka khara kratu kāma kāraṇa vaiśya
dhātṛ	8	UTTARAPADA	deha jagad loka puro samasta su sāra viśva
dhṛta	8	UTTARAPADA	garbha guṇa kara nitya sama satya su varṣā
drāvin	8	UTTARAPADA	bhūta laghu loha mala māṃsa pitta rasa śaṅkha
duṣṭa	8	UTTARAPADA	antar hetu karma mano su vāg śleṣma śruti
dvaṃdva	8	UTTARAPADA	devatā nakṣatra nir prati rajanī sa vigata yad
dāna-vidhi	8	UTTARAPADA	dāsī nakṣatra pṛthvī ratha rudra sarasvatī varāha śibikā
dāsī	8	UTTARAPADA	cāpa dāsa ghaṭa jñāti paṇya vihāra yajña yakṣa
dātrī	8	UTTARAPADA	garbha jīva kṣīra putra siddhi stana varṇa vṛddhi
dṛśvan	8	UTTARAPADA	bahu dīrgha hari meru pāpa pāra sīmanta viveka
dṛśya	8	UTTARAPADA	anati eka ku na pratyakṣa su sukha viśeṣa
gandhin	8	UTTARAPADA	puṇya su surabhi ugra vasanta vṛtta āma śava
gara	8	UTTARAPADA	aja araṃ bhū pataṃ sa su vi vār
garva	8	UTTARAPADA	dhana jaya nir sa veda āpta ātta śṛṅgāra
go	8	UTTARAPADA	ati bahu bhoṭa ku kāma pṛśni su vana
goptṛ	8	UTTARAPADA	cakra dhana pināka samyag sītā vaṃśa vitta viśva
gopāla	8	UTTARAPADA	bhaṭṭa bāla gaṇḍa kaṇḍa madana mauna rāma tīrtha
grāhya	8	UTTARAPADA	bhāva buddhi dur mano muṣṭi su sukha svayaṃ
gṛhya-sūtra	8	UTTARAPADA	kauśika kātīya kāṭhaka mānava pāraskara vājasaneya śaunaka śāṅkhāyana
hatya	8	UTTARAPADA	ahi asi dasyu rakṣo vārtra vṛtra śambara śuṣṇa
hautra	8	UTTARAPADA	iṣṭi paśu prakṛti sa sapta sautrāmaṇī soma vikṛti
hārikā	8	UTTARAPADA	gandha kaṅkaṇa kuṭa kuṭṭa mano svayaṃ vyañjana ṛtu
hārya	8	UTTARAPADA	dhana eka guṇa hasta prāti pāri vāḍaba śīrṣa
indriya	8	UTTARAPADA	antar bahir cakṣur catur kad nir samāvad tvag
jaṅghā	8	UTTARAPADA	agra dhvāṅkṣa khara kāka prati ratha sthūla vāyasa
jīvika	8	UTTARAPADA	aja akṣara alaṃ nau pautra suvarṇa yāvaj āpanna
ka	8	TADDHITA_SUFFIX_EXT	atejas dvi guha gṛha naiṣadha prakāra sahasra tejas
kalpadruma	8	UTTARAPADA	muhūrta saṃgīta smṛti sāhitya vṛtta āgama śaiva śruti
kalāpa	8	UTTARAPADA	kaṭha kāṣṭha muktā nyāya raśanā raśmi samit śṛṅkhalā
kantha	8	UTTARAPADA	cihaṇa cikkaṇa kukkuṭa mandara sauśami vaitula vaitālikarṇi āhvara
kleśa	8	UTTARAPADA	bhinna dhṛta garbha kāya kṣaṇa mārga niṣ su
kovida	8	UTTARAPADA	artha aśva daiva iṅgita mantra muhūrta naya śāstra
kubja	8	UTTARAPADA	bāhu dvi hiraṇya kanya kanyā karṇa kaṇṭha vāri
kumārī	8	UTTARAPADA	ghṛta gṛha kanya kanyā karṇa kula mātaṃga śakra
kāmin	8	UTTARAPADA	kāma prati prāti raṇa sarva sva yathā śarat
kṛtyā	8	UTTARAPADA	apātra araṃ artha puṃs puṇya pāpa su sādhu
kṣema	8	UTTARAPADA	ayoga deva dhruva diddā samāna su vṛddha yoga
lakṣaṇā	8	UTTARAPADA	bhāga cakra jñāna lakṣaṇa sattva upādāna viparīta vṛṣa
lamba	8	UTTARAPADA	antar ati bahir hema prā rajju sama siṃha
lava	8	UTTARAPADA	dhūma go kuśa padāti siddhānta sukha tri tṛṇa
lekhya	8	UTTARAPADA	dur kapaṭa kraya kūṭa loha pāṇḍu saṃdigdha ṛṇa
lobha	8	UTTARAPADA	artha ati dhana lambhita nir rājya sa ṛśya
lālasa	8	UTTARAPADA	caṭu darśana madya pati putra rudhira sarva śoka
līlā	8	UTTARAPADA	bāla hari kanduka madhya mātaṃga puṣpa rājya rāma
m-paca	8	UTTARAPADA	alpa droṇa mita mukha muṣṭi māna nakha prastha
maho@tsava	8	UTTARAPADA	dīkṣā indra kaumudī ratha rāsa vasanta yajña yātrā
makha	8	UTTARAPADA	dhanur dur indra mahā soma su vaśā śata
manaska	8	UTTARAPADA	ananya anya bahir mahā nir su uddhata vi
mañjūṣā	8	UTTARAPADA	laghu muhūrta nyāya praśna siddhānta smṛti vaiyākaraṇa yajña
maṭha	8	UTTARAPADA	bhaṭṭāraka brahma cakra megha valgā vidyā vipra śūra
mudga	8	UTTARAPADA	araṇya harin kṛṣṇa pīta rāja snigdha vallī vana
mārin	8	UTTARAPADA	dhātu jantu kāka pūrva sasya vyāghra yuva śata
mūlikā	8	UTTARAPADA	bhūri bhṛṅga danta dhūmra guccha kha tāla śata
mūlā	8	UTTARAPADA	billa jaṭā mūlaka rakta rasa sūkṣma tāmra śveta
mūrdhaja	8	UTTARAPADA	dhvasta luñcita mukta patita pravara vikīrṇa vikṛta vyākula
mṛttikā	8	UTTARAPADA	dhavala kṣāra lohita nīla pāṇḍu sapta saurāṣṭra sura
nakula	8	UTTARAPADA	gandha geha jala pānīya pāṇḍava veśma śriyā śva
navamī	8	UTTARAPADA	aduḥkha akṣayya dhvaja durgā mahā rāma tāla ulkā
navata	8	UTTARAPADA	aṣṭa catur dvi dvā eka pañca sapta tri
nidhāna	8	UTTARAPADA	agni bhūti daṇḍa garbha keśa nāma piṇḍa tapo
nidrā	8	UTTARAPADA	divā dīrgha kāka moha saṃnipāta yoga yogi śvāna
nilaya	8	UTTARAPADA	chāttra pātāla sarva spanda sura yoga śatru śmaśāna
nirghoṣa	8	UTTARAPADA	gambhīra haya madhura megha ratha vajra veda vādya
nud	8	UTTARAPADA	arāti garbha jaṭhara saṃnipāta tamo timira viṣa śrama
nīta	8	UTTARAPADA	asu dur ku mano nava su yuvā yuṣmā
nṛpati	8	UTTARAPADA	araṇya bhoja ku mālava nāgara prati pravara rāma
padā@rtha	8	UTTARAPADA	aham amata ayukta bhāva dravya pramāṇa sāmānya viśeṣa
pala	8	UTTARAPADA	barhiṣ bhū daśa kanaka pañca pānīya tri vi
paricchada	8	UTTARAPADA	agni alpa krīḍā niṣ rūḍha sa sāṃgrāmika vaiyāghra
parā@yaṇa	8	UTTARAPADA	ananya dharma mat moha mokṣa nārī viṣṇu śoka
parī@ta	8	UTTARAPADA	cintā dāva kopa kṣut mūrchā roṣa upacāra vepathu
parṇaka	8	UTTARAPADA	ghṛta granthi mudgara sapta su taila uttāna vi
pathin	8	UTTARAPADA	aghora ati atūrta dharma dṛṣṭi saha su veda
patāka	8	UTTARAPADA	ahi niṣ sa tri uttoraṇa vi vidyut vilasat
pauruṣa	8	UTTARAPADA	dvi kṛta niṣ sphuṭa sāpta tri tīvra vivṛta
pavana	8	UTTARAPADA	apāna danta dīrgha go madhu paurastya vadana vi
paṭaha	8	UTTARAPADA	lambā lampā prayāṇa preta saṃgrāma vadhya vivāha yaśaḥ
phena	8	UTTARAPADA	abdhi ahi dugdha jala niṣ samudra su śyāma
pra	8	UTTARAPADA	bhūmi ikṣu khura kāma kṣura pṛthivī vātsa ākūti
prabhāsa	8	UTTARAPADA	amita dharma gandha mahā meru raśmi samanta suvarṇa
praharaṇa	8	UTTARAPADA	bhasma bāhu dakṣiṇā dhvaja indra kṛta pañca vyāla
prajanana	8	UTTARAPADA	alaṃ apeta phala pratīcīna prācīna puṃs saṃruddha viddha
pralāpa	8	UTTARAPADA	aitaśa dhūrta jvara kala sambhinna su vi vāk
praroha	8	UTTARAPADA	bīja dṛḍha mahī māṃsa piśita plakṣa prabhā yava
pravṛtti	8	UTTARAPADA	ati cit dharma duṣ mithyā phala samyak sneha
pre@kṣin	8	UTTARAPADA	antara avatāra dīrgha jihma mukha mṛga tiryak vṛka
preman	8	UTTARAPADA	bhūri dhvasta manda sa samāna sthira sthita vi
putrī	8	UTTARAPADA	asi bhoja candana dāru kṛpāṇa laya meru śaila
pāpman	8	UTTARAPADA	apahata dhauta dhūta jagdha mahā pūta vi vidhūta
pāramitā	8	UTTARAPADA	dhairya dhyāna dāna kṣānti prajñā satya vīrya śīla
pīlu	8	UTTARAPADA	bṛhat giri ku kāka madhu mahā rāja vāyasa
raja	8	UTTARAPADA	agni bhṛṅga eka kṣoda nī parama sa vi
rajanī	8	UTTARAPADA	araṇya kaumudī kāṣṭha kṣaṇa nakha nakhara su vastra
rakṣas	8	UTTARAPADA	brahma giri mahā pathi puruṣa saha vi ṛte
rasā@yana	8	UTTARAPADA	dharma karṇa prema prīti siddha vaidya vidhi yoga
raya	8	UTTARAPADA	ambu bhūta nadī payo rugṇa salila saṃvatsara śānta
rohita	8	UTTARAPADA	dhūmra karkandhu sarva stana vi śukla śveta ṛju
rāmāyaṇa	8	UTTARAPADA	adbhuta adhyātma bāla campū kavi mahā mantra mūla
saktu	8	UTTARAPADA	badara dadhi karkandhu kuvala su uda udaka yava
samanvita	8	UTTARAPADA	bhāva harṣa kopa krodha kāla vīra śraddhā śubha
sambhāra	8	UTTARAPADA	alpa jñāna labdha puṇya pūjā sambhṛta stabdha śamatha
sammata	8	UTTARAPADA	dhana mahā parama smṛti su sādhu veda śiṣṭa
samādhi	8	UTTARAPADA	asakṛt go samyak tapaḥ vajra yoga ānantarya śithila
samāgama	8	UTTARAPADA	bhūta cyavana dhūrta graha paraspara priya sat vipra
saptata	8	UTTARAPADA	catuḥ dvi dvā eka pañca sapta tri ṣaṭ
saurabha	8	UTTARAPADA	ati kula mañju piṣṭa sa sama vedānta vi
saṃdhyā	8	UTTARAPADA	bāla mantra nīla prāk prātaḥ pūrva sāyaṃ yajuḥ
saṃgha	8	UTTARAPADA	bhikṣu bhūta grāma siddha sura vṛddha ārya śīla
saṃjñā	8	UTTARAPADA	anvartha aṅka chāyā hasta mahā sarva sukha śabda
saṃkaṭa	8	UTTARAPADA	mahā prāṇa sa su vana vi vṛkṣa yoni
saṃsparśa	8	UTTARAPADA	duḥkha ghora kīla rāhu sukha vajra śīta śūdra
sevin	8	UTTARAPADA	agandha dviṭ rāja saha tīrtha vivikta vṛddha śatru
skanda	8	UTTARAPADA	dadhi ghrāṇa madhu pāra rudra sva tṛṇa śiva
smita	8	UTTARAPADA	antaḥ ku manda sa su sāci sākūta śuci
snāta	8	UTTARAPADA	mṛta rajaḥ su vidyā vrata śira śiraḥ śoṇita
sudhā	8	UTTARAPADA	kāvya nyāya saṃgīta sāhitya vyākhyā vākya śakra śama
sā@rtha	8	UTTARAPADA	bhaṅga bhṛṅga mahā pathika sa vaṇik yuvatī śakaṭa
sādhaka	8	UTTARAPADA	artha dīna karma kārya loka mantra siddhi uttara
sādhvasa	8	UTTARAPADA	ati gata hata jāta niḥ sa saṃgama āgata
sāhasa	8	UTTARAPADA	iṣṭa madhyama mahā prathama priya pūrva uttama viṣama
sāro@ddhāra	8	UTTARAPADA	pravacana praśna saṃgīta vaidya vyavahāra śakuna śākuna śāstra
sūta	8	UTTARAPADA	aśva baddha hata mahā sa sūra sūrya vi
talpa	8	UTTARAPADA	deva guru para paṭṭa ratna su yoga śara
tamas	8	UTTARAPADA	dīrgha gṛtsa kṣīṇa madhya mahā stoka vi virajas
tamām	8	UTTARAPADA	ati jyok kiṃ na pratyakṣa prāhṇe su uccais
tila	8	UTTARAPADA	carma khasa khākhasa kṛṣṇa māṣa sa ṣaṇḍa ṣaṇḍha
tvana	8	UTTARAPADA	jani kavi mahi martya pati sakhi vasu vṛṣa
tviṣ	8	UTTARAPADA	acala ahima arka hata hima sama tuṣāra vāta
tīra	8	UTTARAPADA	gaṅgā mālatī nadī palvala pālvala samudra saras vāyasa
tṛtīyā	8	UTTARAPADA	abhīṣṭa akṣaya ananta aviyoga lalitā rambhā saubhāgya ānantarya
tṛṣṇa	8	UTTARAPADA	ati baddha bahu nis sa su vi vīta
vahni	8	UTTARAPADA	adri anta makha megha pāṇḍava samudra su vana
vardhaka	8	UTTARAPADA	agni kapha maitra māṣa mūtra vyādhi śikhi śmaśru
vartikā	8	UTTARAPADA	citra giri jala māsa sarva vana varṇa yoga
vedi	8	UTTARAPADA	antar bahir brahma mahā paśu uttara yajña yathā
vedī	8	UTTARAPADA	antarā liṅga makha nāṭya parā rodha yajña ācāra
vepathu	8	UTTARAPADA	ati baddha jāta kṛta sa saṃjāta saṃtata stana
vetasa	8	UTTARAPADA	ambu amla bhūri jala sthala su vīra āmla
veṇī	8	UTTARAPADA	cāru eka ku padya puṣpa sa tri vaidhavya
vikṣepa	8	UTTARAPADA	aṅga bhrū bāhu citta dṛṣṭi iṣu lāṅgūla pada
virodhin	8	UTTARAPADA	buddhi deśa kapha karma loka nyāya vana vega
vyāpti	8	UTTARAPADA	anvaya ati siddhānta sāmagrī viśeṣa viśva vyatireka yāvad
vādā@rtha	8	UTTARAPADA	laghu pratijñā saṃnikarṣa saṃskāra saṃśaya sāmagrī viśiṣṭādvaita śabda
vājin	8	UTTARAPADA	bharad daśa sad sita sthira su viśva śveta
vāpī	8	UTTARAPADA	jyotsnā jñāna karkoṭa krīḍā līlā mataṃga svar vihāra
vārttā	8	UTTARAPADA	dur grāmya loka mithyā prati sad su śubha
vāsaka	8	UTTARAPADA	antara aśuddha jāta paṭa sarva su vindhya śrī
vāsana	8	UTTARAPADA	go mukha nir samucchinna su sukha vana śubha
vāsika	8	UTTARAPADA	daṇḍa kaṣāya kāṣāya nai rūpa saha āśrama śāṇa
vāstu	8	UTTARAPADA	mahā malla nāpita pura pṛṣṭha su yajña yathā
vāya	8	UTTARAPADA	pada tandra tantra tantu tiraścīna tunna vāla vāso
yu	8	UTTARAPADA	ahaṃ duroṇa duvo kiṃ prā sva śaṃ śubhaṃ
yuvan	8	UTTARAPADA	ati bhallūka haṃsa kṣatriya lāsaka punar ārya śailāli
yātu	8	UTTARAPADA	brahma deva gṛdhra koka ulūka śata śuśulūka śva
ākāra	8	UTTARAPADA	dhanur kad kim kīdṛg nir nāv praty tad
śalākā	8	UTTARAPADA	ayaḥ eka ikṣu madana ratna vaṃśa vāk vākya
śikhin	8	UTTARAPADA	avabhāsana pañca ratna roha tagara tila tāmra śastra
śilpa	8	UTTARAPADA	deva kṛta maya prati su viśvakarmīya vīṇā śāmbara
śroṇi	8	UTTARAPADA	agni dakṣiṇā pippali pṛthu strī su vedi vipula
śuka	8	UTTARAPADA	gṛha kiṃ līlā pañjara roma rāja sasya śrī
śukra	8	UTTARAPADA	ati mūtra niḥ sa tri yugma śaṃkara śuddha
śuṣma	8	UTTARAPADA	ananta satya soma tuvi uktha unnīta vīra vṛṣa
śveta	8	UTTARAPADA	anyaṅga arya mahā pṛṣṭha sadṛśa sarva triḥ vyāghra
śvāsa	8	UTTARAPADA	jita kha kṣudra mahā nabhaḥ nai sa ūrdhva
śūraṇa	8	UTTARAPADA	araṇya kanda pañca paṅka sita sthūla vana śveta
ṃ-ga	8	UTTARAPADA	abhra bhuja jala mata plava prava tura viha
ṣṭoma	8	UTTARAPADA	agni catu catuḥ go jyoti jyotiḥ tri āyuḥ
aśana	7	UTTARAPADA	dvir havir nir prātar sāyam vy yad
bhīti	7	UTTARAPADA	daṇḍa deva divā doṣa mahā sa vīta
bhūpāla	7	UTTARAPADA	avanti bhukka haṃsa prati siṃha vema śiṅga
bhūyas	7	UTTARAPADA	asthi brahma catur eka su yad yathā
caitanya	7	UTTARAPADA	bhūta kṛṣṇa mahā māgha rāghava sa śuddha
catura	7	UTTARAPADA	līlā prapañca priya pāda su tri vi
caṭaka	7	UTTARAPADA	araṇya carma grāma gṛha mayūra veśma śyāma
cchala	7	UTTARAPADA	bahu dharma kathā pracura sa sāmānya upacāra
cchinna	7	UTTARAPADA	bāhu duḥkha dvi grīva mūla śīrṣa ūru
chas	7	UTTARAPADA	etāvac pac pañcāśac samāvac tāvac yāvac ṛk
cyuti	7	UTTARAPADA	deśa garbha hasta jaghana rājya sa samaya
cātana	7	UTTARAPADA	abhiśasti amīva arāya bhrātṛvya piśāca sapatna yātu
cūḍā	7	UTTARAPADA	barhi kroḍa kṛṣṇa mahā vidhama śyāmala śyāmalaka
daṇḍin	7	UTTARAPADA	bahu bilva brahma datta dvi tri vrata
dhanva	7	UTTARAPADA	aniṣu iṣu maru priya pāre su tisṛ
dharā	7	UTTARAPADA	asṛg garbha grāma keyūra medo varī śiro
dhāvana	7	UTTARAPADA	bila danta kośa koṣa maryādā māṃsa pāda
dhūmra	7	UTTARAPADA	dhūli dhūma hari pāṃsu sa tāmra vi
diva	7	UTTARAPADA	ahar bṛhad dvi kiki kikī su tri
dvayasa	7	UTTARAPADA	gaja gulpha hasti kaṇṭha puruṣa tāvad ūru
dveṣa	7	UTTARAPADA	anna atithi baddha bhakta brahma rāga sparśa
dāhin	7	UTTARAPADA	agāra gehe hṛdaya laṅkā mano āgāra śava
dīpta	7	UTTARAPADA	agni kopa ravi sthāna su svara vāyu
gaṅga	7	UTTARAPADA	lohita pañca sapta tri tūṣṇīṃ uṣṇī śīghra
gaṇa-pati	7	UTTARAPADA	haridrā sambandha saṃskāra saṃtāna śrāddha śuddha śānti
golaka	7	UTTARAPADA	bhū ghana gṛha hala kha kuṇḍa nābhi
gopā	7	UTTARAPADA	ahi candana deva soma su utpala vāyu
goṣṭhī	7	UTTARAPADA	dur kāvya pāna rāsa sa vīra āpāna
guṇita	7	UTTARAPADA	daśa nava sahasra sneha tāvad viraha śata
gūḍha	7	UTTARAPADA	dvi mantra pañca su tri upānad viṣṇu
harmya	7	UTTARAPADA	mahā maṇi mārga rāja sauvarṇa sphaṭika tṛṇa
jambhana	7	UTTARAPADA	ahi kaṇva maśaka piśāca vyāghra yātu śapatha
janīna	7	UTTARAPADA	māhā prāti pāñca sarva sārva vaiśva viśva
jya	7	UTTARAPADA	brahma piṅgala sa vi śithilita ṛta ṛṇa
jāgara	7	UTTARAPADA	ati mantra rātri sa yajña śakti ṣaṣṭhī
jī	7	UTTARAPADA	hara kṛṣṇa sūra vallabha śaṃkara śiva śāha
jīraka	7	UTTARAPADA	bṛhaj dīrgha gaura kaṇa kṛṣṇa sthūla śveta
kacchapa	7	UTTARAPADA	avaṭa giri gṛha kūpa māṃsa sa vi
kandara	7	UTTARAPADA	bhūmi giri kāñcana kūpa parvata surabhi vindhya
kandā	7	UTTARAPADA	payaḥ putra puṃ snigdha vṛṣya śrī śyāma
karaṇīya	7	UTTARAPADA	bahu iti malinī prabhāta puras svī sāmīcī
karṇika	7	UTTARAPADA	cīvara hasti mādhu padma su ugra uṣṭra
kauśika	7	UTTARAPADA	balākā budha caṇḍa ghṛta kula māla vṛddha
kaṇā	7	UTTARAPADA	araṇya dīrgha ibha kari nīla sthūla vana
kaṇṭhin	7	UTTARAPADA	bisa cela kala madhura rakta rājju śveta
keśī	7	UTTARAPADA	alpa arāla guṇa miśra nīla pūtanā vāla
kha	7	UTTARAPADA	duṣ go pāri pūrṇa su tri ākta
krānta	7	UTTARAPADA	aśva nabhaḥ ratha svayaṃ sūrya vidhu viṣṇu
krī	7	UTTARAPADA	deva guṇa rāma sadyas sadyaḥ yava śata
krīta	7	UTTARAPADA	alpa aśva duṣ kraya paṇa ratha yava
kuśa	7	UTTARAPADA	daṇḍa hrasva latā mahā sa samit śveta
kuṭi	7	UTTARAPADA	bhra bhramat bhru bhṛ kaṭa maśaka tṛṇa
kālaka	7	UTTARAPADA	apagata nava niṣ snātvā tila uru ādya
kārita	7	UTTARAPADA	andha balāt camat jhaṅ kāla saṃśraya śeṣa
kāśa	7	UTTARAPADA	bṛhat mahā nī pratī prā sa vi
lakṣmaṇa	7	UTTARAPADA	giri jaya saha siddha śaśa śrī śāṇḍilya
lalāṭa	7	UTTARAPADA	candra kapi mahā nimna rukma su śiti
laukika	7	UTTARAPADA	brahma brāhma daiva mānuṣa pāra satya sārva
loṣṭa	7	UTTARAPADA	dūrvā iriṇa mṛl sītā vedi ākṛti śmaśāna
lubdha	7	UTTARAPADA	artha ati dhana gandha guṇa kāma māṃsa
lāla	7	UTTARAPADA	hari mohana mukunda nanda vraja śaṃkara śiva
lāṅgūla	7	UTTARAPADA	añcita go lola mṛtyu samuddhata vakra śuno
magha	7	UTTARAPADA	go jyā mahi punar tuvi tuvī śatā
mahā@rṇava	7	UTTARAPADA	kṛtya kṣīra madana rasa smṛti vyasana vāda
manya	7	UTTARAPADA	anutta divā doṣā gāṃ punar puṇya tvan
mardaka	7	UTTARAPADA	aṅga cakra kara kukkuṭa kāka kāsa tāla
marīci	7	UTTARAPADA	acaṇḍa caṇḍa maru sahasra sapta vilasan śīta
meda	7	UTTARAPADA	ahi ari asi giri go mahā pūti
mithuna	7	UTTARAPADA	anyonya deva devatā dāsa go nṛ vi
moda	7	UTTARAPADA	aja antar jala kaṭu mahā mukha śveta
mohinī	7	UTTARAPADA	ali gandha jagan jana mano nara sura
muktā	7	UTTARAPADA	gaja hāra kari kola maṇi sūkti śaṅkha
mustā	7	UTTARAPADA	bhadra kṣudra nagara nāgara piṇḍa pīta svādu
māraṇa	7	UTTARAPADA	dhātu haya jana manuṣya mauktika rātri tāmra
māsika	7	UTTARAPADA	ardha daśaka dvādaśa māgha pañcaka ṣaṇ ṣaṭka
māsya	7	UTTARAPADA	catur daśa dvai pañca prati sapta ṣaṇ
mīḍha	7	UTTARAPADA	aja deva dvi pauru puru sahasra su
nandi	7	UTTARAPADA	buddha madhu mahā padma suṣi yaśo śiśu
naraka	7	UTTARAPADA	gṛha ku kumbhi mahā paphaka svarga uṣṇa
nicaya	7	UTTARAPADA	bhūta ratna samā vitta śarīra śikhara śilā
niketana	7	UTTARAPADA	kailāsa keli lakṣmī saṃketa svapna vairocana śrī
nitya	7	UTTARAPADA	araṇya dharma dhyāna tapo vana ātma śastra
nivṛtti	7	UTTARAPADA	icchā karma kṣun phala piṇḍa rasa vāyu
niyama	7	UTTARAPADA	karaṇa mahā puruṣa sa tithi viśeṣa vācaṃ
niśā	7	UTTARAPADA	amla ardha dāru gandha mahā rākā āmra
niṣka	7	UTTARAPADA	bahu dvi pan prati pāda su tri
nādin	7	UTTARAPADA	gardabha haṃsa khara megha siṃha vṛṣa yāma
nāsā	7	UTTARAPADA	dhvāṅkṣa gaja hasti kari karṇa nāga yoni
nāśin	7	UTTARAPADA	anartha bhaya kīrti pāpa rūpa sarva viṣa
paca	7	UTTARAPADA	duṣ iṣṭi khāriṃ kim mṛt paca śva
pakṣaka	7	UTTARAPADA	daṇḍa dvāra kukkuṭa kāka preta sa tri
pannaga	7	UTTARAPADA	bahu brahma sa vana vi viṣa śava
paramparā	7	UTTARAPADA	kula muni sopāna sopānaka vaṃśa śiṣya śrotra
pathika	7	UTTARAPADA	mahā prāti sthāla vāri ākāśa śata ṣaṣṭi
pañcamī	7	UTTARAPADA	iha lalitā manasā nāga vasanta śrī ṛṣi
phalī	7	UTTARAPADA	bhūri dāśa mṛt pāṇḍura pūti rāji saktu
pitṛka	7	UTTARAPADA	jīva jīvat makat niṣ sa tvakat tvatka
piśāca	7	UTTARAPADA	abhra bhūmi brahma durga pāṃsu sa udara
piṭaka	7	UTTARAPADA	abhidharma gaṇi go māṃsa sūtra tri vinaya
prayojana	7	UTTARAPADA	dravya kṛta niṣ para siddha smṛti ātma
prayāga	7	UTTARAPADA	bhaṭṭa deva gupta karṇa nanda pañca rudra
pre@psu	7	UTTARAPADA	aphala hita phala priya prāṇa sama tat
psu	7	UTTARAPADA	ahruta aruṇa pruṣita viśva viśvā vṛṣa ṛta
puṃs	7	UTTARAPADA	mahā na parama rāja strī tulā yajña
puṅkha	7	UTTARAPADA	citra kṛta rukma su svarṇa sāyaka śara
puṇḍarīka	7	UTTARAPADA	eka hṛdaya hṛt karuṇa puruṣa sita sphuṭa
pākya	7	UTTARAPADA	bahu kumbhī kṛṣṭa sahasra su śata śīta
pāṣāṇa	7	UTTARAPADA	dugdha gandha gaurī kaṣa kānta vajra ākhu
ratnamālā	7	UTTARAPADA	abhidhāna saṃgraha saṃgīta sāhitya upadeśa āścarya śāṃkarī
raṅka	7	UTTARAPADA	jala kaṅka matsya mīna raṇa rādha vṛddha
ruja	7	UTTARAPADA	alpa mahā nī sa su tīvra vi
rākṣasī	7	UTTARAPADA	apeta apreta jala preta pāpa rajani āma
rāmā@yaṇa	7	UTTARAPADA	hanumad saṃgraha saṃkṣepa vāsiṣṭha vṛtta ārṣeya āścarya
sakhī	7	UTTARAPADA	guru gurvī ku kumuda rahaḥ vyāja śayana
samācāra	7	UTTARAPADA	kiṃ krūra kṣudra pāpa sādhu vaṃśa śuci
samūha	7	UTTARAPADA	bala bha kriyā kāma pada vana śastra
sarasa	7	UTTARAPADA	deva dāsa jala jāla mataṃga maṇḍūka sāma
saṃkara	7	UTTARAPADA	catuḥ grāma loha loka saṃkara varṇa yoni
saṃsthāna	7	UTTARAPADA	akṣara aneka artha sama sapta sarva su
saṃtāna	7	UTTARAPADA	jñāna niḥ pada sa tantu yāga ātma
saṃvara	7	UTTARAPADA	cakra kāla manaḥ sasya tṛṇa vāk śikṣā
saṃyuta	7	UTTARAPADA	amala bhṛśa mṛtyu praiṣya su śubha ṣāḍguṇya
sphaṭika	7	UTTARAPADA	kha kṣīra piṅga pīta taila viśva ākāśa
spṛṣṭa	7	UTTARAPADA	ardha duḥ kāṇḍa nema īṣat śaṅkā śva
stamba	7	UTTARAPADA	brahma darbha kuśa rāja vana vīraṇa śara
stobha	7	UTTARAPADA	antaḥ daśa nava pada purastāt ubhaya ubhayataḥ
stut	7	UTTARAPADA	chandaḥ deva grāva indra sūrya vaiśvadeva yathā
sura	7	UTTARAPADA	bhū dharaṇī kṣiti mahī mukha sa yudhā
sā	7	UTTARAPADA	aśva dhana sadā sahasra urvarā vāja śata
sāhi	7	UTTARAPADA	bhīma candra hṛdaya prema rāma saṃgrāma siṃha
sārin	7	UTTARAPADA	aśma mayūra puṣkara pūrva sāra trāṇa āmnāya
sūkṣma	7	UTTARAPADA	bhūta kāśika mahā sarva sthūla su yathā
tantrī	7	UTTARAPADA	bahu ku vatsa vi śata śveta ṣaṭ
tapta	7	UTTARAPADA	agni antas gharma sadyas su tapta tāmra
thā	7	TADDHITA_SUFFIX_EXT	bahu itara pratna pūrva sarva tiraśca ṛk
trapa	7	UTTARAPADA	arata gata hata muṣita nis sa vi
trika	7	UTTARAPADA	eka kaṭu pañca phala pāra taurya tri
tuṇḍaka	7	UTTARAPADA	caṇḍa kāka maṇi mukha rakta siṃha śuka
tāmra	7	UTTARAPADA	arakta kuṅkuma kṛṣṇa saṃrambha su tapta tri
tārā	7	UTTARAPADA	akṣi dhruva ketu mahā ugra yoga śata
tāta	7	UTTARAPADA	bhavānī budha jyeṣṭha khulla kṣudra kṣulla prasū
tīkṣṇa	7	UTTARAPADA	ati mahā mṛdu sarva su ubhayatas varta
vaktrā	7	UTTARAPADA	apara candra gṛdhra picu pṛthu vahni śubha
varṇin	7	UTTARAPADA	amara bala brāhmaṇa jyeṣṭha kāka sarva vara
vata	7	UTTARAPADA	bhāga hima mālā mṛttikā pātnī sātya śālā
vedas	7	UTTARAPADA	anaṣṭa jāta keta sa sarva su viśva
vindu	7	UTTARAPADA	go loka nātha rakta senā uda udaka
vināśa	7	UTTARAPADA	artha buddhi jagad prāṇa pāpa sarva sva
vināśana	7	UTTARAPADA	artha citta mūla pitta sarpa śatru śoka
vipāka	7	UTTARAPADA	daśā dur karma kaṭu madhura tīkṣṇa tīvra
vivāda	7	UTTARAPADA	nir paraspara praśna sīmā vidvad vāda śānta
vyathā	7	UTTARAPADA	ati hṛd hṛdaya jaṭhara mano marma śīrṣa
vyatikrama	7	UTTARAPADA	bhartṛ dharma mahad maryādā nīti saṃvid yuddha
vyañjana	7	UTTARAPADA	ajāta hīna nir puṃ sa strī ubhaya
vyāsa	7	UTTARAPADA	ardha bṛhad hari laghu soma veda yādava
vāraka	7	UTTARAPADA	aśva bahu kara ratha sindhu vajra śrī
vāyasa	7	UTTARAPADA	araṇya jala nagara nir pāṇḍara tīrtha śukla
vāṇa	7	UTTARAPADA	agni aṃśu gīr pārṣad pṛṣad rāma vāra
vāṭī	7	UTTARAPADA	gṛha ikṣu karma puṣpa sṛgāla vṛkṣa śrī
vṛkṣaka	7	UTTARAPADA	daṇḍa dhūpa gandha guṇa nandi phala śrī
vṛnda	7	UTTARAPADA	brahma eka go mahā megha niśā vaidya
vṛṣabha	7	UTTARAPADA	go hiraṇya khara maṅgala su suvarṇa śata
yati	7	UTTARAPADA	bhāratī karaṇa mahā sa varṇa vijñāna vyāsa
yaṣṭikā	7	UTTARAPADA	brāhmaṇa eka khara madhu nāga nīla rakta
ānanda	7	UTTARAPADA	bhagavad cid hary jagad nir pratyag saccid
śakala	7	UTTARAPADA	candra hiraṇya kṛśānu tri vi yūpa śaṇa
śamana	7	UTTARAPADA	doṣa manyu pitta pāpa virodha vivāda vāstu
śauca	7	UTTARAPADA	artha bahiḥ karma kṛta preta pāda sadyaḥ
śavas	7	UTTARAPADA	abhiṣṭi apratidhṛṣṭa asāmi dvi nakṣatra satya vṛddha
śigru	7	UTTARAPADA	guḍa kṛṣṇa madhu nīla rakta tīkṣṇa śveta
śipra	7	UTTARAPADA	ayaḥ daśa hari hiraṇya hiri su vṛṣa
śira	7	UTTARAPADA	caṭikā dīrgha mārga mṛga tri veda vi
śiṃśapā	7	UTTARAPADA	guru kapila ku kṛṣṇa sita śveta śyāma
śobhā	7	UTTARAPADA	dvāra mukha mārga samāsa sūrya āhārya śabda
śopha	7	UTTARAPADA	danta liṅga muṣka pitta sthūla su śleṣma
śoṣa	7	UTTARAPADA	duḥ jala kaṇṭha mukha nāsā samudra tālu
śreṇi	7	UTTARAPADA	madhu niḥ pada ratha sama triḥ śiraḥ
śāṇa	7	UTTARAPADA	adhyardha danta dvai dvi nayana ratna tri
śṛṅgin	7	UTTARAPADA	cāru dvi hema kāñcana tri viṣa śāta
ṛca	7	UTTARAPADA	ardha bahv catur dvy triy try ṣaḍ
ṣā	7	UTTARAPADA	aśva go nṛ paśu su svar uru
ṣāman	7	UTTARAPADA	hotṛ rātri saṃdhi setu sindhu su ṛtu
ṣṭhā	7	UTTARAPADA	barhiḥ giri hari pathi rayi savya ṛtu
aha	6	UTTARAPADA	catur dvy praty try yāvad ṣaḍ
anīka	6	UTTARAPADA	bṛhad catur dvy jyotir praty try
avastha	6	UTTARAPADA	dur etad evam kim tad triy
aṅgula	6	UTTARAPADA	catur dvy muṣṭy nir try vy
bahula	6	UTTARAPADA	duḥkha gandha pātre samāsa vyādhi vāta
barha	6	UTTARAPADA	barhi citra nir pāri vi śuka
bhaga	6	UTTARAPADA	dur go hata kṛta strī su
bhartṛkā	6	UTTARAPADA	gata jīvad mṛta proṣita sa viproṣita
bhañjikā	6	UTTARAPADA	damana ikṣu māla pada saṃdeha śāla
bhedinī	6	UTTARAPADA	cakra mala parṇa pūrṇa sauvarṇa varṇa
bhoktṛ	6	UTTARAPADA	bahu guṇa huta prātar ucchiṣṭa yajña
bhāsa	6	UTTARAPADA	bṛhad candra daṇḍa sarva su vimala
bhūyiṣṭha	6	UTTARAPADA	abhirūpa brāhmaṇa duḥkha samāpta sneha śūdra
bhūṣā	6	UTTARAPADA	bāhu bāla karṇa kaṇṭha kāñcana tārā
bilva	6	UTTARAPADA	cira ciri jala kuru tindu śāka
cakravartin	6	UTTARAPADA	acyuta ardha giri nārāyaṇa suvarṇa vidyā
caṇa	6	UTTARAPADA	akṣara cāra kathā keśa māyā vidyā
caṇḍa	6	UTTARAPADA	ati mahā niśītha pañcāla vikrama śrī
ceṣṭita	6	UTTARAPADA	alpa bhāva cira krūra yantra śṛṅgāra
ceṣṭā	6	UTTARAPADA	duś karma ku pṛthak vṛtta śṛṅgāra
cintā-maṇi	6	UTTARAPADA	dhātu kalpa nakṣatra upamāna ārogya śveta
citti	6	UTTARAPADA	māhā prāya prāyaś pūrva vi vipra
codita	6	UTTARAPADA	ananya anya kāla pūrva sama vāta
cāpalya	6	UTTARAPADA	ati hasta mukha pāda pāṇi vāk
cāraka	6	UTTARAPADA	go lauha loha phala varṇa yavāgū
cāritra	6	UTTARAPADA	ananta duś loka samyak viśiṣṭa viśuddha
cīra	6	UTTARAPADA	darbha jaṭā kuśa maṇi nāḍi pañca
daitya	6	UTTARAPADA	brahma danti kapaṭa mahā vāji ādi
dama	6	UTTARAPADA	dur go gāṃ kiṃ puru su
dantikā	6	UTTARAPADA	bhadra guccha kāma puruṣa rakta śata
dattaka	6	UTTARAPADA	anitya jīva vasu viṣṇu vāyu yajña
dayita	6	UTTARAPADA	indirā prāṇa su yāminī śrī śva
daśaka	6	UTTARAPADA	maṅgala nyāsa sapta vidyā śikṣā śiva
daśama	6	UTTARAPADA	aṣṭā catur kalyāṇī pañca sapta ātmanā
daśan	6	UTTARAPADA	aṣṭā catur dvā nava pañca sapta
daśana	6	UTTARAPADA	kaṣāya nir su vajra śukla ṣaḍ
dhanya	6	UTTARAPADA	bahu jīva nair taraṇi vaidya śata
dhīra	6	UTTARAPADA	dhyāna gambhīra rāja su viśuddha yajña
droṇa	6	UTTARAPADA	dharma dvi sa saha vrīhi ṛṣi
droṇī	6	UTTARAPADA	deva jala mahā mandara snāna taila
durdina	6	UTTARAPADA	bāṣpa hima mada nir sa śara
dvaidha	6	UTTARAPADA	chinna guṇi mati sākṣi vidhi śruti
dvitīyā	6	UTTARAPADA	bhrātṛ ehi iha prehi purāṇa yama
dvārika	6	UTTARAPADA	dakṣiṇa paścima paścād prāg pūrva sarva
dyota	6	UTTARAPADA	cintya hṛd kha pratiṣṭhā ratna vidyud
dānu	6	UTTARAPADA	jīra jīva saha su sṛpra ārdra
dāruṇa	6	UTTARAPADA	ati bhṛśa parama ramya su vipāka
dīrgha	6	UTTARAPADA	ati jñāna pañca su tāra yuga
gahana	6	UTTARAPADA	ati nir parama su taru vana
geya	6	UTTARAPADA	araṇye grāma grāme prātar punar āśīr
ghaṇṭa	6	UTTARAPADA	aghora caṇḍika gopa matsya vara yama
ghāsa	6	UTTARAPADA	aśva go mahā nava nija pūti
ghātinī	6	UTTARAPADA	bhujaṃga garbha ghaṭa pati sarpa śumbha
grāvan	6	UTTARAPADA	aśani bṛhad citra ravi yukta ūrdhva
guccha	6	UTTARAPADA	ardha bhoga cakra chattra dhūli roma
guda	6	UTTARAPADA	baddha bhraṣṭa jāghanī saṃniruddha vāg ūrdhva
guhya	6	UTTARAPADA	deva haṃsa rāja saṃgha veda yajña
gārgya	6	UTTARAPADA	ati brahma daśa pañca uttara vṛddha
hanana	6	UTTARAPADA	antar bhrūṇa kaṃsa sa stamba ātma
harā	6	UTTARAPADA	bīja daśa dhī kuca madana smṛti
hāriṇī	6	UTTARAPADA	bīja jala jāta pāri pāṅgulya vākya
hāsaka	6	UTTARAPADA	aṭṭa gaṇa grāma hima jala rāja
hāsya	6	UTTARAPADA	aṭṭa kāvya loka manda pāri sarva
hṛta	6	UTTARAPADA	ananya caura dhvaja dur vaḍabā śyena
jambu	6	UTTARAPADA	bhū bhūmi mahā sṛgāla śabara śāka
jara	6	UTTARAPADA	ati dur go nair nir vi
jaṭhara	6	UTTARAPADA	antar dagdha kuṇḍa lamba mūtra vāja
jihvikā	6	UTTARAPADA	ali go guḍa phaṇi prati tālu
juṣ	6	UTTARAPADA	ahaṃ kaṇḍū maru rajo sa ṛtu
jyotiṣa	6	UTTARAPADA	pakṣi prāg sphuṭa uttara vaiśva viśva
jñu	6	UTTARAPADA	anūrdhva asita mala mita vatsa ūrdhva
jñānin	6	UTTARAPADA	avadhi brahma gṛha kevala kāla mahā
jāmi	6	UTTARAPADA	deva sa sapta soma su vi
jānuka	6	UTTARAPADA	dīrgha ghaṭa saṃhata vara virala ūrdhva
jātīyaka	6	UTTARAPADA	anyathā ayathā kathaṃ taj tathā yathā
jīra	6	UTTARAPADA	araṇya go kaṇa kṛṣṇa kṣudra vana
jūti	6	UTTARAPADA	deva ratha saṃkalpa vipra vāta vṛṣa
kadambaka	6	UTTARAPADA	baddha bhū giri mahā reṇu sakhī
kakud	6	UTTARAPADA	ajāta dvi hala pūrṇa tri śiti
kakṣya	6	UTTARAPADA	baddha daśa hasti hema hiraṇya suvarṇa
kakṣā	6	UTTARAPADA	bha indu krānti madhyama yoga ākāśa
kalpataru	6	UTTARAPADA	bhakti jalpa prākṛta vedānta vivāda vyavahāra
kalā@pa	6	UTTARAPADA	cikura jaṭā jāta keśa kriyā kāñcī
kampana	6	UTTARAPADA	bhūmi hema hṛdaya kṣiti sa sva
karaṇḍaka	6	UTTARAPADA	bhramara jyotiṣ puṣpa rakṣā ratna yoga
karin	6	UTTARAPADA	dik mada madhu sura tiras vana
karma	6	UTTARAPADA	deva pañca su viśva vīra yathā
karpūra	6	UTTARAPADA	cīna rasa rāma turuṣka vāri ārādhya
karṇi	6	UTTARAPADA	bhū dvīpi mahā manda ubhayā ubhā
kautūhala	6	UTTARAPADA	jñāna jāta rāma sāhitya vyāvṛtta vāda
kañcuka	6	UTTARAPADA	ahi dharma mukta prati sa śunaka
kaṭuka	6	UTTARAPADA	dadhi kāṇḍa lavaṇa sa tri vipāka
kedāra	6	UTTARAPADA	bhaṭṭa dhūli kalama kalpa pīta śāli
ketakī	6	UTTARAPADA	dhanu hema kanaka suvarṇa svarṇa tṛṇa
khadira	6	UTTARAPADA	asra duṣ rakta sāra viṭ śveta
khala	6	UTTARAPADA	dhānya go kana pāṃsu raṇa yava
kheda	6	UTTARAPADA	citta rati sa upajāta vi vyāja
kitava	6	UTTARAPADA	akṣa dhūrta prati strī tika yājñika
kiṭṭa	6	UTTARAPADA	ayaḥ dīpa karṇa loha taila tila
klama	6	UTTARAPADA	gata hṛdaya jita kāya vigata āhita
komala	6	UTTARAPADA	dala khara kusuma mṛṇāla rasa su
krīḍa	6	UTTARAPADA	candra māṇavaka paṅka raśmi sa ātma
kunda	6	UTTARAPADA	brāhmī bāla campa ghāsa śata śvā
kusumā	6	UTTARAPADA	gandha maṅgalya nīla su sāṃdhya śata
kuṭa	6	UTTARAPADA	kuṭī mālā nār puṇya pāri pūrṇa
kuṭṭa	6	UTTARAPADA	aśma kāṣṭha nakha su tāmra śilā
kuṭṭaka	6	UTTARAPADA	aśma dṛḍha ikṣu sthira tāmra śilā
kāśyapa	6	UTTARAPADA	bhū gayā hasti mahā nadī pūraṇa
kūrca	6	UTTARAPADA	bahu brahma dayā dīrgha pañca ṣoḍaśa
kūrma	6	UTTARAPADA	ambu jala kūpa mahā nakṣatra tṛṇa
kṛmi	6	UTTARAPADA	antaḥ tāmra udara vasu viṣa viṭ
kṛtvan	6	UTTARAPADA	mrakṣa puru pāpa rāja saha su
kṣetra-māhātmya	6	UTTARAPADA	māyā nānā satya surabhi svāyambhū sāra
kṣīrā	6	UTTARAPADA	asti bahu droṇa sampanna soma tvak
labdha	6	UTTARAPADA	cira puṇya svapna vara vidyā yathā
lauha	6	UTTARAPADA	candra kāla kānta rukma sarva tri
laya	6	UTTARAPADA	bhūti dvi laghu mano nabho prakṛti
laṅghana	6	UTTARAPADA	ati dur durga pati śāsana śīghra
lodhra	6	UTTARAPADA	mahā paṭṭi paṭṭikā valka śabara śveta
lupta	6	UTTARAPADA	anartha indra visarga vrata ādi śaśa
lāghava	6	UTTARAPADA	artha buddhi graha guru hasta kriyā
lāṅgala	6	UTTARAPADA	duṣṭa mukha pañca viṣa āsya śuka
m-bhaviṣṇu	6	UTTARAPADA	andha dūra nagna palita priya sthūla
madhura	6	UTTARAPADA	bhāva idam praṇaya su tri vāṅ
madhyama	6	UTTARAPADA	alpa pipīlika su tanu vi yava
mahiṣī	6	UTTARAPADA	agra dhūma grāma paṭṭa rāja samudra
mardin	6	UTTARAPADA	aṅga kṣura loṣṭa nagara prākāra ripu
maryāda	6	UTTARAPADA	bhinna dur dyu nir sambhinna vitatha
matsara	6	UTTARAPADA	dharma nir vi vivṛddha vāṅ vīta
maṇḍūka	6	UTTARAPADA	kumbha kūpa mahā nir pīta rāja
mekhalā	6	UTTARAPADA	gala hara kroṣṭuka samudra vedi vilāsa
modā	6	UTTARAPADA	aja ali ati basta sukha śikhi
mohita	6	UTTARAPADA	kāma lobha mada māra smara śrama
māṣaka	6	UTTARAPADA	dṛṣadi pañca raupya su suvarṇa ādya
mūka	6	UTTARAPADA	eḍa jaḍa kala kalla riṣya ṛśya
netrā	6	UTTARAPADA	camūru citra kuraṅga mīna raudra sarpa
nikara	6	UTTARAPADA	bhramara bhā cikura pika puṣpa śara
nipuṇa	6	UTTARAPADA	ati kumāra nisarga nīti prayoga smara
nirdeśa	6	UTTARAPADA	kriyā nakṣatra nāma sādhana vastu vimala
nirmita	6	UTTARAPADA	daiva deva maya muni snāyu su
nirmāṇa	6	UTTARAPADA	avyakta buddha navya navīna prapañca vāstu
nirṇij	6	UTTARAPADA	aśva candra ghṛta hiraṇya sahasra varṣa
nāḍikā	6	UTTARAPADA	hiṅgu kaṭi nata pattra vaṃśa vi
nītha	6	UTTARAPADA	deva dīrgha sahasra su vasu śata
nṛpa	6	UTTARAPADA	dur ku madana mukhya siṃha su
pacana	6	UTTARAPADA	anvāhārya eṇī māṃs māṃsa odana piṣṭa
padikā	6	UTTARAPADA	aṣṭa dvi godhā haṃsa tri ṣaṭ
padya	6	UTTARAPADA	daśa pūrva tri vyāghra yauga śṛṅgāra
pakṣīya	6	UTTARAPADA	apara paśu pūrva sva śuka śukla
paridhi	6	UTTARAPADA	antaḥ bahiṣ bhū manda yathā śīghra
paridhāna	6	UTTARAPADA	agni antaḥ gagana phalaka punaḥ vastra
parājaya	6	UTTARAPADA	akṣa duṣ jaya madana punaḥ śatru
parāka	6	UTTARAPADA	bhikṣukī dvai dvi mahā para sapta
parṇi	6	UTTARAPADA	bāṇa madhu pilu tāmra śrī śīta
patākā	6	UTTARAPADA	dravya jaya preta raṅga vijaya viyat
peśī	6	UTTARAPADA	bilva kāla māṃsa vastra āmra śukti
peṣam	6	UTTARAPADA	cūrṇa māṣa rūkṣa taila uda śuṣka
piśācikā	6	UTTARAPADA	bhoga dhana gandha pattra āyudha āśā
piṇḍī	6	UTTARAPADA	buddha dvāra jaṅghā tri śāka śūka
prai@ṣa	6	UTTARAPADA	anuvācana anuyāja dvi prati puru sa
prajas	6	UTTARAPADA	alpa duṣ iḍa iḍā sa su
prakhya	6	UTTARAPADA	amara bibhrajjiṣu cāmīkara eka phena su
prapāta	6	UTTARAPADA	dṛṣṭi giri jala madhu maru vīrya
prasravaṇa	6	UTTARAPADA	bhṛgu mada plakṣa puraḥ uccāra udak
prasthāna	6	UTTARAPADA	jaya jñāna mahā mithaḥ sūtra vara
prasūtā	6	UTTARAPADA	acira cira madhya nava prathama sadyaḥ
prati	6	UTTARAPADA	māṣa odana prati sūpa tuvi śāka
pratigraha	6	UTTARAPADA	asat duṣ keśa niṣ sat yājana
pratāpa	6	UTTARAPADA	mahā niṣ prauḍha puṇya pāṇḍava rudra
pravṛtta	6	UTTARAPADA	cira hita kṣaya pūrva su ārya
praśasta	6	UTTARAPADA	bha kavi lakṣaṇa puru su vāk
pro@ta	6	UTTARAPADA	ota ratha sūcī sūtra śalya śūla
prā	6	UTTARAPADA	antarikṣa carṣaṇi kakṣya kratu kṛṣṭi ratha
prā@pya	6	UTTARAPADA	duṣ hasta punaḥ su sukha yajña
prā@śana	6	UTTARAPADA	amṛta anna aṅguli ghṛta madhu nava
prākāra	6	UTTARAPADA	bahiṣ prati prāṃśu su tiras vajra
prāsāda	6	UTTARAPADA	candra pañca ratna saṃgīti vāsa śilā
puroḍāśa	6	UTTARAPADA	eka garbha paścāt paśu purastāt tarasa
purā	6	UTTARAPADA	agni aśma jīva tri uda āśā
puñja	6	UTTARAPADA	bhasma gola māṇikya raśmi saphena vidyut
puṭaka	6	UTTARAPADA	carma cañcu ghrāṇa pāṇi tri śravaṇa
pācaka	6	UTTARAPADA	antra miṣṭa piṣṭa rasa viśva vṛṣala
pādaka	6	UTTARAPADA	dvi eka lohita pīta tri śata
pāṇḍava	6	UTTARAPADA	kuru madhyama niṣ pracaṇḍa rāghava vi
pāṭala	6	UTTARAPADA	citra divya mahā saṭā su vi
pīti	6	UTTARAPADA	nṛ pūrva sa saha soma uda
pīḍana	6	UTTARAPADA	atyanta cakṣu graha hṛt pāṇi su
pūjā-paddhati	6	UTTARAPADA	baṭuka bhavānī devī hari liṅga sundarī
pūla	6	UTTARAPADA	barhiṣ darbha dhānya maṇḍa samit tṛṇa
pūrṇimā	6	UTTARAPADA	aśoka bhūta calat dyūta kārttika vijaya
rasika	6	UTTARAPADA	kāma māyā raṇa sparśa vinoda śīta
rañjanī	6	UTTARAPADA	harid nakha rāmāyaṇa smṛti vibudha śruti
rañjinī	6	UTTARAPADA	bāla mano rasika sudhā śata śruti
retasa	6	UTTARAPADA	agni deva hiraṇya kapota sauvarṇa suvarṇa
roṣa	6	UTTARAPADA	dīrgha jāta mukta sa su vi
rātrī	6	UTTARAPADA	andha dharma kāla mahā piṣṭa siddha
rīti	6	UTTARAPADA	brahma rāja saṃnyāsa svarṇa vaidarbha śakṛd
sadas	6	UTTARAPADA	amara antaḥ bahiḥ brahma yajña śakra
sah	6	UTTARAPADA	carṣaṇī dhanvā prā sadā satya viśvā
sambhavā	6	UTTARAPADA	carma gautama sura valmīka vedi vyoma
sampatti	6	UTTARAPADA	dhana rūpa sarva saṃkalpa vasu śarīra
samplava	6	UTTARAPADA	ambu bhūta garbha gātra sattva viśva
samudbhava	6	UTTARAPADA	carma hiṃsā kanyā kula majja tāpī
sauhṛda	6	UTTARAPADA	dṛḍha gata ku nisarga rūḍha sthira
saṃdarbha	6	UTTARAPADA	bhakti bhāgavata pada prīti siddhānta svara
saṃdha	6	UTTARAPADA	deva dṛḍha jala jarā satya su
saṃdhya	6	UTTARAPADA	bahiḥ dvai dvi dīrgha sa tri
saṃkhyāka	6	UTTARAPADA	bahu sahasra sapta saptati tat yat
saṃnibha	6	UTTARAPADA	krīḍanīyaka kāñcana pitṛ satya stabaka śaśi
sevana	6	UTTARAPADA	dharma indriya mūrti pāda vṛṣalī śūdra
snigdha	6	UTTARAPADA	ati bhāva mandra prīti su sāndra
sravā	6	UTTARAPADA	amṛta giri madhura sudhā surabhi vipula
stanā	6	UTTARAPADA	aṣṭa aṣṭā catu catuḥ dvi su
sthalaka	6	UTTARAPADA	dāṇḍāyana māna māṣa rāja sāmudra ānaka
sthya	6	UTTARAPADA	dauḥ mādhya mādhyama pārama sāma vaiṣama
sthāpana	6	UTTARAPADA	ghaṭa mātṛkā nakṣatra upari vayaḥ vāstu
suvarṇa	6	UTTARAPADA	adhyardha bahu dvi gaura kṣudra sa
svarga	6	UTTARAPADA	bhū bila dūra jita rudra vaikuṇṭha
svastika	6	UTTARAPADA	adhara apara bāhu hasta muṣṭika padma
sā@hvayā	6	UTTARAPADA	gaṇḍa mitra ratha vana vṛṣa śukti
sāma	6	UTTARAPADA	antaḥ bhādra brahma prati yathā ṛk
sāmya	6	UTTARAPADA	avyakta dhātu dik sarva tri vāri
sūcaka	6	UTTARAPADA	aniṣṭa bha maṅgala nakṣatra toya viṣa
sūkara	6	UTTARAPADA	ambu grāma grāmya jala mṛga yajña
sṛṣṭi	6	UTTARAPADA	ati bhūta rudra svapna viśva viśvāmitra
tana	6	TADDHITA_SUFFIX_EXT	agre arvāk doṣā prage pūrva tadānīṃ
taskara	6	UTTARAPADA	ambu jala pūrva rati saṃdhi vāri
tati	6	UTTARAPADA	baudhāyana nati punas sa tamas yajña
tiktaka	6	UTTARAPADA	kaṭu kirāta kāṇḍa mahā su vara
toraṇa	6	UTTARAPADA	aṅguli kautuka mārga pura sa yantra
tāpana	6	UTTARAPADA	candra indra para sarva saṃha śatru
tāpasa	6	UTTARAPADA	chadma kapaṭa ku kūṭa siddha vipra
tātparya-nirṇaya	6	UTTARAPADA	bhāgavata bhārata rāmāyaṇa viṣṇu vyāsa śruti
tāḍana	6	UTTARAPADA	bherī daṇḍa ghaṇṭā jala kapola marma
tīrtha-māhātmya	6	UTTARAPADA	bhṛgu bṛhat pitṛ sītā vajra vṛṣabha
tṛtīya	6	UTTARAPADA	ardha etat sva tat vi ātmanā
tṛṣ	6	UTTARAPADA	artha mṛga nis prīti sa vi
tṛṣṇā	6	UTTARAPADA	artha bhoga dhana jīvita madana mṛga
upaniṣad	6	UTTARAPADA	devy etad hanumad sāvitry yāvad śira
vahā	6	UTTARAPADA	asṛg citra jagad mano puṣpa sroto
vaikalya	6	UTTARAPADA	artha citta vrata vṛtti śakti śarīra
valli	6	UTTARAPADA	aṅghri bhūmi pattra su tagara viṣa
vandana	6	UTTARAPADA	hari pāda pātra saṃdhyā sādhu tṛṣṭa
vandhura	6	UTTARAPADA	aṣṭā hiraṇya pañca pūrṇa sṛpra tri
varaṇa	6	UTTARAPADA	brahma maśaka mitra punar svayaṃ vara
vargīya	6	UTTARAPADA	artha bhadra mad sa sva ṣaḍ
varūtha	6	UTTARAPADA	sa sapta su tri vi śarma
vayaska	6	UTTARAPADA	gata madhyama pūrva sa sama samāna
vaśya	6	UTTARAPADA	kāma para pāra strī su sva
vaṃśya	6	UTTARAPADA	hari soma sva sūrya viśuddha śuddha
veṣṭaka	6	UTTARAPADA	aṅguli danta karṇa veṣṭana śrī śālmalī
vidagdha	6	UTTARAPADA	dur mahā pitta su vāg śleṣma
vidviṣ	6	UTTARAPADA	ahi brahma madhu sura vibudha vṛtra
vihvala	6	UTTARAPADA	bhaya gandha harṣa mada su śoka
vihārin	6	UTTARAPADA	gagana kāma mṛgayā rātri saṃghāta svaira
vikṛti	6	UTTARAPADA	anna aṅga khaṇḍa kṣīra prakṛti uttīrṇa
vimala	6	UTTARAPADA	cakra candra jina su ānanda śaśi
viniścaya	6	UTTARAPADA	artha pramāṇa pāpa roga rug su
vinnā	6	UTTARAPADA	kroṣṭu kṛṣṇa matsya pheru siṃha sṛgāla
viplava	6	UTTARAPADA	bhāgya citta dharma rāṣṭra sattva śīla
vipra	6	UTTARAPADA	graha jaḍa kula su sāma śiva
vivardhana	6	UTTARAPADA	brahma buddhi dharma harṣa nandi śoka
vivṛti	6	UTTARAPADA	bīja chando dharma makaranda spanda upādhi
viyoga	6	UTTARAPADA	bhūri mad sad saṃnidhi strī tvad
viśeṣaṇa	6	UTTARAPADA	artha kiṃ kriyā liṅga sa śabda
viśārada	6	UTTARAPADA	naya raṇa su vidyā vākya yuddha
viṃśaka	6	UTTARAPADA	eka mokṣa pañca sapta saṃvara ṣaḍ
viṃśat	6	UTTARAPADA	catur eka pañca sapta trayo ṣaḍ
vrāta	6	UTTARAPADA	bhadra mahā ratha tapo vṛṣa śara
vrīhi	6	UTTARAPADA	aṇu bahu kṛṣṇa mahā vana āśu
vrīḍa	6	UTTARAPADA	hata mlāna nir sa svalpa vīta
vyatha	6	UTTARAPADA	gata guru jala nir sa sama
vyavasthā	6	UTTARAPADA	dharma dvīpa satya smṛti varṇa viṣa
vyākhyāna	6	UTTARAPADA	eka gaṇa pada phakkikā vāstu śrauta
vyāpad	6	UTTARAPADA	bala garbha sarva vasti viraha yoni
vāh	6	UTTARAPADA	indra madhyama pārṣṇi pṛṣṭha pṛṣṭi śveta
vālukā	6	UTTARAPADA	hima karambha pīta sthūla su śaila
vāma	6	UTTARAPADA	akṣa anti hasta saṃyad vārita yajña
vānara	6	UTTARAPADA	duṣṭa hasti kṛṣṇa mala nir nīla
vāṇī	6	UTTARAPADA	daiva deva masṛṇa nir sarasa ākāśa
vīthi	6	UTTARAPADA	gaja ghana naya svar uttara vṛṣabha
yavam	6	UTTARAPADA	khale lūna lūyamāna pūta pūyamāna saṃhriyamāṇa
yā	6	UTTARAPADA	deva duvo eva tura śubhaṃ ṛṇa
yājaka	6	UTTARAPADA	grāma nakṣatra rāja vrātya vṛṣala śūdra
ādhāra	6	UTTARAPADA	dur jagad kim madhv maṣy nir
ākṛti	6	UTTARAPADA	dhanur dur evam nir tiryag vedy
āśraya	6	UTTARAPADA	dur kim mahad nir sthāny vy
śakuna	6	UTTARAPADA	kṛṣṇa mūla puṇya puṣpa su śubha
śala	6	UTTARAPADA	daśa duḥ pañca sahasra tri śata
śamī	6	UTTARAPADA	bhū catuḥ laghu mahā su ṣaṭ
śasta	6	UTTARAPADA	ati bahu duḥ kavi su vāk
śaṅkā	6	UTTARAPADA	aniṣṭa ati mṛta sarva vi vistara
ścandra	6	UTTARAPADA	aśva hari puru su sva viśva
śikharin	6	UTTARAPADA	guru hima kanaka kula sphaṭika tuṣāra
śiśu	6	UTTARAPADA	bhujaṃga deva draviḍa haya siṃha śaśaka
śobhana	6	UTTARAPADA	ati karṇa parama samiti su vana
śramaṇa	6	UTTARAPADA	kṣamā mahā nagna pramatta punaḥ śākya
śrauta-sūtra	6	UTTARAPADA	lāṭyāyana mānava paśu sāma vaikhānasa śāṅkhāyana
śrī-garbha	6	UTTARAPADA	buddhi nārāyaṇa puṇya puṣpa rucira vimala
śubhra	6	UTTARAPADA	bhūti candra hima mahā sudhā tanū
śuci	6	UTTARAPADA	jala para rahaḥ upadhā vajra viśva
śva	6	UTTARAPADA	adya mātari su yama ākarṣa śvaḥ
śākaṭa	6	UTTARAPADA	ikṣu mūla mūlaka vārttāka vāstuka śāka
śākina	6	UTTARAPADA	ikṣu mūla mūlaka vārttāka vāstuka śāka
śālikā	6	UTTARAPADA	bandi candra citra nāpita pānīya taila
śārada	6	UTTARAPADA	pūrva rajju su vi viśva śata
śāyikā	6	UTTARAPADA	giri kośa mṛga puṣkara sthaṇḍila vṛkṣa
śṛṅkhalā	6	UTTARAPADA	asthi dīpa kaṭi vajra vāṭa śāri
ḍiṇḍima	6	UTTARAPADA	abhaya bhaya udghoṣa vijaya vāda ārava
ṃ-kāram	6	UTTARAPADA	bhīta caura cora dvaidha sampanna svādu
ṇī	6	UTTARAPADA	agra agre grāma sahasra samagra yantra
ṣada	6	UTTARAPADA	barhi go nār pāri su śamanī
ṣāh	6	UTTARAPADA	abhimāti bhūri dhūr nī nṛ pṛtanā
ṣṭhāna	6	UTTARAPADA	bhīru go madhu rayi su sādhu
ṭama	6	UTTARAPADA	jyotiṣ mīḍhuṣ sarpiṣ tuviṣ vapuṣ yajuṣ
ahna	5	UTTARAPADA	dur nir prātar try vy
apatya	5	UTTARAPADA	bahv kad nir pum tad
ardha	5	UTTARAPADA	dvy praty tithy vedy śakty
aśīta	5	UTTARAPADA	arvāg catur dvy try ṣaḍ
aśīti	5	UTTARAPADA	catur dvy try ṛg ṣaḍ
badara	5	UTTARAPADA	kara laghu nṛpa rāja vāri
badarī	5	UTTARAPADA	bhū kaṭu kṣiti sūkṣma vallī
bandham	5	UTTARAPADA	caṇḍālikā coraka granthi gupti krauñca
bhadrikā	5	UTTARAPADA	bala catur gopa vana viṣa
bhairava-tantra	5	UTTARAPADA	māyi siddhi yoginī śakti ḍāmara
bhakṣin	5	UTTARAPADA	abhakṣya kaṭuka kravya sarva utpanna
bhakṣā	5	UTTARAPADA	gaja mṛga pika uṣṭra vṛkṣa
bhavā	5	UTTARAPADA	bhīma bhṛgu grīṣma indu marud
bhaṭṭāraka	5	UTTARAPADA	indra parama svāmi sāra vijñāna
bhaṭṭārikā	5	UTTARAPADA	bṛhad jayā mahā vijaya śīla
bhedya	5	UTTARAPADA	dur nir sukha sūci sūcī
bhikṣā	5	UTTARAPADA	māṃsa piśāca turya tṛtīya vrata
bhramaṇa	5	UTTARAPADA	cakra deśa dhruva gagana paṭaha
bhukta	5	UTTARAPADA	ajñāta ku mita su sāmi
bhāvya	5	UTTARAPADA	dur dvai prāti pāri vinā
bhīma	5	UTTARAPADA	anaṅga mahā sa su vikrānta
bhūtika	5	UTTARAPADA	drāviḍa maru prā su śiva
bindū@paniṣad	5	UTTARAPADA	amṛta dhyāna nāda nārada tejo
bodhaka	5	UTTARAPADA	bhāva bāla dhvani prā sāmya
bodhi	5	UTTARAPADA	agra deva mahā prāg saṃgha
bodhikā	5	UTTARAPADA	druta hṛdaya naya su sukha
bruva	5	UTTARAPADA	brahma brāhmaṇa dvija kṣatriya vrātya
bāṣpa	5	UTTARAPADA	antar kha mogha sa ānanda
cala	5	UTTARAPADA	bhūmi harṣa niś sa śikhā
cchalā	5	UTTARAPADA	gāna stobha veya ūha ūhya
cchedin	5	UTTARAPADA	kuḍya marma māṃsa saṃśaya tṛṇa
cheda	5	UTTARAPADA	medaś niś tvak vṛthā śiraś
chāya	5	UTTARAPADA	bhū duś mahā niś prāk
citya	5	UTTARAPADA	catuś nai naiś sahasra sāgni
cora	5	UTTARAPADA	hṛdaya miśra puṃś saṃdhi śabda
cāru	5	UTTARAPADA	bhadra ku sa su vi
cūla	5	UTTARAPADA	puṣpa surabhi suvarṇa svarṇa vāma
dasyu	5	UTTARAPADA	dṛḍha nir puru trasa śāstra
datti	5	UTTARAPADA	daiva dvai sauma soma vyāsa
daṃśa	5	UTTARAPADA	kṣamā mṛga vārṣa vṛka vṛṣa
daṃśaka	5	UTTARAPADA	dṛḍha mṛga puru sa vṛṣa
daṃṣṭraka	5	UTTARAPADA	asi sūkara tīkṣṇa vyāla śva
daṃṣṭrā	5	UTTARAPADA	aśva madana makara viṣa śva
deṣṇa	5	UTTARAPADA	cāru kumāra skambha su tuvi
dhanvin	5	UTTARAPADA	bahu dṛḍha iṣu sarva śārṅga
dhas	5	UTTARAPADA	payo puro reto varco vayo
dhānyaka	5	UTTARAPADA	bahu hema kumbhī kusūla tuccha
dhāva	5	UTTARAPADA	asi caila danta dur maṇi
draṣṭṛ	5	UTTARAPADA	mantra sarva su sūkta vyavahāra
droha	5	UTTARAPADA	mitra nir para prāṇa rāja
drohin	5	UTTARAPADA	bhāryā dharma mitra pitṛ ātma
duḥkhita	5	UTTARAPADA	ati bhṛśa dina parama su
dvija	5	UTTARAPADA	amara mṛga sita su viṃśati
dviṣṭa	5	UTTARAPADA	indra kṛta kṛṣi mleccha yavana
dyut	5	UTTARAPADA	danta mṛga su vi śikhi
dārin	5	UTTARAPADA	karṇa pāra reśaya rukmi veṇu
dātu	5	UTTARAPADA	dvāra sahasra su vara śata
dūra	5	UTTARAPADA	ati kha kiyad su vi
dūtī	5	UTTARAPADA	bhakti kāma kṣetra praśna śiva
gadya	5	UTTARAPADA	prā vaikuṇṭha vyāsa vāyu śrīraṅga
gambhīra	5	UTTARAPADA	megha sarva su sāgara tri
gandharva	5	UTTARAPADA	deva manuṣya sa sāmi tantra
gandhinī	5	UTTARAPADA	aja bhasma hema malaya mātṛ
gat	5	UTTARAPADA	adhva dvi dyu jana nava
gaurī	5	UTTARAPADA	bhūti daṇḍa hara jagad mahā
gañja	5	UTTARAPADA	dharma gagana kha sindhu śāstra
gaṅgam	5	UTTARAPADA	madhye prāg pāre unmatta śanair
gaṇaka	5	UTTARAPADA	patti ratha rātha soma su
gaṇe@śa	5	UTTARAPADA	haridrā mahā nīla ucchiṣṭa śrī
gha	5	UTTARAPADA	dru pāṇi rāja tāḍa śatru
ghaṭikā	5	UTTARAPADA	carma nata vaṃśa vi viṣa
ghora	5	UTTARAPADA	arśo mahā nīla su śata
ghoṣā	5	UTTARAPADA	dhātu hasti pīta śabda śveta
goṣṭha	5	UTTARAPADA	antar aśva go mahiṣī sāyaṃ
grāham	5	UTTARAPADA	jīva kara keśa nāma yaṣṭi
guha	5	UTTARAPADA	bṛhad hema kāka mahā sakṛd
guṇin	5	UTTARAPADA	atyanta doṣa sarva sattva su
gādha	5	UTTARAPADA	alabdha aritra dur su ugra
gāminī	5	UTTARAPADA	gaja haṃsa matta mṛga siṃha
gāyana	5	UTTARAPADA	bhīta deva divya madhu sura
gūrta	5	UTTARAPADA	ari puru rādho sva viśva
harītakī	5	UTTARAPADA	amṛta bhṛgu go guḍa paśu
harṣaṇa	5	UTTARAPADA	danta loma roma rāja śepa
hastaka	5	UTTARAPADA	ardha dāru gandharva kapota prati
hasti	5	UTTARAPADA	jñāna paula prati ubhayā ubhā
hava	5	UTTARAPADA	daiva indra mahā su vana
heman	5	UTTARAPADA	hiraṇya kūṭa rasa siddha āśu
hima	5	UTTARAPADA	hata nir pattra sa śata
horā	5	UTTARAPADA	kāla laghu pārāśara siddhānta yavana
hrasva	5	UTTARAPADA	ardha ati catur mahā ubhayato
hā	5	UTTARAPADA	aja kṛmi mala mano mūrkha
hārī	5	UTTARAPADA	kali mano phala svayaṃ śoka
hṛd	5	UTTARAPADA	dur klinna sa sarva su
iṣṭi	5	UTTARAPADA	div dur gav paśv tad
janana	5	UTTARAPADA	indra medhā paśu tuṣṭi vīra
jvālā	5	UTTARAPADA	ghana jaṭhara tarka tīvra vajra
jñā	5	KRT_STEM_MEMBER	gandha jīvita pada sama ṛta
jātā	5	UTTARAPADA	maru nepāla plakṣa sadyo śaila
kalatra	5	UTTARAPADA	ku para priya sa su
kalaṅka	5	UTTARAPADA	hariṇa kula niṣ sa vi
kali	5	UTTARAPADA	kṛṣṇa māna niṣ rāja śastra
kalita	5	UTTARAPADA	citta dhairya kelī lāvaṇya su
kalka	5	UTTARAPADA	bahu dhānya jala tila tīkṣṇa
kalpa-sūtra	5	UTTARAPADA	jīta kātīya mānava vidyā śaunaka
kapi	5	UTTARAPADA	ambu jala mahā vana vṛṣā
kapota	5	UTTARAPADA	gṛha jala mahā pañjara śveta
karaṇī	5	UTTARAPADA	dvi loma soma tri tṛtīya
karmaka	5	UTTARAPADA	dvi sa samāna tulya śabda
karmin	5	UTTARAPADA	anārya kevala pāpa rāja sva
karśana	5	UTTARAPADA	akāma gātra kāma sapatna śatru
karṣa	5	UTTARAPADA	dākṣi prā suvarṇa tri vāḍaba
kaṃsa	5	UTTARAPADA	adhyardha ayas bhakta payas pūrṇa
kaṇikā	5	UTTARAPADA	nyāya prasveda pīyūṣa svarṇa vaṭa
kaṭu	5	UTTARAPADA	kedāra kāṇḍa pācī tri śruti
keta	5	UTTARAPADA	ajñāta manas sa su śreyaḥ
khara	5	UTTARAPADA	ati bhās gaura kāka uṣṭra
kharjūrī	5	UTTARAPADA	bhū bhūmi madhu madhura rāja
kila	5	UTTARAPADA	go keli kola koli paṭṭa
kirī	5	UTTARAPADA	deva goṇḍa guṇa madhu rāma
kiśora	5	UTTARAPADA	divira mayūra nanda rāma vraja
kiṃkara	5	UTTARAPADA	rāma sa yama śaṃkara śiva
koli	5	UTTARAPADA	hasti kapi latā sṛgāla vana
kośātakī	5	UTTARAPADA	bṛhat grāmya hasti mahā rakta
koṣṭaka	5	UTTARAPADA	dhānya dvāra malla mukti sāraṇī
koṣṭha	5	UTTARAPADA	koṇa krūra laghu mṛdu uda
koṭī	5	UTTARAPADA	ardha dhanuṣ dhī yama yava
krama-dīpikā	5	UTTARAPADA	lalitā putra saubhāgya sāṃkhya śāradā
kraya	5	UTTARAPADA	kṛta mithyā rāja su śvaḥ
kulya	5	UTTARAPADA	bahu dauṣ druma sa sva
kumbhī	5	UTTARAPADA	ayas bhū mahā sita sāṃnāyya
kusumā@ñjali	5	UTTARAPADA	dāna mīmāṃsā nyāya stuti śiva
kāla-nirṇaya	5	UTTARAPADA	laghu mādhava nakta vrata śloka
kāminī	5	UTTARAPADA	dik kha lepa sura veśya
kāmā	5	UTTARAPADA	buddhi puṃs vajra vatsa virāṭ
kāriṇī	5	UTTARAPADA	dharṣa kāñcana mālā śilpa śiva
kāsa	5	UTTARAPADA	jarā kṣata kṣaya śuṣka śvāsa
kāñcana	5	UTTARAPADA	deva maṇi rakta sarva vrīhi
kāśin	5	UTTARAPADA	anna apāpa artha jita kṛpaṇa
kīlā	5	UTTARAPADA	acala adri kḷpta parvata pīta
kūbara	5	UTTARAPADA	dvi nala naḍa ratha vi
kūpī	5	UTTARAPADA	dīpa jala kāca maṣi tunda
kḷpti	5	UTTARAPADA	citi kāma kṣudra paśu yathā
kṛṣṇā	5	UTTARAPADA	gaja jatu kari pṛthu śveta
kṣayaṇa	5	UTTARAPADA	arāya asura bhrātṛvya piśāca sapatna
laulya	5	UTTARAPADA	ati jihvā mano rājya strī
liṅgaka	5	UTTARAPADA	anya bhinna ku tri vācya
lāsikā	5	UTTARAPADA	hṛl kavi sura svara tūla
līlāvatī	5	UTTARAPADA	bhāṣā bīja haya kautuka nyāya
līna	5	UTTARAPADA	anta antar danta sva svar
m-bhāvuka	5	UTTARAPADA	andha dūra palita pāmana sthūla
m-ejaya	5	UTTARAPADA	anaṅga ari jana sattva viśva
madana	5	UTTARAPADA	agni bhaṭṭa gandha su vasanta
madya	5	UTTARAPADA	daur madhu pīta vi vicchinna
mahe@śvara	5	UTTARAPADA	bhūta loka vidyā viśva vīra
maho@dadhi	5	UTTARAPADA	mantra nyāya sūta vaidya āyur
mallaka	5	UTTARAPADA	jñeya kroḍa mala skandha śiva
manman	5	UTTARAPADA	dur satya su vipra yajña
manohara	5	UTTARAPADA	budha dāna madana māna su
mantu	5	UTTARAPADA	dur nir puru su tri
manuṣya	5	UTTARAPADA	deva dur līlā mahā nir
mara	5	UTTARAPADA	dru dur nār nṛ su
mauna	5	UTTARAPADA	baddha gṛhīta haṃsa māna vi
mayūra	5	UTTARAPADA	gṛha krīḍā matta tila śruti
maṇḍalin	5	UTTARAPADA	cakra kara pārśva vakṣo ūrdhva
mokṣaṇa	5	UTTARAPADA	bāṇa prāṇa pārvatī rakta saṃsāra
mudra	5	UTTARAPADA	antar bahir jñāna nāga vi
mukhā	5	UTTARAPADA	chattra nakta priya sato svapna
musala	5	UTTARAPADA	cakra kandarpa kaṅkāla sanna ulūkhala
muṣṭika	5	UTTARAPADA	catur keśa pañca sapta viṣa
mārgaṇa	5	UTTARAPADA	kusuma kṛṣṇa naṣṭa sāra ṛṇa
mārjāra	5	UTTARAPADA	araṇya gandha jala lomaśa vṛkṣa
mārī	5	UTTARAPADA	bhramara bhūta bhṛṅga kīṭa mahā
māṃsī	5	UTTARAPADA	abhra gandha jaṭā svādu ākāśa
mīḷha	5	UTTARAPADA	aja pauru puru sahasra svar
mūṣikā	5	UTTARAPADA	andha bāla prati svarṇa sāra
namra	5	UTTARAPADA	bhakti mañjarī pāda stoka vi
nandā	5	UTTARAPADA	alaka bhaga deva sakṛn sura
nasa	5	UTTARAPADA	go kumbhī mahi su vi
nau	5	UTTARAPADA	bhinna dṛṣan nāma saha su
nayanā	5	UTTARAPADA	hariṇa kuraṅga kuvalaya mṛga vāma
naṭa	5	UTTARAPADA	bṛhan eka ku kuṭan mahā
neri	5	UTTARAPADA	bhāva karaṇa naḍa saṃkīrṇa śuddha
nibandhana	5	UTTARAPADA	artha iṣu mauñjī strī vṛtti
nihita	5	UTTARAPADA	antar kara madhya su upari
niketa	5	UTTARAPADA	cala pāda saṃketa vi śrī
nimba	5	UTTARAPADA	bhū giri mahā nepāla pañca
nivaha	5	UTTARAPADA	ambu duḥkha jala mleccha puṇya
niveśa	5	UTTARAPADA	bṛhan dharma pura vāhinī śara
niviṣṭa	5	UTTARAPADA	antar cira pūrva su sukha
nāya	5	UTTARAPADA	aśva go jīva puruṣa śyāva
nāyikā	5	UTTARAPADA	bhūta caṇḍa kula pīṭha sāmānya
pari	5	UTTARAPADA	akṣa dvi eka su śalākā
pariṇāma	5	UTTARAPADA	bhagna duṣ evam phala ratna
pariṣad	5	UTTARAPADA	brahma deva pañca sabhā vidagdha
parus	5	UTTARAPADA	sarva su tri vi yajña
paruṣa	5	UTTARAPADA	locana niṣ saṃrambha su śravaṇa
paryaya	5	UTTARAPADA	abda anila kāla vāsa ṛtu
parāṅmukha	5	UTTARAPADA	prasāda viṣaya vyaya yuddha śāsana
parṇinī	5	UTTARAPADA	bhujaṃga hasti khara lomaśa āditya
pattrin	5	UTTARAPADA	mayūra puṣpa su sūtra śikhari
pañcama	5	UTTARAPADA	ardha kalyāṇī āmra ātma ātmanā
pañcā@nana	5	UTTARAPADA	bāṇa nyāya nṛ siddhānta tarka
paṅkaja	5	UTTARAPADA	hṛt kara mukha pada sa
paṭṭana	5	UTTARAPADA	dharma mañju nāga surabhī vikrama
peśala	5	UTTARAPADA	ati ayoga praṇaya puṣpa su
peṭaka	5	UTTARAPADA	bhaṭa kapota kośa taraṇi viṭa
phalikā	5	UTTARAPADA	bahu madhu nava śaṅku śrī
pidhāna	5	UTTARAPADA	dvāra guhya khaḍga sa su
pitāmaha	5	UTTARAPADA	jyotiḥ loka pūrva ādi śuka
piṇḍā	5	UTTARAPADA	hari rāja sthala sva svādu
poṣaṇa	5	UTTARAPADA	garbha gṛha pakṣa udara yoni
pracāra	5	UTTARAPADA	dharma go kaumudī niṣ su
pradeśa	5	UTTARAPADA	gaṇḍa krīḍā niṣ pulina skandha
pradāyin	5	UTTARAPADA	agra bhaya jīvita prājāpatya prāṇa
prahārin	5	UTTARAPADA	dṛḍha randhra vyasana āgata śṛṅga
prakopa	5	UTTARAPADA	oṣṭha pakṣma pitta vāta śastra
pramāda	5	UTTARAPADA	hata lekhaka niṣ punaḥ sa
prasara	5	UTTARAPADA	labdha megha sneha suvarṇa vicchinna
prasavā	5	UTTARAPADA	kanaka mauktika prāpta vīra āsanna
prastāra	5	UTTARAPADA	khaṇḍa mantra meru rāga svara
prasūna	5	UTTARAPADA	bisa kanaka sadā śilā śrī
pratiṣṭhā-vidhi	5	UTTARAPADA	bhagavat bimba devatā pratimā ratha
pratiṣṭhāna	5	UTTARAPADA	antaḥ chandaḥ pāda satya su
pratīkāra	5	UTTARAPADA	bhaya duḥkha kṣut niṣ vaira
pravara	5	UTTARAPADA	hotṛ pakṣi putra raghu śaṅkha
pravṛddha	5	UTTARAPADA	ati coda mahā punaḥ su
prayukta	5	UTTARAPADA	duṣ mithyā phala su vidhi
prayāṇa	5	UTTARAPADA	askhalita bahiḥ indra prāṇa yajña
praṇaya	5	UTTARAPADA	ati madhu niṣ rūḍha sa
praṇidhāna	5	UTTARAPADA	devatā mahā mithyā samyak īśvara
praṇāma	5	UTTARAPADA	daṇḍa kṛta prati pāda śiraḥ
prā@nta	5	UTTARAPADA	jala karṇa nagara paṭala yauvana
prā@varaṇa	5	UTTARAPADA	cīra ku kunta kuṭṭa śiraḥ
prā@śa	5	UTTARAPADA	anna cyavana dhūma ghṛta śāmya
prī	5	UTTARAPADA	brahma ghṛta vatsa viśva yajña
purohita	5	UTTARAPADA	brahma bṛhaspati daitya deva sa
pustaka	5	UTTARAPADA	gīta prati prayoga vrata śānti
putrā	5	UTTARAPADA	apati indra kevala vṛtra śūra
putrīya	5	UTTARAPADA	paitā rāja sāvitrī vātsī śākya
puṣ	5	UTTARAPADA	kalevara kāma rasā viśva viśvā
puṣpi	5	UTTARAPADA	brāhma hiraṇya sāma vyāghra vāsa
pākī	5	UTTARAPADA	arjuna odana rakta śveta śīta
pāruṣya	5	UTTARAPADA	bandha daṇḍa dhik tvak vāk
pātaka	5	UTTARAPADA	ati garbha karma mahā virala
pāyya	5	UTTARAPADA	bahu dvi kuṇḍa nṛ pūrva
pāñcālaka	5	UTTARAPADA	ardha dakṣiṇa pūrva sarva su
pāśaka	5	UTTARAPADA	daṇḍa kaṇṭha paśu vāla vāruṇa
pītha	5	UTTARAPADA	asoma go mañca soma surā
pīḍa	5	UTTARAPADA	akṣa asahya sa tila tṛṇa
pūjya	5	UTTARAPADA	daitya deva gaṇa viśva vāsu
pūtanā	5	UTTARAPADA	ahi andha dṛṣṭi gandha śīta
pṛṣṭhaka	5	UTTARAPADA	hasti kaṭhina kūrma ratni śukla
rasana	5	UTTARAPADA	dvi dīrgha latā sneha viloma
rathyā	5	UTTARAPADA	grāma jyoti mahā vi śākhā
raśana	5	UTTARAPADA	hiraṇya nī sa samudra vāta
raṃhas	5	UTTARAPADA	ati pavana sama upātta vāta
rekha	5	UTTARAPADA	bahu sama su suvarṇa tri
rocana	5	UTTARAPADA	bhakta gharma puṣpa su viśva
roma	5	UTTARAPADA	bṛhad dīrgha jāta sa sthūla
ruta	5	UTTARAPADA	garuḍa go haṃsa śivā śyāmā
rājñī	5	UTTARAPADA	eka mahā paṭṭa sarpa sindhu
rāvin	5	UTTARAPADA	bṛhad krūra madhura mita vaha
rūḍha	5	UTTARAPADA	ardha dū su yaugika yoga
sa	5	UTTARAPADA	gautama go kiṃ kula priya
sahasra-nāma-stotra	5	UTTARAPADA	jina jānakī laghu sītā vārāhī
sajjā	5	UTTARAPADA	agni lipi raṇa vāsa vāsaka
sambaddha	5	UTTARAPADA	nyāya phala roga su tila
sambhṛta	5	UTTARAPADA	cira prāṇa puru su svayaṃ
sampuṭa	5	UTTARAPADA	bahu harṣa kṛta mallaka vacana
samṛddha	5	UTTARAPADA	rūpa sarva su tri vīdhra
samṛddhi	5	UTTARAPADA	bhāgya manaḥ rūpa su yajña
sapta-śatī	5	UTTARAPADA	bhukti laghu mohana mukti śṛṅgāra
sarja	5	UTTARAPADA	mahā nadī rajju sindhu vane
satī	5	UTTARAPADA	bhikṣuka brahma eka mahā satya
saṃbhava	5	UTTARAPADA	kamala kanda kapha karma āhāra
saṃdṛś	5	UTTARAPADA	hiraṇya piśaṅga raṇva su tveṣa
saṃgara	5	UTTARAPADA	anṛta dharma raṅga satya sthira
saṃgata	5	UTTARAPADA	ku kula para sarva vi
saṃghā@rāma	5	UTTARAPADA	bodhi haṃsa masūra nara nava
saṃjīvanī	5	UTTARAPADA	hasta kāvya manmatha mṛtyu prākṛta
saṃkṣaya	5	UTTARAPADA	bhāgya jana loka mūtra śuci
saṃkṣepa	5	UTTARAPADA	nyāya rāmāyaṇa su sāma śārīraka
saṃsad	5	UTTARAPADA	brahma deva jana rāja su
saṃskṛta	5	UTTARAPADA	ati punaḥ sneha su sādhu
saṃtāpa	5	UTTARAPADA	bhūta koṣṭha laghu manaḥ mānasa
saṃvāda	5	UTTARAPADA	prāṇa sa saha śrotra śuka
siddhā@nta-kaumudī	5	UTTARAPADA	laghu madhya svara sāra vaiyākaraṇa
spanda	5	UTTARAPADA	kara niḥ pakṣma snāyu sparśa
stana	5	UTTARAPADA	bhūyaḥ go pīna tri ūrdhva
sthalā	5	UTTARAPADA	ghṛta kratu kṛta puñjika ṛtu
sthira	5	UTTARAPADA	ati bhāva guru saṃstava su
sthāla	5	UTTARAPADA	hiraṇya kaṃsa kaṭa mahā varṣa
sthūla	5	UTTARAPADA	ati mahā muktā sthūla yathā
stoka	5	UTTARAPADA	agni ghṛta lohita madhu uda
stubh	5	UTTARAPADA	arka chandaḥ gharma vṛṣa ṛta
svayaṃvara	5	UTTARAPADA	jānakī kanyā pārvatī sundarī sītā
syanda	5	UTTARAPADA	madhu niḥ pitta sarala sudhā
sādhāraṇa	5	UTTARAPADA	ananya anya bahu puṣpa sarva
sākṣin	5	UTTARAPADA	duḥ karma loka mṛṣā uttara
sāmānya	5	UTTARAPADA	aloka mahā niḥ pitṛ sarva
sāra-samuccaya	5	UTTARAPADA	bhāgavata lakṣaṇa prayoga smṛti sāraṅgī
sāriṇī	5	UTTARAPADA	dala lagna muhūrta nyāya pāta
sāvitrī	5	UTTARAPADA	bhārata durgā go rudra sāma
sāyujya	5	UTTARAPADA	bhava brahma deva rāja śiva
sīman	5	UTTARAPADA	niḥ sa samara sthala su
sūti	5	UTTARAPADA	bahu mṛtyu ratna sa sudhā
sūtraka	5	UTTARAPADA	hasta hema kāla pārśva vṛddha
takṣa	5	UTTARAPADA	grāma kauṭa pañca tapas tri
tanmātra	5	UTTARAPADA	bhūta pañca rasa sparśa śabda
tanū	5	UTTARAPADA	atapta gharma indra sarva yajña
tapa	5	UTTARAPADA	dus ku mahā pañca su
tapasvin	5	UTTARAPADA	ati bhaṇḍa ku mahā su
taraṇa	5	UTTARAPADA	bāhu dus pratīpa su ūrdhva
tarā	5	UTTARAPADA	brāhmaṇi gīs kumāri rātri strī
tattva-prakāśikā	5	UTTARAPADA	bimba piṅgala pratyaya smara vastu
taṇḍulā	5	UTTARAPADA	balakṣa kṛṣṇa pattra tikta tīkṣṇa
tiktā	5	UTTARAPADA	bahu bṛhat kāka sarva yava
toyā	5	UTTARAPADA	indra kara sadā sravat vara
tri-rātra	5	UTTARAPADA	baida cāraka garga kusurubindu vyuṣṭi
triṃśati	5	UTTARAPADA	dvā pañca sapta trayas ṣaṭ
trāta	5	UTTARAPADA	bhava deva dharma hari su
tuṣa	5	UTTARAPADA	hiraṇya nis sa vi vāla
tya	5	TADDHITA_SUFFIX_EXT	dūre kutas kutra tatra tyatra
tyaj	5	UTTARAPADA	dhana roma su tanu tanū
tyāgin	5	UTTARAPADA	dāra guṇa mahā yajña ātma
tāpinī	5	UTTARAPADA	madhya pūrva rāma sundarī sūrya
vartaka	5	UTTARAPADA	bāhu guru kāka prā sad
vañcaka	5	UTTARAPADA	bandhu jagad viśvasta vārka ātma
vaśā	5	UTTARAPADA	ardha candra go nāga sūta
veṇu	5	UTTARAPADA	bhadra dīrgha kvaṇita piṇḍa tri
vi	5	UTTARAPADA	bahu manas nī pada rāja
vibhava	5	UTTARAPADA	gata rājya vāg yathā ātta
vibhraṃśa	5	UTTARAPADA	citta deśa manda mati yajña
vida	5	UTTARAPADA	dur dvi nai su trayī
vidheya	5	UTTARAPADA	cintā pañca strī sva vāg
vidyut	5	UTTARAPADA	sa su sva vi ṛṣṭi
vigama	5	UTTARAPADA	divasa karaṇa kheda rātri sampradāya
vihīna	5	UTTARAPADA	dṛg kāraṇa mad mṛjā vidyā
vilocana	5	UTTARAPADA	aśru eka eṇa rājīva viṣama
vinyāsa	5	UTTARAPADA	akṣara bala bhuvana hasta vākya
viraha	5	UTTARAPADA	lobha mahā prathama viveka āhāra
visarjana	5	UTTARAPADA	deha mala sakhya vrata vāg
vivarjita	5	UTTARAPADA	dāva kāma mūlya nāma vyabhicāra
viśiṣṭa	5	UTTARAPADA	mahā saṃskāra su vidyā vīrya
viśāla	5	UTTARAPADA	kriyā nāndī su tamo śrī
viṣ	5	UTTARAPADA	dhātu go jarad karṇa netra
vrata-kalpa	5	UTTARAPADA	hanumad vināyaka viṣṇu vyatipāta śiva
vratika	5	UTTARAPADA	baiḍāla baka biḍāla mahā āditya
vyadha	5	UTTARAPADA	jala karṇa sa sirā śaravya
vācaspati	5	UTTARAPADA	maithila mayūra nyāya siddhānta vāsiṣṭhika
vādana	5	UTTARAPADA	bhāṇḍa gīta nakha veṇu vīṇā
vāhaṇa	5	UTTARAPADA	garga nṛ purīṣa ratha roṣa
vāram	5	UTTARAPADA	aneka bahu eka sarva śata
vārika	5	UTTARAPADA	bhājana nāga pariṣaṇḍa pānīya utpatha
vārtta	5	UTTARAPADA	agni gala pusta sva śastra
vāruṇī	5	UTTARAPADA	bṛhad drākṣā indra mahad mahā
vāsiṣṭha	5	UTTARAPADA	aiḍa bṛhad laghu vaidhṛta yoga
vāsya	5	UTTARAPADA	amā prathama vana vāra ūrdhva
vāṇi	5	UTTARAPADA	antar para prati vāra śara
vāṇija	5	UTTARAPADA	aśva go gāndhāri kāśmīra madra
vī	5	UTTARAPADA	deva hiraṇya pada parṇa pratī
vṛdha	5	UTTARAPADA	kavi marud namo sadā su
vṛttā@nta	5	UTTARAPADA	bhuvana kārya loka prathama ātma
yajvan	5	UTTARAPADA	astṛta bahu pṛṣṭha śata śiva
yakṣa	5	UTTARAPADA	antar kaparda mahā pūrva vyāḍa
yata	5	UTTARAPADA	hasta su sva tva vāg
yatna	5	UTTARAPADA	nir sa sarva sva vyartha
yudh	5	UTTARAPADA	goṣu prā puro vṛṣā āyur
yāja	5	UTTARAPADA	ati dhārā jīva upāṃśu ṛtu
yāta	5	UTTARAPADA	cira saha svar tiryag unmārga
yātrika	5	UTTARAPADA	loka mahā prā siddha siddhi
ādhāna	5	UTTARAPADA	antar dvy nir punar samid
āgata	5	UTTARAPADA	dig dur punar svayam tiryag
āhāra	5	UTTARAPADA	kad kim laghv nir punar
āsya	5	UTTARAPADA	dvy nair pāṇy surabhy sūcy
āyata	5	UTTARAPADA	nir prāg prāṅ tiryag udag
āśaya	5	UTTARAPADA	dur hṛtsv kad nir sad
śaka	5	UTTARAPADA	avagraha aśva duḥ kanaka su
śalka	5	UTTARAPADA	hiraṇya mahā niḥ sa sthūla
śama	5	UTTARAPADA	manaḥ niḥ roga su śama
śambhu	5	UTTARAPADA	brahma kedāra mahā soma viśva
śauṇḍa	5	UTTARAPADA	akṣa dāna pāna raṇa strī
śaśin	5	UTTARAPADA	mukha paṇḍita prati rākā sama
śaṃsin	5	UTTARAPADA	agha hotrā su uktha śubha
śaṅka	5	UTTARAPADA	niḥ sa vi vīta śakya
śikhāmaṇi	5	UTTARAPADA	nyāya prayoga siddhānta vedānta yamaka
śilpin	5	UTTARAPADA	carma deva roga sura śāstra
śimbikā	5	UTTARAPADA	kṛṣṇa su śaśa śveta śūka
śleṣa	5	UTTARAPADA	antaḥ artha sa su śabda
śliṣṭa	5	UTTARAPADA	danta hetu prā prāk su
śreyasa	5	UTTARAPADA	ahaṃ nai naiḥ niḥ śvaḥ
śrit	5	UTTARAPADA	divi nabhaḥ sūrya uddhati śiraḥ
śrotra	5	UTTARAPADA	cakṣuḥ catuḥ divya ghaṭa stabdha
śrīka	5	UTTARAPADA	niḥ puṇya sa su vigata
śuc	5	UTTARAPADA	mānasa pati sa tri viśva
śuktikā	5	UTTARAPADA	irvāru kṣudra svarṇa toya śaṅkha
śulka	5	UTTARAPADA	eka kanyā kula prati vīrya
śvan	5	UTTARAPADA	araṇya mātari piśāca vana vyāghra
śṛta	5	UTTARAPADA	duḥ kṛṣṇa rātri su svayaṃ
ḍīna	5	UTTARAPADA	ati kha mahā punar tiryag
ṃ-dada	5	UTTARAPADA	abhaya dharma priya prāṇa sarva
ṃ-dadā	5	UTTARAPADA	dhana dāna lakṣmī phala pṛthivī
ṃ-kaṣa	5	UTTARAPADA	abhra haya kūla pala sarva
ṃ-tapa	5	UTTARAPADA	dviṣa jana lalāṭa para śatru
ṇidhana	5	UTTARAPADA	bahir dakṣa svar tri ṣaṇ
ṛṣabha	5	UTTARAPADA	bharata deva hasty saha vāg
ṣama	5	UTTARAPADA	duḥ su tri vi ṛk
ṣṭuta	5	UTTARAPADA	ari duḥ puru su ṛṣi
ṭara	5	UTTARAPADA	duṣ sarpiṣ vapuṣ viduṣ yajuṣ
ṭva	5	UTTARAPADA	cakṣuṣ haviṣ jyotiṣ sarpiṣ yajuṣ
abhidhāna	4	UTTARAPADA	bahv kim punar rāśy
adhika	4	UTTARAPADA	dvy vāyv ṣaḍ ṣaṣṭy
adhipa	4	UTTARAPADA	dig kṣity rāśy vāg
ambara	4	UTTARAPADA	cid dig harid nir
amitra	4	UTTARAPADA	bahv dūre nir praty
amla	4	UTTARAPADA	bṛhad catur svādv vy
anvaya	4	UTTARAPADA	apunar dur nir tad
anya	4	UTTARAPADA	bhavad dvy tad tvad
ape@kṣa	4	UTTARAPADA	nair nir tad śakty
ara	4	UTTARAPADA	praty triṃśad try ṣaḍ
argala	4	UTTARAPADA	bahir nir praty vyādhy
arha	4	UTTARAPADA	anaḍud atad bahv tad
arka	4	UTTARAPADA	bṛhad galv praty vy
avadhi	4	UTTARAPADA	etad nir tad yad
avara	4	UTTARAPADA	dvy praty try śakty
aṅgiras	4	UTTARAPADA	bhṛgv bṛhad praty viṣṇv
bandhin	4	UTTARAPADA	matsya phala rāga vātsalya
bhagna	4	UTTARAPADA	dharma dur kāṇḍa svayam
bhakṣaka	4	UTTARAPADA	bhaga gaja kaṇa vāyu
bharman	4	UTTARAPADA	ariṣṭa garbha jātū vāja
bhautika	4	UTTARAPADA	bhūta pañca pāñca sārva
bhavat	4	UTTARAPADA	atra tato tatra vīra
bhavya	4	UTTARAPADA	bhūta pāri sadā su
bhaṅgi	4	UTTARAPADA	bāhu pattra tri vi
bhaṇḍa	4	UTTARAPADA	kakub rikta viśva vādya
bhiṣaj	4	UTTARAPADA	deva su viṣa śata
bhojas	4	UTTARAPADA	puru su sṛpra viśva
bhrāj	4	UTTARAPADA	deva su sūrya viśva
bhrānti	4	UTTARAPADA	cakra citta kha mati
bhu	4	UTTARAPADA	agni mayo svayam śam
bhujā	4	UTTARAPADA	aṣṭā daśa krānti viśva
bhāraka	4	UTTARAPADA	loha palāla paṅka yoga
bhāsvara	4	UTTARAPADA	mahā parama su śukla
bhāvita	4	UTTARAPADA	mūtra su sākṣi yajña
bhāṇḍaka	4	UTTARAPADA	aśoka mṛtsnā suvarṇa vi
bhāṣa	4	UTTARAPADA	dur parasmai ubhayato ātmane
bhīruka	4	UTTARAPADA	daṃśa maraṇa su śīta
bhūbhṛt	4	UTTARAPADA	cedi hima prati siṃha
bhūṣaṇī	4	UTTARAPADA	nṛpa rāja vana yati
bodhi-sattva	4	UTTARAPADA	ati deva dhyāni śākya
brahma	4	UTTARAPADA	asura avanti ku mahā
budha	4	UTTARAPADA	dur su uṣar vi
bāhuka	4	UTTARAPADA	dvi hanumad hrasva su
bṛhat	4	UTTARAPADA	daśa kaṇva sato śyena
calana	4	UTTARAPADA	bhūmi garbha jānu kṣiti
candraka	4	UTTARAPADA	ardha barha māṇikya sa
capala	4	UTTARAPADA	kumāra mukha netra vāk
caru	4	UTTARAPADA	dugdha māṃsa sapta sarva
catuṣṭaya	4	UTTARAPADA	kṣura sādhana upāya vivāha
catvara	4	UTTARAPADA	jala pāda pāṃsu vāri
cayana	4	UTTARAPADA	agni loṣṭa pātra sāvitra
caṇḍikā	4	UTTARAPADA	cukra ku maṅgala pracaṇḍa
cchad	4	UTTARAPADA	dhāma kavi prathama tanu
cchandaka	4	UTTARAPADA	prati sarva sva vi
cchandasa	4	UTTARAPADA	deva manuṣya mādhu puruṣa
cchanna	4	UTTARAPADA	bhasma hema rāga vastra
cchavi	4	UTTARAPADA	arjuna kṛṣṇa madhūka mukha
cillī	4	UTTARAPADA	gaṅgā śunaka śva śveta
cinta	4	UTTARAPADA	niś sa samāpta vīta
cirbhiṭā	4	UTTARAPADA	karka kṣetra laghu mṛga
citika	4	UTTARAPADA	eka pañca sapta ṣaṭ
cārika	4	UTTARAPADA	bhājana brahma harita māsa
cūrṇikā	4	UTTARAPADA	bhāgavata lakṣmaṇa lekhya pānīya
cūta	4	UTTARAPADA	bāla kapi mahā vibuddha
dambha	4	UTTARAPADA	mahā sa su vīta
danti	4	UTTARAPADA	kāka rāja ubhayā ubhā
daridra	4	UTTARAPADA	mahā su sūtra vāg
datī	4	UTTARAPADA	aruṇa ayo phāla śikhara
daya	4	UTTARAPADA	nir puru sa tuccha
devya	4	UTTARAPADA	su viśva vāma śaura
dhairya	4	UTTARAPADA	antar sabhā vibhinna vyapeta
dhava	4	UTTARAPADA	dharā menā ramā strī
dhavala	4	UTTARAPADA	ati mṛṇāla sudhā udaya
dhaya	4	UTTARAPADA	khariṃ khāriṃ muṣṭi saṃsṛṣṭa
dhiti	4	UTTARAPADA	mitra nema vana vasu
dhoma	4	UTTARAPADA	purastād samid tiṣṭhad upasad
dhruva	4	UTTARAPADA	indra nai vikṣepa vyākula
dhurya	4	UTTARAPADA	dharma kula mahā ratha
dhurā	4	UTTARAPADA	akṣa bāndhava raṇa rājya
dhurīṇa	4	UTTARAPADA	dakṣiṇa eka sarva uttara
dhāraya	4	UTTARAPADA	aṃśu dharma karma uttara
dhūpaka	4	UTTARAPADA	kṛtrima su sūpa vṛkṣa
dhūta	4	UTTARAPADA	babhru kala nṛ vṛṣa
divi	4	UTTARAPADA	ahar kiki kikī manu
diśam	4	UTTARAPADA	catur prati sarvato yathā
dos	4	UTTARAPADA	bhadra catur lūna sahasra
dra	4	UTTARAPADA	kṛṣṇa madhu nai vāri
drauṇika	4	UTTARAPADA	ardha pañca vrīhi ārdha
drāvaka	4	UTTARAPADA	dhātu mahā svalpa śaṅkha
dughā	4	UTTARAPADA	dharma droṇa samrāḍ vrata
duha	4	UTTARAPADA	go kāma nabho su
durgā	4	UTTARAPADA	jaya nava raṇa vana
dvādaśa-nāma-stotra	4	UTTARAPADA	rāma sarasvatī vināyaka viṣṇu
dyū	4	UTTARAPADA	akṣa eka hiraṇya mṛga
dāruka	4	UTTARAPADA	asnigdha surabhi vara śata
dāva	4	UTTARAPADA	antar mṛga nava viśva
dāyā@da	4	UTTARAPADA	artha bandhu karma vidyā
dīpana	4	UTTARAPADA	agni anala bhairava smara
dūtikā	4	UTTARAPADA	kāma kṣetra mano śiva
dūṣi	4	UTTARAPADA	arāti kṛtyā tanū ātma
dūṣita	4	UTTARAPADA	agni doṣa mala na
dṛh	4	UTTARAPADA	apāna khaḍga prāṇa vyāna
dṛti	4	UTTARAPADA	mahā surā śuṣka śva
dṛśa	4	UTTARAPADA	bhagavad bhavā dur yuṣmā
enas	4	UTTARAPADA	bahv nir praty vy
gabhasti	4	UTTARAPADA	pūrṇa su syūma śiśira
gairika	4	UTTARAPADA	kāñcana rakta suvarṇa svarṇa
gardabha	4	UTTARAPADA	jāla jālaka pāṣāṇa śva
garga	4	UTTARAPADA	jyotir laghu paila vṛddha
gavyūti	4	UTTARAPADA	dūre paro svasti uru
gaḍa	4	UTTARAPADA	payo tṛṇa vallī vālukā
gaṅgā-dhara	4	UTTARAPADA	gīta laghu rasa vaidya
gaṇapati	4	UTTARAPADA	muhūrta svarṇa ucchiṣṭa vyāsa
gaṇi	4	UTTARAPADA	harṣa sundara vallabha vijaya
ghaṇṭikā	4	UTTARAPADA	kṣudra sūkṣma vara śaṇa
ghaṇṭī	4	UTTARAPADA	kṣudra sṛgāla vara śveta
ghaṭī	4	UTTARAPADA	kāca malla manthana maṣi
ghṛṇa	4	UTTARAPADA	nir sa vyapeta vīta
glāni	4	UTTARAPADA	mano para sāṅga ūru
gopaka	4	UTTARAPADA	bhāṇḍa cīvara hari śakra
grābha	4	UTTARAPADA	grāva hasta tuvi uda
grāmika	4	UTTARAPADA	dāśa pāra pāri sāmāna
grāsa	4	UTTARAPADA	go rāhu sarva su
guhā	4	UTTARAPADA	bahu bhūmi giri tāmra
guptaka	4	UTTARAPADA	candra kartṛ kriyā viṣṇu
guptā	4	UTTARAPADA	manasā svayaṃ ātma śata
guṇya	4	UTTARAPADA	bāhu dvai nair prā
gva	4	UTTARAPADA	atithi eta nava śata
gātra-tā	4	UTTARAPADA	mṛdu viśuddha śuci ṛju
gāḍha	4	UTTARAPADA	ati dur pada upta
gṛhaka	4	UTTARAPADA	hima saṃketa sūci śānti
hala	4	UTTARAPADA	bhikṣu daśa dur su
hana	4	UTTARAPADA	aśva mitra su yajña
haridrā	4	UTTARAPADA	amla dāru karpūra vana
harita	4	UTTARAPADA	pīta śuka śukla śāda
hasita	4	UTTARAPADA	ati aṭṭa sotprāsa sākūta
hemā@dri	4	UTTARAPADA	dāna mantra pratiṣṭhā śrāddha
hiraṇya	4	UTTARAPADA	bahu go sa su
hitā	4	UTTARAPADA	arka prāṇa viṣṇu śiṣya
hārika	4	UTTARAPADA	bhāra haraṇa prā pāri
hāsin	4	UTTARAPADA	aṭṭa cāru mogha su
hūṇa	4	UTTARAPADA	cedi hāra sita śveta
jagdha	4	UTTARAPADA	deva kṛmi śāka śārṅga
jaghana	4	UTTARAPADA	aśva bṛhaj pṛthu su
jalpa	4	UTTARAPADA	bahu citra mano su
jambhan	4	UTTARAPADA	harita soma su tṛṇa
jambuka	4	UTTARAPADA	mṛga raṇa samara āḍhaka
janana-śānti	4	UTTARAPADA	vaidhṛti vyatipāta yamala yugma
jani	4	UTTARAPADA	kāma sumaj tanū śvā
janīya	4	UTTARAPADA	mahā sa sarva viśva
jvalana	4	UTTARAPADA	antar jaṭhara vajra ūrdhva
jāra	4	UTTARAPADA	agni ahalyā brahma sa
jāyā	4	UTTARAPADA	bhrātṛ brahma vahni ācārya
jīvantī	4	UTTARAPADA	bṛhaj dīrgha hema su
jīvātu	4	UTTARAPADA	jyog mithyā punar vaiyākaraṇa
kallola	4	UTTARAPADA	graha rakta samudra vinoda
kandala	4	UTTARAPADA	hema kalaha rakta ratna
kaparda	4	UTTARAPADA	catuṣ dakṣiṇā mahā su
kapāṭa	4	UTTARAPADA	dala dvāra grahaṇī uraḥ
karkaṭikā	4	UTTARAPADA	cīna gopa kola madhu
kartṛka	4	UTTARAPADA	bhāva sa samāna svayaṃ
karuṇa	4	UTTARAPADA	asta mahā niṣ sa
karāla	4	UTTARAPADA	daṃṣṭrā kiṃ vi ṭhiṇṭhā
karṣita	4	UTTARAPADA	vṛtta vṛtti śoka śrama
kathana	4	UTTARAPADA	ardha muṣṭikā māna yukti
kathita	4	UTTARAPADA	prathama viśrambha yathā śruti
kaśā	4	UTTARAPADA	aśva carma madhu varma
kaṅgu	4	UTTARAPADA	kāka rakta sthūla śyāma
kaṇṭhā@bharaṇa	4	UTTARAPADA	kavi sabhya sarasvatī sāmudrika
kevala	4	UTTARAPADA	niṣ pralaya prāk vijñāna
kharjūrikā	4	UTTARAPADA	bhūmi madhu madhura muni
khaḍga	4	UTTARAPADA	kūṭa sa vakra vyāla
khela	4	UTTARAPADA	khañja līlā phaṇi sindhu
khyāti	4	UTTARAPADA	anyathā ku su viveka
khāda	4	UTTARAPADA	amitra asthi kulmāṣa vṛtra
khādi	4	UTTARAPADA	hiraṇya su vṛṣa śubhra
khāna	4	UTTARAPADA	khāna lāḍa mirā satya
kirāta	4	UTTARAPADA	ambu kiṃ kubja pārtha
kopana	4	UTTARAPADA	atyanta bhṛśa māruta vāta
kośaka	4	UTTARAPADA	mukti phala su udbhava
kośī	4	UTTARAPADA	arka bhoṭīya dīrgha kāṃsya
koṣṭhaka	4	UTTARAPADA	anna graha koṇa mala
krameṇa	4	UTTARAPADA	bhāgya iti prastāva yathā
krośa	4	UTTARAPADA	ardha indra karṇa pañca
krānti	4	UTTARAPADA	bhūta para parama viṣṇu
krīḍana	4	UTTARAPADA	bāla mṛgayā pāṃsu udaka
kumārikā	4	UTTARAPADA	ghṛta grāma kroñca śakra
kuntala	4	UTTARAPADA	cūrṇa jala kha salila
kuñja	4	UTTARAPADA	kāla vi śaila śrī
kuṃsa	4	UTTARAPADA	bhra bhru bhrū bhṛ
kuṃśa	4	UTTARAPADA	bhra bhru bhrū bhṛ
kuṇṭha	4	UTTARAPADA	bāhu kāla kāsa vi
kuṭumba	4	UTTARAPADA	ratha sa sarasvatī sva
kālikā	4	UTTARAPADA	dakṣiṇa gandha vajra śmaśāna
kāntāra	4	UTTARAPADA	ambu bhava jala saṃsāra
kāpālika	4	UTTARAPADA	caṇḍa khaṇḍa māyā ṣaṇḍa
kāyika	4	UTTARAPADA	mahā māra nīla tuṣita
kāśikā	4	UTTARAPADA	nyāya tīrtha vārttika śrāddha
kāṇḍā	4	UTTARAPADA	lomaśa rakta śveta śyāma
kāṣṭhikā	4	UTTARAPADA	carma khara vana varuṇa
kīra	4	UTTARAPADA	kamala paṅka rāja vāk
kīṭaka	4	UTTARAPADA	ghuṇa kaṭu kuṭila śūka
kūpikā	4	UTTARAPADA	dugdha smara tunda varṇa
kūṭaka	4	UTTARAPADA	akṣi grāma kāla vindhya
kṛtin	4	UTTARAPADA	nai su svayaṃ śīt
kṛṣṇala	4	UTTARAPADA	hiraṇya pañca yugma śata
kṣura	4	UTTARAPADA	go kṣudra puṃ tri
labhya	4	UTTARAPADA	daur kaṣṭa prāṃśu su
lalāma	4	UTTARAPADA	candra dhūmra gaura kṛṣṇa
lomaśa	4	UTTARAPADA	ati haṃsa su tapta
madhye	4	UTTARAPADA	pathi sabhā vyoma yan
madhyā	4	UTTARAPADA	druta hari madhya mṛdu
mahiṣa	4	UTTARAPADA	aśva nīla pañca prati
mahā-devī	4	UTTARAPADA	loka rudra vijaya śrī
mahī	4	UTTARAPADA	kāla maru sarva vi
manmatha	4	UTTARAPADA	jāta manmatha rati sevita
manorama	4	UTTARAPADA	mithyā sarva siddha su
manoratha	4	UTTARAPADA	anadhigata bhagna kṛta samāgama
manu	4	UTTARAPADA	bṛhan kālī mālā vṛddha
mardala	4	UTTARAPADA	guru tāla vijaya vīra
marica	4	UTTARAPADA	sita sthūla tikta śveta
marman	4	UTTARAPADA	antar bhinna snāyu śiro
marut	4	UTTARAPADA	jhañjhā latā malaya sūrya
marṣaṇa	4	UTTARAPADA	agha dur su īṣan
mattaka	4	UTTARAPADA	mada mṛga mṛta sadā
mañjari	4	UTTARAPADA	chando khara vinoda śāli
mañjarikā	4	UTTARAPADA	dvādaśa kaṭu puṣpa rāga
maṇas	4	UTTARAPADA	ara nṛ vṛṣa śrī
maṇḍalikā	4	UTTARAPADA	gaja ghṛta sura svara
medhika	4	UTTARAPADA	aśva paitṛ pauruṣa sārva
medinī	4	UTTARAPADA	cakra suvarṇa viśva yuddha
melaka	4	UTTARAPADA	cakra grāha kṣāra naṭaka
mitri	4	UTTARAPADA	daiva daur dvai dāsa
mlāna	4	UTTARAPADA	palita svayam vi ādhi
modinī	4	UTTARAPADA	megha moda vidvan vṛṣā
muca	4	UTTARAPADA	dāru na nakha raśmi
mukhyā	4	UTTARAPADA	go guṇa phala priya
muktā@vali	4	UTTARAPADA	madhva manu rasa sūkti
muṣka	4	UTTARAPADA	kumbha sahasra srasta ṛju
mādana	4	UTTARAPADA	deva gandha indra nṛ
māgadhaka	4	UTTARAPADA	ardha pūrva sarva su
māli	4	UTTARAPADA	ketu su veda yajña
mālya	4	UTTARAPADA	gandha kali nir su
mālā-mantra	4	UTTARAPADA	hanuman reṇukā saubhāgya śarabha
mālī	4	UTTARAPADA	kāca nava nir taila
mārjana	4	UTTARAPADA	keśa mukha sukha vapā
mās	4	UTTARAPADA	garbha puṣpa pūrṇa sūti
mātaṅga	4	UTTARAPADA	abhra daṇḍa diṅ jala
māyu	4	UTTARAPADA	aja dur go ūrdhva
māṇava	4	UTTARAPADA	ardha bhikṣā daṇḍa svapna
māṇikya	4	UTTARAPADA	garuḍa jina raṅga vīra
māṣā	4	UTTARAPADA	haṃsa hema māṃsa ārdra
mūlika	4	UTTARAPADA	dāśa pāñca vindhya vṛkṣa
mūrdha	4	UTTARAPADA	dvi sahasra tri yūpa
mūrkha	4	UTTARAPADA	gaṇḍa hata mahā pratiniviṣṭa
mūṣaka	4	UTTARAPADA	mahā mārjāra nir sarva
mṛd	4	UTTARAPADA	giri kṛṣṇa pāṇḍu śveta
mṛttika	4	UTTARAPADA	kṛṣṇa pāṇḍu pūti udaṅ
nadikā	4	UTTARAPADA	giri gṛha ku kuru
nakhī	4	UTTARAPADA	bṛhan dhvāṅkṣa gṛdhra śūrpa
nare@ndra	4	UTTARAPADA	bhoja dur ku mahā
nas	4	UTTARAPADA	ahi aviddha śiti ṛjū
nava	4	UTTARAPADA	nava paunar prati punar
nava-ratna	4	UTTARAPADA	devī ramala vikrama śyāmalā
navanīta	4	UTTARAPADA	rahasya riṣṭa sa samudra
nibha	4	UTTARAPADA	candra eka piśita svarṇa
nindaka	4	UTTARAPADA	brāhmaṇa deva rāja veda
nirgama	4	UTTARAPADA	guda jala madhu sindūra
nirvāṇa	4	UTTARAPADA	brahma mahā para saṃkleśa
niryāsaka	4	UTTARAPADA	nīla puṣpa rakta sarja
nitambā	4	UTTARAPADA	pīna sphīta vikaṭa śrī
nivasana	4	UTTARAPADA	cīra cīvara kaṭī paṭṭa
nivāraṇa	4	UTTARAPADA	astra jyā prasaṅga ātapa
niśa	4	UTTARAPADA	ahar dyu prage śva
niṣadana	4	UTTARAPADA	hasti krauñca sopāśraya uṣṭra
nyasta	4	UTTARAPADA	citra dur su upari
nālā	4	UTTARAPADA	dhvani nābhi tūla śīrṇa
nālī	4	UTTARAPADA	aśru gandha tūla yāma
nāma-mālā	4	UTTARAPADA	deśī gaṇita pramāṇa urvaśī
nāmadheya	4	UTTARAPADA	gṛhīta kiṃ puṃ su
nāmika	4	UTTARAPADA	māhā nāma sārva tan
nāmā@valī	4	UTTARAPADA	bhairava devī oṣadhi śiva
nāpita	4	UTTARAPADA	grāma pāpa rāja ūrdhva
nārāśaṃsa	4	UTTARAPADA	dvi sa sakṛn vi
nāśā	4	UTTARAPADA	bāṇa dharma karma śuka
nīlaka	4	UTTARAPADA	haṃsa kaṇṭha su vi
nīrājana	4	UTTARAPADA	bhāratī jaya pañca viṣṇu
pada-mañjarī	4	UTTARAPADA	paryāya saṃnyāsa vaiyākaraṇa śabda
pada-vṛtti	4	UTTARAPADA	pañcāla prācya udgrāha viṣama
padam	4	UTTARAPADA	antaḥ calat eka yathā
padika	4	UTTARAPADA	dvai paurva prāti pūrva
pakṣman	4	UTTARAPADA	akṣi kuṭila nīla su
palita	4	UTTARAPADA	tvak valī vṛthā yuva
palvala	4	UTTARAPADA	kaṭa keli mīmāṃsā paśu
panasa	4	UTTARAPADA	amla kṣudra latā prācīna
parama	4	UTTARAPADA	mat parama sahasra viśvāsa
paribhraṣṭa	4	UTTARAPADA	rājya sāvitrī upacāra yūtha
parivarta	4	UTTARAPADA	kāśyapa rāja svara tri
parvā	4	UTTARAPADA	rohat rohit sahasra su
paryanta	4	UTTARAPADA	netra niṣ samudra sāgara
parāyaṇa	4	UTTARAPADA	daṇḍa jagat japa tat
parāśara	4	UTTARAPADA	bṛhat jyotiḥ laghu vṛddha
parī@kṣaṇa	4	UTTARAPADA	nitya pratyakṣa su sākṣi
parṇā	4	UTTARAPADA	bhadra eka sūkṣma vidyut
patnīka	4	UTTARAPADA	bahu dvi eka saha
pavi	4	UTTARAPADA	kṛṣṇa kṣura su ārdra
pañca-mūla	4	UTTARAPADA	dvi laghu mahā tṛṇa
pañcikā	4	UTTARAPADA	brāhmaṇa soma tṛṇa vi
pañcāla	4	UTTARAPADA	apara dakṣiṇa kuru pūrva
piccha	4	UTTARAPADA	citra mayūra nīla śikhi
piś	4	UTTARAPADA	su sva viśva śukra
piśācī	4	UTTARAPADA	dhana karṇa strī āyudha
piṅga	4	UTTARAPADA	chāyā eka hari śveta
piṇḍītaka	4	UTTARAPADA	kṛṣṇa mahā snigdha śveta
potaka	4	UTTARAPADA	caṇḍa gṛha kalaśa mṛga
poṣaka	4	UTTARAPADA	aśva mayūra rāyas śva
pragraha	4	UTTARAPADA	prāñjali sāyudha tulā vimukta
prajā	4	UTTARAPADA	jahnu mṛta nṛ vṛthā
prakampa	4	UTTARAPADA	bhū duṣ mahī niṣ
prakāśaka	4	UTTARAPADA	bhāva loka para prāpta
prakṛtika	4	UTTARAPADA	brahma krūra miśra sa
pralāpin	4	UTTARAPADA	anibaddha bahu madhura viśrabdha
pramukha	4	UTTARAPADA	gaṇa prīti sāmātya vasiṣṭha
prapatana	4	UTTARAPADA	aśva haṃsa maru vidyut
prasiddha	4	UTTARAPADA	ati jagat loka su
prastara	4	UTTARAPADA	agni hṛdaya prāsāda śāri
prasāra	4	UTTARAPADA	bāhu caraṇa keśa sva
pratibandha	4	UTTARAPADA	niṣ sa sthira varṣa
pratikriyā	4	UTTARAPADA	manyu ruk vaira vighna
pratikṛti	4	UTTARAPADA	citra deva ātma śilā
pratiṣṭhita	4	UTTARAPADA	antaḥ su tri ākāśa
praśasti	4	UTTARAPADA	chanda chandaḥ khaṇḍa vijaya
praṇetṛ	4	UTTARAPADA	bhuvana ratha rāsa senā
praṇāda	4	UTTARAPADA	mahā siṃha sukha śaṅkha
praṇī	4	UTTARAPADA	dina hita tithi śuci
praṇīta	4	UTTARAPADA	aśva duṣ manaḥ manu
prut	4	UTTARAPADA	antarikṣa kṛṣṇa uda upari
prādur-bhāva	4	UTTARAPADA	matsya vāmana śaṃkara śiva
pucchikā	4	UTTARAPADA	haya kroṣṭu kroṣṭuka siṃha
pucchī	4	UTTARAPADA	bhalla dugdha kroṣṭu siṃha
puraka	4	UTTARAPADA	brahma go kāñcī siṃha
puṅkhā	4	UTTARAPADA	bāṇa kāṇḍa sita śveta
pācana	4	UTTARAPADA	badara badarī dugdha nīla
pādukā	4	UTTARAPADA	carma mīmāṃsā suta yoga
pādya	4	UTTARAPADA	adhyardha aṣṭā dvi piṇḍa
pādī	4	UTTARAPADA	daśa sūkara tāmra śata
pājas	4	UTTARAPADA	acitta acyuta pṛthu sahasra
pālin	4	UTTARAPADA	bṛhat gandha kula pūrva
pātrī	4	UTTARAPADA	aṅgāra iḍā kāṃsya piṣṭa
pātṛ	4	UTTARAPADA	nṛ stana vasu viśva
pāṃsula	4	UTTARAPADA	daṇḍa kula vana vi
pāṇin	4	UTTARAPADA	cakra vajra śāstra śūla
pāṇḍu	4	UTTARAPADA	harita puṣpa vi īṣat
pāṭa	4	UTTARAPADA	akṣa meda meha tri
pīṭhikā	4	UTTARAPADA	maṇḍa pāda pūrva rajju
pūjaka	4	UTTARAPADA	deva pūjita īśvara śakti
pūram	4	UTTARAPADA	carma sruva udara ūrdhva
pūrvin	4	UTTARAPADA	bhukta daśa kṛta strī
pūrvā	4	UTTARAPADA	ananya anya para virāṭ
rabhasa	4	UTTARAPADA	ati baddha go sa
racana	4	UTTARAPADA	artha muhūrta puṣpa śayana
rambhā	4	UTTARAPADA	kanaka pīta suvarṇa svarṇa
rathi	4	UTTARAPADA	bārhad dāśa satya sātya
ratna-kośa	4	UTTARAPADA	nāṭaka pāṭhya saṃkhyā svara
ratna-mālikā	4	UTTARAPADA	kula lakṣaṇa prayoga saptati
ratnaka	4	UTTARAPADA	nīla pīta ravi sarva
raṅgā	4	UTTARAPADA	dīrgha dṛḍha sthira vastra
repha	4	UTTARAPADA	citra dvi sa vi
rocanā	4	UTTARAPADA	go mṛga vaṃśa yoga
ruṣ	4	UTTARAPADA	acyuta ati sa ugra
rādha	4	UTTARAPADA	aryama dū jñāna pratī
rāghavīya	4	UTTARAPADA	bhārgava bāla yādava śrī
rājika	4	UTTARAPADA	mahā māhā vrīhi ṣoḍaśa
rājikā	4	UTTARAPADA	dharma soma su ulapa
rātram	4	UTTARAPADA	abhito divā dīrgha prati
sac	4	UTTARAPADA	apatya ayajña dhāma yajña
sadya	4	UTTARAPADA	adma antarikṣa sattra upari
sainya	4	UTTARAPADA	patti sa sva vīra
sakthi	4	UTTARAPADA	duḥ lomaśa stabdha su
sambhūta	4	UTTARAPADA	kṣetra nāga sva śaila
sambādha	4	UTTARAPADA	jana kṣut niḥ śara
samiti	4	UTTARAPADA	bhāṣā sura utsarga ādāna
samīpa	4	UTTARAPADA	ati bhasma etat su
sapta	4	UTTARAPADA	pañca tri triḥ ṣaṭ
saptaka	4	UTTARAPADA	sa saparyā sapta tri
saraṇi	4	UTTARAPADA	niḥ prayoga saṃsāra setu
sarpis	4	UTTARAPADA	kumbha kṣīra madhu saindhava
sarva	4	UTTARAPADA	ati jagat su sva
saṃcara	4	UTTARAPADA	dakṣiṇā divā durga mūrti
saṃcārin	4	UTTARAPADA	bhūta sparśa sukha śīghra
saṃhṛṣṭa	4	UTTARAPADA	bhṛśa nitya parama su
saṃjñaka	4	UTTARAPADA	naṭa para ravi vahni
saṃkrama	4	UTTARAPADA	nau svara svarga sūrya
saṃkramaṇa	4	UTTARAPADA	darvī garbha jīva makara
saṃnahana	4	UTTARAPADA	asthi idhma patnī sarva
saṃnāha	4	UTTARAPADA	kṛta lipi sarva vi
saṃvaraṇa	4	UTTARAPADA	mantra sasya veṇī yoni
saṃvid	4	UTTARAPADA	na sa sthita sva
saṃvṛddha	4	UTTARAPADA	cira jāta su sukha
saṃvṛtti	4	UTTARAPADA	adhyayana ghana loka su
saṃyama	4	UTTARAPADA	indriya prāṇa vāk ātma
secana	4	UTTARAPADA	tūla udaka viṣa vṛkṣa
seka	4	UTTARAPADA	jala retaḥ sudhā varṣma
seni	4	UTTARAPADA	bhaima sārva tīrtha śālva
sevita	4	UTTARAPADA	muni siddha su ugra
sevya	4	UTTARAPADA	duḥ su sukha ṛtu
sic	4	UTTARAPADA	retaḥ su sva śirasi
siddhānta	4	UTTARAPADA	abhyupagama adhikaraṇa kalpa kandarpa
sita	4	UTTARAPADA	bhūti sa su sudhā
sitā	4	UTTARAPADA	dāru mahā puṣpa tri
siṃhī	4	UTTARAPADA	mātṛ sita vaidya śveta
snāyin	4	UTTARAPADA	nitya prātaḥ sakṛt tila
snāyu	4	UTTARAPADA	alpa cora mahā taskara
so@dara	4	UTTARAPADA	amṛta arka bhṛṅga kālindī
sopāna	4	UTTARAPADA	maṇi mukti siddha siddhi
spardhā	4	UTTARAPADA	anyonya sapatnī sapta vi
sphoṭā	4	UTTARAPADA	karṇa muktā nāga śruti
srakti	4	UTTARAPADA	catuḥ dik dvi nava
srava	4	UTTARAPADA	lālā madhu vapuḥ vāja
sravas	4	UTTARAPADA	madhu rāja satya vāja
sravaṇa	4	UTTARAPADA	aśva plakṣa prā āsya
srut	4	UTTARAPADA	amṛta hima moca sa
srāvin	4	UTTARAPADA	asṛk garbha lālā mada
stabaka	4	UTTARAPADA	kusuma mīmāṃsā śrāddha śṛṅgāra
stambhana	4	UTTARAPADA	agni diva jala rambhā
sthavira	4	UTTARAPADA	dharma mahā sthavira ārya
stheya	4	UTTARAPADA	duḥ madhyama su uccaiḥ
sthānaka	4	UTTARAPADA	go patākā vaila vaiṣṇava
subhaga	4	UTTARAPADA	garbha karṇa prakṛti śravaṇa
subodhinī	4	UTTARAPADA	dharma manda svara sādhana
sudhā-nidhi	4	UTTARAPADA	citra rasa rādhā yoga
sugandha	4	UTTARAPADA	sa su tri tvak
suparṇa	4	UTTARAPADA	indra mahā sa tri
surata	4	UTTARAPADA	caurya caurī dīrgha vara
sutyā	4	UTTARAPADA	adya sadyaḥ soma śvaḥ
svarita	4	UTTARAPADA	anta madhya sarva ādi
svāpa	4	UTTARAPADA	divā indriya su sukha
sā@hva	4	UTTARAPADA	indra iṣu viśva yava
sādhu	4	UTTARAPADA	mahā sarva su udaka
sādi	4	UTTARAPADA	go puṣkara sa uṣṭra
sākṣika	4	UTTARAPADA	agni eka loka rāja
sāraṅga	4	UTTARAPADA	kṛṣṇa lohita loka sarva
sārivā	4	UTTARAPADA	candana kāṣṭha kṛṣṇa utpala
sāvarṇa	4	UTTARAPADA	brahma dakṣa meru sa
sīta	4	UTTARAPADA	catuḥ kṛṣṇa sa sahasra
sūcī	4	UTTARAPADA	agra roma sāhitya vajra
sūkta	4	UTTARAPADA	akṣa devī oṣadhī āditya
sūtra-vṛtti	4	UTTARAPADA	laghu pākṣika pāṇini vāmana
sṛj	4	UTTARAPADA	bhūti brahma prajā viśva
sṛt	4	UTTARAPADA	sva viśva vāja āji
tamaska	4	UTTARAPADA	nis rajas sa vi
taraṇī	4	UTTARAPADA	durga rāja rāma saṃsāra
tattva-nirūpaṇa	4	UTTARAPADA	prakṛti prema samāsa saṃśaya
taṭinī	4	UTTARAPADA	amara kaṇṭha vibudha śṛṅgāra
tinduka	4	UTTARAPADA	kāka kāla markaṭa viṣa
tokā	4	UTTARAPADA	jāta jīva jīvat manas
toṣa	4	UTTARAPADA	dus parī su āśu
toṣaṇa	4	UTTARAPADA	hari priya rāma su
toṣiṇī	4	UTTARAPADA	prāṇa vaiṣṇava vidagdha viṣṇu
tritaya	4	UTTARAPADA	guṇa jagat kāla kṣāra
tulā	4	UTTARAPADA	hasta kūṭa sama saṃgrāma
turaga	4	UTTARAPADA	bhadra hari jala sita
tāntava	4	UTTARAPADA	kārpāsa nava nis śaṇa
tātparya-saṃgraha	4	UTTARAPADA	bhārata prauḍha rāmāyaṇa śaiva
udaka	4	UTTARAPADA	nir nāvy vy śānty
upā@ya	4	UTTARAPADA	dur nir rātry vṛtty
vadanā	4	UTTARAPADA	candra vidhu śaśi śaśāṅka
vaidika	4	UTTARAPADA	sa svara sāma sārva
vaijayantī	4	UTTARAPADA	kari prayoga siddhānta yajamāna
vaiyākaraṇa	4	UTTARAPADA	abhinava carama kevala prathama
vajraka	4	UTTARAPADA	dvi granthi ku mahā
vajrā	4	UTTARAPADA	gandha rūpa upendra śabda
vapra	4	UTTARAPADA	hastaka kāñcana nadī rodho
varatra	4	UTTARAPADA	dairgha su yauga yuga
vargya	4	UTTARAPADA	mad pāra sva vāsudeva
varjam	4	UTTARAPADA	mantra ukta śroṇi śūdra
varpas	4	UTTARAPADA	bhūri ghora hari puru
vartana	4	UTTARAPADA	loka mahā rajju śīrṣa
varā	4	UTTARAPADA	kṣatriya mahā pṛṣad sarid
varṇā	4	UTTARAPADA	kula sammita utpala vidyud
varṣaṇa	4	UTTARAPADA	apātra bāṇa sadyo sama
vatsara	4	UTTARAPADA	cāndra idā prati śaka
vayasa	4	UTTARAPADA	pūrva sa uttama uttara
vaśāt	4	UTTARAPADA	bhāgya prasaṅga vidhi vivakṣā
vaṭī	4	UTTARAPADA	dugdha madhu mārga rakta
vedam	4	UTTARAPADA	brāhmaṇa prati yathā yāvad
vedhana	4	UTTARAPADA	dṛḍha kṛta matsya sirā
vedya	4	UTTARAPADA	nai pāri sparśa sārva
vela	4	UTTARAPADA	abhinna mahā su śīla
vepas	4	UTTARAPADA	gabhīra gambhīra gāyatra puru
vetana	4	UTTARAPADA	gṛhīta kṛta nir ubhaya
vetāla	4	UTTARAPADA	agni loma sa śmaśāna
veṣin	4	UTTARAPADA	chadma sarva su vikṛta
vibhakti	4	UTTARAPADA	asarva eka kāla svara
vibhaktika	4	UTTARAPADA	sa sārva vi āpta
vibhāṣā	4	UTTARAPADA	aprāpta mahā prāpta vyavasthita
vibhūti	4	UTTARAPADA	mahā rājya sarva vīrya
viccheda	4	UTTARAPADA	gṛha pada pāṭha sad
vighāta	4	UTTARAPADA	danta praṇaya vighna viḍ
vihaṃga	4	UTTARAPADA	grāhaka nir sa sthala
vihaṃgama	4	UTTARAPADA	candra jala rāja sthala
vijayin	4	UTTARAPADA	samara samyag viśva śvo
vikala	4	UTTARAPADA	kala kalā pakṣa śoka
vikriyā	4	UTTARAPADA	bhrū bhūta roma varṇa
vikrānta	4	UTTARAPADA	bhīma kṣīṇa siṃha su
vimocana	4	UTTARAPADA	agni dur ratha śāpa
vimāna	4	UTTARAPADA	nau puṣpaka vedi yantra
vinimaya	4	UTTARAPADA	kārya sadṛśa sampad vastu
vināyaka	4	UTTARAPADA	bhūta loka siddhi vighna
vinīta	4	UTTARAPADA	dur nisarga su āpad
vismaya	4	UTTARAPADA	kṛta sa su āgata
vista	4	UTTARAPADA	bahu dvi kuru tri
vistāra	4	UTTARAPADA	grantha loka prakāma udara
vivecana	4	UTTARAPADA	dharma dur guṇa vṛtta
viśa	4	UTTARAPADA	asura dur manuṣya vi
viśva	4	UTTARAPADA	prati priya sarva viśva
viṣṭara	4	UTTARAPADA	muni puṣkara sa siṃha
viṣṭhā	4	UTTARAPADA	go mukha vāji śva
vyacas	4	UTTARAPADA	deva samudra uru viśva
vyakti	4	UTTARAPADA	artha maga sneha vacana
vyatikara	4	UTTARAPADA	anyonya dṛṣṭa toya vārttā
vyavahārin	4	UTTARAPADA	asad asadṛśa kūṭa samudra
vyāja	4	UTTARAPADA	māndya nir ruta sa
vācana	4	UTTARAPADA	brāhmaṇa svasti vipra śānti
vācika	4	UTTARAPADA	daṇḍa dur paunar tri
vānta	4	UTTARAPADA	dur samyag su svayaṃ
vāpin	4	UTTARAPADA	bīja māṣa vrīhi śakra
vāstuka	4	UTTARAPADA	araṇya kāṣṭha su sṛgāla
vātsalya	4	UTTARAPADA	bhṛtya janma kharī svāmi
vīvadha	4	UTTARAPADA	sa uda udaka vi
vṛntā	4	UTTARAPADA	kāma kṛṣṇa rakta sṛgāla
vṛṣaṇa	4	UTTARAPADA	go meṣa sa tīkṣṇa
yaśasa	4	UTTARAPADA	deva manuṣya yajña śrī
yodhana	4	UTTARAPADA	daur dur prāṇi su
yopana	4	UTTARAPADA	jana jīvita pada śapatha
yugala	4	UTTARAPADA	hasta haṃsī vastra vi
yugma	4	UTTARAPADA	nṛ tri vastra śroṇi
yājyā	4	UTTARAPADA	ghṛta prasthita soma ṛtu
yājñavalkya	4	UTTARAPADA	bṛhad vṛddha yoga yogi
yāmala-tantra	4	UTTARAPADA	devī graha skanda viṣṇu
yāṇa	4	UTTARAPADA	nara pitṛ pūr svarga
āhva	4	UTTARAPADA	dadhy sūcy yaṣṭy śry
ājīva	4	UTTARAPADA	hasty samyag stry vṛddhy
ākhya	4	UTTARAPADA	kad kim nīcair pum
āpa	4	UTTARAPADA	dur dvir mana sad
ātmya	4	UTTARAPADA	daur etad nair praty
āvarta	4	UTTARAPADA	bhiṣaj dur hṛd punar
āvāsa	4	UTTARAPADA	etāvad madhv mahad yāvad
āyus	4	UTTARAPADA	go jagad kim yāvad
āśa	4	UTTARAPADA	dur nir prātar sāyam
āśin	4	UTTARAPADA	bahv laghv madhv praty
āśir	4	UTTARAPADA	dadhy dur gav try
āśis	4	UTTARAPADA	dur nir pratyag sad
īṣa	4	UTTARAPADA	adha nir prāṅ udaṅ
śa	4	UTTARAPADA	giri sthaṇḍila vāri vṛkṣa
śabala	4	UTTARAPADA	kṛṣṇa lohita sāraṅga śyāma
śakṛt	4	UTTARAPADA	aśva bhinna go mūtra
śalāka	4	UTTARAPADA	mṛṣṭa niḥ sapta śata
śarkara	4	UTTARAPADA	niḥ sa sama śata
śarāva	4	UTTARAPADA	catuḥ pañca uda vrīhi
śarīrin	4	UTTARAPADA	dama eka tri yoga
śasya	4	UTTARAPADA	jāti pañca sa yava
śayya	4	UTTARAPADA	adri bhūmī gātra samāna
śaṭha	4	UTTARAPADA	danta krama mahā su
śikhaṇḍin	4	UTTARAPADA	citra gṛha sa vana
śiraska	4	UTTARAPADA	dvi prāk sūkṣma vi
śiñjinī	4	UTTARAPADA	cara doḥ krānti kṣiti
ślokī	4	UTTARAPADA	daśa pañca sapta śata
śobhin	4	UTTARAPADA	aya smita āhava āji
śoṇa	4	UTTARAPADA	dadhi gaṅgā mahā su
śravasa	4	UTTARAPADA	dairgha prāti sāma uccaiḥ
śrotas	4	UTTARAPADA	prati pratyak prāk sapta
śrotriya	4	UTTARAPADA	dāsī kaṭha mahā mantri
śubha	4	UTTARAPADA	anna apramāṇa na su
śuśrūṣā	4	UTTARAPADA	agni caraṇa guru śarīra
śuṇḍī	4	UTTARAPADA	gala kaṇṭha nāga nāma
śvaśura	4	UTTARAPADA	bhrātṛ kumārī śaṃkara śvaśrū
śālaka	4	UTTARAPADA	catuḥ priya pīta tri
śālūka	4	UTTARAPADA	bisa gala kaṇṭha viṣa
śāpa	4	UTTARAPADA	dakṣa vara vi vimukta
śāsa	4	UTTARAPADA	chinna duḥ parī sarva
śātana	4	UTTARAPADA	garbha loma palāśa roma
śāva	4	UTTARAPADA	aśva kāka mṛga siṃha
śāvaka	4	UTTARAPADA	kari muni mṛga pakṣi
śīlin	4	UTTARAPADA	sama satya utthāna vṛddha
śṛṅkhala	4	UTTARAPADA	kandarpa loha vi viṣṇu
ḍhakkā	4	UTTARAPADA	bṛhaḍ daṇḍa gaja jaya
ṃ-dama	4	UTTARAPADA	ari bali sarva śatru
ṃ-gata	4	UTTARAPADA	avani pūrva vaśa śaraṇa
ṃ-kāra	4	UTTARAPADA	astu bhakṣa priya satya
ṃ-saha	4	UTTARAPADA	jana sarva sārva śatru
ṛkṣa	4	UTTARAPADA	sa vana viṣṇu ṣaḍ
ṛtu	4	UTTARAPADA	eka hima praty ṣaḍ
ṣaṃdhi	4	UTTARAPADA	dvi niḥ su tri
ṣaṣṭha	4	UTTARAPADA	ardha arvāk manaḥ mātṛ
ṣaṭka	4	UTTARAPADA	dāru nava pūrva utpala
ṣvasṛ	4	UTTARAPADA	mātuḥ mātṛ pituḥ pitṛ
ṣṭhira	4	UTTARAPADA	gavi jātū yudhi ṛbhu
ṭas	4	UTTARAPADA	cakṣuṣ haviṣ sarpiṣ yajuṣ
abhāva	3	UTTARAPADA	maṣy prāg vastv
adhikaraṇa	3	UTTARAPADA	kim smṛty vy
adhipati	3	UTTARAPADA	sarid try viṃśaty
adhva	3	UTTARAPADA	dur nir vy
adhvan	3	UTTARAPADA	kad triy vy
adhyakṣa	3	UTTARAPADA	dṛg hasty stry
amara	3	UTTARAPADA	bṛhad hary laghv
anantara	3	UTTARAPADA	bhūmy praty tad
antika	3	UTTARAPADA	praty prāty pāry
anūka	3	UTTARAPADA	prāg purastād tiryag
apavarga	3	UTTARAPADA	paścād pratyag prātar
apavāda	3	UTTARAPADA	dur nir purastād
ape@ta	3	UTTARAPADA	cakṣur smṛty vāg
apā@ya	3	UTTARAPADA	bahv nir praty
artha-sāra	3	UTTARAPADA	manv smṛty ṛg
atikrama	3	UTTARAPADA	dur svar viṣṇv
atyaya	3	UTTARAPADA	dur nir prāvṛḍ
avadhāraṇa	3	UTTARAPADA	dur hetv vy
avagraha	3	UTTARAPADA	dur mṛdv nir
avayava	3	UTTARAPADA	antar nir praty
añjana	3	UTTARAPADA	nir sad try
aśra	3	UTTARAPADA	catur try ṣaḍ
aśri	3	UTTARAPADA	catur trir ṣaḍ
aṃsa	3	UTTARAPADA	praty vy śity
aṃśu	3	UTTARAPADA	nir praty sumad
aṅguli	3	UTTARAPADA	nir viṃśaty ṣaḍ
bahu	3	UTTARAPADA	ati su tad
balam	3	UTTARAPADA	ayathā yathā yāvad
balāka	3	UTTARAPADA	puro vi śata
bandhanā	3	UTTARAPADA	cakra skandha śīrṣa
bandhinī	3	UTTARAPADA	dṛḍha gaja mṛga
baṭu	3	UTTARAPADA	darbha māyā naṭa
baṭuka	3	UTTARAPADA	duṣṭa puṣpa śuddha
bhairavī	3	UTTARAPADA	caitanya rudra śmaśāna
bhaktika	3	UTTARAPADA	nitya paurva uttara
bhaktā	3	UTTARAPADA	arka takra āditya
bhakṣikā	3	UTTARAPADA	ikṣu pūrva uṣṭra
bharata	3	UTTARAPADA	jaḍa nandi yadu
bhastrā	3	UTTARAPADA	hema mātrā tanu
bhavānī	3	UTTARAPADA	caura tulā ādi
bhañjaka	3	UTTARAPADA	bāla kara stambha
bhaṅgī	3	UTTARAPADA	mukha pattra tri
bheda-tantra	3	UTTARAPADA	hṛd mātṛ mātṛkā
bhikṣa	3	UTTARAPADA	daur dur su
bhogīna	3	UTTARAPADA	rāja su ācārya
bhogīṇa	3	UTTARAPADA	mātṛ pitṛ sarva
bhrami	3	UTTARAPADA	cakra saṃvatsara svayam
bhuva	3	UTTARAPADA	bhūr mayo svayam
bhāga-hara	3	UTTARAPADA	bhinna ubhayato ūrdhva
bhāgavata-purāṇa	3	UTTARAPADA	bhagavatī devī viṣṇu
bhāratī	3	UTTARAPADA	dvaya hari sarasa
bhārika	3	UTTARAPADA	aṃsa vāṃśa śīrṣe
bhārin	3	UTTARAPADA	bhāra māla rājju
bhāva-prakāśikā	3	UTTARAPADA	muni mūla śruta
bhāvinī	3	UTTARAPADA	aniruddha hari tila
bhū-bhṛt	3	UTTARAPADA	kula malaya pūrva
bhūmi-jā	3	UTTARAPADA	brahma kṛṣṇa kṛṣṭa
bhūpati	3	UTTARAPADA	pravara vīra śiśu
bhṛtaka	3	UTTARAPADA	adhama bhoga madhyama
bhṛṅga	3	UTTARAPADA	mahā pañca rāja
bhṛṣṭa	3	UTTARAPADA	ghṛta tila āma
bilvaka	3	UTTARAPADA	kuru vane śāka
biḍāla	3	UTTARAPADA	bhikṣā jala vana
bodhana	3	UTTARAPADA	dhvani indriya sukha
bradhna	3	UTTARAPADA	ahi krauñca śata
brahmacārin	3	UTTARAPADA	kumāra sa vyasana
brahmo@paniṣad	3	UTTARAPADA	kevala pañca pāśupata
budbuda	3	UTTARAPADA	jala nayana viśva
bādhā	3	UTTARAPADA	bhramara madana piśāca
bāheya	3	UTTARAPADA	bhādra hairaṇya mādra
bālikā	3	UTTARAPADA	ikṣu jana kula
bārhata	3	UTTARAPADA	gāyatra kākubha mahā
bṛhaspati	3	UTTARAPADA	bṛhad soma vṛddha
caila	3	UTTARAPADA	ku pāpa sa
caitya	3	UTTARAPADA	grāma keśa lalita
cakra-vāla	3	UTTARAPADA	sama saṃsṛti viṣama
capalā	3	UTTARAPADA	go jaghana mahā
carma	3	UTTARAPADA	hasti sa ṛṣabha
carṣaṇi	3	UTTARAPADA	ratha vi viśva
catur-bhuja	3	UTTARAPADA	miśra sama viṣama
caturtha	3	UTTARAPADA	ardha jñapti ātma
caurya	3	UTTARAPADA	bhaya druta kāvya
cañcala	3	UTTARAPADA	candra jala strī
caṇḍāla	3	UTTARAPADA	karma sarva śva
caṇḍī	3	UTTARAPADA	maṅgala rudra śata
cchadana	3	UTTARAPADA	danta daṇḍa phala
cchedaka	3	UTTARAPADA	granthi pattra saṃdhi
cchidrā	3	UTTARAPADA	dina maṇi vasu
ceṭa	3	UTTARAPADA	garbha mātṛ pitṛ
chabda	3	UTTARAPADA	dik mahac pac
chedana	3	UTTARAPADA	jihvā tvak śiraś
chidra	3	UTTARAPADA	niś nāsikā nāsā
chinna	3	UTTARAPADA	duś reṣma sadyaś
chāstra	3	UTTARAPADA	asac bhagavac sac
chīla	3	UTTARAPADA	sac tac yac
cid	3	UTTARAPADA	kiṃ kuha kū
cihnita	3	UTTARAPADA	su upari āśvina
cillikā	3	UTTARAPADA	rakta śveta śvāna
cintita	3	UTTARAPADA	duś su yathā
cintya	3	UTTARAPADA	duś naiś su
cira	3	UTTARAPADA	ati na su
citīka	3	UTTARAPADA	eka pañca tri
cukrikā	3	UTTARAPADA	amla su śāka
cuñcu	3	UTTARAPADA	akṣara cāra vidyā
cīrā	3	UTTARAPADA	cela ku su
cūḍaka	3	UTTARAPADA	citā svarṇa udgāra
cūḍā-maṇi	3	UTTARAPADA	bhāva kandarpa nakṣatra
daihika	3	UTTARAPADA	paurva prāg pūrva
dantā	3	UTTARAPADA	hema ibha lamba
darśinī	3	UTTARAPADA	pratīpa su vara
dayālu	3	UTTARAPADA	rāma śaṃkara śiva
daśin	3	UTTARAPADA	daśa pañca sapta
daśya	3	UTTARAPADA	nair pāñca sāpta
dehin	3	UTTARAPADA	sthūla vajra śanair
devana	3	UTTARAPADA	akṣa priya su
devin	3	UTTARAPADA	akṣa sura sādhu
devā	3	UTTARAPADA	aryama dhṛta pati
deśanā	3	UTTARAPADA	dharma pāpa varṇa
dharaṇa	3	UTTARAPADA	kāma pṛthivī viśva
dharṣa	3	UTTARAPADA	dur su varṣa
dhenukā	3	UTTARAPADA	asi khaḍgi tila
dhiṣaṇa	3	UTTARAPADA	bodha udāra viśuddha
dhma	3	UTTARAPADA	tūṇava veṇu śaṅkha
dhmāta	3	UTTARAPADA	bahu darpa māna
dhvāna	3	UTTARAPADA	mahā mandra yuddha
dhānikā	3	UTTARAPADA	aṅgāra māna rāja
dhāraṇā	3	UTTARAPADA	aṅka kāla yoga
dhātuka	3	UTTARAPADA	sapta svaccha sārva
dhāya	3	UTTARAPADA	jana su śata
dhūli	3	UTTARAPADA	gandha go madhu
dhūrtaka	3	UTTARAPADA	mṛga strī vṛka
dhūsara	3	UTTARAPADA	kapila rāsabha vi
dig-vijaya	3	UTTARAPADA	sarva yakṣa śaṃkara
digdha	3	UTTARAPADA	ati paṅka viṣa
divākara	3	UTTARAPADA	bhaṭṭa mātaṃga śaśi
diśā	3	UTTARAPADA	antara avāntara vi
dohada	3	UTTARAPADA	divya palāla vṛkṣa
dohana	3	UTTARAPADA	go kāṃsya su
dolā	3	UTTARAPADA	nava saṃdeha vilāsa
drapsa	3	UTTARAPADA	dadhi lohita puru
druti	3	UTTARAPADA	bāhya garbha śata
drākṣā	3	UTTARAPADA	kapila kākalī laghu
durbala	3	UTTARAPADA	jñāna rūkṣa su
duḥsaha	3	UTTARAPADA	ati nirghāta su
duṣkṛta	3	UTTARAPADA	lūna su vi
dvaita	3	UTTARAPADA	dravya kriyā tithi
dvādaśī-vrata	3	UTTARAPADA	buddha kalki pipītaka
dyotana	3	UTTARAPADA	ayathā hṛd kha
dāma	3	UTTARAPADA	sa su vasu
dānta	3	UTTARAPADA	ari dur su
dārikā	3	UTTARAPADA	brāhmaṇa catur pāda
dīkṣa	3	UTTARAPADA	avāntara eka saṃvatsara
dīkṣin	3	UTTARAPADA	apara avāntara muhur
dīna	3	UTTARAPADA	dīna na śiva
dīpti	3	UTTARAPADA	agni gṛha vṛka
dṛśīka	3	UTTARAPADA	citra dur su
dṛḍha	3	UTTARAPADA	gavya su yantra
eka	3	UTTARAPADA	nir praty vy
gamana-vat	3	UTTARAPADA	avāg prāg viṣvag
gandhya	3	UTTARAPADA	daur nair vāja
garvita	3	UTTARAPADA	ati dhana dravya
gatika	3	UTTARAPADA	ananya pāñca sa
gaurī-vrata	3	UTTARAPADA	bṛhad svarṇa sītā
gautama	3	UTTARAPADA	su vṛddha śloka
gauḍa	3	UTTARAPADA	karṇāṭa mālava prācīna
gaya	3	UTTARAPADA	dur mahā śaṃ
gayā	3	UTTARAPADA	buddha śiva ṣaḍ
gaṇḍaka	3	UTTARAPADA	mantra pañca rakṣā
gaṇḍikā	3	UTTARAPADA	kāla puṣpa sūtra
gholī	3	UTTARAPADA	araṇya kṣudra vana
ghoṣaka	3	UTTARAPADA	bhadanta paṭaha su
ghātana	3	UTTARAPADA	khara kravya śūla
ghāṭa	3	UTTARAPADA	danta kara paścād
godhikā	3	UTTARAPADA	gṛha mīna āgāra
godhā	3	UTTARAPADA	gṛha kṛṣṇa tṛṇa
godhūma	3	UTTARAPADA	laghu mahā śveta
gomaya	3	UTTARAPADA	harita sa śuṣka
gomin	3	UTTARAPADA	candra chāttra mudgara
gopana	3	UTTARAPADA	ratha vastra ākāra
grahaṇī	3	UTTARAPADA	cakra havir saṃgraha
grahi	3	UTTARAPADA	mala phala rajo
grathita	3	UTTARAPADA	balāsa bāṣpa su
grāha-vat	3	UTTARAPADA	bhīma caṇḍa śastra
grāmaka	3	UTTARAPADA	kuśi vana vāsava
grāmam	3	UTTARAPADA	bahir prati prāg
grāmaṇī	3	UTTARAPADA	graha sura sūta
gulika	3	UTTARAPADA	nir sa vāg
guñjā	3	UTTARAPADA	sita tikta śveta
guṇḍa	3	UTTARAPADA	kāṇḍa pāya vṛtta
gāndhāra	3	UTTARAPADA	deva piṅgala rasa
gātha	3	UTTARAPADA	prā veda ṛju
gātratā	3	UTTARAPADA	adīna anupūrva utsāha
gātu	3	UTTARAPADA	ariṣṭa su tura
gāya	3	UTTARAPADA	sāma uru uttama
gāyaka	3	UTTARAPADA	sura sāma vṛnda
gītikā	3	UTTARAPADA	brahma daśa rāsa
gṛbh	3	UTTARAPADA	jīva sute syūma
gṛhapati	3	UTTARAPADA	aryama keśi su
gṛṣṭi	3	UTTARAPADA	go mahā vāśitā
hali	3	UTTARAPADA	dur suvarṇa śata
halya	3	UTTARAPADA	dvi eka tri
hariṇa	3	UTTARAPADA	alpa mandara vegi
harī	3	UTTARAPADA	maśa maśaka tāpa
hastinī	3	UTTARAPADA	mada phalgu śrī
hastā	3	UTTARAPADA	dhanu jyotir paraśu
hati	3	UTTARAPADA	bhrūṇa hala kara
hautra-prayoga	3	UTTARAPADA	pauṇḍarīka sapta soma
haṇa	3	UTTARAPADA	kṣatriya rakṣo vīra
haṭṭa	3	UTTARAPADA	heramba vasu śrī
hemanta	3	UTTARAPADA	apara grīṣma su
hiti	3	UTTARAPADA	antar deva puro
hiṃsā	3	UTTARAPADA	go jīva prāṇi
homa-paddhati	3	UTTARAPADA	laghu saṃhitā sāmānya
hrada-tīrtha	3	UTTARAPADA	kāka nandā pañca
hut	3	UTTARAPADA	agni sarva yajña
hārda	3	UTTARAPADA	daur jāta sa
hārīta	3	UTTARAPADA	ku laghu vṛddha
hāyaṇa	3	UTTARAPADA	agra catur tri
iṣ	3	UTTARAPADA	aram gav paśv
iṣṭa	3	UTTARAPADA	dur marud smad
jagat	3	UTTARAPADA	mahar sarva tri
jaghanya	3	UTTARAPADA	jaṅghā jyeṣṭha taj
jambīra	3	UTTARAPADA	amla madhu madhura
japya	3	UTTARAPADA	dhyāna kara kiṃ
jatru	3	UTTARAPADA	mahā su ūrdhva
jatu	3	UTTARAPADA	aśma indra śilā
javas	3	UTTARAPADA	makṣū mano su
jaḍa	3	UTTARAPADA	dhī harṣa śuddha
jaṅgala	3	UTTARAPADA	dīrgha laghu nara
jina	3	UTTARAPADA	pūrva vi ādi
jiti	3	UTTARAPADA	puro satya vāja
joṣaṇa	3	UTTARAPADA	bhūmi sa saha
jur	3	UTTARAPADA	amā sanā ṛta
jyakā	3	UTTARAPADA	krama krānti lamba
jyoti	3	UTTARAPADA	daśa karṇa śata
jyotsnā	3	UTTARAPADA	sa siddhānta śaraj
jābālo@paniṣad	3	UTTARAPADA	bhasma bṛhaj rudra
jālaka	3	UTTARAPADA	bindu madhu śara
jāmala	3	UTTARAPADA	brahma viṣṇu śakti
jāmātṛ	3	UTTARAPADA	saumya vi viṣṇu
jīvanī	3	UTTARAPADA	kṛṣṇa rasika smara
kaca	3	UTTARAPADA	vi viṣvak ūrdhva
kalevara	3	UTTARAPADA	duṣ nṛ sa
kalpika	3	UTTARAPADA	mātṛ prathama pārāśara
kalpā	3	UTTARAPADA	adhvara brāhmaṇi siṃha
kaluṣa	3	UTTARAPADA	sa sakala saṃkula
kamaṇḍalu	3	UTTARAPADA	daṇḍa tīrtha uda
kambu	3	UTTARAPADA	jantu kṣudra mahā
kanya	3	UTTARAPADA	brahma mahā rāhu
kanyaka	3	UTTARAPADA	brahma maitra su
kapiśa	3	UTTARAPADA	ardha harita sūcī
kapola	3	UTTARAPADA	bṛhat mahā su
kapālin	3	UTTARAPADA	daṇḍa pāśa śiraḥ
karaṇḍikā	3	UTTARAPADA	matsya smṛti yantra
kardama	3	UTTARAPADA	deva kṣāra yakṣa
kari	3	UTTARAPADA	bhās stamba śakṛt
karma-paddhati	3	UTTARAPADA	daśa sīmanta vivāha
karmika	3	UTTARAPADA	nava pāñca sārva
karmā@nta	3	UTTARAPADA	aṅgāra kṛṣi samyak
karmīṇa	3	UTTARAPADA	alaṃ sarva vācā
kartana	3	UTTARAPADA	aṅga dhānya śalya
karṇin	3	UTTARAPADA	dāru stava trapu
karṇā	3	UTTARAPADA	aviddha giri megha
karṣin	3	UTTARAPADA	nī śarkara śarkarā
kastūrī	3	UTTARAPADA	bhojana kāla latā
kauśala	3	UTTARAPADA	hasta krīḍā yuddha
kauḍavika	3	UTTARAPADA	ardha dvi ārdha
kaśa	3	UTTARAPADA	danta prati tri
kaṃdhara	3	UTTARAPADA	kambu nata valita
kaṅkaṭa	3	UTTARAPADA	vajra vi vyūḍha
kaṇḍu	3	UTTARAPADA	gaṇḍa sa su
kaṇṭakā	3	UTTARAPADA	laghu phala su
kaṇṭhikā	3	UTTARAPADA	bisa kala śrī
kaṇṭā	3	UTTARAPADA	bahu sita sthūla
kaṣṭa	3	UTTARAPADA	dṛṣṭa prati su
kaṭhina	3	UTTARAPADA	saṃghāta vardhra vaṃśa
kaṭī	3	UTTARAPADA	makara puṃs strī
kelī	3	UTTARAPADA	bāla rāma vāk
keśaka	3	UTTARAPADA	lamba sarva śasta
keśara	3	UTTARAPADA	ambu amla vyākīrṇa
khā	3	UTTARAPADA	bisa kūpa viṣa
kiraṇā@valī	3	UTTARAPADA	dravya guṇa nyāya
kiṣku	3	UTTARAPADA	catuṣ sat vi
klānta	3	UTTARAPADA	āśu śrama śrānta
kolaka	3	UTTARAPADA	pañca śveta śyeta
kośā	3	UTTARAPADA	dīrgha pūrṇa su
koṭa	3	UTTARAPADA	amara devī tala
koṭara	3	UTTARAPADA	bhuja sarpa taru
koṭara-puṣpī	3	UTTARAPADA	antaḥ aṇḍa vṛddha
kranda	3	UTTARAPADA	aśva śiśu śuci
kruddha	3	UTTARAPADA	ati parama su
krāntā	3	UTTARAPADA	hari nīla varāha
krīḍanaka	3	UTTARAPADA	kumārī māṇavaka paṅka
krūra	3	UTTARAPADA	danta prati su
kuhara	3	UTTARAPADA	giri rati rodaḥ
kukṣitā	3	UTTARAPADA	abhugna gambhīra kṣāma
kulāya	3	UTTARAPADA	aindrāgna muñja śaṇa
kumāraka	3	UTTARAPADA	jala su śakti
kuru	3	UTTARAPADA	deva madhya uttara
kutsa	3	UTTARAPADA	hari pauru puru
kuñcikā	3	UTTARAPADA	kali keli mañjūṣā
kuśā	3	UTTARAPADA	ayas brahma payas
kuḍya	3	UTTARAPADA	hema sphaṭika tiras
kuṇapa	3	UTTARAPADA	aśva puruṣa sahasra
kuṇḍalikā	3	UTTARAPADA	graha vasti vāta
kuṣmāṇḍa	3	UTTARAPADA	akāla bhūmi rāja
kvaṇa	3	UTTARAPADA	guṃ sa su
kāca	3	UTTARAPADA	maṇi nīla sita
kālin	3	UTTARAPADA	kośa su varāha
kāmika	3	UTTARAPADA	putra sarva sārva
kāraṇa-vāda	3	UTTARAPADA	brahma liṅga pradhāna
kāru	3	UTTARAPADA	jarat sura viśva
kāruṇika	3	UTTARAPADA	adhimātra mahā mithyā
kārṣika	3	UTTARAPADA	ardha tila tri
kārṣāpaṇa	3	UTTARAPADA	adhyardha dvi loha
kātara	3	UTTARAPADA	anugraha sa samara
kātyāyana	3	UTTARAPADA	kakuda mahā vṛddha
kāñcī	3	UTTARAPADA	samudra viṣṇu śiva
kāṅkṣa	3	UTTARAPADA	jala niṣ vi
kāṇa	3	UTTARAPADA	dṛk giri janaka
kāṣṭhaka	3	UTTARAPADA	danta pūti su
kāṣṭhā	3	UTTARAPADA	kambu kṣīra pūrva
kīrṇa	3	UTTARAPADA	keli uda vāstu
kūrcaka	3	UTTARAPADA	kṛta maṣī tri
kḷpta	3	UTTARAPADA	kṣura liṅga tṛca
kṛntana	3	UTTARAPADA	nābhi tantu śiraḥ
kṛte	3	UTTARAPADA	kiṃ tat yat
kṛśa	3	UTTARAPADA	ati dravya tapaḥ
kṣaṇam	3	UTTARAPADA	kṣaṇa prati vi
kṣetrin	3	UTTARAPADA	graha gṛha kuru
kṣoda	3	UTTARAPADA	guḍa kṣiti yava
kṣudrā	3	UTTARAPADA	para sita vane
kṣveḍa	3	UTTARAPADA	go karṇa sthūla
kṣīṇa	3	UTTARAPADA	kṣāra mlāna vṛtti
labdhi	3	UTTARAPADA	jina mitra nārāyaṇa
lakṣaṇa-paṭala	3	UTTARAPADA	bhū dvāra muhūrta
lakṣmīka	3	UTTARAPADA	gata puṇya pūrṇa
lambaka	3	UTTARAPADA	bhīmaka hema pañca
lambin	3	UTTARAPADA	ājānu śikhā ślatha
lampaṭa	3	UTTARAPADA	puru rati strī
lekhana	3	UTTARAPADA	punar pāṃsu sukha
lepana	3	UTTARAPADA	bhasma bhūmi hasta
lipsā	3	UTTARAPADA	anna lābha sukha
lokya	3	UTTARAPADA	anya pāra sa
lokā	3	UTTARAPADA	ahar māsa ṛtu
lolupa	3	UTTARAPADA	madhu vi viṣaya
lomī	3	UTTARAPADA	aja go śāra
loḍya	3	UTTARAPADA	aṅga aṅka kaṅka
lāva	3	UTTARAPADA	kāṇḍa puṣpa śatru
lū	3	UTTARAPADA	eka sakṛl su
lūna	3	UTTARAPADA	sakṛl vaṃśa śamī
m-bhari	3	UTTARAPADA	sahasra sarva viśva
m-inva	3	UTTARAPADA	aviśva ghṛta viśva
mad	3	UTTARAPADA	sadha soma śam
magna	3	UTTARAPADA	jala mahā paṅka
maho@daya	3	UTTARAPADA	bhakti varṣa vyavahāra
mahā	3	UTTARAPADA	kṣudra su svarṇa
maitra	3	UTTARAPADA	dur kṛta mahā
makara	3	UTTARAPADA	hasti kari mātaṃga
makṣika	3	UTTARAPADA	kāṃsya nir sūkṣma
man	3	UTTARAPADA	agni kakud vaśi
mana	3	UTTARAPADA	nṛ su vi
manasa	3	UTTARAPADA	man vāg vāṅ
manta	3	UTTARAPADA	go madhu śrī
manthana	3	UTTARAPADA	agni amṛta dadhi
manv-antara	3	UTTARAPADA	prati siddhi vaivasvata
mardinī	3	UTTARAPADA	mahiṣa viṣa śumbha
markaṭaka	3	UTTARAPADA	lūtā śāla śālā
maryādā	3	UTTARAPADA	grāma kula loka
marṣa	3	UTTARAPADA	aṅga dur īṣan
mata-khaṇḍana	3	UTTARAPADA	dur māyi nyāya
mathi	3	UTTARAPADA	havir urā vastra
mathita	3	UTTARAPADA	reṣma svayam śiśira
matya	3	UTTARAPADA	dvai paitṛ yaśo
mauktika	3	UTTARAPADA	gaja vṛtta śaṅkha
maulin	3	UTTARAPADA	cakra candra sammoha
mañjara	3	UTTARAPADA	deva rakta vyoma
maṇḍalī	3	UTTARAPADA	muṇḍa vāta vātala
maṇḍita	3	UTTARAPADA	kari maṇi pulina
medaka	3	UTTARAPADA	ahi ari go
mekhalin	3	UTTARAPADA	hara maurvī muñja
meni	3	UTTARAPADA	pañca varuṇa yajña
mihira	3	UTTARAPADA	avanti padma varāha
min	3	TADDHITA_SUFFIX_EXT	go kakud vāg
miti	3	UTTARAPADA	sama su sāra
mocā	3	UTTARAPADA	parvata suvarṇa vana
moṭana	3	UTTARAPADA	aṅguli gaja gala
mud	3	UTTARAPADA	ghana ku rucira
mudgara	3	UTTARAPADA	kūṭa moha vyoma
mudita	3	UTTARAPADA	prahṛṣṭa sadā su
mudrikā	3	UTTARAPADA	aṅguli haima vīra
muñja	3	UTTARAPADA	bhadra sapta vi
muṣṭikā	3	UTTARAPADA	akṣara raṇa su
mācī	3	UTTARAPADA	dhvāṅkṣa kāca kāka
māda	3	UTTARAPADA	gandha sadha saha
mādhavīya	3	UTTARAPADA	muhūrta sāyaṇa vidyā
mālatī	3	UTTARAPADA	gandha gaṇita su
mālā-tantra	3	UTTARAPADA	khaḍga muṇḍa sādhana
mānika	3	UTTARAPADA	daśa deśa paṇḍita
mānikā	3	UTTARAPADA	nara pāṇi su
mānya	3	UTTARAPADA	bahu mahā māna
mānī	3	UTTARAPADA	ojo pārśva tiryaṅ
mārja	3	UTTARAPADA	astra śastra śata
māta	3	UTTARAPADA	deva gārgī nir
mātram	3	UTTARAPADA	ayathā rekhā yathā
mātreṇa	3	UTTARAPADA	jala līlā sva
mātura	3	UTTARAPADA	bhādra dvai san
māyin	3	UTTARAPADA	ananta dur puru
māṇavaka	3	UTTARAPADA	ardha dāsī svapna
māṇḍavya	3	UTTARAPADA	aṇī vi śveta
māṣya	3	UTTARAPADA	adhyardha dvi pauti
nagna	3	UTTARAPADA	dvir mahā vi
naiṣkika	3	UTTARAPADA	bahu dvi tri
nakra	3	UTTARAPADA	gaja mātaṃga vakra
nala	3	UTTARAPADA	bṛhan deva mahā
nalinī	3	UTTARAPADA	kubera phulla sthala
namana	3	UTTARAPADA	gṛha nār nṛ
namaskāra	3	UTTARAPADA	nir prati sūrya
nandaka	3	UTTARAPADA	sa su vasu
nardin	3	UTTARAPADA	gehe siṃha āgata
nartaka	3	UTTARAPADA	dhūrta hara hariṇa
nata	3	UTTARAPADA	paścān su vāma
nauka	3	UTTARAPADA	atīta bhinna sanna
nemin	3	UTTARAPADA	ariṣṭa harita kāla
nepathya	3	UTTARAPADA	baddha su vivāha
nidarśana	3	UTTARAPADA	deśya svapna śruti
nikāya	3	UTTARAPADA	deva jīva śatru
nimeṣa	3	UTTARAPADA	akṣi nir sa
nimnagā	3	UTTARAPADA	giri kula sura
ninada	3	UTTARAPADA	nemi parjanya su
niraya	3	UTTARAPADA	mahā tiryaṅ yoni
nirdiṣṭa	3	UTTARAPADA	prathama svayaṃ yathā
nirhrāda	3	UTTARAPADA	dundubhi ratha śata
nirvapaṇa	3	UTTARAPADA	havir nyāya piṇḍa
nirvāha	3	UTTARAPADA	gṛha kāla ukta
nirvṛtti	3	UTTARAPADA	artha kārya phala
nisvana	3	UTTARAPADA	harṣa madhura ratha
nitamba	3	UTTARAPADA	cakra giri pṛthu
niveśana	3	UTTARAPADA	antar putra rāja
nivātam	3	UTTARAPADA	kuṭī mātṛ śamī
niś	3	UTTARAPADA	dina dyu mahā
niśam	3	UTTARAPADA	divā niśā prati
niḥsaraṇa	3	UTTARAPADA	dur guda puro
niṣedha	3	UTTARAPADA	atikrānta dur īśvara
niṣpatti	3	UTTARAPADA	alpa dharma phala
niṣpāva	3	UTTARAPADA	kaṭu nadī śūrpa
niṣyanda	3	UTTARAPADA	baddha go guhya
nābhya	3	UTTARAPADA	sa su sva
nāha	3	UTTARAPADA	nāsā nī pratī
nāli	3	UTTARAPADA	daśa pañca tri
nālika	3	UTTARAPADA	bṛhan laghu laya
nāmā	3	UTTARAPADA	sapta śubha śuka
nāra	3	UTTARAPADA	kuśa mati ranti
nāthīya	3	UTTARAPADA	mūla soma viśva
nāḍi	3	UTTARAPADA	budha saṃcala śukra
nīca	3	UTTARAPADA	ati mahā ucca
nīhāra	3	UTTARAPADA	ghana sa su
nīlikā	3	UTTARAPADA	jala jani rāja
nīlī	3	UTTARAPADA	bṛhan jala ku
nīra	3	UTTARAPADA	dṛḍha kaccha kṣīra
nīraja	3	UTTARAPADA	dṛṅ nīla sthala
nṛ-siṃha	3	UTTARAPADA	jaya lakṣmī saṃskāra
nṛmṇa	3	UTTARAPADA	puru tuvi tveṣa
odana	3	UTTARAPADA	dadhy vy śāly
ojas	3	UTTARAPADA	bhūry bāhv tad
okas	3	UTTARAPADA	tad vy vāry
oṣṭhya	3	UTTARAPADA	dvir nir pāry
padaka	3	UTTARAPADA	biḍāla mayūra yoga
padā@rtha-saṃgraha	3	UTTARAPADA	purāṇa smārta vedānta
paka	3	UTTARAPADA	hasti taila śva
palika	3	UTTARAPADA	pañca pañcāśat ṣaṭ
palāṇḍu	3	UTTARAPADA	kṣīra nṛpa rāja
paraśu	3	UTTARAPADA	aśva khaṇḍa pattra
paricaya	3	UTTARAPADA	niṣ rati varṇa
parikara	3	UTTARAPADA	baddha niṣ sa
parimala	3	UTTARAPADA	rasa vedānta vyākhyā
parimāṇa	3	UTTARAPADA	bhūmi madhya āhuti
paripluta	3	UTTARAPADA	aśru mūrchā śoka
paripṛcchā	3	UTTARAPADA	siṃha sāgara vyāsa
parivartana	3	UTTARAPADA	aṅka pārśva saṃsāra
parivāra	3	UTTARAPADA	kim sa śata
pariśuddhi	3	UTTARAPADA	nyāya sampradāya tātparya
parāmarśa	3	UTTARAPADA	laghu liṅga niṣ
parīkṣā	3	UTTARAPADA	agni udaka ālambana
parśu	3	UTTARAPADA	khaṇḍa pattra pṛthu
parṇin	3	UTTARAPADA	kṣīra su āditya
pastya	3	UTTARAPADA	aśva tri vāja
pathaka	3	UTTARAPADA	cyuta tri viṣaya
pathya	3	UTTARAPADA	hita niṣ su
pattra-phalā	3	UTTARAPADA	laghu prati pūjita
patvan	3	UTTARAPADA	raghu āśu śyena
paurṇamāsī	3	UTTARAPADA	mahā phālgunī uccaiḥ
payoda	3	UTTARAPADA	niṣ saṃdhyā śarat
pañca	3	UTTARAPADA	bhāgya catuḥ catuṣ
pañca-ratna	3	UTTARAPADA	devī sopāna śiva
pañcā@dhyāyī	3	UTTARAPADA	nyāya rāsa vākya
pañjī	3	UTTARAPADA	purāṇa vrata śuddhi
paścima	3	UTTARAPADA	dakṣiṇa pūrva uttara
paścāt	3	UTTARAPADA	dakṣiṇa pūrva su
paśya	3	UTTARAPADA	mām ugra vāstu
peśa	3	UTTARAPADA	puru su uras
peśikā	3	UTTARAPADA	bilva bīja kāla
peṣa	3	UTTARAPADA	piṣṭa āma śilā
phala-da	3	UTTARAPADA	apuṣpa sattra yajña
phalgunī	3	UTTARAPADA	prāk pūrva uttara
phalinī	3	UTTARAPADA	mṛdaṃga nakha uttama
phullaka	3	UTTARAPADA	abhra mukha prati
phāla	3	UTTARAPADA	lāṅgala phulla su
piḍakā	3	UTTARAPADA	kumbhīka sammūḍha yauvana
piṇḍi	3	UTTARAPADA	sthaula śuka śūka
plavana	3	UTTARAPADA	amṛta kuśa sāgara
potikā	3	UTTARAPADA	kṣudra mūlaka śākaṭa
prabodhinī	3	UTTARAPADA	bhāva bāla vidvat
pracetas	3	UTTARAPADA	bṛhat su vatsa
pradā	3	UTTARAPADA	sampat sṛṣṭi vāk
praghaṭṭaka	3	UTTARAPADA	kāśī prayāga sāmānya
pragātha	3	UTTARAPADA	sa sāma ṣaṭ
praharṣa	3	UTTARAPADA	duṣ pravaṇa sirā
prahāṇa	3	UTTARAPADA	kleśa prāṇa samyak
prajñapti	3	UTTARAPADA	candra sūrya vāhana
prajñāna	3	UTTARAPADA	divya duṣ su
prajāpati	3	UTTARAPADA	brahma mahā śilpa
prajāta	3	UTTARAPADA	puru su ṛta
prakrama	3	UTTARAPADA	bhagna navati niṣ
prakāśinī	3	UTTARAPADA	deva karma sampradāya
prakāṇḍa	3	UTTARAPADA	aśva go mantri
pralamba	3	UTTARAPADA	muktā tri tāla
pralambha	3	UTTARAPADA	duṣ su īṣat
pralapita	3	UTTARAPADA	bālaka supta unmatta
prameha	3	UTTARAPADA	madhu rakta vāta
pramoda	3	UTTARAPADA	antaḥ guru pramāṇa
pramudita	3	UTTARAPADA	asat nitya sadā
pramāthin	3	UTTARAPADA	citta hṛdaya vinaya
prastāva	3	UTTARAPADA	bhaya jijñāsā nānā
prasādhana	3	UTTARAPADA	duṣ mukha preta
prasūti	3	UTTARAPADA	naśyat phala śata
pratara	3	UTTARAPADA	duṣ su taṇḍā
pratibha	3	UTTARAPADA	lupta niṣ sa
pratipanna	3	UTTARAPADA	pūrva su viśvāsa
pratipatti	3	UTTARAPADA	samāna spaṣṭa viśeṣa
pratiṣedha	3	UTTARAPADA	bhūta timira viśeṣa
pratyakṣa	3	UTTARAPADA	maṇi sarva spārśana
pratīpa	3	UTTARAPADA	niṣ su vi
pravīra	3	UTTARAPADA	hata sura śini
pravīṇa	3	UTTARAPADA	bhaima pramāṇa yuddha
prayas	3	UTTARAPADA	ghṛta hita su
praśaṃsā	3	UTTARAPADA	aprastuta ātma śrāddha
praṇava	3	UTTARAPADA	para sa ubhayataḥ
praṇayin	3	UTTARAPADA	lakṣmī netra pāṇi
praṇutta	3	UTTARAPADA	bṛhaspati sāyaka vaibādha
praṇālikā	3	UTTARAPADA	kaṇṭha kāla sruk
pre@kṣa	3	UTTARAPADA	dharma duṣ mukha
pre@kṣaṇa	3	UTTARAPADA	dik prati tiryak
pre@ṣya	3	UTTARAPADA	grāma sa śūdra
pro@kta	3	UTTARAPADA	muhuḥ purāṇa svayam
pruṣ	3	UTTARAPADA	abhra aṣṭā ghṛta
prā@rthanā	3	UTTARAPADA	bhakti samāgama vara
prācī	3	UTTARAPADA	dakṣiṇa mādhava vasiṣṭha
prāpta	3	UTTARAPADA	kara āśā ṛtu
prātiśākhya	3	UTTARAPADA	taittirīya vājasaneyi śākala
prāyaścitta	3	UTTARAPADA	agni aṅga paśu
prāṇa	3	UTTARAPADA	kathā ubhayataḥ udaya
prīta	3	UTTARAPADA	manu parama su
psaras	3	UTTARAPADA	deva madhu su
pulaka	3	UTTARAPADA	roma sa tṛṇa
pulāka	3	UTTARAPADA	bhakta niṣ sthālī
puram	3	UTTARAPADA	ayathā upakanyā yathā
puraścaraṇa	3	UTTARAPADA	gāyatrī sa yajña
purodhas	3	UTTARAPADA	daitya su sura
purogama	3	UTTARAPADA	agni indra sāgni
purogava	3	UTTARAPADA	brahma soma stoma
puruṣam	3	UTTARAPADA	daśa pañca yathā
puṃsa	3	UTTARAPADA	mahā na strī
puṃska	3	UTTARAPADA	bhāṣita ukta vigata
puṣpita	3	UTTARAPADA	phala su suvarṇa
puṣṭi	3	UTTARAPADA	satya su vi
puṭī	3	UTTARAPADA	kara pāda pāka
pādā	3	UTTARAPADA	citra pīta taraṇḍa
pālya	3	UTTARAPADA	paśu prajā pāri
pāraṇa	3	UTTARAPADA	pratijñā su vrata
pārevata	3	UTTARAPADA	bṛhat mahā svarṇa
pārthiva	3	UTTARAPADA	eka kuṭi śāka
pārā@yaṇa	3	UTTARAPADA	mantra nāma pramāṇa
pārāvata	3	UTTARAPADA	ardha geha jala
pārṣṇi	3	UTTARAPADA	viśuddha vyūha śuddha
pātraka	3	UTTARAPADA	carvita ku yāna
pāśyā	3	UTTARAPADA	bāla pattra vāla
pāṃsu	3	UTTARAPADA	kṛṣṇa lohita mudrita
pāṇi-lekhatā	3	UTTARAPADA	gambhīra snigdha āyata
pāṇḍura	3	UTTARAPADA	bilva kṛṣṇa stoka
pāṭalā	3	UTTARAPADA	eka kāṣṭha śveta
pāṭikā	3	UTTARAPADA	dina rāja tri
pīna	3	UTTARAPADA	jala su vṛtta
pīthin	3	UTTARAPADA	asoma kośa soma
pītā	3	UTTARAPADA	dāru gandha vatsa
pīṭhī	3	UTTARAPADA	naya pṛṣṭha tūla
pūrva-pakṣa-rahasya	3	UTTARAPADA	sādhāraṇa vyatireki vyāpti
pūtana	3	UTTARAPADA	ahi kaṭa vṛṣa
pūya	3	UTTARAPADA	antaḥ ku rakta
pṛkta	3	UTTARAPADA	ghṛta jala mayūkha
pṛśni	3	UTTARAPADA	rājīva tiraścīna ūrdhva
pṛṣata	3	UTTARAPADA	ruru sa sthūla
pṛṣṭa	3	UTTARAPADA	baddha brahma gārdhra
pṛṣṭhya	3	UTTARAPADA	mahā purastāt yathā
rahasyo@paniṣad	3	UTTARAPADA	rāma sarasvatī śuka
rajasa	3	UTTARAPADA	amūrta asūrta sa
rajata	3	UTTARAPADA	mahā saṃtapta suvarṇa
rakṣi	3	UTTARAPADA	pathi paśu soma
rakṣya	3	UTTARAPADA	dū go su
rambha	3	UTTARAPADA	go parī stambhita
ramya	3	UTTARAPADA	bahu śrotra śīta
rathaṃtara	3	UTTARAPADA	bṛhad kaṇva sāma
rathā	3	UTTARAPADA	jyoti potri sarva
ravas	3	UTTARAPADA	bṛhad purū tuvī
raṅgikā	3	UTTARAPADA	megha nī su
raṅku	3	UTTARAPADA	go jala rādha
rddhika	3	UTTARAPADA	kula parama rata
rodhin	3	UTTARAPADA	dharma mārga vyāpāra
rohaṇa	3	UTTARAPADA	dū kṣata pāda
rudita	3	UTTARAPADA	araṇya prabala śuṣka
rugṇa	3	UTTARAPADA	vāyu śaila śoka
rāja-caritra	3	UTTARAPADA	kalyāṇa śambhū śarabhoji
rājña	3	UTTARAPADA	dhārta dāśa sārpa
rāsa	3	UTTARAPADA	rāma sarva uparata
rāśika	3	UTTARAPADA	nava pañca sapta
rūkṣa	3	UTTARAPADA	roṣa saṃrambha vi
rūpiṇī	3	UTTARAPADA	aṃśa brahma mṛtyu
rṇa	3	UTTARAPADA	adhama dhana kucika
sahacara	3	UTTARAPADA	arundhatī lopāmudrā rati
sahasrika	3	UTTARAPADA	khāra naiṣka vārṣa
sahasrin	3	UTTARAPADA	bāhu putra ṣaṣṭi
saho@dara	3	UTTARAPADA	amṛta lakṣmī śrī
sahā	3	UTTARAPADA	kṣudra rakta sarpa
sahā@ya	3	UTTARAPADA	ku su viśva
sakhya	3	UTTARAPADA	hīna paraspara paura
samartha	3	UTTARAPADA	ati duḥ udyoga
samavā@ya	3	UTTARAPADA	guru puruṣa saṃyukta
sambhoga	3	UTTARAPADA	bhuja bāhya strī
sambhrama	3	UTTARAPADA	niḥ sa su
sambhāṣa	3	UTTARAPADA	brāhmaṇa madhura sneha
samparka	3	UTTARAPADA	ati atyanta jala
sampradāna	3	UTTARAPADA	pārvatī vidyā yāga
sampādana	3	UTTARAPADA	artha vrata vāstu
samuttha	3	UTTARAPADA	kha kāma sva
samāja	3	UTTARAPADA	dyūta prekṣā sukha
samāmnāya	3	UTTARAPADA	akṣara paśu varṇa
samāna	3	UTTARAPADA	manmatha sva śākhā
samāpta	3	UTTARAPADA	karma mahā su
samāyukta	3	UTTARAPADA	duḥkha kāla śāpa
sana	3	UTTARAPADA	ahaṃ catuḥ vāja
sanātha	3	UTTARAPADA	kusuma lakṣmī mūrti
sapti	3	UTTARAPADA	ayuga sapta sita
sarpaṇa	3	UTTARAPADA	kha kṣata saṃdhi
sarpin	3	UTTARAPADA	pīṭha udara upānta
sarva-jña	3	UTTARAPADA	bhā loṣṭa viṣṇu
satkriyā	3	UTTARAPADA	anta viniyoga ātithya
satkāra	3	UTTARAPADA	atithi pūjā ātithya
sattva-vat	3	UTTARAPADA	vīrya yama yāmya
sauparṇa	3	UTTARAPADA	aiḍa tri vilamba
savya	3	UTTARAPADA	dakṣiṇa kṛta prati
saṃcita	3	UTTARAPADA	cira pūrva su
saṃdarśana	3	UTTARAPADA	mārga punaḥ svapna
saṃdheya	3	UTTARAPADA	ati duḥ āśu
saṃdhika	3	UTTARAPADA	bhagna tri vi
saṃdhita	3	UTTARAPADA	mṛtyu sama su
saṃgati	3	UTTARAPADA	bauddha prīti sat
saṃgatā	3	UTTARAPADA	bhujaṃga manasā su
saṃgrahaṇa	3	UTTARAPADA	haya pāṇi strī
saṃhanana	3	UTTARAPADA	hanu siṃha ūrdhva
saṃhata	3	UTTARAPADA	adri su vajra
saṃjīvana	3	UTTARAPADA	bāla madana mṛta
saṃkula	3	UTTARAPADA	raṇa su vi
saṃkīrtana	3	UTTARAPADA	guṇa hari nāma
saṃnidhi	3	UTTARAPADA	deva guru kula
saṃnidhāna	3	UTTARAPADA	kṛta rāja sat
saṃniveśa	3	UTTARAPADA	bhūmi jala lakṣaṇa
saṃnyāsa	3	UTTARAPADA	pratijñā prāṇa veda
saṃnyāsin	3	UTTARAPADA	artha nitya veda
saṃrakṣaṇa	3	UTTARAPADA	rahasya satya vrata
saṃrambha	3	UTTARAPADA	raṇa sattva su
saṃrodha	3	UTTARAPADA	gṛha kāla prāṇa
saṃstara	3	UTTARAPADA	darbha parṇa yajña
saṃtata	3	UTTARAPADA	dhamani snāva tantu
saṃyāna	3	UTTARAPADA	samudra sukha vadhū
saṃśliṣṭa	3	UTTARAPADA	madhu sarva su
saṅgin	3	UTTARAPADA	bhava pat sukha
saṭa	3	UTTARAPADA	calat lamba sa
secaka	3	UTTARAPADA	mukha sukha vi
sektṛ	3	UTTARAPADA	bīja piṇḍa retaḥ
senya	3	UTTARAPADA	bhaima sārva śaura
siddhā@nta-dīpikā	3	UTTARAPADA	vaiyākaraṇa vaiṣṇava śaiva
siddhā@nta-rahasya	3	UTTARAPADA	vaiyākaraṇa vivāha vyatireki
siddhā@ñjana	3	UTTARAPADA	nyāya siddhānta vyādhi
sikta	3	UTTARAPADA	jala sthūla su
sira	3	UTTARAPADA	gūḍha vi vyadhya
siṃha-deva	3	UTTARAPADA	devī kārti kīrti
smara	3	UTTARAPADA	duḥ jāti kṛta
smaya	3	UTTARAPADA	kṛta sa vi
snuṣā	3	UTTARAPADA	nṛpa padma śvaśrū
snātaka	3	UTTARAPADA	ubhaya vidyā vrata
somā	3	UTTARAPADA	bhadra hasti prati
spandā	3	UTTARAPADA	nīla taila śveta
sparśa-vat	3	UTTARAPADA	rūpa udbhūta uṣṇa
sparśana	3	UTTARAPADA	gagana na udaka
spṛt	3	UTTARAPADA	dhana kilbiṣa loka
spṛśa	3	UTTARAPADA	duḥ harita hṛdi
srota	3	UTTARAPADA	prati sahasra śuṣka
sruti	3	UTTARAPADA	hima mala tuṣāra
steya	3	UTTARAPADA	brahma rukma suvarṇa
stotriya	3	UTTARAPADA	sahasra samāna śvaḥ
stuka	3	UTTARAPADA	keśa sahasra viṣita
su	3	UTTARAPADA	bahu dāva virāṭ
sudho@daya	3	UTTARAPADA	bhakti pañcamī vṛtta
sumna	3	UTTARAPADA	anti bṛhat svabhiṣṭi
surasa	3	UTTARAPADA	candra indra sāma
suti	3	UTTARAPADA	kuru pṛt soma
sutvan	3	UTTARAPADA	pāka sa soma
suvarṇaka	3	UTTARAPADA	bahu catuḥ niḥ
svadha	3	UTTARAPADA	sa su sva
svarā	3	UTTARAPADA	khara pañca pika
svarṇa	3	UTTARAPADA	kūṭa kṣudra rāja
svin	3	UTTARAPADA	sarva śata śrotra
svādu	3	UTTARAPADA	niḥ su svādu
svāhā-kāra	3	UTTARAPADA	purastāt sa upariṣṭāt
svāminī	3	UTTARAPADA	gṛha vinaya śikhara
svāti	3	UTTARAPADA	megha skandha śiva
sādin	3	UTTARAPADA	aśva puṣkara vṛtta
sāhasraka	3	UTTARAPADA	aṣṭa catuḥ śata
sāhasrī	3	UTTARAPADA	upadeśa upasthāna ṣaṭ
sākṣya	3	UTTARAPADA	deva kūṭa manuṣya
sāla	3	UTTARAPADA	chattra eka niḥ
sāmrājya	3	UTTARAPADA	aśeṣa bhūmi sāhitya
sārasvata	3	UTTARAPADA	bhartṛ sapta siddha
sārikā	3	UTTARAPADA	madana urabhra viṭ
sārvabhauma	3	UTTARAPADA	kṛṣṇa siddhānta vaidika
sārā	3	UTTARAPADA	agra guru mṛdu
sārā@valī	3	UTTARAPADA	saṃhitā smṛti vṛtta
sāta	3	UTTARAPADA	saṃvatsara vāja ṛta
sūraṇa	3	UTTARAPADA	sita sthūla valli
sūtaka	3	UTTARAPADA	mṛta rāhu śrāddha
sūtrikā	3	UTTARAPADA	dṛḍha go uraḥ
tailika	3	UTTARAPADA	mādhu mūrdha piṇḍi
tamasa	3	UTTARAPADA	andha asura dairgha
tamā	3	UTTARAPADA	brāhmaṇi kumāri strī
tanti	3	UTTARAPADA	sapta tri śata
tapana	3	UTTARAPADA	amitra mahā rāma
taraka	3	UTTARAPADA	abhinna chinna vārtta
tarala	3	UTTARAPADA	prabhā prakṛti pīna
tari	3	UTTARAPADA	nūtana siddhānta vaiśva
taruṇī	3	UTTARAPADA	bhadra marut rāma
tarṣa	3	UTTARAPADA	jāta sa svarga
tatpara	3	UTTARAPADA	dhyāna eka śruti
tattva-dīpikā	3	UTTARAPADA	bhagavat pratyak vivāha
tattva-prakāśa	3	UTTARAPADA	rāma śabda śaiva
tattva-sāra	3	UTTARAPADA	bhāgavata ramala rasa
tattva-viveka	3	UTTARAPADA	pratyak saṃnikarṣa ātma
taulika	3	UTTARAPADA	daśa uda viṃśati
taṣṭa	3	UTTARAPADA	stoma su vibhva
tejana	3	UTTARAPADA	eka su tigma
tilaka-sūri	3	UTTARAPADA	hema siṃha soma
tiryak-pramāṇa	3	UTTARAPADA	paścāt prāk purastāt
tna	3	UTTARAPADA	parut parāri purastāt
toda	3	UTTARAPADA	asthi pratī sa
toka	3	UTTARAPADA	bhūri rajas sa
trairāśika	3	UTTARAPADA	krama viloma vyasta
trayī	3	UTTARAPADA	kathā veda śata
trirātra	3	UTTARAPADA	aśoka aśva vyuṣṭa
triṃśika	3	UTTARAPADA	nais pañca ṣaṭ
trāsa	3	UTTARAPADA	jala proṣita sa
trātṛ	3	UTTARAPADA	bhaya makha yajña
tti	3	UTTARAPADA	bhaga magha vasu
tulasī	3	UTTARAPADA	araṇya kṣudra vyāsa
turīya	3	UTTARAPADA	aindra indra upāya
tuttha	3	UTTARAPADA	kharparī mayūra mūṣā
tuṇḍī	3	UTTARAPADA	dhvāṅkṣa kaṭu tikta
tuṣṭa	3	UTTARAPADA	hṛṣṭa su vi
tvacas	3	UTTARAPADA	hiraṇya sa sūrya
tvakka	3	UTTARAPADA	bahu sa su
tālaka	3	UTTARAPADA	deva kara prati
tālī	3	UTTARAPADA	mahā rata vakra
tāpanīya	3	UTTARAPADA	pūrva rāma uttara
tātparya	3	UTTARAPADA	bhāgavata veda vedānta
tāḍa	3	UTTARAPADA	deva ghaṇṭā śrī
tāṇḍava	3	UTTARAPADA	vivāda śabda śiva
tīrthaka	3	UTTARAPADA	go sama su
tīrthya	3	UTTARAPADA	eka sa su
tṛpta	3	UTTARAPADA	viśva ākaṇṭha ātma
tṛpti	3	UTTARAPADA	ati dhana yathā
uda	3	UTTARAPADA	dadhy vy śānty
udarka	3	UTTARAPADA	dur purastād upariṣṭād
uddhāra	3	UTTARAPADA	jagad purastād vipad
uktha	3	UTTARAPADA	bārhad bṛhad dvy
unnata	3	UTTARAPADA	trir try ṣaḍ
upacāra	3	UTTARAPADA	dur purastād śucy
upasthāna	3	UTTARAPADA	dur prātar smṛty
uṣṭra	3	UTTARAPADA	catur kad praty
vaca	3	UTTARAPADA	dur ku su
vadya	3	UTTARAPADA	brahma priya satya
vahana	3	UTTARAPADA	cakṣur rāja soma
vaidehī	3	UTTARAPADA	chidra kṣudra sthūla
vaidyaka	3	UTTARAPADA	go hasti jagad
vaikṛta	3	UTTARAPADA	aṅga prakaṭa varṇa
vailakṣaṇya	3	UTTARAPADA	janma jāti śabda
vaināśika	3	UTTARAPADA	ardha pūrṇa sarva
vaistika	3	UTTARAPADA	bahu dvi tri
vaiyākaraṇa-bhūṣaṇa	3	UTTARAPADA	bṛhad laghu vṛddha
vaiṣṇava	3	UTTARAPADA	praśna śaiva śrī
vakrā	3	UTTARAPADA	rodha rodho tri
valana	3	UTTARAPADA	kāya tiryag ākṣepa
valśa	3	UTTARAPADA	muñja sahasra śata
vana-māhātmya	3	UTTARAPADA	badarikā vetra śakti
vanī	3	UTTARAPADA	candana dyu kelī
vapana	3	UTTARAPADA	bīja dhānya keśa
vardha	3	UTTARAPADA	mitra nandi śākya
vardhin	3	UTTARAPADA	bala liṅga vaṃśa
vardhinī	3	UTTARAPADA	bhakti saubhāgya śukra
vartanin	3	UTTARAPADA	eka sahasra ubhaya
vartula	3	UTTARAPADA	ati phala su
varuṇa	3	UTTARAPADA	sūrya vi śatā
varī	3	UTTARAPADA	prajā sūnṛtā vasatī
varūthin	3	UTTARAPADA	lalanā sa su
varṇika	3	UTTARAPADA	daur prati sārva
varṣaka	3	UTTARAPADA	dvi pañca tri
varṣika	3	UTTARAPADA	dvai paurva pāñca
varṣābhū	3	UTTARAPADA	nīla rakta sita
vasiṣṭha	3	UTTARAPADA	bṛhad vṛddha śrāddha
vasudhā	3	UTTARAPADA	janma kṣetra samara
vasyasa	3	UTTARAPADA	apāpa pāpa śvo
vaṃśa-ja	3	UTTARAPADA	magadha pravara sva
vaṅga	3	UTTARAPADA	cīna ku svarṇa
vaṭaka	3	UTTARAPADA	amlaka khaṇḍa kāñjika
vedhaka	3	UTTARAPADA	bhasma cukra kṛta
vedika	3	UTTARAPADA	bahir sa āyur
velam	3	UTTARAPADA	bahu prati sapta
vettṛ	3	UTTARAPADA	parī ruta sarva
veśika	3	UTTARAPADA	nai prā prāti
veśin	3	UTTARAPADA	kāma prati pratī
veśya	3	UTTARAPADA	agni prati prāti
veṇā	3	UTTARAPADA	ku kṛṣṇa tuṅga
vibhakta	3	UTTARAPADA	catur sama su
vibheda	3	UTTARAPADA	bhrū rahasya roma
vibhāvana	3	UTTARAPADA	dur viśva ṛkṣa
vicakṣaṇa	3	UTTARAPADA	saṃdhi su śata
vicārin	3	UTTARAPADA	bha graha svapna
videha	3	UTTARAPADA	kosala mahā pūrva
vidhvaṃsana	3	UTTARAPADA	ajñāna kāla madhva
vidhā	3	UTTARAPADA	agni go marud
vidhāyin	3	UTTARAPADA	bhaya prāya viśva
vidāraṇa	3	UTTARAPADA	anīka marma śravaṇa
vijñeya	3	UTTARAPADA	bhāga dur su
vikramin	3	UTTARAPADA	ananta mahā trailokya
vikārin	3	UTTARAPADA	ceto citta vāta
vilasita	3	UTTARAPADA	bhramara bhramaṇa dur
vilaya	3	UTTARAPADA	asthi su śīla
vilāsa-kāvya	3	UTTARAPADA	hari jñāna rāma
vimarda	3	UTTARAPADA	aṃśu bāhu graha
vimarśa	3	UTTARAPADA	dur nir sa
vimukha	3	UTTARAPADA	praṇaya stanita śāstra
vinata	3	UTTARAPADA	go prakāma tri
vinayana	3	UTTARAPADA	krodha mano śrama
vinaṣṭa	3	UTTARAPADA	bāla jāta su
vindhya	3	UTTARAPADA	bali prati vi
vipatti	3	UTTARAPADA	artha garbha kārya
vipina	3	UTTARAPADA	ati su vilāsa
virati	3	UTTARAPADA	dig prahara prati
virecana	3	UTTARAPADA	mūla śiro śīrṣa
vismita	3	UTTARAPADA	bhṛśa parama su
vistīrṇa	3	UTTARAPADA	bahu su vāpī
vitarka	3	UTTARAPADA	dur nir sa
vitti	3	UTTARAPADA	bhāga su vipra
vitāna	3	UTTARAPADA	latā megha śilā
vivarta	3	UTTARAPADA	lakṣmī vaikṛta vastu
viś	3	UTTARAPADA	agni deva manuṣya
viśada	3	UTTARAPADA	himānī su viveka
viśrambha	3	UTTARAPADA	amukta sa saṃjāta
viśruta	3	UTTARAPADA	loka puru viśva
viśuddha	3	UTTARAPADA	ratna su vaṃśa
viḍa	3	UTTARAPADA	iḍa mahā vijjala
viḍambana	3	UTTARAPADA	dhūrta mūḍha pāṣaṇḍa
viṃśatika	3	UTTARAPADA	pañca sapta ṣaḍ
viṣkambha	3	UTTARAPADA	daṇḍa mantha vajra
viṣkambhaka	3	UTTARAPADA	miśra saṃkīrṇa śuddha
viṣāda	3	UTTARAPADA	dor harṣa sa
viṭka	3	UTTARAPADA	baddha bhinna karṇa
vrata-dhara	3	UTTARAPADA	bhava daṇḍa nagna
vratā	3	UTTARAPADA	apati cāru pati
vyagra	3	UTTARAPADA	bhojana nir ugra
vyajana	3	UTTARAPADA	cāmara sa vāla
vyakta	3	UTTARAPADA	avyakta su tāvad
vyasanin	3	UTTARAPADA	samara sūta śama
vyasta	3	UTTARAPADA	asta ati su
vyayin	3	UTTARAPADA	bahu mita udaya
vyañjaka	3	UTTARAPADA	prauḍha sauhārda utpatti
vyutpatti	3	UTTARAPADA	mahā yathā śāstra
vyāhārin	3	UTTARAPADA	alpa kāma mithyā
vyākula	3	UTTARAPADA	bali gandha nir
vyāma	3	UTTARAPADA	ardha dvi tri
vyāvṛtti	3	UTTARAPADA	nir paraspara ṛtu
vyāyāma	3	UTTARAPADA	bāhu dvi samyag
vācas	3	UTTARAPADA	sa su vi
vādika	3	UTTARAPADA	hetu ku syād
vādā@valī	3	UTTARAPADA	avatāra bhasma nakṣatra
vāgīśa	3	UTTARAPADA	nyāya vedānta vidyā
vāhika	3	UTTARAPADA	bhāra nair rūpa
vāhyaka	3	UTTARAPADA	kambala vana śiśu
vājita	3	UTTARAPADA	gārdhra gṛdhra kaṅka
vāladhi	3	UTTARAPADA	cakra su vakra
vālaka	3	UTTARAPADA	ati jala vāri
vāmana	3	UTTARAPADA	dadhi kubja vīra
vāna	3	UTTARAPADA	pṛtha tantu vāri
vār	3	UTTARAPADA	dāna netra su
vārija	3	UTTARAPADA	rakta sa śveta
vārāha	3	UTTARAPADA	mahā ādi śveta
vāstūka	3	UTTARAPADA	amla araṇya cukra
vāsā	3	UTTARAPADA	badarī bhaṅga padma
vāśin	3	UTTARAPADA	basta ghora rūkṣa
vāṭaka	3	UTTARAPADA	amla āmra śāka
vīrudh	3	UTTARAPADA	indra nir phaṇi
vīthikā	3	UTTARAPADA	mṛga paṇya smara
vīti	3	UTTARAPADA	deva gauri ratha
vṛka	3	UTTARAPADA	eka sālā śālā
vṛkti	3	UTTARAPADA	namo su sva
vṛntaka	3	UTTARAPADA	dīrgha nīla tāla
vṛti	3	UTTARAPADA	nī prānta sva
vṛttika	3	UTTARAPADA	naga prā sa
vṛṣan	3	UTTARAPADA	kavi kṣiti tri
yaj	3	UTTARAPADA	deva divi satya
yajñika	3	UTTARAPADA	paitṛ pāñca sārva
yajño@pavītin	3	UTTARAPADA	dvi sita śmaśru
yakṣma	3	UTTARAPADA	ajñāta pāpa rāja
yamana	3	UTTARAPADA	mahiṣa veśa vāg
yantraka	3	UTTARAPADA	ghaṭī jala śara
yaṣṭika	3	UTTARAPADA	kṣīra musala śata
yaṣṭī	3	UTTARAPADA	brāhmaṇa loha madhu
yoginī	3	UTTARAPADA	siddhi vajra ākāśa
yojaka	3	UTTARAPADA	ratha vāji yuddha
yojanā	3	UTTARAPADA	bahu pada vārttika
yojanī	3	UTTARAPADA	bhinna pañca sapta
yoktra	3	UTTARAPADA	bhuja daśa prā
yoṣā	3	UTTARAPADA	deva garbha jarad
yuti	3	UTTARAPADA	gandha graha sva
yāminī	3	UTTARAPADA	darśa sita śarad
yāsa	3	UTTARAPADA	dhanur dhanva prā
yātanā	3	UTTARAPADA	bhairava vaira yama
yāti	3	UTTARAPADA	ahaṃ megha su
yāvaka	3	UTTARAPADA	latā prasṛta sa
yāvanāla	3	UTTARAPADA	dhavala rakta tubara
yūthikā	3	UTTARAPADA	hema suvarṇa śaṅkha
yūthya	3	UTTARAPADA	sa sva śva
yūthī	3	UTTARAPADA	pīta suvarṇa svarṇa
yūti	3	UTTARAPADA	bahir gav go
yūṣa	3	UTTARAPADA	badara kṛta mudga
ābhāsa	3	UTTARAPADA	hetv nir sad
ācārya	3	UTTARAPADA	dhvany laghv sad
ādāna	3	UTTARAPADA	dur nir srug
āgamana	3	UTTARAPADA	antar dvir punar
āgraha	3	UTTARAPADA	asad dur nir
āgāra	3	UTTARAPADA	antar nir praty
āhnika	3	UTTARAPADA	laghv prāg śrī
āhāva	3	UTTARAPADA	dvy try vy
āloka	3	UTTARAPADA	dhvany dur nir
āmaya	3	UTTARAPADA	hṛd nir pāṇḍv
ānana	3	UTTARAPADA	catur sad ṣaḍ
āroha	3	UTTARAPADA	dur hasty nāv
ārṣeya	3	UTTARAPADA	dvy try yad
āsa	3	UTTARAPADA	dur nir pad
āsana	3	UTTARAPADA	dhanur pad vār
ātma	3	UTTARAPADA	nair praty pratyag
āvṛtta	3	UTTARAPADA	parāṅ punar udag
āvṛtti	3	UTTARAPADA	apunar punar udag
āyudha	3	UTTARAPADA	mahad nir vy
āśā	3	UTTARAPADA	mahad praty vy
śabara	3	UTTARAPADA	parṇa pattra smara
śaithilya	3	UTTARAPADA	hṛdaya prāpti smṛti
śakalā	3	UTTARAPADA	indu matsya soma
śakaṭa	3	UTTARAPADA	go rohiṇī śakaṭī
śakaṭī	3	UTTARAPADA	agni aṅgāra puṣpa
śakta	3	UTTARAPADA	ati duḥ su
śakuni	3	UTTARAPADA	kṛṣṇa mahā vana
śaphara	3	UTTARAPADA	ardha mahā rāja
śapharī	3	UTTARAPADA	indu pūti sarpa
śarā@sana	3	UTTARAPADA	prati śakra śunāsīra
śata-nāma-stotra	3	UTTARAPADA	devī viṣṇu śiva
śatika	3	UTTARAPADA	naiṣka pañca vārṣa
śaṃsana	3	UTTARAPADA	anuśaṃsa maṅgala viruddha
śikhaṇḍa	3	UTTARAPADA	catuḥ nīla ratna
śimbi	3	UTTARAPADA	ku śuka śūka
śirā	3	UTTARAPADA	danta mṛga sapta
śirīṣa	3	UTTARAPADA	arjuna karṇa pañca
śita	3	UTTARAPADA	dhārā soma śilā
śiṣṭi	3	UTTARAPADA	pauru su śiṣya
ślakṣṇa	3	UTTARAPADA	ati su yathā
śobha	3	UTTARAPADA	kṛta spṛhaṇīya udāra
śoṣaṇa	3	UTTARAPADA	gātra hṛdaya śarīra
śrapaṇa	3	UTTARAPADA	caru paśu vrata
śrauta	3	UTTARAPADA	bodhāyana soma āpastamba
śravā	3	UTTARAPADA	hari madhu sudhā
śreṣṭhin	3	UTTARAPADA	dharma keśava kula
śreṣṭhā	3	UTTARAPADA	jīva lakṣmī purī
śri	3	UTTARAPADA	antaḥ bahiḥ veṣa
śroṇī	3	UTTARAPADA	pṛthu vedi śruta
śrāvaka	3	UTTARAPADA	agra mahā vṛddha
śuddhi-kara	3	UTTARAPADA	bhasma loha tāra
śuklā	3	UTTARAPADA	jīva mahā pāka
śvas	3	UTTARAPADA	apara para paraḥ
śyāmā	3	UTTARAPADA	kṣudra mahā priyaṅgu
śyāmāka	3	UTTARAPADA	ambhaḥ hasti rāja
śāha	3	UTTARAPADA	bhīma nema nemi
śānta	3	UTTARAPADA	dhīra su śrī
śārṅgadhara	3	UTTARAPADA	sāhitya viśeṣa śeṣa
śātrava	3	UTTARAPADA	adhvānta dhvānta kṛmi
śāṇya	3	UTTARAPADA	adhyardha dvi tri
śāṭaka	3	UTTARAPADA	paṭṭa sthūla śiraḥ
śāṭī	3	UTTARAPADA	snāna sthūla varṣā
śī	3	UTTARAPADA	jihma madhyama syona
śīghra	3	UTTARAPADA	manaḥ sarva su
śīrṣikā	3	UTTARAPADA	sama sthūla śravaṇa
śītala	3	UTTARAPADA	hima su sukha
śītā	3	UTTARAPADA	ambu candra mahā
śīvan	3	UTTARAPADA	talpa uttāna vahya
śūrpa	3	UTTARAPADA	adhyardha dvi śāta
śṛṅgāra	3	UTTARAPADA	sa su sundara
ūdhnī	3	UTTARAPADA	catur smad vy
ūna	3	UTTARAPADA	gaty īṣad ṣaḍ
ūṣaṇa	3	UTTARAPADA	catur try ṣaḍ
ḍambara	3	UTTARAPADA	megha trailokya vāg
ḍimba	3	UTTARAPADA	go jala toya
ḍāmara	3	UTTARAPADA	bhūta caṇḍī ramaṇīya
ṃ-dina	3	UTTARAPADA	daina madhya mādhya
ṃ-jīva	3	UTTARAPADA	cira jīva putra
ṃ-tara	3	UTTARAPADA	ratha rātha viśva
ṃ-tuda	3	UTTARAPADA	aru tila vidhu
ṇadī	3	UTTARAPADA	cakra giri svar
ṇasa	3	UTTARAPADA	dru khara khura
ṇāman	3	UTTARAPADA	dur puru tri
ṇīti	3	UTTARAPADA	agra dur sahasra
ṣac	3	UTTARAPADA	hari nṛ rayi
ṣadana	3	UTTARAPADA	hotṛ nṛ pitṛ
ṣvaseya	3	UTTARAPADA	mātṛ paitṛ paitṛka
ṣāhya	3	UTTARAPADA	abhimāti nṛ pṛtanā
ṣāti	3	UTTARAPADA	go nṛ svar
ṣāṣṭika	3	UTTARAPADA	adhika dvi kṣīra
ṣṭhala	3	UTTARAPADA	kapi vi śami
ṣṭhīvin	3	UTTARAPADA	hiraṇya suvarṇa svarṇa
ṭaṅka	3	UTTARAPADA	kanaka mṛga vajra
'dhika	2	UTTARAPADA	rajo vayo
'hvā	2	UTTARAPADA	mano tejo
'nugata	2	UTTARAPADA	sadyo sroto
'rti	2	UTTARAPADA	mano śiro
'sthi	2	UTTARAPADA	abhito śiro
'śana	2	UTTARAPADA	ayo tapo
abda	2	UTTARAPADA	try ṣaṣṭy
abhibhava	2	UTTARAPADA	dur nir
abhiprā@ya	2	UTTARAPADA	dur nir
abhra	2	UTTARAPADA	nir vy
abhīmāna	2	UTTARAPADA	nir vy
ac	2	UTTARAPADA	bahv dadhy
ad	2	UTTARAPADA	havir madhv
adhiṣṭhāna	2	UTTARAPADA	nir try
adhyeya	2	UTTARAPADA	dur prātar
adhyāya	2	UTTARAPADA	bahv saṃdhy
adhī@ta	2	UTTARAPADA	dur svar
agha	2	UTTARAPADA	nir āre
agāra	2	UTTARAPADA	stry vrīhy
ahan	2	UTTARAPADA	dvy vy
akṣan	2	UTTARAPADA	hary try
alaṃkṛti	2	UTTARAPADA	nir sad
ambaka	2	UTTARAPADA	triy try
andha	2	UTTARAPADA	jāty rātry
antaka	2	UTTARAPADA	dur jagad
antya	2	UTTARAPADA	bhavad yāvad
anuga	2	UTTARAPADA	dur nir
anugraha	2	UTTARAPADA	nir sad
anugāna	2	UTTARAPADA	catur dvir
anumāna	2	UTTARAPADA	nir praty
anuprā@sa	2	UTTARAPADA	praty śruty
anuṣṭhita	2	UTTARAPADA	dur viṣṇv
anuṣṭhāna	2	UTTARAPADA	svayam yaty
apa	2	UTTARAPADA	bahv nir
apaccheda	2	UTTARAPADA	prāg tiryag
apadeśa	2	UTTARAPADA	hetv sad
aparādha	2	UTTARAPADA	nir vidhy
apatrapa	2	UTTARAPADA	nir vy
apavargam	2	UTTARAPADA	prāg udag
apā@śraya	2	UTTARAPADA	vidhy vy
aratni	2	UTTARAPADA	try ṣaḍ
arjita	2	UTTARAPADA	pitr svayam
arthaka	2	UTTARAPADA	nir tad
arya	2	UTTARAPADA	kad sādhv
asi	2	UTTARAPADA	vy vāg
asra	2	UTTARAPADA	catur try
asthi	2	UTTARAPADA	jānv nir
asthi-mālā	2	UTTARAPADA	cid sad
astra	2	UTTARAPADA	nir praty
asu	2	UTTARAPADA	punar vy
atri	2	UTTARAPADA	bṛhad laghv
aupāsana-prayoga	2	UTTARAPADA	prātar sāyam
auṣadha	2	UTTARAPADA	nir vasty
avabodha	2	UTTARAPADA	dur samyag
avadya	2	UTTARAPADA	nir āre
avarodha	2	UTTARAPADA	bahv nir
avasthā	2	UTTARAPADA	jāgrad prāg
avatta	2	UTTARAPADA	catur ṣaḍ
avatāra	2	UTTARAPADA	dur viṣṇv
avi	2	UTTARAPADA	triy try
ayika	2	UTTARAPADA	nair prāty
añc	2	UTTARAPADA	madhv praty
añjala	2	UTTARAPADA	dvy try
aśman	2	UTTARAPADA	dṛṣad praty
aṃsaka	2	UTTARAPADA	dvir nir
aṅgaka	2	UTTARAPADA	calad ṣaḍ
aṅganā	2	UTTARAPADA	dig gurv
aṅguṣṭha	2	UTTARAPADA	nir vy
aṅka	2	UTTARAPADA	bāhv praty
aṅkuśa	2	UTTARAPADA	nir vy
aṇuka	2	UTTARAPADA	catur dvy
aṇḍa	2	UTTARAPADA	jagad ṣaḍ
aṣṭhīlā	2	UTTARAPADA	madhv praty
aṣṭo@ttara-śata-nāman	2	UTTARAPADA	hanumad viṣṇv
badha	2	UTTARAPADA	vajra śuddha
bahala	2	UTTARAPADA	cakṣur gandha
bahulā	2	UTTARAPADA	kanda madhu
bali-bhuj	2	UTTARAPADA	dvāra dāra
bali-karman	2	UTTARAPADA	vaiśvadeva vicchinna
balika	2	UTTARAPADA	dur hetu
balin	2	UTTARAPADA	bhuja bāhu
ballava	2	UTTARAPADA	aśva go
balya	2	UTTARAPADA	daur prā
balī	2	UTTARAPADA	bala dhauta
bandhakī	2	UTTARAPADA	kaumāra kumāra
bandhura	2	UTTARAPADA	pañca pūrṇa
barbara	2	UTTARAPADA	vana śveta
barhas	2	UTTARAPADA	adri dvi
barhin	2	UTTARAPADA	citra granthi
barhiṣa	2	UTTARAPADA	kambala kulmala
bhagīna	2	UTTARAPADA	veśa yaśo
bhaikṣa	2	UTTARAPADA	kanyā su
bhajaka	2	UTTARAPADA	bhāṇḍa cīvara
bhakṣita	2	UTTARAPADA	ikṣu palāṇḍu
bhakṣyā	2	UTTARAPADA	cilla gaja
bharas	2	UTTARAPADA	sa viśva
bharita	2	UTTARAPADA	puṇya vasu
bharā	2	UTTARAPADA	jāra kim
bhasad	2	UTTARAPADA	su śiti
bhastraka	2	UTTARAPADA	bahu nir
bhauta	2	UTTARAPADA	jala rāja
bhavam	2	UTTARAPADA	prati sadṛg
bhavas	2	UTTARAPADA	su sva
bhavika	2	UTTARAPADA	carama paunar
bhaviṣṇu	2	UTTARAPADA	alam viphalī
bhayaṃ-kara	2	UTTARAPADA	sarva su
bhañja	2	UTTARAPADA	koṭṭa sukha
bhañjam	2	UTTARAPADA	ikṣu mṛṇāla
bhaṅgin	2	UTTARAPADA	kṣaṇa svara
bhaṇita	2	UTTARAPADA	su vakra
bhaṭika-vihāra	2	UTTARAPADA	naṭa nāṭa
bhaṭṭa-prayoga	2	UTTARAPADA	mādhava mūla
bhaṭṭī	2	UTTARAPADA	nārāyaṇa śaṃkara
bhedā	2	UTTARAPADA	kṛṣṇa tiryag
bherī	2	UTTARAPADA	jaya maṅgala
bhettṛ	2	UTTARAPADA	māṃsa setu
bhidya	2	UTTARAPADA	pūr śīrṣa
bhikṣuka	2	UTTARAPADA	dharma śākya
bhiṣa	2	UTTARAPADA	śata śāta
bhogā	2	UTTARAPADA	dur su
bhojaka	2	UTTARAPADA	adhikaraṇa bahu
bhraj	2	UTTARAPADA	giri mṛta
bhru	2	UTTARAPADA	su śiti
bhrājas	2	UTTARAPADA	agni śuci
bhrātra	2	UTTARAPADA	daur mātur
bhrātṛka	2	UTTARAPADA	mūrkha sa
bhujaṃga-stotra	2	UTTARAPADA	datta viṣṇu
bhuji	2	UTTARAPADA	daśa śata
bhāgavatā@mṛta	2	UTTARAPADA	bṛhad saṃkṣepa
bhāgika	2	UTTARAPADA	ardha praveśa
bhāgineya	2	UTTARAPADA	daur kaṣṭa
bhāgā	2	UTTARAPADA	sūrya tṛca
bhāgīya	2	UTTARAPADA	mokṣa pañcama
bhājin	2	UTTARAPADA	puṇya svadhā
bhānavīya	2	UTTARAPADA	svar śīta
bhārgava	2	UTTARAPADA	caṇḍa pravad
bhās-kara	2	UTTARAPADA	loka varṣa
bhāsika	2	UTTARAPADA	prā prāti
bhāsin	2	UTTARAPADA	jyotir ūrdhva
bhāsā	2	UTTARAPADA	pūṣa vṛṣa
bhāvam	2	UTTARAPADA	tūṣṇīṃ vinā
bhāvuka	2	UTTARAPADA	maṣī priya
bhāṇa	2	UTTARAPADA	cola miśra
bhāṇḍī	2	UTTARAPADA	kāka tri
bhāṣitṛ	2	UTTARAPADA	madhura mita
bhūman	2	UTTARAPADA	prakṛti pum
bhūmikā	2	UTTARAPADA	silha svarṇa
bhūmī	2	UTTARAPADA	dyāvā pāna
bhūruha	2	UTTARAPADA	sura śakra
bhūtvā	2	UTTARAPADA	nyag vinā
bhūṣaṇā	2	UTTARAPADA	bhadra bhilla
bhṛtin	2	UTTARAPADA	asaṃvatsara saṃvatsara
bhṛtyā	2	UTTARAPADA	kula kumāra
bhṛṅgāra	2	UTTARAPADA	svarṇa śuṣka
bodhanī	2	UTTARAPADA	bāla su
bodhin	2	UTTARAPADA	indriya nāga
brahma-cārin	2	UTTARAPADA	kaumāra samāna
brahmacarya	2	UTTARAPADA	ati veda
brahmaṇya	2	UTTARAPADA	parama su
buhnā	2	UTTARAPADA	nīla śveta
busa	2	UTTARAPADA	nir yava
bābhrava	2	UTTARAPADA	kāpileya śaṇaka
bādh	2	UTTARAPADA	jñu sa
bādhana	2	UTTARAPADA	sapatnī śatru
bādhya	2	UTTARAPADA	nair strī
bālā	2	UTTARAPADA	cakra candra
bāra	2	UTTARAPADA	jihma nīcīna
bāṇī	2	UTTARAPADA	dvi pañca
bībhatsa	2	UTTARAPADA	ati su
bījakā	2	UTTARAPADA	rakta vṛtta
bījam	2	UTTARAPADA	prati yathā
cakita	2	UTTARAPADA	cakita kuhaka
cakra-vartin	2	UTTARAPADA	bhāvi kavi
cakraka	2	UTTARAPADA	gaṇa māla
cakrin	2	UTTARAPADA	ardha ācāra
cakrā	2	UTTARAPADA	sarva vahni
cakṣu	2	UTTARAPADA	sahasra su
cana	2	UTTARAPADA	akṣara kiṃ
canas	2	UTTARAPADA	sa svar
candrā	2	UTTARAPADA	eka punaś
capeṭikā	2	UTTARAPADA	mukha pāṣaṇḍa
caraṇa-bhāṣya	2	UTTARAPADA	liṅga nāma
caraṇā	2	UTTARAPADA	kapota śata
carcā	2	UTTARAPADA	anadhikāra śoka
carmaka	2	UTTARAPADA	bahu duś
carmīṇa	2	UTTARAPADA	sarva sārva
carvaṇa	2	UTTARAPADA	carvita punaś
carā	2	UTTARAPADA	su śubhaṃ
carṣaṇa	2	UTTARAPADA	ratha vi
catur-aśra	2	UTTARAPADA	sama viṣama
caturdaśa	2	UTTARAPADA	mukunda tri
catuṣ-koṇa	2	UTTARAPADA	sama viṣama
catvāriṃśaka	2	UTTARAPADA	aṣṭā ṣaṭ
caula	2	UTTARAPADA	vṛtta ānanda
caurikā	2	UTTARAPADA	suvarṇa taila
cañcalā	2	UTTARAPADA	candra sthāna
caṅkramaṇa	2	UTTARAPADA	krīḍā śākhā
caṇḍe@śvara	2	UTTARAPADA	kṛmi praśna
cchadi	2	UTTARAPADA	kāka nava
cchadman	2	UTTARAPADA	kūṭa palita
cchandaḥ-sūtra	2	UTTARAPADA	piṅgala prākṛta
cchannā	2	UTTARAPADA	eka ubhaya
cchardi	2	UTTARAPADA	kāka rakta
cchattraka	2	UTTARAPADA	ahi sarpa
cchattrā	2	UTTARAPADA	nāga ākṛti
cchavī	2	UTTARAPADA	nīla vatsa
cchaṭā	2	UTTARAPADA	haya pattra
cchāga	2	UTTARAPADA	vana yajña
celikā	2	UTTARAPADA	gandha pāpa
celī	2	UTTARAPADA	brāhmaṇi pāpa
ceṭī	2	UTTARAPADA	ulūka yāma
chakti	2	UTTARAPADA	cic yāvac
chala	2	UTTARAPADA	kathā vāk
chalya	2	UTTARAPADA	vāc vāk
charīra	2	UTTARAPADA	bṛhac mac
chata	2	UTTARAPADA	hanumac tāvac
chattra	2	UTTARAPADA	ati dṛk
chinnī	2	UTTARAPADA	nāsikā nāsā
chloka	2	UTTARAPADA	bṛhac sac
choka	2	UTTARAPADA	bṛhac hṛc
chuka	2	UTTARAPADA	bṛhac cic
cikitsaka	2	UTTARAPADA	astra deva
cikīrṣu	2	UTTARAPADA	cūrṇī priya
cilla	2	UTTARAPADA	kuru śaṅkha
cintin	2	UTTARAPADA	dharma duś
ciram	2	UTTARAPADA	mā prāk
citrita	2	UTTARAPADA	varṇa varṇaka
citta-vivaraṇa	2	UTTARAPADA	bodha bodhi
cittā	2	UTTARAPADA	bhartṛ māra
codanā	2	UTTARAPADA	karma sāma
coraka	2	UTTARAPADA	parṇa phala
cyavana	2	UTTARAPADA	duś niś
cyavas	2	UTTARAPADA	tṛṣu viśva
cyutaka	2	UTTARAPADA	akṣara mātrā
cālana	2	UTTARAPADA	kāma lāṅgūla
cāli	2	UTTARAPADA	mukha śabda
cāndrāyaṇa	2	UTTARAPADA	śiśu ṛṣi
cāpala	2	UTTARAPADA	pāda pāṇi
cāraṇa	2	UTTARAPADA	go śāstra
cāriṇī	2	UTTARAPADA	loha padma
cāturya	2	UTTARAPADA	sabhā śabda
cāṇakya	2	UTTARAPADA	bṛhac vṛddha
cīrin	2	UTTARAPADA	kuśa valkala
cīvara	2	UTTARAPADA	cīra tri
cūlin	2	UTTARAPADA	hema vi
dadha	2	UTTARAPADA	ilā iḍā
dairghatamasa	2	UTTARAPADA	mahā saho
daiva-jña	2	UTTARAPADA	kṛṣṇa soma
daivika	2	UTTARAPADA	mānuṣa rāja
dalana	2	UTTARAPADA	māṃsa pāṣaṇḍa
dalo@pama	2	UTTARAPADA	nāga puṇḍarīka
dambhana	2	UTTARAPADA	amitra sapatna
dantura	2	UTTARAPADA	ati vadana
daraṇa	2	UTTARAPADA	nir sthālī
darbhā	2	UTTARAPADA	brahma ikṣu
dardura	2	UTTARAPADA	jala kūpa
darva	2	UTTARAPADA	paurṇa pūrṇa
darśana-cāra	2	UTTARAPADA	bhauma budha
darśanin	2	UTTARAPADA	daiva deva
darśivas	2	UTTARAPADA	dīrgha pratyakṣa
datra	2	UTTARAPADA	puru su
daurbalya	2	UTTARAPADA	hṛdaya pāra
dayitā	2	UTTARAPADA	pitṛ samudra
dayā	2	UTTARAPADA	bhūta rāma
daśa-ślokī	2	UTTARAPADA	sarasvatī vyavahāra
daśā-phala	2	UTTARAPADA	sūrya varṣa
daśā@ha	2	UTTARAPADA	antar chandoma
daṃsas	2	UTTARAPADA	puru su
daṃśin	2	UTTARAPADA	nir tṛpra
daṃṣṭra-tā	2	UTTARAPADA	sama śukla
daṃṣṭratā	2	UTTARAPADA	anupūrva tīkṣṇa
daṃṣṭrin	2	UTTARAPADA	sahasra śva
daṇḍana	2	UTTARAPADA	adharma samyag
daṇḍika	2	UTTARAPADA	bahu vetra
dehika	2	UTTARAPADA	paurva pūrva
devaka	2	UTTARAPADA	jaya sa
devatam	2	UTTARAPADA	ayathā yathā
devatāka	2	UTTARAPADA	tad vāg
devi	2	UTTARAPADA	saha su
devikā	2	UTTARAPADA	pūrva su
deśaka	2	UTTARAPADA	dharma vidhi
deśam	2	UTTARAPADA	prati yathā
deśana	2	UTTARAPADA	prā vijñāna
dhama	2	UTTARAPADA	khariṃ khāriṃ
dhan	2	UTTARAPADA	bṛhad sad
dhanika	2	UTTARAPADA	mahā prā
dhanu	2	UTTARAPADA	maṇi śata
dhanī	2	UTTARAPADA	maṣī vār
dharma-nirūpaṇa	2	UTTARAPADA	daivika vaidika
dharma-sāra-saṃgraha	2	UTTARAPADA	kali nārāyaṇa
dharma-śāstra	2	UTTARAPADA	hārīta mānava
dharmaka	2	UTTARAPADA	kiṃ sa
dharmikā	2	UTTARAPADA	nāṭya vasu
dharmiṇī	2	UTTARAPADA	strī āyudha
dharīya	2	UTTARAPADA	nāga śaśa
dharṣaṇa	2	UTTARAPADA	dur su
dhattūra	2	UTTARAPADA	kṛṣṇa rāja
dhattūraka	2	UTTARAPADA	kṛṣṇa rāja
dhavā	2	UTTARAPADA	mṛta sa
dhena	2	UTTARAPADA	visṛṣṭa viśva
dhenuka	2	UTTARAPADA	mārga pāra
dhik-kāra	2	UTTARAPADA	bauddha bheda
dhrī	2	UTTARAPADA	aṃsa saura
dhunī	2	UTTARAPADA	sura svar
dhurā-vaha	2	UTTARAPADA	eka sarva
dhvajā	2	UTTARAPADA	bahir madana
dhvasta	2	UTTARAPADA	hima kṛta
dhvānta	2	UTTARAPADA	antar hata
dhyāyin	2	UTTARAPADA	mṛṣā sad
dhāma	2	UTTARAPADA	priya su
dhānā	2	UTTARAPADA	arka guḍa
dhāraṇī	2	UTTARAPADA	vastra ātma
dhārya	2	UTTARAPADA	dur śiro
dhāvaka	2	UTTARAPADA	asi kambala
dhāvin	2	UTTARAPADA	parī vastra
dhīti	2	UTTARAPADA	adabdha ṛta
dhīva	2	UTTARAPADA	daśa pañca
dhīvan	2	UTTARAPADA	bahu su
dhūmaka	2	UTTARAPADA	sa vṛka
dhūpana	2	UTTARAPADA	sūpa vraṇa
dhūpita	2	UTTARAPADA	dhūpa dhūpana
dhṛṣṭa	2	UTTARAPADA	gehe raṇa
didhiṣu	2	UTTARAPADA	agra agre
dig-īśa	2	UTTARAPADA	pūrva uttara
dik-pati	2	UTTARAPADA	paścima pūrva
dinakara	2	UTTARAPADA	bhāṭṭa dāna
divam	2	UTTARAPADA	naktaṃ rātri
divasam	2	UTTARAPADA	cira prati
divākīrtya	2	UTTARAPADA	antar mahā
diṅ-mukham	2	UTTARAPADA	sarva sva
diṇḍima	2	UTTARAPADA	vadhya vedānta
diṣṭa	2	UTTARAPADA	nābhāga pūrva
diṣṭi	2	UTTARAPADA	ku smad
dogdhrī	2	UTTARAPADA	dharma su
dogha	2	UTTARAPADA	madhu su
dohanā	2	UTTARAPADA	bahu kāma
dohas	2	UTTARAPADA	sūda viśva
dohyā	2	UTTARAPADA	duḥkha sukha
dohā	2	UTTARAPADA	dur sukha
dola	2	UTTARAPADA	catur paṭṭa
doṣam	2	UTTARAPADA	prati yathā
draviṇas	2	UTTARAPADA	su vāja
draṅga	2	UTTARAPADA	mārga srava
drāva	2	UTTARAPADA	candrikā śaṅkha
dugdhikā	2	UTTARAPADA	bahu kaca
dugdhī	2	UTTARAPADA	svarṇa tāmra
dukūla	2	UTTARAPADA	pāṇḍu su
durdharṣa	2	UTTARAPADA	ati su
durgata	2	UTTARAPADA	ati satata
durvaha	2	UTTARAPADA	anya su
duṣkara	2	UTTARAPADA	ati su
duṣṭa-dhī	2	UTTARAPADA	aniṣṭa ariṣṭa
dveṣas	2	UTTARAPADA	tarad yuta
dvirada	2	UTTARAPADA	gandha prati
dviṣat	2	UTTARAPADA	haya vāha
dvādaśa	2	UTTARAPADA	aśva garbha
dvādaśā@ha	2	UTTARAPADA	bharata saṃkrama
dyotanikā	2	UTTARAPADA	artha bhāva
dyu	2	UTTARAPADA	daśa su
dyumaṇi	2	UTTARAPADA	naya vṛtta
dyus	2	UTTARAPADA	pare ubhaya
dāham	2	UTTARAPADA	sa tūla
dāla	2	UTTARAPADA	rajju rājju
dālikā	2	UTTARAPADA	deva rasa
dāmo@dara	2	UTTARAPADA	rādhā saṃgīta
dāmā	2	UTTARAPADA	bahu svarṇa
dāna-ratna	2	UTTARAPADA	lavaṇa sarpir
dānava	2	UTTARAPADA	haya maya
dārava	2	UTTARAPADA	bhādra daiva
dāru-maya	2	UTTARAPADA	śubha ṛju
dāvat	2	UTTARAPADA	bhūri prāṇa
dāyinī	2	UTTARAPADA	mārga tāmbūla
dīkṣā-vidhi	2	UTTARAPADA	soma vivāha
dīpa-dāna	2	UTTARAPADA	bhairava śyāmā
dīrghikā	2	UTTARAPADA	rasa sura
dīvi	2	UTTARAPADA	kiki kikī
dīyamāna	2	UTTARAPADA	apunar punar
dūta-kāvya	2	UTTARAPADA	bhramara mano
dūṣa	2	UTTARAPADA	kora paṅkti
dūṣikā	2	UTTARAPADA	carma mukha
dṛk-karman	2	UTTARAPADA	akṣa ayana
dṛkṣa	2	UTTARAPADA	bhavā sa
dṛpta	2	UTTARAPADA	gehe su
dṛṣada	2	UTTARAPADA	samid śamī
enī	2	UTTARAPADA	try vy
eva	2	UTTARAPADA	dur marud
gaccha	2	UTTARAPADA	tapo śaśi
gadgada	2	UTTARAPADA	harṣa sa
gadā-dhara	2	UTTARAPADA	vaidya ādi
gaha	2	UTTARAPADA	daur dur
gahana-vat	2	UTTARAPADA	guhā latā
gamanā	2	UTTARAPADA	marāla mṛdu
gamanīya	2	UTTARAPADA	agamyā dur
gantṛ	2	UTTARAPADA	puro śīghra
garala	2	UTTARAPADA	pīyūṣa sthāvara
garbha-ja	2	UTTARAPADA	aśma śila
garbhaka	2	UTTARAPADA	keśa ratha
garbhiṇī	2	UTTARAPADA	bāla kumāra
garda	2	UTTARAPADA	ala ali
gardabhaka	2	UTTARAPADA	jvālā kīṭa
gardha	2	UTTARAPADA	ala ali
garhita	2	UTTARAPADA	khyāta su
gariman	2	UTTARAPADA	kula tulya
garjana	2	UTTARAPADA	deva megha
garjita	2	UTTARAPADA	ghana kari
garīyas	2	UTTARAPADA	artha ati
gatā	2	UTTARAPADA	tyāga ṛśya
gaurī-pūjā	2	UTTARAPADA	indrāṇī maṅgalā
gauḍaka	2	UTTARAPADA	draviḍa drāviḍa
gavam	2	UTTARAPADA	yathā āyatī
gavya	2	UTTARAPADA	pañca su
gavā@kṣa	2	UTTARAPADA	jāla nir
gaḍu	2	UTTARAPADA	antar dor
gaṇanā	2	UTTARAPADA	agra tṛṇa
gaṇin	2	UTTARAPADA	ku śva
gaṇya	2	UTTARAPADA	agra vārṣa
gaṇā@dhipa	2	UTTARAPADA	sārameya uḍu
geham	2	UTTARAPADA	bahir prati
gehinī	2	UTTARAPADA	ku su
gharma	2	UTTARAPADA	dadhi svarṇa
gharma-ja	2	UTTARAPADA	mṛga śiva
gharṣa	2	UTTARAPADA	danta su
ghaṇa	2	UTTARAPADA	antar dru
ghaṭaka	2	UTTARAPADA	bhadra veśyā
ghaṭana	2	UTTARAPADA	hṛd kāṣṭha
ghaṭita	2	UTTARAPADA	kāṣṭha su
ghaṭṭa	2	UTTARAPADA	ara kālī
ghni	2	UTTARAPADA	sahasra śata
ghoratara	2	UTTARAPADA	aghora ghora
ghoṇa	2	UTTARAPADA	cāru pracaṇḍa
ghoṇṭā	2	UTTARAPADA	gopa mahā
ghoṣaṇā	2	UTTARAPADA	jaya paṭaha
ghoṣin	2	UTTARAPADA	grāma vasanta
ghrāṇa	2	UTTARAPADA	cipiṭa gandha
ghuta	2	UTTARAPADA	prāg samyag
ghā	2	UTTARAPADA	droṇa viṣa
ghātam	2	UTTARAPADA	pada samūla
ghātya	2	UTTARAPADA	jīva sukha
gila	2	UTTARAPADA	gila sarva
gin	2	UTTARAPADA	pataṃ vala
gira	2	UTTARAPADA	bahir bārhad
giri-māhātmya	2	UTTARAPADA	svāmi vṛddha
girika	2	UTTARAPADA	caṇḍa haima
glaha	2	UTTARAPADA	akṣa mithyā
godāna	2	UTTARAPADA	agni apara
gopī	2	UTTARAPADA	kalama śāli
goṇi	2	UTTARAPADA	daśa pañca
gra	2	UTTARAPADA	daśa tuvi
graha-yoga-śānti	2	UTTARAPADA	pañca ṣaḍ
grahaṇam	2	UTTARAPADA	yathā yāvad
grahītṛ	2	UTTARAPADA	guṇa pāṇi
granthika	2	UTTARAPADA	mahā sarva
granthī	2	UTTARAPADA	pañca sapta
grāhika	2	UTTARAPADA	dāṇḍa vārka
grāhikā	2	UTTARAPADA	garbha śṛṅga
grāhiṇī	2	UTTARAPADA	chattra cāmara
grāmin	2	UTTARAPADA	daśa pūrva
grāmī	2	UTTARAPADA	pañca tri
guggulu	2	UTTARAPADA	kaiśoraka kaṇa
gumpha	2	UTTARAPADA	vidhāna vāg
guṇana	2	UTTARAPADA	bhinna tiryag
guṇika	2	UTTARAPADA	dvai sārva
guṇṭhita	2	UTTARAPADA	pāṃsu reṇu
guṭikā	2	UTTARAPADA	hāra loṣṭa
gvin	2	UTTARAPADA	daśa śata
gāha	2	UTTARAPADA	uda udaka
gārhapata	2	UTTARAPADA	kuru vṛji
gātram	2	UTTARAPADA	prati yathā
gātrikā	2	UTTARAPADA	bhinna dṛḍha
gītaka	2	UTTARAPADA	komala stuti
gū	2	UTTARAPADA	agre ayo
gṛbhi	2	UTTARAPADA	dur paḍ
gṛdhra	2	UTTARAPADA	sapta sārasa
gṛha-pati	2	UTTARAPADA	soma varuṇa
gṛham	2	UTTARAPADA	prati yathā
gṛhya-pariśiṣṭa	2	UTTARAPADA	pāraskara śaunaka
gṛhītin	2	UTTARAPADA	catur yāvad
hananī	2	UTTARAPADA	stamba śumbha
hanman	2	UTTARAPADA	aśma puru
hara-caturthī-vrata	2	UTTARAPADA	saṃkaṣṭa saṃkaṭa
harṣin	2	UTTARAPADA	loma roma
harṣita	2	UTTARAPADA	roma sa
hasa	2	UTTARAPADA	niśā sa
hasra	2	UTTARAPADA	rāvaṇa sa
hastita	2	UTTARAPADA	sva vi
hastya	2	UTTARAPADA	madhu su
hataka	2	UTTARAPADA	daiva mataṃga
hatā	2	UTTARAPADA	brāhmaṇi pāṇi
havana	2	UTTARAPADA	agni rudra
haṃsa-gaṇi	2	UTTARAPADA	hema vijaya
haṃsya	2	UTTARAPADA	pāra pārama
haṇḍaka	2	UTTARAPADA	kula kūla
hema	2	UTTARAPADA	bhartṛ tapta
hetika	2	UTTARAPADA	svadhiti śakti
hetuka	2	UTTARAPADA	sa sphoṭa
hikkā	2	UTTARAPADA	huḍukka śvāsa
hitai@ṣiṇī	2	UTTARAPADA	śiśu śiṣya
hiṇḍaka	2	UTTARAPADA	rata rātri
hlāda	2	UTTARAPADA	mano nir
homa-prakāra	2	UTTARAPADA	saṃkṣipta vasiṣṭha
horā-prakāśa	2	UTTARAPADA	lagna śambhu
hotṛ-saptaka	2	UTTARAPADA	pauṇḍarīka soma
hrāsa	2	UTTARAPADA	tejo vṛtti
huti	2	UTTARAPADA	havir sarva
hvara	2	UTTARAPADA	agni dharuṇa
hvāna	2	UTTARAPADA	ku su
hārd	2	UTTARAPADA	dur su
hārita	2	UTTARAPADA	kumāra kṛṣṇa
hāsinī	2	UTTARAPADA	bhaṇḍa jāla
hāsā	2	UTTARAPADA	māṃsa rajanī
hāva	2	UTTARAPADA	pañca sa
hāyas	2	UTTARAPADA	sarva vi
hūta	2	UTTARAPADA	pauru puru
hūya	2	UTTARAPADA	deva pitṛ
hṛdaya-stotra	2	UTTARAPADA	lakṣmī viṣṇu
hṛdya	2	UTTARAPADA	kubera ārya
ibha	2	UTTARAPADA	dig smad
indra	2	UTTARAPADA	aham vāg
ita	2	UTTARAPADA	daur dur
iti	2	UTTARAPADA	antar dur
iḍa	2	UTTARAPADA	dvir ṣaḍ
iṅga	2	UTTARAPADA	jyotir nir
iṅgaṇa	2	UTTARAPADA	jyotir svar
iṣu	2	UTTARAPADA	bṛhad āsan
jagdhi	2	UTTARAPADA	kalya saha
jaghanā	2	UTTARAPADA	pulina vipula
jalada	2	UTTARAPADA	nir prauḍha
jalpita	2	UTTARAPADA	hata mithyā
jalā	2	UTTARAPADA	gopa maṇi
jalūkā	2	UTTARAPADA	karṇa tṛṇa
jambukā	2	UTTARAPADA	bhūmi jala
jambāla	2	UTTARAPADA	ghana sa
janam	2	UTTARAPADA	prati tiro
janika	2	UTTARAPADA	māhā sārva
janmika	2	UTTARAPADA	paurva pāra
janmā@ṣṭamī	2	UTTARAPADA	kṛṣṇa rādhā
janā@rdana	2	UTTARAPADA	lakṣmī śukla
japa-vidhāna	2	UTTARAPADA	nitya śūdra
jaras	2	UTTARAPADA	ati manda
jarjara	2	UTTARAPADA	ghuṇa vi
jarāyu	2	UTTARAPADA	jyotir nir
jayanta	2	UTTARAPADA	dur śyāma
jayantī	2	UTTARAPADA	bhakta hanumaj
jaṅgama	2	UTTARAPADA	sthira sthāvara
jaṭi	2	UTTARAPADA	dhūr siṃha
jenya	2	UTTARAPADA	sva vi
jeṣa	2	UTTARAPADA	kṣetra svar
jhampa	2	UTTARAPADA	gaja ūrdhva
jhaṃkāra	2	UTTARAPADA	pattra rāja
jhaṣa	2	UTTARAPADA	abdhi mahā
jhiṇṭī	2	UTTARAPADA	nīla śoṇa
ji	2	UTTARAPADA	bhānu yudhā
jihma	2	UTTARAPADA	vi śotha
jihva-tā	2	UTTARAPADA	jimbha mṛdu
jihvatā	2	UTTARAPADA	prabhūta tanu
jijñāsa	2	UTTARAPADA	kṛta nir
jijñāsā	2	UTTARAPADA	brahma dharma
jinva	2	UTTARAPADA	dhiyaṃ viśva
jityā	2	UTTARAPADA	vāja āji
jman	2	UTTARAPADA	pṛthu uru
joḍa	2	UTTARAPADA	jahi markaṭa
joṣas	2	UTTARAPADA	sa vi
jrayas	2	UTTARAPADA	pṛthu uru
jvalita	2	UTTARAPADA	kopa sambhrama
jyotir-vid	2	UTTARAPADA	kṛṣṇa śiva
jyotiṣmatī	2	UTTARAPADA	purastāj upariṣṭāj
jyoḍi	2	UTTARAPADA	hasta kara
jña-tā	2	UTTARAPADA	akṛta aviśeṣa
jñāna-vādā@rtha	2	UTTARAPADA	viśeṣa viśeṣaṇa
jñāti	2	UTTARAPADA	nir sva
jāgarika	2	UTTARAPADA	go hasti
jāhnavī	2	UTTARAPADA	ardha siddhānta
jālikā	2	UTTARAPADA	gṛha mṛga
jālī	2	UTTARAPADA	bahu mahā
jānapada	2	UTTARAPADA	jāti paura
jāti-viveka	2	UTTARAPADA	laghu pāñcāla
jātya	2	UTTARAPADA	hrasva sva
jātī	2	UTTARAPADA	svarṇa śaṅkha
jāvan	2	UTTARAPADA	pūrva vāri
jāya	2	UTTARAPADA	sa ṣaṣṭhī
jāyin	2	UTTARAPADA	anyatastya pāra
jāḍya	2	UTTARAPADA	nir śraddhā
jīrṇa	2	UTTARAPADA	ati su
jīvantikā	2	UTTARAPADA	bṛhaj svarṇa
kacchapikā	2	UTTARAPADA	kara pāṇi
kacchū	2	UTTARAPADA	muṣka vṛṣaṇa
kacu	2	UTTARAPADA	kāla vana
kadru	2	UTTARAPADA	vi viśva
kaitava	2	UTTARAPADA	niṣ sa
kajjala	2	UTTARAPADA	kula siddha
kakubh	2	UTTARAPADA	tri ākhaṇḍala
kakuda	2	UTTARAPADA	tri śiti
kalam	2	UTTARAPADA	prati sāma
kalila	2	UTTARAPADA	moha su
kaliṅga	2	UTTARAPADA	tri veśma
kalpa-grantha	2	UTTARAPADA	aurva auṣadha
kalpa-latikā	2	UTTARAPADA	nyāya śyāmā
kalpaka	2	UTTARAPADA	ratha vāda
kalpalatikā	2	UTTARAPADA	sāpiṇḍya vedānta
kalpam	2	UTTARAPADA	prati yathā
kalpita	2	UTTARAPADA	prathama su
kalyāṇaka	2	UTTARAPADA	mahā pañca
kalāpaka	2	UTTARAPADA	nāḍī raśanā
kalāyī	2	UTTARAPADA	lavana lavaṇa
kamalinī	2	UTTARAPADA	bāla sthala
kampin	2	UTTARAPADA	śaila śiraḥ
kandalī	2	UTTARAPADA	bhūmi nyāya
kandikā	2	UTTARAPADA	aśva tikta
kapaṭa	2	UTTARAPADA	kṛta niṣ
kapittha	2	UTTARAPADA	bhū mahā
kapālam	2	UTTARAPADA	prati yāvat
kapīvat	2	UTTARAPADA	ghana vana
kara-tva	2	UTTARAPADA	asat sat
karambha	2	UTTARAPADA	bali mahā
karavīra	2	UTTARAPADA	kṛṣṇa rakta
karavīraka	2	UTTARAPADA	pīta rakta
karaṅka	2	UTTARAPADA	jala tāmbūla
karaṇaka	2	UTTARAPADA	sa vyaya
karaṇḍa	2	UTTARAPADA	nyāya puṣpa
karaṭa	2	UTTARAPADA	bhinna gaṇḍa
kareṇukā	2	UTTARAPADA	yāma yāmaka
kariṣṇu	2	UTTARAPADA	alaṃ bahulī
karkara	2	UTTARAPADA	barkara veṇu
karkaśa	2	UTTARAPADA	prati tarka
karkaṭaka	2	UTTARAPADA	kṛṣṇa śālā
karma-kara	2	UTTARAPADA	bhṛti dāsa
karma-kārin	2	UTTARAPADA	anumata tat
karma-vidhi	2	UTTARAPADA	śrāvaṇī ṣoḍaśa
karpaṭa	2	UTTARAPADA	kaṭi pañca
karpūra-ja	2	UTTARAPADA	dvīpa dīpa
karpūraka	2	UTTARAPADA	dvīpa rāma
kartarī	2	UTTARAPADA	pattra udvega
karttṛ	2	UTTARAPADA	tantu śalya
karā	2	UTTARAPADA	kisalaya vīra
karīra	2	UTTARAPADA	su vetra
karśita	2	UTTARAPADA	vyāyāma śrama
karṇā@mṛta	2	UTTARAPADA	rāma śiva
karṣaka	2	UTTARAPADA	kṣetra palvala
karṣū	2	UTTARAPADA	dākṣi hasti
kathika	2	UTTARAPADA	kathaṃ vaiśva
kaurava	2	UTTARAPADA	niṣ sa
kauśeya	2	UTTARAPADA	dhauta tri
kauṇḍinya	2	UTTARAPADA	vyākaraṇa ājñāta
kavī@ndra	2	UTTARAPADA	hari rudra
kaśyapa	2	UTTARAPADA	bhū vi
kaṃsika	2	UTTARAPADA	ardha ārdha
kaṅka	2	UTTARAPADA	svalpa vrīhi
kaṅkata	2	UTTARAPADA	satīna vi
kaṇṭakinī	2	UTTARAPADA	mahā viṣa
kaṇṭakārī	2	UTTARAPADA	kṣudra śveta
kaṇṭham	2	UTTARAPADA	mukta prati
kaṇṭikā	2	UTTARAPADA	dara kṣudra
kaṇṭārikā	2	UTTARAPADA	kṣudra sita
kaṭaṅkaṭa	2	UTTARAPADA	kāla śāla
kaṭha	2	UTTARAPADA	kāpiṣṭhala prācya
kaṭhinika	2	UTTARAPADA	vārdhra vāṃśa
kaṭukā	2	UTTARAPADA	kedāra kṛṣṇa
kaṭya	2	UTTARAPADA	nai prā
kaṭā	2	UTTARAPADA	ehi prehi
kaṭāhaka	2	UTTARAPADA	khaṭa śleṣma
kendra	2	UTTARAPADA	drāk śīghra
kesarā	2	UTTARAPADA	bhūta cāru
ketuka	2	UTTARAPADA	tṛṇa āruṇa
keśatā	2	UTTARAPADA	citra snigdha
keśaṭa	2	UTTARAPADA	madhu mātṛ
keśi	2	UTTARAPADA	jaya su
keśya	2	UTTARAPADA	hiraṇya sārva
khalati	2	UTTARAPADA	yuva śukti
khana	2	UTTARAPADA	mṛt rasā
kharjūra	2	UTTARAPADA	kṣīra piṇḍa
kharva	2	UTTARAPADA	mahā tri
khañja	2	UTTARAPADA	kalāya kāla
khaṇḍin	2	UTTARAPADA	vaira yaśaḥ
khaṭva	2	UTTARAPADA	pañca tri
khelam	2	UTTARAPADA	sa yathā
khelā	2	UTTARAPADA	phala phāla
kheṭa	2	UTTARAPADA	khañja ratna
kheṭaka	2	UTTARAPADA	prati ṣaṭ
khilya	2	UTTARAPADA	bāla saindhava
khyāna	2	UTTARAPADA	puṃ samāna
khyāta	2	UTTARAPADA	mahā su
khādaka	2	UTTARAPADA	kaṭa khaṭa
khādikā	2	UTTARAPADA	abhyūṣa bisa
khānaka	2	UTTARAPADA	kūpa mūla
khāni	2	UTTARAPADA	lavaṇa ratna
khārī	2	UTTARAPADA	ardha śūrpa
khārīka	2	UTTARAPADA	adhyardha dvi
khāḍava	2	UTTARAPADA	rakta rāga
kilbiṣin	2	UTTARAPADA	artha rāja
kim	2	UTTARAPADA	mā na
kirīṭa	2	UTTARAPADA	ati indu
kirīṭin	2	UTTARAPADA	ratna vāma
kis	2	UTTARAPADA	mā na
kisalaya	2	UTTARAPADA	caraṇa kara
kiñjalka	2	UTTARAPADA	hema nāga
kiṃcana	2	UTTARAPADA	na niṣ
kiṃśuka	2	UTTARAPADA	su vane
kliṣṭa	2	UTTARAPADA	madana sparśa
knopam	2	UTTARAPADA	cela vastra
kohala	2	UTTARAPADA	kṛṣṇa mada
koka	2	UTTARAPADA	vi vāk
kokila	2	UTTARAPADA	nyāya puṃs
kokilā	2	UTTARAPADA	gandha unnata
kolāhala	2	UTTARAPADA	jaya rāja
kopin	2	UTTARAPADA	āśu śīghra
kośala	2	UTTARAPADA	prāk viṣṇu
koṣaka	2	UTTARAPADA	aṇḍa indra
kra	2	UTTARAPADA	dadhi vasu
krama-mālā	2	UTTARAPADA	dhātu smaraṇa
kramaṇa	2	UTTARAPADA	naiṣ sapiṇḍī
kramya	2	UTTARAPADA	naiṣ saha
kramā@gata	2	UTTARAPADA	pūrva vaṃśa
kratava	2	UTTARAPADA	sauma śāta
kratavīya	2	UTTARAPADA	sauma soma
krauñca	2	UTTARAPADA	aiḍa nīla
krimi	2	UTTARAPADA	udara vāri
kriyamāṇa	2	UTTARAPADA	paryagni yathā
krudh	2	UTTARAPADA	ati sa
kruṣṭa	2	UTTARAPADA	anupahata ati
krīḍita	2	UTTARAPADA	kṛṣṇa upāṃśu
kubjaka	2	UTTARAPADA	jala vāri
kuha	2	UTTARAPADA	duṣ mahā
kulijika	2	UTTARAPADA	dvai dvi
kuliśa	2	UTTARAPADA	kṣudra nyāya
kuliṅga	2	UTTARAPADA	gṛha veśma
kulo@dvaha	2	UTTARAPADA	bhṛgu yadu
kumbhā	2	UTTARAPADA	madhu toya
kumuda	2	UTTARAPADA	rakta sthala
kumāra-carita	2	UTTARAPADA	daśa megha
kumārīka	2	UTTARAPADA	su tri
kurabaka	2	UTTARAPADA	bhūmī pṛthvī
kuraṇḍa	2	UTTARAPADA	pūlāsa pūlāsaka
kurīra	2	UTTARAPADA	kumba su
kusama	2	UTTARAPADA	pāṭala vasanta
kusumbha	2	UTTARAPADA	araṇya kari
kutsita	2	UTTARAPADA	ati dvija
kuṅkuma	2	UTTARAPADA	grāmya tṛṇa
kuṇḍaka	2	UTTARAPADA	ku lakṣmaṇa
kuṇḍalinī	2	UTTARAPADA	kula yoga
kuṇḍikā	2	UTTARAPADA	darbha sarpiṣ
kuṭumbinī	2	UTTARAPADA	kauleya ku
kuṭīra	2	UTTARAPADA	kuñja tṛṇa
kuṭṭima	2	UTTARAPADA	dhūli vastra
kvāṇa	2	UTTARAPADA	kaṭu khara
kādambarī	2	UTTARAPADA	padya saṃkṣipta
kāku-rava	2	UTTARAPADA	kāma madana
kākud	2	UTTARAPADA	pūrṇa vi
kākīya	2	UTTARAPADA	haṃsa śveta
kāleya	2	UTTARAPADA	kṣullaka mahā
kālidāsa	2	UTTARAPADA	abhinava nava
kālya	2	UTTARAPADA	paurva sārva
kāma-dhenu	2	UTTARAPADA	hiraṇya kāvya
kāmadhenu	2	UTTARAPADA	ahalyā prākṛta
kāmam	2	UTTARAPADA	yatra yāvat
kāmanā	2	UTTARAPADA	phala vṛṣṭi
kāmi	2	UTTARAPADA	dyau sātya
kāmuka	2	UTTARAPADA	haṭha niṣ
kānana-māhātmya	2	UTTARAPADA	heramba ānanda
kāntī	2	UTTARAPADA	viṣṇu śiva
kāpotī	2	UTTARAPADA	kṛṣṇa śveta
kāraṇāt	2	UTTARAPADA	artha lābha
kāri	2	UTTARAPADA	cira gaṇa
kārika	2	UTTARAPADA	cira rātha
kārmika	2	UTTARAPADA	pāri sārva
kārṣāpaṇika	2	UTTARAPADA	adhyardha dvi
kāsīsa	2	UTTARAPADA	dhātu puṣpa
kāti	2	UTTARAPADA	kāma ṛṇa
kātya	2	UTTARAPADA	harita jihvā
kāśī	2	UTTARAPADA	bhadra mahā
kāṃsya	2	UTTARAPADA	mṛt uda
kāṇva	2	UTTARAPADA	paiṅgala piṅgala
kāṇḍaka	2	UTTARAPADA	kāṇḍa kṣīra
kāṇḍam	2	UTTARAPADA	prati yathā
kāṇḍikā	2	UTTARAPADA	karabha su
kāṣa	2	UTTARAPADA	gaṇḍa kapola
kāṣam	2	UTTARAPADA	samūla sarva
kīm	2	UTTARAPADA	mā na
kīśa	2	UTTARAPADA	ambu matta
kūja	2	UTTARAPADA	antra niṣ
kūjita	2	UTTARAPADA	kukṣi rata
kūlaka	2	UTTARAPADA	gṛha mādra
kūlika	2	UTTARAPADA	prati prāti
kūlā	2	UTTARAPADA	aja citra
kūpaka	2	UTTARAPADA	jaghana smara
kūrcikā	2	UTTARAPADA	dadhi tṛṇa
kūṇikā	2	UTTARAPADA	kala kaṇṭha
kūṭī	2	UTTARAPADA	gandha grantha
kṛ	2	UTTARAPADA	khilī navī
kṛcchraka	2	UTTARAPADA	varuṇa śīta
kṛkara	2	UTTARAPADA	grāhaka krūra
kṛpa	2	UTTARAPADA	niṣ sa
kṛpaṇa	2	UTTARAPADA	pradāna prakṛti
kṛtha	2	UTTARAPADA	putra tanū
kṛtika	2	UTTARAPADA	nai naiṣ
kṛtvā	2	UTTARAPADA	alaṃ nīcaiḥ
kṛṣṇīya	2	UTTARAPADA	praśna pūrva
kṣa	2	UTTARAPADA	dyu tuvi
kṣapaṇaka	2	UTTARAPADA	mahā nagna
kṣauma	2	UTTARAPADA	maṅgala pelava
kṣaṇāt	2	UTTARAPADA	etat vastu
kṣeman	2	UTTARAPADA	pārṣṇi su
kṣepaka	2	UTTARAPADA	astra pāri
kṣepika	2	UTTARAPADA	prāti pāri
kṣipta	2	UTTARAPADA	pavana tiryak
kṣita	2	UTTARAPADA	parī pāri
kṣmā	2	UTTARAPADA	raṇa yuddha
kṣmā-bhṛt	2	UTTARAPADA	carama tuhina
kṣudra	2	UTTARAPADA	pāra vi
kṣālana	2	UTTARAPADA	prā pāyu
kṣāma	2	UTTARAPADA	kṣut kṣāma
kṣāmā	2	UTTARAPADA	dyāvā madhya
kṣānta	2	UTTARAPADA	ahaḥ candra
kṣāraka	2	UTTARAPADA	mālatī samūha
kṣīraka	2	UTTARAPADA	madhu tāla
labha	2	UTTARAPADA	dur su
lagnā	2	UTTARAPADA	bhū bhūri
laguḍa	2	UTTARAPADA	kṣipta vāditra
lahari	2	UTTARAPADA	lakṣmī ānanda
lajjā	2	UTTARAPADA	sparśa śṛṅgāra
lakṣa-homa	2	UTTARAPADA	bṛhal laghu
lakṣaṇaka	2	UTTARAPADA	daśa kiṃ
lakṣaṇī	2	UTTARAPADA	dvādaśa pañca
lakṣita	2	UTTARAPADA	su vi
lakṣma	2	UTTARAPADA	deva jyeṣṭha
lakṣmī-pūjā	2	UTTARAPADA	sāmrājya vara
lalitā	2	UTTARAPADA	jyeṣṭha kumāra
lalāṭikā	2	UTTARAPADA	bhasma ucca
lalāṭā	2	UTTARAPADA	ucca vistīrṇa
lambana	2	UTTARAPADA	aja dṛg
lavya	2	UTTARAPADA	duḥkha eka
laśuna	2	UTTARAPADA	rakta sita
leha	2	UTTARAPADA	madhu rasa
lehin	2	UTTARAPADA	havya madhu
lehya	2	UTTARAPADA	hṛdaya śva
lekhanī	2	UTTARAPADA	ghṛta smara
lipsu	2	UTTARAPADA	mṛga prāṇa
liptā	2	UTTARAPADA	kṣetra vi
liṅga-dhara	2	UTTARAPADA	mithyā suhṛl
liṅgam	2	UTTARAPADA	prati yathā
liṅge@śvara	2	UTTARAPADA	maṇi ratna
liṅgī	2	UTTARAPADA	sahasra viṣṇu
lobhin	2	UTTARAPADA	dhana vipra
lodhraka	2	UTTARAPADA	hasti paṭṭi
lohin	2	UTTARAPADA	kāṣṭha su
loka-dhātu	2	UTTARAPADA	saha śava
lokī	2	UTTARAPADA	sapta tri
lolikā	2	UTTARAPADA	ahi amla
lomadhi	2	UTTARAPADA	sa su
lomaka	2	UTTARAPADA	mṛdu prati
lomaśā	2	UTTARAPADA	ati pāṇḍu
lomika	2	UTTARAPADA	mṛga prāti
lopaka	2	UTTARAPADA	dhāra vidhi
loṇī	2	UTTARAPADA	amla caṇaka
lulita	2	UTTARAPADA	ati su
lumpa	2	UTTARAPADA	śata śatru
luṅga	2	UTTARAPADA	mastaka mastu
lālā	2	UTTARAPADA	aśva haya
lāsa	2	UTTARAPADA	hṛl yava
lāsaka	2	UTTARAPADA	hṛl tarku
lāvaṇika	2	UTTARAPADA	daka uda
lāvaṇya	2	UTTARAPADA	rūpa samadhika
lāṅgula	2	UTTARAPADA	go samunnata
līḍha	2	UTTARAPADA	go kubja
m-bhaṭṭa	2	UTTARAPADA	bāla rāya
m-bhāva	2	UTTARAPADA	śithila śītī
m-indha	2	UTTARAPADA	agni bhrāṣṭra
m-ita	2	UTTARAPADA	asta pāra
m-para	2	UTTARAPADA	para pāra
m-ugra	2	UTTARAPADA	satya sātya
ma	2	TADDHITA_SUFFIX_EXT	dvādaśa nava
madga	2	UTTARAPADA	pauru puru
madgu	2	UTTARAPADA	jala kāka
madgurikā	2	UTTARAPADA	grāma grāmya
madhuka	2	UTTARAPADA	yaṣṭi yaṣṭī
madhurā	2	UTTARAPADA	kṣīra mādhvī
madhya-ga	2	UTTARAPADA	bahu mārga
madra	2	UTTARAPADA	pūrva su
madā	2	UTTARAPADA	rati viśva
magadha	2	UTTARAPADA	pūrva su
maghavan	2	UTTARAPADA	mahī sato
mahe@ndra	2	UTTARAPADA	bhū mahī
mahimā@darśa	2	UTTARAPADA	brāhmaṇa rāmāyaṇa
mahā-mātra	2	UTTARAPADA	dharma gaṇanā
maithunā	2	UTTARAPADA	aspṛṣṭa saṃspṛṣṭa
maitrāvaruṇa	2	UTTARAPADA	kokila soma
majjan	2	UTTARAPADA	madhu svādu
makuṭa	2	UTTARAPADA	ardha śrī
makṣā	2	UTTARAPADA	madhu nīla
malina	2	UTTARAPADA	bhūti su
mallika	2	UTTARAPADA	bharata su
manana	2	UTTARAPADA	vedānta vāsudeva
manas-ka	2	UTTARAPADA	gata ātta
mandara	2	UTTARAPADA	meru māna
mandra	2	UTTARAPADA	mṛga puru
mandāra	2	UTTARAPADA	kṛta śveta
mano-buddhi	2	UTTARAPADA	avipluta samāhita
manthara	2	UTTARAPADA	dara vi
mantra-bhāṣya	2	UTTARAPADA	chāndogya homa
mantra-sādhana	2	UTTARAPADA	vagalā śyāmalā
manuja	2	UTTARAPADA	kāśi nir
mardanī	2	UTTARAPADA	ahi viṣa
markaṭa	2	UTTARAPADA	jala loca
martya	2	UTTARAPADA	pautra upari
marīcikā	2	UTTARAPADA	maru su
masi	2	UTTARAPADA	jala vāri
mata-vicāra	2	UTTARAPADA	navya navīna
matallikā	2	UTTARAPADA	aśva go
math	2	UTTARAPADA	madhu manmatha
matha	2	UTTARAPADA	go vāra
mathanī	2	UTTARAPADA	keśa śumbha
mathya	2	UTTARAPADA	sindhu ulmuka
matikā	2	UTTARAPADA	buddhi samādhi
mattā	2	UTTARAPADA	mada yauvana
mayūkha-mālikā	2	UTTARAPADA	maṅgala naya
mayūraka	2	UTTARAPADA	matta yantra
mañca	2	UTTARAPADA	citra prati
mañjarī-guṇa-leśa-sūcaka-daśaka	2	UTTARAPADA	moda māna
maśaka	2	UTTARAPADA	daṃśa nir
maṅgala-dīpikā	2	UTTARAPADA	vedānta vijaya
maṇi-mañjarī	2	UTTARAPADA	naya siddhānta
maṇi-mālā	2	UTTARAPADA	nava viruda
maṇī	2	UTTARAPADA	kaṅkaṇa śoṇa
maṇḍalika	2	UTTARAPADA	mahā nāga
maṇḍanā	2	UTTARAPADA	nagara prāsāda
maṇḍūkī	2	UTTARAPADA	abdhi brahma
medas	2	UTTARAPADA	varṣa yakṛn
medhya	2	UTTARAPADA	sarva su
meya	2	UTTARAPADA	muṣṭi nai
meḍhra	2	UTTARAPADA	nīcā paśu
meṣī	2	UTTARAPADA	kāka kāla
mita	2	UTTARAPADA	pāṇi su
mitrika	2	UTTARAPADA	dāsa sauma
mitrāyaṇa	2	UTTARAPADA	bāhu dāsa
moca	2	UTTARAPADA	dur gandha
mocaka	2	UTTARAPADA	granthi kṣīra
mocikā	2	UTTARAPADA	gala gṛha
moda-taraṃgiṇī	2	UTTARAPADA	bhakta vidvan
modana	2	UTTARAPADA	gandha ucchiṣṭa
modin	2	UTTARAPADA	dhvana gīta
mogha	2	UTTARAPADA	nir vi
mohaka	2	UTTARAPADA	aśva kṣīṇa
mohin	2	UTTARAPADA	mahā śṛṅga
moṣa	2	UTTARAPADA	nagara vāma
mradas	2	UTTARAPADA	ūrṇa ūrṇā
muda	2	UTTARAPADA	ku nir
mudgā	2	UTTARAPADA	kāka āraṇya
muh	2	UTTARAPADA	mano yajña
muhūrtam	2	UTTARAPADA	catur prati
mukha-capeṭikā	2	UTTARAPADA	para pāṣaṇḍa
mukha-mardana	2	UTTARAPADA	madhva pāṣaṇḍa
mukharī	2	UTTARAPADA	prati suvarṇa
mukhin	2	UTTARAPADA	hrīta ākāśa
mukhīna	2	UTTARAPADA	brāhmaṇa yathā
muktā-phala	2	UTTARAPADA	bhāgavata śruti
muktāmaṇi	2	UTTARAPADA	muhūrta sāhitya
mukula	2	UTTARAPADA	nīti prati
mukura	2	UTTARAPADA	karṇa mati
musta	2	UTTARAPADA	bhadra kaivarta
mustaka	2	UTTARAPADA	bhadra kaivarta
muṇḍā	2	UTTARAPADA	carma caṇḍa
muṣita	2	UTTARAPADA	nagna su
muṣkaka	2	UTTARAPADA	asita kāla
muṣṭim-paca	2	UTTARAPADA	nīvāra śyāmāka
mā	2	UTTARAPADA	candra pūrṇa
mācala	2	UTTARAPADA	gaja kari
mācikā	2	UTTARAPADA	gṛha kāka
mādhavī	2	UTTARAPADA	latā madhu
mādhurya	2	UTTARAPADA	mukha vāṅ
mādya	2	UTTARAPADA	prā sadha
māgadha	2	UTTARAPADA	mādhava su
māhātmya-saṃgraha	2	UTTARAPADA	badarikā mathurā
mālika	2	UTTARAPADA	daśa sukha
mālyā@nulepana	2	UTTARAPADA	priya śukla
mānaso@llāsa	2	UTTARAPADA	prabodha rāja
māndya	2	UTTARAPADA	agni muṣṭi
māninī	2	UTTARAPADA	nara sraughnī
mārgī	2	UTTARAPADA	bahu dvi
mārikā	2	UTTARAPADA	daśa tri
māriṣa	2	UTTARAPADA	alpa latā
mārjanī	2	UTTARAPADA	gātra gṛha
mātaṃga	2	UTTARAPADA	mātaṃga vana
mātraka	2	UTTARAPADA	aṅguṣṭha tan
mātre	2	UTTARAPADA	bhukta jñāta
mātrika	2	UTTARAPADA	ardha aṇu
mātrikā	2	UTTARAPADA	hula siddha
māṇa	2	UTTARAPADA	parī uru
māṇika	2	UTTARAPADA	nair prā
māṇikya-mālā	2	UTTARAPADA	praśna vṛtta
māṇya	2	UTTARAPADA	prā pāri
mī	2	UTTARAPADA	manyu srava
mūra	2	UTTARAPADA	saha vasā
mūrchana	2	UTTARAPADA	nara vi
mūrchita	2	UTTARAPADA	krodha śoka
mūta	2	UTTARAPADA	kāma vana
mūtra-tā	2	UTTARAPADA	kṣipra rakta
mūtraka	2	UTTARAPADA	bahu daśa
mūṣika	2	UTTARAPADA	gandha mahā
mūṣā	2	UTTARAPADA	andha mṛn
mṛdu	2	UTTARAPADA	svādu ūrṇā
mṛtsna	2	UTTARAPADA	kṣīra mṛdu
mṛṇāla	2	UTTARAPADA	bāla śithilita
mṛṣṭa	2	UTTARAPADA	mātṛ su
nadi	2	UTTARAPADA	madhye prati
nadī-bhava	2	UTTARAPADA	srota sroto
nagaram	2	UTTARAPADA	madhye prati
naimittika	2	UTTARAPADA	nimitta nitya
naka	2	UTTARAPADA	kuṭan śaṅkha
naktam	2	UTTARAPADA	dina divā
nakṣatra-mālikā	2	UTTARAPADA	vāda śiva
naptṛ	2	UTTARAPADA	prati tanū
napāt	2	UTTARAPADA	tanū vatsa
nara-siṃha	2	UTTARAPADA	lakṣmī ujjvala
narda	2	UTTARAPADA	go su
nare@śvara	2	UTTARAPADA	pāṇḍya vikrama
narta	2	UTTARAPADA	nitya sadā
nati	2	UTTARAPADA	su śiro
naukā	2	UTTARAPADA	bṛhan vijñāna
navanītaka	2	UTTARAPADA	abdhi samudra
nayanī	2	UTTARAPADA	dvi tarala
naḍa	2	UTTARAPADA	bṛhan sūtra
naṣṭa	2	UTTARAPADA	dṛṣṭa jāta
nediṣṭha	2	UTTARAPADA	nābhā nābhāga
nejana	2	UTTARAPADA	muñja pan
netraka	2	UTTARAPADA	eka ku
netrikā	2	UTTARAPADA	rasa śata
netrī	2	UTTARAPADA	jīva rasa
nibarhaṇa	2	UTTARAPADA	pitta śatru
nidhi-tīrtha	2	UTTARAPADA	satya vidyā
nigadin	2	UTTARAPADA	śruta śruti
nigama	2	UTTARAPADA	cāpa devatā
nighna	2	UTTARAPADA	vi vāyu
nigrahaṇa	2	UTTARAPADA	purīṣa roga
nikhāta	2	UTTARAPADA	antar su
nikṛntana	2	UTTARAPADA	mūla nakha
nikṣepa	2	UTTARAPADA	pakṣa rahasya
nilayā	2	UTTARAPADA	gandha vindhya
nimaya	2	UTTARAPADA	su īṣan
nimita	2	UTTARAPADA	cakṣur dur
nimīlikā	2	UTTARAPADA	gaja ibha
nimīlita	2	UTTARAPADA	gaja rajo
nināda	2	UTTARAPADA	mahā nāndī
nipātana	2	UTTARAPADA	daṇḍa śastra
nirata	2	UTTARAPADA	ahiṃsā videśa
nirati	2	UTTARAPADA	pāpa viṣaya
nirgamana	2	UTTARAPADA	bahir dhūma
nirgata	2	UTTARAPADA	cira su
nirghāta	2	UTTARAPADA	doṣa sa
nirghṛṇa	2	UTTARAPADA	sa su
nirmala	2	UTTARAPADA	su vi
nirmocana	2	UTTARAPADA	sarpa saṃdhi
nirmoka	2	UTTARAPADA	dala mukta
nirmālya	2	UTTARAPADA	deva rudra
nirukta	2	UTTARAPADA	brahma yāska
nirukti	2	UTTARAPADA	sāmānya viśeṣa
nirvacana	2	UTTARAPADA	bhārata rāmāyaṇa
nirveda	2	UTTARAPADA	sa saṃjāta
nirviśeṣa	2	UTTARAPADA	mūṣika sa
nirvṛti	2	UTTARAPADA	citta vṛka
niryukti	2	UTTARAPADA	ogha piṇḍa
niryātaka	2	UTTARAPADA	mṛta preta
niryātana	2	UTTARAPADA	maṇi vaira
nirīkṣaka	2	UTTARAPADA	divasa mukha
nirṇejaka	2	UTTARAPADA	cela vastra
nirṇejana	2	UTTARAPADA	kṛta pātrī
nisūdana	2	UTTARAPADA	bala daitya
nitya-pūjā-vidhi	2	UTTARAPADA	devī pādma
nivartana	2	UTTARAPADA	chandaka ruṅ
nivedana	2	UTTARAPADA	priya ātma
nivṛtta	2	UTTARAPADA	anāśaka dur
niyoga	2	UTTARAPADA	daṇḍa kāla
niścala	2	UTTARAPADA	su vi
niśreṇī	2	UTTARAPADA	deva vaṃśa
niśvāsa	2	UTTARAPADA	dīrgha kṣaṇa
niṣeka	2	UTTARAPADA	prajā salila
niṣevita	2	UTTARAPADA	amanuṣya dvija
niṣkramaṇa	2	UTTARAPADA	dur go
niṣkrayaṇa	2	UTTARAPADA	puruṣa ātma
niṣkuṭa	2	UTTARAPADA	samudra sāmudra
niṣkṛta	2	UTTARAPADA	punar su
niṣkṛti	2	UTTARAPADA	garbha pāpa
niṣpeṣa	2	UTTARAPADA	tala vajra
niṣpāvikā	2	UTTARAPADA	nakha vṛtta
niṣṭhura	2	UTTARAPADA	prakṛti su
niṣṭhā	2	UTTARAPADA	puru vāṅ
nu	2	UTTARAPADA	na su
nyagrodha	2	UTTARAPADA	gautama plakṣa
nyaṅga	2	UTTARAPADA	viṣṇu śveta
nyāsa-vidhi	2	UTTARAPADA	mahā pūjā
nyāyam	2	UTTARAPADA	prati yathā
nābhaka	2	UTTARAPADA	su sva
nādaka	2	UTTARAPADA	siṃha su
nāgara	2	UTTARAPADA	keli pauṇḍra
nāgarī	2	UTTARAPADA	deva nandi
nāka	2	UTTARAPADA	tri śiśu
nālaka	2	UTTARAPADA	cāru su
nāmikā	2	UTTARAPADA	añjana bhadra
nāmnika	2	UTTARAPADA	mahā māhā
nānā-tva	2	UTTARAPADA	mahā vāyu
nārada-purāṇa	2	UTTARAPADA	bṛhan śrī
nāradīya	2	UTTARAPADA	bṛhan laghu
nārāca	2	UTTARAPADA	ardha rata
nārāyaṇo@paniṣad	2	UTTARAPADA	bṛhan laghu
nāsikī	2	UTTARAPADA	prāṅ tuṅga
nāthaka	2	UTTARAPADA	nāka vṛkṣa
nāḍa	2	UTTARAPADA	puṃ vi
nāṭa	2	UTTARAPADA	bṛhan puṃ
nīkāśa	2	UTTARAPADA	babhru dhūmra
nīvī	2	UTTARAPADA	akṣaya toya
nṛsiṃha	2	UTTARAPADA	siddhi vallabha
opaśa	2	UTTARAPADA	dvy go
oṣṭha	2	UTTARAPADA	sphurad śity
pac	2	UTTARAPADA	odana śva
pacya	2	UTTARAPADA	akṛṣṭa kṛṣṭa
pade	2	UTTARAPADA	antaḥ iḍas
padi	2	UTTARAPADA	sa āḍhya
padin	2	UTTARAPADA	parasmai ātmane
padmaka	2	UTTARAPADA	sa śoṇa
padmam	2	UTTARAPADA	madhye prati
padra	2	UTTARAPADA	kaṭu nanda
padā	2	UTTARAPADA	krauñca upastha
paiśācika	2	UTTARAPADA	cūlikā mahā
pakti	2	UTTARAPADA	loka śarīra
pakṣapāta	2	UTTARAPADA	sama vi
pakṣas	2	UTTARAPADA	pṛthu vi
pakṣika	2	UTTARAPADA	bodhi kṣudra
pakṣya	2	UTTARAPADA	dvai prāti
pallī	2	UTTARAPADA	saṃnyāsa ābhīra
palāśikā	2	UTTARAPADA	gandha pṛthu
paramā@ṇu	2	UTTARAPADA	bhṛtya vāyu
paribhava	2	UTTARAPADA	para pracura
paribhāṣā-vṛtti	2	UTTARAPADA	laghu vyāḍīya
paribhūta	2	UTTARAPADA	sadā su
paricāraka	2	UTTARAPADA	pratimā pāda
paridhvaṃsa	2	UTTARAPADA	varṇa vidhu
parigṛhīta	2	UTTARAPADA	prathama ubhayataḥ
parihāra	2	UTTARAPADA	doṣa virodha
parihāṇi	2	UTTARAPADA	samādhi vīrya
parijñāta	2	UTTARAPADA	ku su
parikrama	2	UTTARAPADA	laghu sa
parikriyā	2	UTTARAPADA	agni rājya
parimocana	2	UTTARAPADA	dveṣa indriya
parimuktā	2	UTTARAPADA	dveṣa moha
parinirvāṇa	2	UTTARAPADA	mahā skandha
paripāka	2	UTTARAPADA	daśā kāla
paripālana	2	UTTARAPADA	prajā pratijñā
paripāṭī	2	UTTARAPADA	guru yuddha
paripūrṇa	2	UTTARAPADA	dhṛti su
parita	2	UTTARAPADA	manyu para
paritoṣa	2	UTTARAPADA	paṇḍita sa
parityakta	2	UTTARAPADA	saṃkhyā upapatti
parityāga	2	UTTARAPADA	prāṇa ātma
parivartin	2	UTTARAPADA	abhyāsa pārśva
parivāda	2	UTTARAPADA	aślīla para
parivāsa	2	UTTARAPADA	kāla mūla
parivṛtti	2	UTTARAPADA	jāti phala
pariśrama	2	UTTARAPADA	bhraṣṭa saṃsāra
pariṇata	2	UTTARAPADA	jarā su
pariṇati	2	UTTARAPADA	phala vayaḥ
pariṇayana	2	UTTARAPADA	umā śūdrā
pariṇītā	2	UTTARAPADA	anuloma paṇya
parkika	2	UTTARAPADA	madhu mādhu
paro'kṣa	2	UTTARAPADA	loka sarva
parvaka	2	UTTARAPADA	mṛdu śata
parvataka	2	UTTARAPADA	eka krīḍā
parvaṇa	2	UTTARAPADA	su vārṣa
paryantam	2	UTTARAPADA	kim svapna
paryuṣita	2	UTTARAPADA	rātri sadyaḥ
paryāyam	2	UTTARAPADA	anna prati
paryāṇa	2	UTTARAPADA	sa vi
parāga	2	UTTARAPADA	kanaka kha
parājita	2	UTTARAPADA	pāpa ātma
parī@kṣita	2	UTTARAPADA	ku su
parī@kṣya	2	UTTARAPADA	duṣ su
parṇeya	2	UTTARAPADA	su śāta
parṇika	2	UTTARAPADA	sura taila
patatrin	2	UTTARAPADA	amala nīra
pataṃga	2	UTTARAPADA	kīṭa patat
path	2	UTTARAPADA	sat su
pathyā	2	UTTARAPADA	viparīta śākvara
pathīna	2	UTTARAPADA	sarva sat
pati-caritra	2	UTTARAPADA	maṇi muni
patika	2	UTTARAPADA	eka prajā
patna	2	UTTARAPADA	sa vi
patni	2	UTTARAPADA	prati saha
pattra-maya	2	UTTARAPADA	cāru harita
pattrita	2	UTTARAPADA	sa su
pattrā@kṣa	2	UTTARAPADA	añcita kamala
patī	2	UTTARAPADA	jāyā tri
paura	2	UTTARAPADA	nīla sa
pauruṣika	2	UTTARAPADA	prāti rāja
pavitraka	2	UTTARAPADA	sa śiva
payodhara	2	UTTARAPADA	cāru ghana
pañca-rātra	2	UTTARAPADA	deva nārada
pañca-śatī	2	UTTARAPADA	devī lalitā
pañcamīka	2	UTTARAPADA	kalyāṇa kalyāṇī
pañcan	2	UTTARAPADA	ardha pañca
pañcaviṃśatikā	2	UTTARAPADA	dharma gaṇita
pañjikā	2	UTTARAPADA	praśna upalekha
paścā@rdha	2	UTTARAPADA	dakṣiṇa uttara
paścāttāpa	2	UTTARAPADA	gṛhīta kṛta
paṇika	2	UTTARAPADA	pañcāśat prā
paṭī	2	UTTARAPADA	tūla ārdra
peja	2	UTTARAPADA	aśva tila
peyā	2	UTTARAPADA	dugdha lāja
peṣaṇa	2	UTTARAPADA	duṣ piṣṭa
peṭikā	2	UTTARAPADA	bhūṣaṇa tāmbūla
peṭā	2	UTTARAPADA	vastra vitta
peṭī	2	UTTARAPADA	bhūṣā vitta
phalin	2	UTTARAPADA	sat śata
phaṇa	2	UTTARAPADA	khaṇḍa sarpa
phenā	2	UTTARAPADA	bahu bhūri
pheṇa	2	UTTARAPADA	phaṇi samudra
phulla	2	UTTARAPADA	sphāra su
phāṇṭa	2	UTTARAPADA	paraśu vi
piba	2	UTTARAPADA	sindhu tri
picchaka	2	UTTARAPADA	citra śāṭī
pippala	2	UTTARAPADA	pārśva su
pipīlikā	2	UTTARAPADA	mārkaṭa taila
piñja	2	UTTARAPADA	taila tila
piñjara	2	UTTARAPADA	kṛttikā suvarṇa
piśaṅga	2	UTTARAPADA	aruṇa śalalī
piṅgalaka	2	UTTARAPADA	daṇḍa śveta
piṅgalā	2	UTTARAPADA	gandha su
piṅgā	2	UTTARAPADA	brāhma kṛṣṇa
piṭa	2	UTTARAPADA	nīla tri
plakṣa	2	UTTARAPADA	hrasva tri
plāvita	2	UTTARAPADA	aśru rudhira
podakī	2	UTTARAPADA	bali valgu
pora	2	UTTARAPADA	nīla śata
potī	2	UTTARAPADA	mūla mūlaka
poṣin	2	UTTARAPADA	bhūri sahasra
poṣya	2	UTTARAPADA	dugdha sahasra
prabala	2	UTTARAPADA	su vāta
prabhañjana	2	UTTARAPADA	duṣ varṣā
prabheda	2	UTTARAPADA	nabhaḥ śabda
prabhedana	2	UTTARAPADA	nabhaḥ śata
prabhāta	2	UTTARAPADA	kāla su
prabuddha	2	UTTARAPADA	su supta
pracchada	2	UTTARAPADA	uttara śāṭī
pracyuta	2	UTTARAPADA	sthāna vāyu
pradhana	2	UTTARAPADA	mānuṣa sahasra
pradigdha	2	UTTARAPADA	rudhira viṣa
pradoṣa	2	UTTARAPADA	grahaṇī śani
pradyota	2	UTTARAPADA	caṇḍa pakṣa
prahara	2	UTTARAPADA	ardha prātaḥ
prahasana	2	UTTARAPADA	dhūrta muṇḍita
prahṛta	2	UTTARAPADA	jaṅghā jānu
prajita	2	UTTARAPADA	daṇḍa tottra
prajñā	2	UTTARAPADA	pūrva strī
prajāvatī	2	UTTARAPADA	mahā vīra
prajāyinī	2	UTTARAPADA	abhirūpa vīra
prakāraka	2	UTTARAPADA	niṣ sa
prakāram	2	UTTARAPADA	idam kim
prakāśana	2	UTTARAPADA	loka sāma
prakṣepa	2	UTTARAPADA	dhūli mṛt
prakṣālaka	2	UTTARAPADA	cela sadyaḥ
prakṣālana	2	UTTARAPADA	danta pāda
pramathanī	2	UTTARAPADA	bala bāla
pramati	2	UTTARAPADA	daśa indra
pramaya	2	UTTARAPADA	duṣ su
pramocana	2	UTTARAPADA	bāṣpa unmocana
pramāṇa-saṃgraha	2	UTTARAPADA	sakala vaiṣṇava
pramāṇaka	2	UTTARAPADA	alpa niṣ
prapadana	2	UTTARAPADA	duṣ gṛha
prapā	2	UTTARAPADA	dvija śakuni
prasakta	2	UTTARAPADA	dhātu pāna
prasavana	2	UTTARAPADA	kṣipra sukha
praseka	2	UTTARAPADA	mada mūtra
prasiddhi	2	UTTARAPADA	loka samāna
prasthika	2	UTTARAPADA	ardha ārdha
prasthānika	2	UTTARAPADA	catuṣ mahā
prastuta	2	UTTARAPADA	prāk svayam
prasupta	2	UTTARAPADA	mithyā sukha
prasuta	2	UTTARAPADA	mahā vāja
prasveda	2	UTTARAPADA	pāda sa
prasādaka	2	UTTARAPADA	mucukunda su
prasārin	2	UTTARAPADA	dūra vāk
prasūtikā	2	UTTARAPADA	naśyat sakṛt
pratha	2	UTTARAPADA	pṛthu sa
prathas	2	UTTARAPADA	sa uru
pratibhāna	2	UTTARAPADA	mahā niṣ
pratibhū	2	UTTARAPADA	darśana dāna
pratibimba	2	UTTARAPADA	bimba payaḥ
pratigha	2	UTTARAPADA	niṣ sa
pratighāta	2	UTTARAPADA	mūtra ājñā
pratihāra	2	UTTARAPADA	dvi eka
pratihāram	2	UTTARAPADA	antaḥ triḥ
pratika	2	UTTARAPADA	adhyardha dvi
pratikara	2	UTTARAPADA	su sva
pratikriya	2	UTTARAPADA	ananya niṣ
pratima	2	UTTARAPADA	su vimāna
pratinidhi	2	UTTARAPADA	raghu sva
pratipakṣa	2	UTTARAPADA	niṣ sat
pratiprasthātṛ-prayoga	2	UTTARAPADA	paśu soma
pratirūpaka	2	UTTARAPADA	dharma saptamī
prativacana	2	UTTARAPADA	pratyaya pṛṣṭa
pratiṣṭhā-paddhati	2	UTTARAPADA	viṣṇu śiva
pratiṣṭhā-prayoga	2	UTTARAPADA	brahma nūtana
pratoda	2	UTTARAPADA	sa vāk
pratyabhijña	2	UTTARAPADA	duṣ vṛtta
pratyarthin	2	UTTARAPADA	sukha vijaya
pratyave@kṣā	2	UTTARAPADA	anitya anātma
pratāna	2	UTTARAPADA	latā utsava
pratāra	2	UTTARAPADA	go su
pratī@kṣam	2	UTTARAPADA	sa śarat
pratīnāha	2	UTTARAPADA	karṇa nāsā
prau@ḍha	2	UTTARAPADA	mṛdu su
prauga	2	UTTARAPADA	hiraṇya ubhayataḥ
prauḍha	2	UTTARAPADA	ati puru
pravacana	2	UTTARAPADA	dharma sāṃkhya
pravaktṛ	2	UTTARAPADA	dharma krama
pravalha	2	UTTARAPADA	manu saṃvatsara
praveśana	2	UTTARAPADA	agni sabhā
pravibhāga	2	UTTARAPADA	dik rāśi
pravācana	2	UTTARAPADA	dvi su
pravādin	2	UTTARAPADA	mithyā para
pravāhin	2	UTTARAPADA	loka loma
pravāla	2	UTTARAPADA	kula maṇi
pravāṇa	2	UTTARAPADA	lohita niṣ
pravṛddhi	2	UTTARAPADA	sasya śmaśru
prayoga-kārikā	2	UTTARAPADA	smārta soma
prayoga-paddhati	2	UTTARAPADA	soma śrāddha
prayoga-ratnā@kara	2	UTTARAPADA	naimittika nitya
prayoga-sāra	2	UTTARAPADA	baudhāyanīya mahā
prayoga-vidhi	2	UTTARAPADA	vārāha śyāmā
prayāvan	2	UTTARAPADA	su vṛṣa
praśamana	2	UTTARAPADA	labdha vāstu
praśaṃsin	2	UTTARAPADA	varga ātma
praśiṣṭa	2	UTTARAPADA	varuṇa ṛṣi
praśno@paniṣad	2	UTTARAPADA	śiṣya ṣaṭ
praśīrṇa	2	UTTARAPADA	agra svayam
praṇayana	2	UTTARAPADA	agni daṇḍa
praṣṭha	2	UTTARAPADA	māruti ratha
pre@kṣya	2	UTTARAPADA	duṣ sukha
pre@raṇa	2	UTTARAPADA	paśu viphala
pre@ta	2	UTTARAPADA	mahā pūrva
premā@mṛta	2	UTTARAPADA	gopī kṛṣṇa
preyasī	2	UTTARAPADA	bahu sūkara
preṣya	2	UTTARAPADA	kārya rāja
pri	2	UTTARAPADA	kāma vatsa
priyatama	2	UTTARAPADA	hiṇḍī yāminī
proktā	2	UTTARAPADA	ṛśya ṛṣi
protha	2	UTTARAPADA	kaṭi pṛthu
proṣṭha	2	UTTARAPADA	ratha rātha
prā@pa	2	UTTARAPADA	duṣ su
prā@rthana	2	UTTARAPADA	bhāgīrathī saphala
prā@sa	2	UTTARAPADA	śamyā śata
prā@sana	2	UTTARAPADA	tṛṇa śamyā
prā@vī	2	UTTARAPADA	duṣ su
prā@yaścitta-sūtra	2	UTTARAPADA	vaitāna yajña
prā@śanin	2	UTTARAPADA	parṇa prāṇa
prā@ṇa-hara	2	UTTARAPADA	sadyaḥ viśalya
prā@ṇe@śvara	2	UTTARAPADA	niśā siddha
prā@ṇin	2	UTTARAPADA	antaḥ hiṃsā
prācīra	2	UTTARAPADA	kṣauṇī mahī
prādeśa	2	UTTARAPADA	eka pañca
prādurbhāva	2	UTTARAPADA	abhūta puṣkara
prātar	2	UTTARAPADA	su sāyam
prātibhāvya	2	UTTARAPADA	darśana dāna
prātiveśya	2	UTTARAPADA	brāhmaṇa tiraḥ
prāvan	2	UTTARAPADA	kratu varṣa
prāvaraṇa	2	UTTARAPADA	garbha karṇa
prāyaścitti	2	UTTARAPADA	adhvara agni
prāś	2	UTTARAPADA	prati śabda
prīya	2	UTTARAPADA	vatsa vātsa
psā	2	UTTARAPADA	ratha viśva
punarnavā	2	UTTARAPADA	rakta śveta
punā	2	UTTARAPADA	kim punaḥ
puppuṭa	2	UTTARAPADA	danta tālu
pura-kṣetra-māhātmya	2	UTTARAPADA	sarpa sarva
pura-māhātmya	2	UTTARAPADA	nandi śoṇī
puraścaraṇa-vidhi	2	UTTARAPADA	rahasya saṃkṣepa
puraṃdara	2	UTTARAPADA	daśa śacī
puraṃdhri	2	UTTARAPADA	dyu nāka
puraṃjaya	2	UTTARAPADA	para svara
puruṣa-kāra	2	UTTARAPADA	lakṣmī virodhi
puruṣikā	2	UTTARAPADA	aho āho
purāṇa-saṃgraha	2	UTTARAPADA	viśvakarma śruti
purāṇaka	2	UTTARAPADA	tri viṣṇu
purāṇīya	2	UTTARAPADA	pañca tri
purī-bhaṭṭāraka	2	UTTARAPADA	gaṅgā ratna
purī-māhātmya	2	UTTARAPADA	deva puruṣottama
puṃsaka	2	UTTARAPADA	na vi
puṃsī	2	UTTARAPADA	su vi
puṇḍra	2	UTTARAPADA	tri ūrdhva
puṇḍraka	2	UTTARAPADA	tri ūrdhva
puṣkala	2	UTTARAPADA	eka su
puṣpa-maya	2	UTTARAPADA	gaja maṅgala
puṣpā@ñjali	2	UTTARAPADA	nyāya saṃgīta
puṣā	2	UTTARAPADA	plīha tri
puṣṭā	2	UTTARAPADA	jīva vāk
pāda-stava	2	UTTARAPADA	rāma veda
pādam	2	UTTARAPADA	antaḥ prati
pādika	2	UTTARAPADA	ardha tagara
pākinī	2	UTTARAPADA	su śīta
pāla-deva	2	UTTARAPADA	hari vigraha
pālika	2	UTTARAPADA	dvāra māṇi
pālinī	2	UTTARAPADA	loka nara
pāntha	2	UTTARAPADA	nabhaḥ samit
pānīya	2	UTTARAPADA	agni sampanna
pāpaka	2	UTTARAPADA	dhūta dveṣya
pāpīyas	2	UTTARAPADA	māra proṣya
pāra-ga	2	UTTARAPADA	marma śruta
pārada	2	UTTARAPADA	cūrṇa rakta
pāraga	2	UTTARAPADA	pratijñā veda
pāraṇā	2	UTTARAPADA	vrata śoṇita
pārā@yaṇa-vidhi	2	UTTARAPADA	veda ṣaṭ
pārāśarya	2	UTTARAPADA	laghu vṛddha
pārśvaka	2	UTTARAPADA	su yuga
pātam	2	UTTARAPADA	sāṣṭāṅga vyāyata
pātrikā	2	UTTARAPADA	karaka yāna
pātya	2	UTTARAPADA	antaḥ nai
pāva	2	UTTARAPADA	hiraṇya su
pāyika	2	UTTARAPADA	stana taila
pāśika	2	UTTARAPADA	daṇḍa dāṇḍa
pāśupata	2	UTTARAPADA	mahā śaiva
pāṇika	2	UTTARAPADA	dāṇḍa vikala
pāṇini	2	UTTARAPADA	iti tat
pāṇinīya	2	UTTARAPADA	odana pūrva
pāṇḍara	2	UTTARAPADA	bilva su
pāṇḍya	2	UTTARAPADA	vara vīra
pāṭaka	2	UTTARAPADA	akṣa makara
pāṭali	2	UTTARAPADA	bṛhat ghaṇṭā
pāṭalikā	2	UTTARAPADA	lavaṇa sita
pāṭava	2	UTTARAPADA	sampāta vāk
pāṭhin	2	UTTARAPADA	tri veda
pāṭhī	2	UTTARAPADA	catuṣ tarku
pāṭī	2	UTTARAPADA	catuṣ saṃjñā
pīluka	2	UTTARAPADA	kāka kāla
pītaka	2	UTTARAPADA	sa vara
pīyūṣa-latā	2	UTTARAPADA	māṃsa pala
pīṭhaka	2	UTTARAPADA	gaṇa mṛdu
pūjo@dyāpana	2	UTTARAPADA	lakṣa liṅga
pūjā-vidhāna	2	UTTARAPADA	lalitā śaiva
pūlī	2	UTTARAPADA	daśa pañca
pūrva-pakṣa	2	UTTARAPADA	bhakti vāṇī
pūrva-pakṣa-grantha-ṭīkā	2	UTTARAPADA	bādha viruddha
pūrvikā	2	UTTARAPADA	aham nakha
pūrī	2	UTTARAPADA	bīja kūṭa
pṛc	2	UTTARAPADA	ghṛta madhu
pṛthak-tva	2	UTTARAPADA	eka saṃyoga
pṛthivī	2	UTTARAPADA	dyāvā mahā
pṛṣṭhī	2	UTTARAPADA	kaṅka krakaca
ra	2	TADDHITA_SUFFIX_EXT	dvi vāri
radana	2	UTTARAPADA	maṇi sūci
rai	2	UTTARAPADA	bahu su
raivataka	2	UTTARAPADA	keli rakta
rajaka	2	UTTARAPADA	grāma vastra
rajana	2	UTTARAPADA	mahā māhā
raktaka	2	UTTARAPADA	nava su
rakṣikā	2	UTTARAPADA	pāda udaka
rakṣitaka	2	UTTARAPADA	dāra śakti
rakṣitā	2	UTTARAPADA	dharma tiṣya
ramaṇī	2	UTTARAPADA	kūrma vipakṣa
ramaṇīya	2	UTTARAPADA	pradoṣa viśeṣa
rasa-ja	2	UTTARAPADA	kharjūrī tālī
rasa-mañjarī	2	UTTARAPADA	rādhā vaidya
rasaka	2	UTTARAPADA	kharparī tri
rasāyana	2	UTTARAPADA	nāma upadeśa
rathya	2	UTTARAPADA	vi vāma
rathyam	2	UTTARAPADA	madhye prati
ratna-kroḍa	2	UTTARAPADA	prayoga prayāga
ratna-maya	2	UTTARAPADA	hema jātya
ratnā@vali	2	UTTARAPADA	dravya vṛtta
ratnā@ṅkura	2	UTTARAPADA	praśna śuddhi
raudra	2	UTTARAPADA	mahā soma
ravasa	2	UTTARAPADA	puru purū
ravi	2	UTTARAPADA	bhā tapo
rayi	2	UTTARAPADA	bṛhad sanad
rañjaka	2	UTTARAPADA	citra paṭṭa
raṅgaka	2	UTTARAPADA	matsya nāga
raṅgī	2	UTTARAPADA	megha nī
raṇḍa	2	UTTARAPADA	jala śākhā
revatī	2	UTTARAPADA	aṇu śuṣka
reṣaṇa	2	UTTARAPADA	puruṣa śarīra
ri	2	UTTARAPADA	bṛhad su
riṣṭa	2	UTTARAPADA	drākṣā mahā
roca	2	UTTARAPADA	go mahā
rocanī	2	UTTARAPADA	maṇi śuṇḍā
rodhas	2	UTTARAPADA	parvata su
rogika	2	UTTARAPADA	mukha sārva
rohaka	2	UTTARAPADA	grāva kaṭi
rohikā	2	UTTARAPADA	māṃsa su
rohiṇikā	2	UTTARAPADA	kaṭu tikta
rohā	2	UTTARAPADA	bhasma māṃsa
romaka	2	UTTARAPADA	mṛdu pāṭala
romaśa	2	UTTARAPADA	ati mahā
ropaṇa	2	UTTARAPADA	dhānya vṛkṣa
roṣaṇa	2	UTTARAPADA	dīrgha su
rtuka	2	UTTARAPADA	sarva yatha
rtvij	2	UTTARAPADA	daitya maha
rucaka	2	UTTARAPADA	adhara oṣṭha
rucira	2	UTTARAPADA	ati su
rud	2	UTTARAPADA	agha bhava
ruddha	2	UTTARAPADA	gadgada kara
rudh	2	UTTARAPADA	dṛg kara
rudhira	2	UTTARAPADA	agādha sa
ruhiṇī	2	UTTARAPADA	ambu saro
rujā	2	UTTARAPADA	vāyu śiro
rukma	2	UTTARAPADA	pṛthu su
rukma-maya	2	UTTARAPADA	raupya rūpya
ruru	2	UTTARAPADA	kathaṃ mahā
rāgiṇī	2	UTTARAPADA	hema pāṃsu
rāgā	2	UTTARAPADA	dīrgha sthira
rāhu	2	UTTARAPADA	dhruva sa
rāja-deva	2	UTTARAPADA	lakṣmaṇa vallabha
rāja-putra	2	UTTARAPADA	cīna kūṣmāṇḍa
rājanya	2	UTTARAPADA	brahma samanuṣya
rājin	2	UTTARAPADA	dhvaja soma
rājīya	2	UTTARAPADA	bhoja muhūrta
rāmā	2	UTTARAPADA	vraja vāra
rāsnā	2	UTTARAPADA	yukta śveta
rātraka	2	UTTARAPADA	pañca sapta
rātrīṇa	2	UTTARAPADA	dvi eka
rāvan	2	UTTARAPADA	bṛhad puru
rāvaṇa	2	UTTARAPADA	kṛtyā māyā
rāṣṭraka	2	UTTARAPADA	sa vana
rāṣṭrīya	2	UTTARAPADA	anya sva
rāṭikā	2	UTTARAPADA	go mṛga
rūpa-samanvita	2	UTTARAPADA	vayo ślakṣṇa
rūṣita	2	UTTARAPADA	reṇu rudhira
rṣa	2	UTTARAPADA	pārama śrauta
s-para	2	UTTARAPADA	apara avara
s-pati	2	UTTARAPADA	ratha vana
sabhika	2	UTTARAPADA	pradhāna pūrva
sabhya	2	UTTARAPADA	deva sa
sada	2	UTTARAPADA	sabhā sadaḥ
sadasam	2	UTTARAPADA	antaḥ bahiḥ
sadhātu	2	UTTARAPADA	akṣara pada
sadma	2	UTTARAPADA	prati saukara
sadṛkṣa	2	UTTARAPADA	go prati
sadṛś	2	UTTARAPADA	prati vi
sahasra-bhṛt	2	UTTARAPADA	bāhu doḥ
sahasra-nāma-bhāṣya	2	UTTARAPADA	lalitā madhva
sahasraka	2	UTTARAPADA	putra śata
sahita	2	UTTARAPADA	sakhī vārṣṇeya
saindhava	2	UTTARAPADA	lāvaṇa pāna
sama-prakaraṇa	2	UTTARAPADA	anitya saṃśaya
samarpaṇa	2	UTTARAPADA	asthi ātma
samarthana	2	UTTARAPADA	veda viśiṣṭādvaita
samatā	2	UTTARAPADA	sarva traidhātuka
sambandhi	2	UTTARAPADA	prati sukha
sambhāvita	2	UTTARAPADA	yathā ātma
sambhūtā	2	UTTARAPADA	liṅga śrī
sammohana	2	UTTARAPADA	bhūta mahā
sampada	2	UTTARAPADA	hata sa
samprahāra	2	UTTARAPADA	dvaṃdva priya
samprayoga	2	UTTARAPADA	nepathya sat
sampro@kṣaṇa	2	UTTARAPADA	pratimā vaikhānasa
sampātam	2	UTTARAPADA	vidyut yāvat
sampūrṇa	2	UTTARAPADA	su vasu
samuccaya-ṭīkā	2	UTTARAPADA	māna śeṣa
samudaya	2	UTTARAPADA	parama senā
samudbhavā	2	UTTARAPADA	kṛṣṇa plakṣa
samuddhāra	2	UTTARAPADA	rāma ṛṇa
samudgata	2	UTTARAPADA	abja bhaiṣajya
samunnati	2	UTTARAPADA	citta manaḥ
samutthāna	2	UTTARAPADA	laghu nānā
samā	2	UTTARAPADA	niḥ parimala
samādhāna	2	UTTARAPADA	agni dṛḍha
samāhita	2	UTTARAPADA	bhāva su
samāpana	2	UTTARAPADA	saṃkhyā vrata
samāpti	2	UTTARAPADA	veda vi
samārādhana-vidhi	2	UTTARAPADA	bhagavat yati
samīhita	2	UTTARAPADA	su yathā
samīraṇa	2	UTTARAPADA	manda śvasana
samīṣantī	2	UTTARAPADA	savana stotra
sandha	2	UTTARAPADA	ajina asatya
sandhi	2	UTTARAPADA	asthi kāṇḍa
sanna	2	UTTARAPADA	mahā su
sap	2	UTTARAPADA	keta ṛta
saparyā-vidhi	2	UTTARAPADA	bhairava śyāmā
sapatna	2	UTTARAPADA	adhara niḥ
sapta-sama	2	UTTARAPADA	gāndhāri prācya
saptama	2	UTTARAPADA	ardha ātmanā
saptamī-vrata	2	UTTARAPADA	kamala śubha
saptan	2	UTTARAPADA	dvi sārdha
saraka	2	UTTARAPADA	salila tri
saraṇa	2	UTTARAPADA	soma su
sargam	2	UTTARAPADA	prati stukā
sargika	2	UTTARAPADA	nai naiḥ
saroja	2	UTTARAPADA	mahā vadana
saroruha	2	UTTARAPADA	nīla rakta
sarpiṇī	2	UTTARAPADA	ambu jala
sarpiṣka	2	UTTARAPADA	bahu priya
sarva-sva	2	UTTARAPADA	vaidya vaidyaka
sarvajña	2	UTTARAPADA	bhaṭṭa śaila
sarvā@ṅga	2	UTTARAPADA	cāru sambhinna
sattrin	2	UTTARAPADA	sa sarpa
sattvā	2	UTTARAPADA	antaḥ āpanna
satvan	2	UTTARAPADA	satya satīna
saubhaga	2	UTTARAPADA	su viśva
saudha	2	UTTARAPADA	rāja sphāṭika
saugandhika	2	UTTARAPADA	padma rakta
sautrika	2	UTTARAPADA	kārpāsa āvika
sauvarṇa	2	UTTARAPADA	samagra sarva
sauvarṇika	2	UTTARAPADA	adhyardha dvi
savarṇa	2	UTTARAPADA	para pārāvata
saṃcayana	2	UTTARAPADA	asthi dhana
saṃcāriṇī	2	UTTARAPADA	deha tanu
saṃdaṃśa	2	UTTARAPADA	kara mukha
saṃdhāna-bhāṇḍa	2	UTTARAPADA	nīla nīlī
saṃdigdha	2	UTTARAPADA	bāṣpa niḥ
saṃdoha	2	UTTARAPADA	kūṭa spanda
saṃdīpana	2	UTTARAPADA	agni bindu
saṃghāṭa	2	UTTARAPADA	pada varṇa
saṃgrahītṛ	2	UTTARAPADA	kṣatra kṣāttra
saṃgīti	2	UTTARAPADA	buddha dharma
saṃjñita	2	UTTARAPADA	uttara vi
saṃkalana	2	UTTARAPADA	bhinna nīti
saṃkathā	2	UTTARAPADA	dharma viśrambha
saṃkocin	2	UTTARAPADA	gātra sparśa
saṃkīrṇa	2	UTTARAPADA	buddhi vākya
saṃnipāta	2	UTTARAPADA	lakṣaṇa vyañjana
saṃnyāsika	2	UTTARAPADA	karma veda
saṃnāma	2	UTTARAPADA	mantra sa
saṃpad	2	UTTARAPADA	iṣṭakā uktha
saṃsarga-lavaṇa	2	UTTARAPADA	sarva sārva
saṃsiddhi	2	UTTARAPADA	yajña yoga
saṃskriyā	2	UTTARAPADA	aṅga mantra
saṃstham	2	UTTARAPADA	pratyak yathā
saṃsupta	2	UTTARAPADA	sukha viśrambha
saṃsṛṣṭa	2	UTTARAPADA	su sūpa
saṃtapta	2	UTTARAPADA	ati śoka
saṃtoṣa	2	UTTARAPADA	su sūri
saṃtrāsa	2	UTTARAPADA	sambhūta vigata
saṃtuṣṭa	2	UTTARAPADA	parama su
saṃvanana	2	UTTARAPADA	dāna viśva
saṃvarga	2	UTTARAPADA	rāṣṭra varṇa
saṃvat	2	UTTARAPADA	cedi siṃha
saṃvedana	2	UTTARAPADA	nāsā sva
saṃvedya	2	UTTARAPADA	kanyā sva
saṃvejana	2	UTTARAPADA	netra roma
saṃveśin	2	UTTARAPADA	adhaḥ jaghanya
saṃvāhana	2	UTTARAPADA	hasta śrānta
saṃvāsa	2	UTTARAPADA	priya saha
saṃvāsika	2	UTTARAPADA	nānā steya
saṃvīta	2	UTTARAPADA	su valkala
saṃvṛta	2	UTTARAPADA	su sva
saṃvṛti	2	UTTARAPADA	su yoni
saṃśrava	2	UTTARAPADA	satya vidūra
saṃśuddhi	2	UTTARAPADA	bhāva sattva
saṅgam	2	UTTARAPADA	akṣa yathā
saṅgya	2	UTTARAPADA	naiḥ prā
senaka	2	UTTARAPADA	rāma vaṅga
siddhā@nta-candrikā	2	UTTARAPADA	laghu svara
siddhā@nta-grantha-ṭīkā	2	UTTARAPADA	bādha viruddha
siddhā@nta-mañjarī	2	UTTARAPADA	svara śabda
siddhā@nta-sāra	2	UTTARAPADA	mādhva śaiva
siddhā@ntin	2	UTTARAPADA	kāruka soma
siddhā@rtha	2	UTTARAPADA	sarva sita
sikata	2	UTTARAPADA	pāṇḍu ūṣa
sikatā	2	UTTARAPADA	pāṃsu su
siktha	2	UTTARAPADA	bhakta ghana
sikthaka	2	UTTARAPADA	bhakta madhu
sindūra	2	UTTARAPADA	rasa svarṇa
sirā	2	UTTARAPADA	pattra sapta
siṃha-gaṇi	2	UTTARAPADA	cāritra mahima
skambha	2	UTTARAPADA	sphaṭika ūru
skandana	2	UTTARAPADA	retaḥ su
skandhaka	2	UTTARAPADA	pañca tri
skandhin	2	UTTARAPADA	kāla mahā
smaraṇa	2	UTTARAPADA	jāti prātaḥ
smayana	2	UTTARAPADA	ku vivṛta
smāraka	2	UTTARAPADA	anuṣṭhāna dharma
smṛt	2	UTTARAPADA	loka sarva
snapana	2	UTTARAPADA	avabhṛtha saptamī
snehya	2	UTTARAPADA	nai naiḥ
snu	2	UTTARAPADA	bhūmi ghṛta
snāna-vidhi	2	UTTARAPADA	rudra setu
somaka	2	UTTARAPADA	deva niḥ
spandana	2	UTTARAPADA	sadṛśa satata
spardhin	2	UTTARAPADA	anyonya sudhā
sparśin	2	UTTARAPADA	preta śrotra
spaṣṭa	2	UTTARAPADA	ratha su
sphuliṅga	2	UTTARAPADA	sa vahni
sphura	2	UTTARAPADA	niḥ sa
sphuṭa	2	UTTARAPADA	su varāha
sphya	2	UTTARAPADA	saha śata
sphāti	2	UTTARAPADA	gaya payaḥ
sphūrja	2	UTTARAPADA	kāka narma
spṛh	2	UTTARAPADA	puru śata
spṛhā	2	UTTARAPADA	viṣama viṣaya
srag-anulepin	2	UTTARAPADA	divya rakta
srag-dhara	2	UTTARAPADA	su surabhi
sraja	2	UTTARAPADA	tvak śrī
sras	2	UTTARAPADA	su svayaṃ
sravantī	2	UTTARAPADA	sura svaḥ
sraṣṭṛ	2	UTTARAPADA	jagat viśva
sruc	2	UTTARAPADA	udyata yata
sruva	2	UTTARAPADA	pūrṇa sruk
stambi	2	UTTARAPADA	rāja sāma
stanita	2	UTTARAPADA	megha vaṃśa
stara	2	UTTARAPADA	sa sva
stena	2	UTTARAPADA	brahma vācā
sthala-māhātmya	2	UTTARAPADA	mayūra sapta
sthala-nagara	2	UTTARAPADA	candra ratna
sthāman	2	UTTARAPADA	niḥ pāka
sthānīya	2	UTTARAPADA	kaṇṭha rāja
sthāṇu	2	UTTARAPADA	sabhā yajña
sthūṇā	2	UTTARAPADA	dvāra veśma
stoma-bhāgam	2	UTTARAPADA	antaḥ bahiḥ
strīka	2	UTTARAPADA	hata sa
stukā	2	UTTARAPADA	balbaja ūrṇā
stutya	2	UTTARAPADA	prā sadha
stū	2	UTTARAPADA	ghṛta āyata
su-darśana	2	UTTARAPADA	laghu mahā
subhagam	2	UTTARAPADA	skhalita stanita
subrahmaṇya	2	UTTARAPADA	rāma sa
sugandhi	2	UTTARAPADA	su tri
suhita	2	UTTARAPADA	ati bhuktvā
sujāta	2	UTTARAPADA	sanat ubhayataḥ
sukṛta	2	UTTARAPADA	kṣīṇa vi
sulabha	2	UTTARAPADA	ati sarva
sumanas	2	UTTARAPADA	deva śmaśāna
sumati	2	UTTARAPADA	deva śānta
sundara-gaṇi	2	UTTARAPADA	rāja samaya
suptaka	2	UTTARAPADA	alīka ardha
supti	2	UTTARAPADA	sama sukha
surabhi	2	UTTARAPADA	sarva sārva
surā	2	UTTARAPADA	indra yava
surāṣṭra	2	UTTARAPADA	cinti kunti
sut	2	UTTARAPADA	soma tīvra
sva-bhāva	2	UTTARAPADA	dvi madhyama
svam	2	UTTARAPADA	prati yāvat
svara-lakṣaṇa	2	UTTARAPADA	hasta sarva
svara-rāja	2	UTTARAPADA	bhīṣma megha
svaram	2	UTTARAPADA	prauḍha yathā
svarūpa-vicāra	2	UTTARAPADA	devatā vidhi
svarūpiṇī	2	UTTARAPADA	naga śrī
svayaṃ-vara	2	UTTARAPADA	draupadī rukmiṇī
svedana	2	UTTARAPADA	prastara pāda
svinna	2	UTTARAPADA	ati su
svya	2	UTTARAPADA	nai naiḥ
svā@rtha	2	UTTARAPADA	gata jahat
svāda	2	UTTARAPADA	su vi
svāgata	2	UTTARAPADA	racita su
svāhā-kṛti	2	UTTARAPADA	purastāt upariṣṭāt
svāmika	2	UTTARAPADA	bahu pranaṣṭa
svāpin	2	UTTARAPADA	adivā vyādāya
syad	2	UTTARAPADA	havana sa
syada	2	UTTARAPADA	laghu raghu
syandin	2	UTTARAPADA	madhu sudhā
sā@dhāra	2	UTTARAPADA	bahu niḥ
sā@hvā	2	UTTARAPADA	carma vṛṣa
sā@kṣi	2	UTTARAPADA	loka samasta
sāc	2	UTTARAPADA	dhāma droṇa
sācaya	2	UTTARAPADA	pṛṣṭi rātri
sācin	2	UTTARAPADA	savya ātma
sādhanaka	2	UTTARAPADA	paśu sthira
sādhikā	2	UTTARAPADA	lavana lavaṇa
sādhita	2	UTTARAPADA	siddha su
sāh	2	UTTARAPADA	satrā śyāma
sāhasrika	2	UTTARAPADA	daśa śata
sāmagrī	2	UTTARAPADA	atyaṣṭi vi
sāmaka	2	UTTARAPADA	jyeṣṭha pañca
sāmanta	2	UTTARAPADA	mahā prati
sāmarthya	2	UTTARAPADA	niḥ prati
sāmā	2	UTTARAPADA	bārhat tri
sāphalya	2	UTTARAPADA	janma jīva
sāptatika	2	UTTARAPADA	adhika dvi
sāra-maya	2	UTTARAPADA	adri manaḥ
sāra-sarvasva	2	UTTARAPADA	mumukṣu smṛti
sāra-saṃhitā	2	UTTARAPADA	pañcama siddha
sāra-viveka	2	UTTARAPADA	bhāva sāṃkhya
sāram	2	UTTARAPADA	pratī yathā
sārasa	2	UTTARAPADA	gṛha rāja
sāraṇa	2	UTTARAPADA	gandha tala
sāraṇī	2	UTTARAPADA	graha prayoga
sārika	2	UTTARAPADA	tala tara
sārī	2	UTTARAPADA	puṣkara viṭ
sāva	2	UTTARAPADA	prātaḥ sahasra
sāvarṇika	2	UTTARAPADA	dharma rudra
sāvitra	2	UTTARAPADA	su sūrya
sāyam	2	UTTARAPADA	ati prati
sāṃtapana	2	UTTARAPADA	mahā yati
sāṃvatsarika	2	UTTARAPADA	dvi pañca
sīma	2	UTTARAPADA	prāti su
sīmā	2	UTTARAPADA	grāma kṣetra
sītya	2	UTTARAPADA	dvi tri
sū@kta-bhāṣya	2	UTTARAPADA	bhū veda
sū@kti-mālā	2	UTTARAPADA	stuti śruti
sūda	2	UTTARAPADA	deva havya
sūka	2	UTTARAPADA	sa sudhā
sūnā	2	UTTARAPADA	asi pañca
sūpa	2	UTTARAPADA	kalāya māṣa
sūra	2	UTTARAPADA	dhārā ādi
sūryaka	2	UTTARAPADA	bāla jala
sūryo@daya	2	UTTARAPADA	jñāna saṃkalpa
sūtikā	2	UTTARAPADA	cira nava
sūtra-bhāṣya	2	UTTARAPADA	paila ratna
sūtrin	2	UTTARAPADA	brahma dīrgha
sūvarī	2	UTTARAPADA	bahu jīva
sūḍa-nṛtya	2	UTTARAPADA	sālaga śuddha
sṛgāla	2	UTTARAPADA	vṛddha śva
sṛṣṭa	2	UTTARAPADA	deva tila
sṛṣṭā	2	UTTARAPADA	śakra śukra
tad-vid	2	UTTARAPADA	na prati
taila-garbha	2	UTTARAPADA	vijñāna viśāla
tailā	2	UTTARAPADA	pūti su
takṣ	2	UTTARAPADA	kāṣṭha kūṭa
takṣaka	2	UTTARAPADA	kāṣṭha vṛkṣa
talpika	2	UTTARAPADA	pāra śāra
tamisra	2	UTTARAPADA	nis vibhinna
tandra	2	UTTARAPADA	nis sa
tandri	2	UTTARAPADA	asta nis
tandrī	2	UTTARAPADA	nis sambādha
tantava	2	UTTARAPADA	paurava sāpta
tantrika	2	UTTARAPADA	pāra sva
tantrīka	2	UTTARAPADA	bahu śata
tantī	2	UTTARAPADA	vatsa āntra
tanūruha	2	UTTARAPADA	hṛṣṭa samprahṛṣṭa
tap	2	UTTARAPADA	agni pṛṣṭha
taraṃga-ṭīkā	2	UTTARAPADA	dhyāna mahima
taraṃgaka	2	UTTARAPADA	nārī tvak
taraṇi	2	UTTARAPADA	go saṃsāra
tardana	2	UTTARAPADA	prā su
tardma	2	UTTARAPADA	nava śata
tarkaka	2	UTTARAPADA	para piṇḍa
tarkya	2	UTTARAPADA	dus nis
tarpaṇa-vidhi	2	UTTARAPADA	homa viṣṇu
tarpita	2	UTTARAPADA	hīna su
tarī	2	UTTARAPADA	goṇī kāsū
tata	2	UTTARAPADA	sa tata
tatha	2	UTTARAPADA	vi yathā
tattva-bhāskara	2	UTTARAPADA	bhāgavata rāma
tattva-bodhinī	2	UTTARAPADA	kṛt śrī
tattva-candrikā	2	UTTARAPADA	mīmāṃsā sāṃkhya
tattva-dīpa	2	UTTARAPADA	bhāgavata vivāda
tattva-kaumudī	2	UTTARAPADA	haṭha sāṃkhya
tattva-pradīpikā	2	UTTARAPADA	karma sāṃkhya
tattvā@mṛta	2	UTTARAPADA	śaiva śānti
taya	2	UTTARAPADA	aṣṭa aṣṭā
taṅka	2	UTTARAPADA	jaṭā tapas
taṇḍulīya	2	UTTARAPADA	jala pānīya
taṭī	2	UTTARAPADA	gṛha pura
tikta-kaṣāya	2	UTTARAPADA	amla svādu
tiktikā	2	UTTARAPADA	jala vana
tilvila	2	UTTARAPADA	dhānya ibhya
tindu	2	UTTARAPADA	kāka viṣa
tithi-nirṇaya	2	UTTARAPADA	paitṛka prathita
tittiri	2	UTTARAPADA	gaura ku
todin	2	UTTARAPADA	vakra śṛṅkhala
toyada	2	UTTARAPADA	gata nīla
traya-vidhāna	2	UTTARAPADA	bandha makha
trayodaśī	2	UTTARAPADA	madana maghā
tri	2	UTTARAPADA	dvi kat
tri-bhuja	2	UTTARAPADA	sama viṣama
tri-śatī	2	UTTARAPADA	lalitā rudra
triphalā	2	UTTARAPADA	dvitīya surabhi
triṃśikā	2	UTTARAPADA	dvā parā
tsaru	2	UTTARAPADA	maṇi su
tta	2	UTTARAPADA	parī punar
ttha	2	UTTARAPADA	aśva vāhi
tumula	2	UTTARAPADA	deva su
tura	2	UTTARAPADA	vārtra yājña
turaṃga	2	UTTARAPADA	homa yajña
tuṇḍika	2	UTTARAPADA	ahi bhūmi
tuṇḍikā	2	UTTARAPADA	kaṭu svādu
tuṣāra	2	UTTARAPADA	antas loka
tva-prayoga	2	UTTARAPADA	neṣṭṛ potṛ
tvacā	2	UTTARAPADA	pṛthak sthūla
tvak-ka	2	UTTARAPADA	sāndra tanu
tvaka	2	UTTARAPADA	drava guru
tvara	2	UTTARAPADA	kṛta sa
tājika	2	UTTARAPADA	hillāja jīrṇa
tālikā	2	UTTARAPADA	eka panasa
tālin	2	UTTARAPADA	gati rata
tālīya	2	UTTARAPADA	dugdha kāka
tāmasa	2	UTTARAPADA	andha vi
tāmrā@kṣa	2	UTTARAPADA	roṣa rudhira
tāpanī	2	UTTARAPADA	rāma sundarī
tāpin	2	UTTARAPADA	jala śiras
tātparya-dīpikā	2	UTTARAPADA	nyāya rāmāyaṇa
tāvā	2	UTTARAPADA	dvis tris
tīrthika	2	UTTARAPADA	anya para
tīvra	2	UTTARAPADA	ati vipāka
tūlī	2	UTTARAPADA	su varṇa
tūṇa	2	UTTARAPADA	bāṇa pūrṇa
tūṣa	2	UTTARAPADA	dāma kṛṣṇa
tṛp	2	UTTARAPADA	asu paśu
tṛṇaka	2	UTTARAPADA	mālā paṭu
tṛṇā@ṅkura	2	UTTARAPADA	rūḍha virūḍha
tṛṣa	2	UTTARAPADA	sa vi
udara	2	UTTARAPADA	nir yakṛd
udbhava	2	UTTARAPADA	vāry śukty
uddharaṇa	2	UTTARAPADA	vipad āpad
udita	2	UTTARAPADA	svayam śruty
udātta	2	UTTARAPADA	dvir dvy
ukṣ	2	UTTARAPADA	bṛhad sākam
upadrava	2	UTTARAPADA	nir vy
upajīvin	2	UTTARAPADA	vāry vṛddhy
upakrama	2	UTTARAPADA	dur nir
upala	2	UTTARAPADA	dṛṣad nir
upanayana	2	UTTARAPADA	bhagavad punar
upayāma	2	UTTARAPADA	purastād upariṣṭād
upaśama	2	UTTARAPADA	vy vyādhy
upā@dāna	2	UTTARAPADA	nir pṛthag
uta	2	UTTARAPADA	dur praty
utpatti	2	UTTARAPADA	prāg punar
utsāha	2	UTTARAPADA	dur nir
uttama	2	UTTARAPADA	yajur ṛg
uttha	2	UTTARAPADA	barhir nir
utthāna	2	UTTARAPADA	punar yaṣṭy
uṣṇa	2	UTTARAPADA	kad īṣad
uṣṇih	2	UTTARAPADA	para pura
vacanam	2	UTTARAPADA	yathā yāvad
vacā	2	UTTARAPADA	śukla śveta
vadhyā	2	UTTARAPADA	brahma ātma
vahaka	2	UTTARAPADA	dur pailu
vahikā	2	UTTARAPADA	dharma rāja
vaibhava	2	UTTARAPADA	bhakta buddhi
vailakṣya	2	UTTARAPADA	nir sa
vairasya	2	UTTARAPADA	mukha āsya
vairāgya	2	UTTARAPADA	maithuna śmaśāna
vaitaṃsika	2	UTTARAPADA	dharma dyūta
vaiśasa	2	UTTARAPADA	ardha ati
vaiśvadeva	2	UTTARAPADA	kṣullaka mahā
vaiśvānara	2	UTTARAPADA	saurya sūrya
vaiṣṭambha	2	UTTARAPADA	kṣullaka mahā
vaktavya	2	UTTARAPADA	bahu punar
vakṣaṇa	2	UTTARAPADA	lomaśa vīra
vali	2	UTTARAPADA	pañca tri
valiśa	2	UTTARAPADA	sahasra śata
valkalā	2	UTTARAPADA	komala śaila
valkya	2	UTTARAPADA	pārṇa yājña
valī	2	UTTARAPADA	tri tāla
vanaspati	2	UTTARAPADA	kṣīra oṣadhi
vandhyā	2	UTTARAPADA	kāka mahā
vandin	2	UTTARAPADA	ananya rāja
vandya	2	UTTARAPADA	candra jagad
vanya	2	UTTARAPADA	cakṣur raṇa
vapuṣa	2	UTTARAPADA	sa varāha
vara-locana	2	UTTARAPADA	candra pṛthivī
varcaka	2	UTTARAPADA	su sukha
vardhamāna	2	UTTARAPADA	navya pippalī
vardhanī	2	UTTARAPADA	jīva smṛti
vargīṇa	2	UTTARAPADA	mad vāsudeva
varja	2	UTTARAPADA	parva rasa
varma-deva	2	UTTARAPADA	lakṣmī pāṇḍu
vartam	2	UTTARAPADA	hasta kara
vartu	2	UTTARAPADA	dur tri
varāḍī	2	UTTARAPADA	deśī deśīya
varāṭaka	2	UTTARAPADA	kiṃ kāla
varṇana-stotra	2	UTTARAPADA	parvata rāma
varṇikā	2	UTTARAPADA	pānīya sarva
varṇī	2	UTTARAPADA	citra priya
varṣika-maha	2	UTTARAPADA	pañca ṣaḍ
varṣikā	2	UTTARAPADA	catur eka
varṣīya	2	UTTARAPADA	daśa pañca
vas	2	UTTARAPADA	su uru
vasa	2	UTTARAPADA	dur mahā
vasantaka	2	UTTARAPADA	priya su
vastrin	2	UTTARAPADA	rakta śveta
vastṛ	2	UTTARAPADA	doṣā prātar
vasā	2	UTTARAPADA	candra varāha
vasīyas	2	UTTARAPADA	pāpa śvo
vasīyasa	2	UTTARAPADA	pāpa śvo
vat-tva	2	UTTARAPADA	ana artha
vatsalā	2	UTTARAPADA	bhartṛ vara
vatya	2	UTTARAPADA	marut śālā
vaya	2	UTTARAPADA	catur pūti
vayasin	2	UTTARAPADA	prathama pūrva
vañcanā	2	UTTARAPADA	ātma śīla
vaṃśaka	2	UTTARAPADA	kuru nir
vaṃśin	2	UTTARAPADA	soma sva
vaṃśā	2	UTTARAPADA	indra kṣudra
vaṃśā@valī	2	UTTARAPADA	bhoṃsala madhva
vaṣaṭ-kāram	2	UTTARAPADA	prati yathā
vedasa	2	UTTARAPADA	sarva sārva
vedhanī	2	UTTARAPADA	karṇa veṇi
veditṛ	2	UTTARAPADA	karuṇa sarva
vedā@nta	2	UTTARAPADA	madhva saṃkṣipta
vedā@ṅga	2	UTTARAPADA	muṇḍa veda
vegin	2	UTTARAPADA	su vāyu
vegā	2	UTTARAPADA	kapota varuṇa
vena	2	UTTARAPADA	malla su
veśmika	2	UTTARAPADA	antar prāti
veṇi	2	UTTARAPADA	eka tri
veṇikā	2	UTTARAPADA	saṃdhā tri
veṣa-dhārin	2	UTTARAPADA	sad strī
veṣya	2	UTTARAPADA	hasta nī
veṣṭita	2	UTTARAPADA	latā vastra
vibandha	2	UTTARAPADA	nir uro
vibhinna	2	UTTARAPADA	dūra āśā
vibhrama-sūtra	2	UTTARAPADA	haima hema
vibhraṣṭa	2	UTTARAPADA	yajña yūtha
vibhāta	2	UTTARAPADA	sakṛd su
vibhūṣaṇa	2	UTTARAPADA	bhāla kaṇṭha
viceṣṭa	2	UTTARAPADA	dur nir
viceṣṭita	2	UTTARAPADA	bhrū manda
vicitra	2	UTTARAPADA	citra kusuma
vicyuti	2	UTTARAPADA	garbha saṅga
vidala	2	UTTARAPADA	masūra veṇu
vidarbha	2	UTTARAPADA	dadhi su
vidatra	2	UTTARAPADA	dur su
vidhi-jña	2	UTTARAPADA	māyā sāṃgrāmika
vidhvaṃsin	2	UTTARAPADA	kṣata kṣaṇa
vidhya	2	UTTARAPADA	dvai pāñca
vidhātṛ	2	UTTARAPADA	anāgata aśvastana
vidita	2	UTTARAPADA	bhuvana su
vidradhi	2	UTTARAPADA	gala rakta
vidradhī	2	UTTARAPADA	danta tālu
vidyam	2	UTTARAPADA	prati yathā
vidārikā	2	UTTARAPADA	kṣīra payo
vidāriṇī	2	UTTARAPADA	ruru vaṃśa
vigarhita	2	UTTARAPADA	sad sādhu
viguṇa	2	UTTARAPADA	su viveka
viharaṇa	2	UTTARAPADA	agni dhiṣṇya
vihāra-kārikā	2	UTTARAPADA	prakṛti soma
vijita	2	UTTARAPADA	puṇya strī
vijña	2	UTTARAPADA	candra mahā
vijñāta	2	UTTARAPADA	anivedita loka
vijṛmbhita	2	UTTARAPADA	bhujaṃga siṃha
vikatthana	2	UTTARAPADA	dur sva
vikhyāta	2	UTTARAPADA	sarva viśva
viklava	2	UTTARAPADA	madana su
vikretṛ	2	UTTARAPADA	māṃsa rasa
vikrāyaka	2	UTTARAPADA	kratu śruti
vikrīḍita	2	UTTARAPADA	siṃha śārdūla
vilambam	2	UTTARAPADA	mā sa
vilambin	2	UTTARAPADA	ati dūra
vilokana	2	UTTARAPADA	dig sūrya
vilokita	2	UTTARAPADA	mugdha sāci
vilāpa	2	UTTARAPADA	brāhmaṇa tārā
vilāsin	2	UTTARAPADA	kālī vāg
vilīna	2	UTTARAPADA	svayaṃ śākhā
vimba	2	UTTARAPADA	prati śroṇi
vimita	2	UTTARAPADA	dīkṣita hiraṇya
vimokṣaṇa	2	UTTARAPADA	asṛg śarīra
vimukta	2	UTTARAPADA	jīvan śraddhā
vimukti	2	UTTARAPADA	deha kara
vindhyā	2	UTTARAPADA	nir ṣaḍ
vinigraha	2	UTTARAPADA	pāpa varco
vinirṇaya	2	UTTARAPADA	kārya sīmā
viniyoga	2	UTTARAPADA	mitho vartana
vinna	2	UTTARAPADA	aviśva viśva
vinoda-kāvya	2	UTTARAPADA	rādhā vidvad
vināśin	2	UTTARAPADA	utpanna śoka
vināśinī	2	UTTARAPADA	kali mala
vinī	2	UTTARAPADA	srotas tamas
vipad	2	UTTARAPADA	darśa parva
vipluta	2	UTTARAPADA	bhaya sādhvasa
viplāvaka	2	UTTARAPADA	veda vīra
vipratiṣedha	2	UTTARAPADA	pūrva śāstra
viprayoga	2	UTTARAPADA	priya prāṇa
vipīta	2	UTTARAPADA	gardabhī pīta
virahita	2	UTTARAPADA	vīrya śraddhā
virakta	2	UTTARAPADA	kathā rakta
virasa	2	UTTARAPADA	prānta viraha
virohaṇa	2	UTTARAPADA	sthūṇā śuṣka
viruddha-tā	2	UTTARAPADA	khyāta khyāti
virāj	2	UTTARAPADA	bhadra śuddha
virāma	2	UTTARAPADA	pada ṛg
virāva	2	UTTARAPADA	ali mahā
visarpa	2	UTTARAPADA	agni manda
vistṛta	2	UTTARAPADA	vyoma ṣoḍaśa
vit-tva	2	UTTARAPADA	brahma veda
vita	2	UTTARAPADA	gaurī su
vitala	2	UTTARAPADA	su vasanta
vitata	2	UTTARAPADA	go su
viti	2	UTTARAPADA	bhava gaurī
vitta-vat	2	UTTARAPADA	alpa svalpa
vitṛṇṇa	2	UTTARAPADA	nava śata
vivadha	2	UTTARAPADA	sa vi
vivaktṛ	2	UTTARAPADA	dur su
vivakṣā	2	UTTARAPADA	pādapa saha
vivartin	2	UTTARAPADA	madhya pārśva
viveka-saṃgraha	2	UTTARAPADA	prayoga śrāddha
vivekin	2	UTTARAPADA	madhya svādu
vivikta	2	UTTARAPADA	cintā su
vivṛddhi	2	UTTARAPADA	rāṣṭra ātma
vivṛta	2	UTTARAPADA	su īṣad
viśaṅka	2	UTTARAPADA	nir sa
viśeṣaka	2	UTTARAPADA	pattra sa
viśikha	2	UTTARAPADA	puṣpa viṣama
viśodhana	2	UTTARAPADA	dāna mala
viśvāsa	2	UTTARAPADA	jāta upajāta
viśā	2	UTTARAPADA	deva manuṣya
viśākha	2	UTTARAPADA	skanda skandha
viḍambaka	2	UTTARAPADA	āśrama śāka
viḍambanā	2	UTTARAPADA	arcā ku
viṃśatikīna	2	UTTARAPADA	adhyardha dvi
viṃśatima	2	UTTARAPADA	sapta ṣaḍ
viṃśatka	2	UTTARAPADA	eka ṣaḍ
viṇ-mūtra	2	UTTARAPADA	baddha sṛṣṭa
viṣama	2	UTTARAPADA	prakṛti sama
viṣayaka	2	UTTARAPADA	kiṃ tad
viṣkira	2	UTTARAPADA	nakha smera
viṣuva	2	UTTARAPADA	jala mahā
viṣā@pahā	2	UTTARAPADA	ahi ākhu
viṣāṇikā	2	UTTARAPADA	kulīra kṣīra
viṣṭambha	2	UTTARAPADA	mala pada
viṭapa	2	UTTARAPADA	kaṭuka taru
viṭapin	2	UTTARAPADA	kalpa viṣa
viṭṭhala	2	UTTARAPADA	puṇḍarīka vyāsa
voḍhṛ	2	UTTARAPADA	bhāra dhūr
vrata-cārin	2	UTTARAPADA	kaumāra samāna
vrata-pūjā	2	UTTARAPADA	lakṣmī vināyaka
vyabhicāra	2	UTTARAPADA	sa samaya
vyadhana	2	UTTARAPADA	kṛta sirā
vyalīka	2	UTTARAPADA	kṛta nir
vyapatrapa	2	UTTARAPADA	nir sa
vyape@kṣa	2	UTTARAPADA	nir sa
vyapā@ya	2	UTTARAPADA	ghana kṣapā
vyathana	2	UTTARAPADA	ati nir
vyatireka	2	UTTARAPADA	anvaya upamā
vyatirekin	2	UTTARAPADA	anvaya kevala
vyavahṛti	2	UTTARAPADA	dur krākacya
vyavasita	2	UTTARAPADA	dur samyag
vyavasthā-saṃkṣepa	2	UTTARAPADA	śrāddha śuddhi
vyavā@ya	2	UTTARAPADA	abhyāsa anusvāra
vyañjanā	2	UTTARAPADA	sambhinna śābda
vyaṃsaka	2	UTTARAPADA	chāttra mayūra
vyoma	2	UTTARAPADA	madhye prati
vyādha	2	UTTARAPADA	dharma mṛga
vyāhṛta	2	UTTARAPADA	dur su
vyāhṛti	2	UTTARAPADA	mahā sa
vyāla	2	UTTARAPADA	jala kṛṣṇa
vyāla-niṣevita	2	UTTARAPADA	bahu mṛga
vyāpaka	2	UTTARAPADA	sādhya viśva
vyāptika	2	UTTARAPADA	sama viṣama
vyāpṛta	2	UTTARAPADA	kuṭumba saṃgīta
vā	2	UTTARAPADA	atho tad
vācanika	2	UTTARAPADA	paunar svasti
vācas-pati	2	UTTARAPADA	dharma vaidya
vācin	2	UTTARAPADA	dvi kriyā
vādaka	2	UTTARAPADA	veṇu vīṇā
vādita	2	UTTARAPADA	jala sad
vāg-īśa	2	UTTARAPADA	siddhānta tarka
vāhi	2	UTTARAPADA	ūrṇa ūrṇā
vāhikā	2	UTTARAPADA	dvi rāja
vāhita	2	UTTARAPADA	dur preta
vāhā	2	UTTARAPADA	hala śila
vājapeya	2	UTTARAPADA	kuru śrauta
vākā	2	UTTARAPADA	amṛta śāmya
vālikā	2	UTTARAPADA	kara tara
vālā	2	UTTARAPADA	dīrgha vṛka
vāridhi	2	UTTARAPADA	vivāda śabda
vārin	2	UTTARAPADA	mala mūla
vārita	2	UTTARAPADA	daṇḍa sindhu
vārttākī	2	UTTARAPADA	kaṭu śveta
vāruṇa	2	UTTARAPADA	saurya vaiṣṇava
vārṣikā	2	UTTARAPADA	mahā ṣaḍ
vāsi	2	UTTARAPADA	vara vāra
vāsita	2	UTTARAPADA	lipta su
vāsudeva	2	UTTARAPADA	prati śini
vāsī	2	UTTARAPADA	ambu amā
vātika	2	UTTARAPADA	kapha kevala
vātsapra	2	UTTARAPADA	kṣullaka mahā
vātā	2	UTTARAPADA	apehi su
vātīya	2	UTTARAPADA	madhu pañca
vāyu-stuti	2	UTTARAPADA	hari laghu
vāñchita	2	UTTARAPADA	amogha mano
vāñchā	2	UTTARAPADA	mano sva
vāḍa	2	UTTARAPADA	cakra kavya
vāṇijya	2	UTTARAPADA	danta lākṣā
vāṭika	2	UTTARAPADA	abhra āmra
vīci	2	UTTARAPADA	mahā velā
vījya	2	UTTARAPADA	sukha vāla
vīraka	2	UTTARAPADA	kara su
vīrya-vat	2	UTTARAPADA	tāvad yāvad
vīryaka	2	UTTARAPADA	vaicitra śīta
vīsarpa	2	UTTARAPADA	granthi kardama
vīṇa	2	UTTARAPADA	tumba vāg
vīṭikā	2	UTTARAPADA	parṇa tāmbūla
vṛddhi-kara	2	UTTARAPADA	paśu vīrya
vṛddhika	2	UTTARAPADA	indra sa
vṛddhā	2	UTTARAPADA	indra marud
vṛkṣīya	2	UTTARAPADA	eka nānā
vṛndāraka	2	UTTARAPADA	aśva go
vṛndāvana	2	UTTARAPADA	tulasī vivāha
vṛntikā	2	UTTARAPADA	kṛṣṇa tri
vṛntākī	2	UTTARAPADA	kaṇṭaka vana
vṛtta-phalā	2	UTTARAPADA	dhūmra dīrgha
vṛtti-prakaraṇa	2	UTTARAPADA	lakṣaṇā śrāddha
vṛtā	2	UTTARAPADA	marud tri
vṛścika	2	UTTARAPADA	jala pattra
vṛṣ	2	UTTARAPADA	prā śṛṅga
vṛṣala	2	UTTARAPADA	dur ku
yaja	2	UTTARAPADA	asau dvi
yajana	2	UTTARAPADA	antar deva
yajur-veda	2	UTTARAPADA	kṛṣṇa taittirīya
yajñam	2	UTTARAPADA	madhye ṛte
yajñi	2	UTTARAPADA	daiva sātya
yajño@pavīta-vat	2	UTTARAPADA	hema śukla
yakṣman	2	UTTARAPADA	rāja sa
yantraṇa	2	UTTARAPADA	mukha nir
yantraṇā	2	UTTARAPADA	hrī jaṭhara
yantrika	2	UTTARAPADA	kāra sa
yantrita	2	UTTARAPADA	su śāpa
yantṛ	2	UTTARAPADA	pārṣṇi vi
yatya	2	UTTARAPADA	nai prā
yavana	2	UTTARAPADA	kāla vṛddha
yavāgū	2	UTTARAPADA	gavīdhuka jartila
yaśa	2	UTTARAPADA	ati su
yaśaska	2	UTTARAPADA	mahā nir
yoga-kṣema	2	UTTARAPADA	nir samāna
yoga-ratnā@valī	2	UTTARAPADA	laghu sad
yoga-saṃgraha	2	UTTARAPADA	pavana purātana
yogam	2	UTTARAPADA	prati yathā
yoge@śvara	2	UTTARAPADA	dharma mahā
yudhvan	2	UTTARAPADA	rāja saha
yugvan	2	UTTARAPADA	sa sva
yuja	2	UTTARAPADA	aśva dhūr
yājana	2	UTTARAPADA	ayājya grāma
yāmila	2	UTTARAPADA	brahma rudra
yāmya	2	UTTARAPADA	mahā pūrva
yānika	2	UTTARAPADA	pāri saukha
yātrā-vidhi	2	UTTARAPADA	dvāra setu
yāśu	2	UTTARAPADA	budbuda su
yāṇika	2	UTTARAPADA	nair prā
yūka	2	UTTARAPADA	loma paśu
yūpam	2	UTTARAPADA	prati yathā
ābhāva	2	UTTARAPADA	apunar punar
ābādha	2	UTTARAPADA	dur nir
ācārin	2	UTTARAPADA	asad sad
ādarśa	2	UTTARAPADA	praty sūkty
ādheyika	2	UTTARAPADA	paunar punar
ādhi	2	UTTARAPADA	dur nir
ādhī	2	UTTARAPADA	dur dūra
āgati	2	UTTARAPADA	gaty sad
āghāta	2	UTTARAPADA	cārv yaṣṭy
āgāmin	2	UTTARAPADA	punar sakṛd
āhika	2	UTTARAPADA	dvy try
āhvaya	2	UTTARAPADA	dadhy yaṣṭy
āhṛta	2	UTTARAPADA	sakṛd svayam
ājya	2	UTTARAPADA	bahv pṛṣad
ākara	2	UTTARAPADA	dadhy śānty
ākhyā	2	UTTARAPADA	rātry stry
ākranda	2	UTTARAPADA	dur nir
ākrānta	2	UTTARAPADA	dur vipad
ākula	2	UTTARAPADA	nir vy
ākāśa	2	UTTARAPADA	antar nir
ākṣepa	2	UTTARAPADA	bhaviṣyad hetv
ālamba	2	UTTARAPADA	dur nir
ālambana	2	UTTARAPADA	nir vāg
ālambha	2	UTTARAPADA	dur punar
ālu	2	UTTARAPADA	madhv svar
āluka	2	UTTARAPADA	hasty madhv
ālāpa	2	UTTARAPADA	dur nir
āmarṣa	2	UTTARAPADA	nir vy
āmnāya	2	UTTARAPADA	dur ṣaḍ
āmuṣyāyaṇa	2	UTTARAPADA	dvir dvy
āpīḍa	2	UTTARAPADA	praty pṛthivy
āra	2	UTTARAPADA	bṛhad ṣaḍ
āraṇyaka	2	UTTARAPADA	bṛhad yajur
ārta	2	UTTARAPADA	rug vyādhy
ārāma	2	UTTARAPADA	antar lakṣmy
ārūḍha	2	UTTARAPADA	dur svar
āspada	2	UTTARAPADA	nir vāyv
āsuti	2	UTTARAPADA	bhūry sarpir
āsvāda	2	UTTARAPADA	madhv nir
ātmam	2	UTTARAPADA	bahir praty
ātreya	2	UTTARAPADA	bṛhad svasty
āvali	2	UTTARAPADA	gurv ṣaḍ
āvaraṇa-pūjā	2	UTTARAPADA	devy viṣṇv
āvartana	2	UTTARAPADA	apunar punar
āya	2	UTTARAPADA	antar nir
āyatana	2	UTTARAPADA	devy ṣaḍ
āyuṣa	2	UTTARAPADA	dvy try
āśrita	2	UTTARAPADA	sad sarid
āḍambara	2	UTTARAPADA	nir vāg
īha	2	UTTARAPADA	dur nir
īkṣa	2	UTTARAPADA	dur tiryag
īśitṛ	2	UTTARAPADA	jagad kad
śabda-saṃgraha	2	UTTARAPADA	deśī deśīya
śabdam	2	UTTARAPADA	sphuṭa uccaiḥ
śabdika	2	UTTARAPADA	naitya pāñca
śaiśava	2	UTTARAPADA	gata mukta
śakaṭikā	2	UTTARAPADA	puṣpa suvarṇa
śakra	2	UTTARAPADA	bhū pṛthivī
śakya	2	UTTARAPADA	draṣṭu mahā
śalyā	2	UTTARAPADA	vakra ātma
śamanīya	2	UTTARAPADA	pṛṣṭha saṃśodhana
śamya	2	UTTARAPADA	hiraṇya yuga
śara-kārmuka	2	UTTARAPADA	gṛhīta pracaṇḍa
śarad	2	UTTARAPADA	apara varṣā
śarmi	2	UTTARAPADA	bhādra daiva
śarīram	2	UTTARAPADA	prati yathā
śata-pattra	2	UTTARAPADA	cakra lohita
śaunaka	2	UTTARAPADA	bhadra laghu
śaunakī	2	UTTARAPADA	laghu vṛddha
śauṇḍī	2	UTTARAPADA	auṣaṇa mahā
śayyā@sanā@śana	2	UTTARAPADA	saha yāna
śaśa	2	UTTARAPADA	gosa uṣṭra
śaśā@ṅka	2	UTTARAPADA	pratimā rākā
śaṅkita	2	UTTARAPADA	anya nitya
śaṇa-puṣpikā	2	UTTARAPADA	kṣudra mahā
śaṣkulī	2	UTTARAPADA	karṇa āgama
ścut	2	UTTARAPADA	ghṛta madhu
ścyut	2	UTTARAPADA	ghṛta madhu
śekharā	2	UTTARAPADA	hara ugra
śepa	2	UTTARAPADA	eka śunaḥ
śeva	2	UTTARAPADA	duḥ su
śibira	2	UTTARAPADA	sa śaila
śigruka	2	UTTARAPADA	hrasva madhu
śikā	2	UTTARAPADA	hema puṣkara
śikṣita	2	UTTARAPADA	duḥ su
śimbika	2	UTTARAPADA	dīrgha sita
śimbā	2	UTTARAPADA	śuka śūka
śiphā	2	UTTARAPADA	puṣkara śākhā
śirasa	2	UTTARAPADA	prāk sahasra
ślatha	2	UTTARAPADA	dara vi
śleṣaṇa	2	UTTARAPADA	antaḥ loha
ślāghin	2	UTTARAPADA	vṛtta ātma
ślāghā	2	UTTARAPADA	guṇa sva
śmaśāna	2	UTTARAPADA	akṛta mahā
śmaśānam	2	UTTARAPADA	madhye pāre
śoci	2	UTTARAPADA	bhadra śukra
śodhin	2	UTTARAPADA	mukha vaktra
śodhinī	2	UTTARAPADA	dhī tūla
śoka-samāviṣṭa	2	UTTARAPADA	bhaya tīvra
śotha	2	UTTARAPADA	pāda sadyaḥ
śoṣin	2	UTTARAPADA	mukha vraṇa
śravya	2	UTTARAPADA	dṛśya sukha
śreyas	2	UTTARAPADA	ahaṃ utkrānta
śrutya	2	UTTARAPADA	bāhu mantra
śruṣṭi	2	UTTARAPADA	eka viśva
śrāddha-prayoga	2	UTTARAPADA	saṃkalpa tīrtha
śrāddha-vidhi	2	UTTARAPADA	dīpa sāmānya
śrāvaṇa	2	UTTARAPADA	satya triḥ
śrī-kānta-miśra	2	UTTARAPADA	bhārga garbha
śukram	2	UTTARAPADA	prati puraḥ
śukta	2	UTTARAPADA	madhu rasa
śuṅga	2	UTTARAPADA	eka śveta
śuṣka	2	UTTARAPADA	vi ātapa
śuṣman	2	UTTARAPADA	barhiḥ soma
śvabhra	2	UTTARAPADA	bhū ku
śvetā	2	UTTARAPADA	kṣudra sura
śvit	2	UTTARAPADA	sūrya uda
śyeta	2	UTTARAPADA	haṃsa tri
śyāparṇa	2	UTTARAPADA	sa vi
śābara-tantra	2	UTTARAPADA	deva siddha
śādvala	2	UTTARAPADA	rūḍha sa
śākhaka	2	UTTARAPADA	anya vi
śāla-bhañjikā	2	UTTARAPADA	kelī viddha
śāla-vana	2	UTTARAPADA	bhadra yamaka
śālika	2	UTTARAPADA	kāṣṭha lekha
śālinī	2	UTTARAPADA	dala giri
śālmalī	2	UTTARAPADA	ku kūṭa
śālīna	2	UTTARAPADA	mahā nisarga
śānti-paddhati	2	UTTARAPADA	mūla vināyaka
śānti-saṃgraha	2	UTTARAPADA	sakala vināyaka
śānti-vidhi	2	UTTARAPADA	mūla pañcaka
śānti-vidhāna	2	UTTARAPADA	laghu mūla
śārīraka	2	UTTARAPADA	mantra saṃkṣepa
śāsin	2	UTTARAPADA	ari bhuvana
śāsita	2	UTTARAPADA	mātṛ su
śāya	2	UTTARAPADA	kakṣa kaṅka
śāyika	2	UTTARAPADA	saukha saukhya
śīkara	2	UTTARAPADA	kara śrama
śīlā	2	UTTARAPADA	dhyāna khaṇḍa
śīma	2	UTTARAPADA	duḥ su
śīrṇa	2	UTTARAPADA	antaḥ svayaṃ
śīrṣi	2	UTTARAPADA	kāka pailu
śīrṣṇī	2	UTTARAPADA	kapi nīla
śītalā	2	UTTARAPADA	rāma ārāma
śūdra	2	UTTARAPADA	mahā viṭ
śṛṅgikā	2	UTTARAPADA	dvi guḍa
śṛṅgāṭa	2	UTTARAPADA	kaṭu sthala
śṛṅgāṭaka	2	UTTARAPADA	graha sthala
ūha	2	UTTARAPADA	dur nir
ūrmi	2	UTTARAPADA	ruśad ṣaḍ
ūti	2	UTTARAPADA	sadya su
ūḍhā	2	UTTARAPADA	dvir prāg
ḍimbha	2	UTTARAPADA	brāhmaṇa toya
ḍākinī	2	UTTARAPADA	apavitra pañca
ḍāś	2	UTTARAPADA	dū puro
ḍāśa	2	UTTARAPADA	dū puro
ṃ-bhara	2	UTTARAPADA	asu kaṭa
ṃ-cara	2	UTTARAPADA	kṣudra rātri
ṃ-dha	2	UTTARAPADA	paṇya stana
ṃ-dhari	2	UTTARAPADA	yauga śila
ṃ-dharā	2	UTTARAPADA	bala vasu
ṃ-gavīna	2	UTTARAPADA	aśita uṣita
ṃ-jīvaka	2	UTTARAPADA	jīva putra
ṃ-karā	2	UTTARAPADA	bhoga vīra
ṃ-kṛta	2	UTTARAPADA	bhakṣa vaśa
ṃ-liha	2	UTTARAPADA	abhra vaha
ṃ-vada	2	UTTARAPADA	priya vaśa
ṇakhā	2	UTTARAPADA	vajra śūrpa
ṇas	2	UTTARAPADA	khara khura
ṇata	2	UTTARAPADA	indra tri
ṇava	2	UTTARAPADA	punar tri
ṇavata	2	UTTARAPADA	catur ṣaṇ
ṇaśa	2	UTTARAPADA	dur dū
ṇitamba	2	UTTARAPADA	cakra giri
ṇāha	2	UTTARAPADA	parī prā
ṇāya	2	UTTARAPADA	parī śūrpa
ṇāyya	2	UTTARAPADA	prā pāri
ṇāśa	2	UTTARAPADA	dū tūr
ṇīta	2	UTTARAPADA	dur svar
ṇītha	2	UTTARAPADA	puru sahasra
ṛc	2	UTTARAPADA	bahv madhv
ṛjīka	2	UTTARAPADA	go āvir
ṛtu-varṇana	2	UTTARAPADA	hemanta śarad
ṛṇa	2	UTTARAPADA	nir sa
ṣa	2	UTTARAPADA	pañca paśu
ṣadman	2	UTTARAPADA	nṛ su
ṣadvan	2	UTTARAPADA	dru nṛ
ṣadya	2	UTTARAPADA	pāri upari
ṣaha	2	UTTARAPADA	duḥ su
ṣakhi	2	UTTARAPADA	go su
ṣanti	2	UTTARAPADA	dauḥ puru
ṣaḍgava	2	UTTARAPADA	aśva hasti
ṣaṅga	2	UTTARAPADA	aṅguli niḥ
ṣaṇi	2	UTTARAPADA	go pitu
ṣaṣ	2	UTTARAPADA	dvi tri
ṣaṭ-ślokī	2	UTTARAPADA	prasāda sarasvatī
ṣaṭpada	2	UTTARAPADA	sthūla vilīna
ṣecana	2	UTTARAPADA	nau su
ṣedha	2	UTTARAPADA	su vidhi
ṣeka	2	UTTARAPADA	parī su
ṣeṇya	2	UTTARAPADA	pāri vāri
ṣkambha	2	UTTARAPADA	hanu ūru
ṣoma	2	UTTARAPADA	apsu su
ṣoḍaśī	2	UTTARAPADA	kṣamā vihṛta
ṣupta	2	UTTARAPADA	duḥ su
ṣut	2	UTTARAPADA	madhu su
ṣuta	2	UTTARAPADA	adri su
ṣvapnya	2	UTTARAPADA	dauḥ duḥ
ṣvasrīya	2	UTTARAPADA	mātṛ paitṛ
ṣvātta	2	UTTARAPADA	agni anagni
ṣāc	2	UTTARAPADA	nṛ rāti
ṣāha	2	UTTARAPADA	abhimāti su
ṣāhasra	2	UTTARAPADA	dvi tri
ṣāḍava	2	UTTARAPADA	phala rāga
ṣū	2	UTTARAPADA	strī su
ṣū@kta	2	UTTARAPADA	dvi go
ṣūta	2	UTTARAPADA	nṛ su
ṣṭhi	2	UTTARAPADA	go parame
ṣṭhita	2	UTTARAPADA	prāti su
ṣṭhu	2	UTTARAPADA	duḥ su
ṣṭhīla	2	UTTARAPADA	madhu mukha
ṣṭhīva	2	UTTARAPADA	hiraṇya pada
ṣṭu	2	UTTARAPADA	pṛthu su
ṣṭubh	2	UTTARAPADA	su tri
ṣṭuti	2	UTTARAPADA	duḥ su
ṭippana	2	UTTARAPADA	pavamāna vārttika
ṭippaṇī	2	UTTARAPADA	raghu sudhā
ṭā	2	UTTARAPADA	sarpiṣ yajuṣ
ṭīka	2	UTTARAPADA	vajra ṭaṅka
'-bhilāṣa	1	UTTARAPADA	mano
'bhibhavana	1	UTTARAPADA	tejo
'bhidhā	1	UTTARAPADA	mano
'bhikāṅkṣin	1	UTTARAPADA	śreyo
'bhiniveśa	1	UTTARAPADA	mano
'bhiprā@ya	1	UTTARAPADA	mano
'bhirāma	1	UTTARAPADA	mano
'bhitāpa	1	UTTARAPADA	śiro
'bhivarṣa	1	UTTARAPADA	sadyo
'bja	1	UTTARAPADA	uru
'dhinātha	1	UTTARAPADA	mano
'gra	1	UTTARAPADA	ayo
'graka	1	UTTARAPADA	ayo
'hnya	1	UTTARAPADA	tiro
'hu	1	UTTARAPADA	paro
'javāja	1	UTTARAPADA	go
'jira	1	UTTARAPADA	sado
'kṣa	1	UTTARAPADA	paro
'kṣam	1	UTTARAPADA	puro
'kṣara	1	UTTARAPADA	bhūyo
'kṣi-śiro-mukha	1	UTTARAPADA	sarvato
'mbhas	1	UTTARAPADA	go
'mbu	1	UTTARAPADA	go
'mbu-pa	1	UTTARAPADA	nabho
'mṛta-maya	1	UTTARAPADA	tejo
'mṛta-tīrtha	1	UTTARAPADA	payo
'navasthāna	1	UTTARAPADA	mano
'ndhakāra	1	UTTARAPADA	tamo
'ni	1	UTTARAPADA	ayo
'nta-kṛt	1	UTTARAPADA	tamo
'ntya	1	UTTARAPADA	tamo
'nubhāva	1	UTTARAPADA	tapo
'nuga	1	UTTARAPADA	mano
'nukūla	1	UTTARAPADA	mano
'nurūpa	1	UTTARAPADA	vayo
'nuvākya	1	UTTARAPADA	araṇye
'nuvākyā	1	UTTARAPADA	puro
'nuvṛtta	1	UTTARAPADA	chando
'nuśāsana-vṛtti	1	UTTARAPADA	chando
'nāgamana	1	UTTARAPADA	bhūyo
'nū@cya	1	UTTARAPADA	araṇye
'pa	1	UTTARAPADA	pare
'paha	1	UTTARAPADA	tamo
'pahārin	1	UTTARAPADA	mano
'pahārā@vali	1	UTTARAPADA	chando
'pe@ta	1	UTTARAPADA	mano
'pāṣṭi	1	UTTARAPADA	ayo
'rbuda	1	UTTARAPADA	medo
'ri	1	UTTARAPADA	tamo
'rthin	1	UTTARAPADA	śreyo
'rthīya	1	UTTARAPADA	tapo
'ti-rātra	1	UTTARAPADA	ubhayato
'tiga	1	UTTARAPADA	vayo
'tī@ta	1	UTTARAPADA	vayo
'valambikā	1	UTTARAPADA	mano
'varam	1	UTTARAPADA	paro
'vasikta	1	UTTARAPADA	reto
'vasthā	1	UTTARAPADA	vayo
'ñjana	1	UTTARAPADA	sroto
'śva	1	UTTARAPADA	go
'śāna	1	UTTARAPADA	āpo
'śīta	1	UTTARAPADA	paro
'ṃhu	1	UTTARAPADA	paro
'ṅga	1	UTTARAPADA	ubhayato
'ṅgaṇa	1	UTTARAPADA	nabho
'ṭa	1	UTTARAPADA	khe
<root>akṣ	1	UTTARAPADA	nir
<root>kṛ	1	UTTARAPADA	amithyā
abaddha-pralāpin	1	UTTARAPADA	bahv
abdam	1	UTTARAPADA	praty
abdhi	1	UTTARAPADA	sarpir
abhi	1	UTTARAPADA	dur
abhibhūta	1	UTTARAPADA	vāyv
abhidhāna-cintāmaṇi	1	UTTARAPADA	bṛhad
abhigamana	1	UTTARAPADA	stry
abhigraha	1	UTTARAPADA	dur
abhigūrta	1	UTTARAPADA	svayam
abhihita	1	UTTARAPADA	prāg
abhijana	1	UTTARAPADA	uccair
abhijña	1	UTTARAPADA	ṣaḍ
abhijñāta	1	UTTARAPADA	ṣaḍ
abhikhya	1	UTTARAPADA	mahad
abhilapya	1	UTTARAPADA	nir
abhilāṣa	1	UTTARAPADA	nir
abhimati	1	UTTARAPADA	pṛthag
abhimāna	1	UTTARAPADA	nir
abhimānin	1	UTTARAPADA	dur
abhirakṣa	1	UTTARAPADA	dur
abhisambhava	1	UTTARAPADA	dur
abhisaṃdhi	1	UTTARAPADA	dur
abhisaṃdhāna	1	UTTARAPADA	nir
abhivāda	1	UTTARAPADA	prātar
abhiyoga	1	UTTARAPADA	dvy
abhiṣeka	1	UTTARAPADA	punar
abhiṣuta	1	UTTARAPADA	sakṛd
abhyanū@kta	1	UTTARAPADA	evam
abhyasta	1	UTTARAPADA	dvir
abhyaṅga	1	UTTARAPADA	nir
abhyunnīta	1	UTTARAPADA	punar
abhyāghāram	1	UTTARAPADA	punar
abhyākāram	1	UTTARAPADA	punar
abhyāsam	1	UTTARAPADA	praty
abhyāsā@kūpara	1	UTTARAPADA	dvir
abhyāvartam	1	UTTARAPADA	punar
abhāve	1	UTTARAPADA	yad
abhīkṣṇam	1	UTTARAPADA	yāvad
abhīśu	1	UTTARAPADA	smad
ac-ka	1	UTTARAPADA	bahv
acit	1	UTTARAPADA	cid
acī	1	UTTARAPADA	gav
ada	1	UTTARAPADA	havir
adana	1	UTTARAPADA	cārv
adharo'ṣṭha	1	UTTARAPADA	sphurad
adhidevatā	1	UTTARAPADA	praty
adhiga	1	UTTARAPADA	dur
adhigata	1	UTTARAPADA	svayam
adhikaraṇam	1	UTTARAPADA	praty
adhivāsa	1	UTTARAPADA	sāyam
adhiṣṭhita	1	UTTARAPADA	dur
adhva-gā	1	UTTARAPADA	try
adhvaga	1	UTTARAPADA	kad
adhyavasāya	1	UTTARAPADA	dur
adhyaya	1	UTTARAPADA	dur
adhyayana	1	UTTARAPADA	bahv
adhyayanam	1	UTTARAPADA	yāvad
adhyetṛ	1	UTTARAPADA	asad
adhyāyika	1	UTTARAPADA	catur
adhyāyikā	1	UTTARAPADA	catur
adhyāyī	1	UTTARAPADA	catur
adhī@yāna	1	UTTARAPADA	dur
adhī@śa	1	UTTARAPADA	try
adhī@śvara	1	UTTARAPADA	dur
aditi	1	UTTARAPADA	kṣity
admanī	1	UTTARAPADA	dur
adri	1	UTTARAPADA	udag
adya	1	UTTARAPADA	havir
adyaka	1	UTTARAPADA	kim
adṛṣṭa	1	UTTARAPADA	dur
agam	1	UTTARAPADA	praty
agna	1	UTTARAPADA	bārhad
agni-parī@kṣā@di-grantha	1	UTTARAPADA	śānty
agni-vat	1	UTTARAPADA	catur
agni-ṣṭoma	1	UTTARAPADA	purastād
agnihotra-kālā@tikrama-prā@yaścitta	1	UTTARAPADA	prātar
agnika	1	UTTARAPADA	nir
agraha	1	UTTARAPADA	praty
agraka	1	UTTARAPADA	nir
agrikā	1	UTTARAPADA	aham
agurutva	1	UTTARAPADA	svayam
aham	1	UTTARAPADA	nir
ahamikā	1	UTTARAPADA	aham
ahanī	1	UTTARAPADA	rātry
ahar	1	UTTARAPADA	ahar
ahas	1	UTTARAPADA	paścād
ahaṃkāra	1	UTTARAPADA	nir
ahaṃstambha	1	UTTARAPADA	nir
ahe	1	UTTARAPADA	tad
ahika	1	UTTARAPADA	prāty
ahniya	1	UTTARAPADA	tiro
ahnya	1	UTTARAPADA	tiro
aho-rātra	1	UTTARAPADA	ṣaḍ
ahīna	1	UTTARAPADA	dvy
aihika	1	UTTARAPADA	try
ailaba	1	UTTARAPADA	vy
aiḍa	1	UTTARAPADA	viṣvag
ajana	1	UTTARAPADA	go
ajavika	1	UTTARAPADA	bahv
ajina	1	UTTARAPADA	nir
ajira	1	UTTARAPADA	praty
ak	1	UTTARAPADA	praty
akna	1	UTTARAPADA	jānv
akṣaka	1	UTTARAPADA	try
akṣam	1	UTTARAPADA	paścād
akṣaraka	1	UTTARAPADA	laghv
akṣi	1	UTTARAPADA	nikāṇam
akṣika	1	UTTARAPADA	prāty
akṣīṇa	1	UTTARAPADA	ṣaḍ
alaṃ-kriyā	1	UTTARAPADA	vidhy
alaṃ-kāra	1	UTTARAPADA	vidhy
alaṃkāra	1	UTTARAPADA	nir
alaṃkāra-candrikā	1	UTTARAPADA	sad
alaṃkṛta	1	UTTARAPADA	sādhv
alinda	1	UTTARAPADA	try
alkaśa	1	UTTARAPADA	vy
alīka	1	UTTARAPADA	vy
amara-kośa	1	UTTARAPADA	bṛhad
amarṣa	1	UTTARAPADA	nir
amatram	1	UTTARAPADA	yāvad
ambha	1	UTTARAPADA	sad
ambhas	1	UTTARAPADA	vidyud
ambhoja	1	UTTARAPADA	hṛd
ambikā	1	UTTARAPADA	jagad
ambu	1	UTTARAPADA	nir
ambu-dhara	1	UTTARAPADA	śarad
ambuka	1	UTTARAPADA	try
ambā	1	UTTARAPADA	jagad
ambā-śataka	1	UTTARAPADA	bṛhad
ambālikā	1	UTTARAPADA	bṛhad
anadyatana	1	UTTARAPADA	bhaviṣyad
ananta	1	UTTARAPADA	vasv
anartha	1	UTTARAPADA	bahv
andhakāra	1	UTTARAPADA	praty
andhas	1	UTTARAPADA	nir
anilam	1	UTTARAPADA	praty
anindita	1	UTTARAPADA	sādhv
anta-karma-paddhati	1	UTTARAPADA	yaty
anta-nirṇaya	1	UTTARAPADA	tithy
anta-sura-druma	1	UTTARAPADA	śruty
antam	1	UTTARAPADA	yāvad
antar-ātman	1	UTTARAPADA	jagad
antaraṇa	1	UTTARAPADA	havir
antarya	1	UTTARAPADA	nair
antarāla	1	UTTARAPADA	nir
antaḥstha	1	UTTARAPADA	antar
ante	1	UTTARAPADA	bahir
antikā	1	UTTARAPADA	naḍ
antima	1	UTTARAPADA	praty
antāt	1	UTTARAPADA	praty
antāya	1	UTTARAPADA	yāvad
anu	1	UTTARAPADA	tad
anubandha	1	UTTARAPADA	nir
anubodha	1	UTTARAPADA	dur
anugama	1	UTTARAPADA	vyāpty
anugama-prakāśa	1	UTTARAPADA	vyāpty
anugama-rahasya	1	UTTARAPADA	vyāpty
anugama-vādā@rtha	1	UTTARAPADA	vyāpty
anugamā@loka	1	UTTARAPADA	vyāpty
anuja	1	UTTARAPADA	stry
anujñāta	1	UTTARAPADA	dur
anujā	1	UTTARAPADA	pum
anukrośa	1	UTTARAPADA	nir
anukṛti	1	UTTARAPADA	tad
anuneya	1	UTTARAPADA	dur
anunāsika	1	UTTARAPADA	nir
anuprāsa	1	UTTARAPADA	vṛtty
anupālana	1	UTTARAPADA	dur
anurodha	1	UTTARAPADA	nir
anurāga	1	UTTARAPADA	prāg
anusamprā@pya	1	UTTARAPADA	dur
anusaraṇa	1	UTTARAPADA	tad
anusthita	1	UTTARAPADA	viṣṇv
anusāra	1	UTTARAPADA	gaty
anuvartya	1	UTTARAPADA	dur
anuvāka	1	UTTARAPADA	prātar
anuyoga	1	UTTARAPADA	praty
anuyojya	1	UTTARAPADA	nir
anuśaya	1	UTTARAPADA	nir
anuṣaṅga	1	UTTARAPADA	pad
anvavasāyin	1	UTTARAPADA	paścād
anvaya-mahā-ratna	1	UTTARAPADA	ṣaḍ
anvaya-śāmbhava-raśmi-pūjā-krama	1	UTTARAPADA	ṣaḍ
anveṣya	1	UTTARAPADA	dur
anvita	1	UTTARAPADA	rug
anūcāna	1	UTTARAPADA	dur
anūkā@ntam	1	UTTARAPADA	praty
anṛta	1	UTTARAPADA	bhūmy
ap	1	UTTARAPADA	bahv
apacāra	1	UTTARAPADA	dur
apagama	1	UTTARAPADA	punar
apahnava	1	UTTARAPADA	nir
apahāraka	1	UTTARAPADA	vāg
apahārin	1	UTTARAPADA	jāty
apakarṣa	1	UTTARAPADA	purastād
apakrama	1	UTTARAPADA	nir
apam	1	UTTARAPADA	prāg
apamūrdhan	1	UTTARAPADA	vy
apara	1	UTTARAPADA	praty
aparuddha	1	UTTARAPADA	jyog
aparā@yata	1	UTTARAPADA	prāg
aparādha-kṣamāpaṇa-stotra	1	UTTARAPADA	devy
apas	1	UTTARAPADA	tad
apavarta	1	UTTARAPADA	nir
apavartana	1	UTTARAPADA	nir
apaśa	1	UTTARAPADA	go
ape@kṣya	1	UTTARAPADA	nair
apo@dita	1	UTTARAPADA	svayam
apramoṣa	1	UTTARAPADA	smṛty
apā@sa	1	UTTARAPADA	dur
apā@sana-vidhi	1	UTTARAPADA	sādhv
apā@ṅga	1	UTTARAPADA	tiryag
apūpa	1	UTTARAPADA	vrīhy
araṇya	1	UTTARAPADA	praty
arbuda	1	UTTARAPADA	nir
arca	1	UTTARAPADA	ṣaḍ
arcana	1	UTTARAPADA	bhagavad
ardhi	1	UTTARAPADA	praty
argha	1	UTTARAPADA	go
arham	1	UTTARAPADA	praty
ari	1	UTTARAPADA	praty
ari-lauha	1	UTTARAPADA	yakṛd
ari-rasa	1	UTTARAPADA	pāṇḍv
arkṣa	1	UTTARAPADA	saṃdhy
arman	1	UTTARAPADA	snāyv
arpaṇa	1	UTTARAPADA	tad
artha-bodhaka	1	UTTARAPADA	vṛtty
artha-candrikā	1	UTTARAPADA	manv
artha-carita	1	UTTARAPADA	svasty
artha-darpaṇa	1	UTTARAPADA	ṣaṣṭhy
artha-muktā@valī	1	UTTARAPADA	manv
artha-nirṇaya	1	UTTARAPADA	ṣaḍ
artha-ratna-mālā	1	UTTARAPADA	śruty
artha-ratnā@kara	1	UTTARAPADA	smṛty
artha-saṃkṣepa	1	UTTARAPADA	ṣaḍ
artha-sāgara	1	UTTARAPADA	smṛty
artha-tva	1	UTTARAPADA	alam
artha-tā	1	UTTARAPADA	alam
artha-vacas	1	UTTARAPADA	alam
artha-vicāra	1	UTTARAPADA	liṅ
artha-vāda	1	UTTARAPADA	liṅ
arthe	1	UTTARAPADA	tvad
arthin	1	UTTARAPADA	punar
arthya	1	UTTARAPADA	nair
arthā@bhāva	1	UTTARAPADA	śruty
arti	1	UTTARAPADA	nir
aruṇa	1	UTTARAPADA	try
aruṣa	1	UTTARAPADA	try
arā	1	UTTARAPADA	praty
arṇa	1	UTTARAPADA	vy
arṇam	1	UTTARAPADA	praty
arṇas	1	UTTARAPADA	go
arṇaś	1	UTTARAPADA	madhv
as	1	UTTARAPADA	hṛtsv
asad	1	UTTARAPADA	sad
asammata	1	UTTARAPADA	svāmy
asamāpta	1	UTTARAPADA	īṣad
asamāpti	1	UTTARAPADA	īṣad
asan	1	UTTARAPADA	sad
asat	1	UTTARAPADA	sad
asiddhi	1	UTTARAPADA	siddhy
asra-yāna	1	UTTARAPADA	catur
asra-śobhin	1	UTTARAPADA	catur
asraka	1	UTTARAPADA	catur
asta-gamana	1	UTTARAPADA	praty
astam	1	UTTARAPADA	praty
asthaka	1	UTTARAPADA	vy
asthi-bhūta	1	UTTARAPADA	tvag
asthi-śeṣa	1	UTTARAPADA	tvag
asādhu	1	UTTARAPADA	sādhv
asṛṅ-mati	1	UTTARAPADA	bṛhad
atikrānti	1	UTTARAPADA	sthity
atipāta	1	UTTARAPADA	tad
atirikta	1	UTTARAPADA	etad
atiśaya	1	UTTARAPADA	nir
atyetu	1	UTTARAPADA	dur
atī@ta	1	UTTARAPADA	vāg
atīcāra	1	UTTARAPADA	nir
aukasārā	1	UTTARAPADA	vasv
aupamya	1	UTTARAPADA	yāvad
auṣadhika	1	UTTARAPADA	bahv
ava	1	TADDHITA_SUFFIX_EXT	nir
ava-marṣa	1	UTTARAPADA	praty
ava-marṣa-vat	1	UTTARAPADA	praty
avabhāsa	1	UTTARAPADA	pāṇḍv
avabhāṣa	1	UTTARAPADA	praty
avabhāṣā	1	UTTARAPADA	praty
avacchada	1	UTTARAPADA	dur
avadhāraka	1	UTTARAPADA	dur
avadoṣa-tva	1	UTTARAPADA	nir
avadya-pa	1	UTTARAPADA	mitho
avadāna	1	UTTARAPADA	paśv
avadāra-prā@paṇa	1	UTTARAPADA	vy
avadīrṇa	1	UTTARAPADA	svayam
avagama	1	UTTARAPADA	dur
avagāha	1	UTTARAPADA	dur
avahālikā	1	UTTARAPADA	nir
avakāśa	1	UTTARAPADA	nir
avalamba	1	UTTARAPADA	nir
avalepa	1	UTTARAPADA	dur
avana	1	UTTARAPADA	hary
avanata	1	UTTARAPADA	try
avanega	1	UTTARAPADA	prātar
avapanna	1	UTTARAPADA	svayam
avarajā	1	UTTARAPADA	sāvitry
avaroha	1	UTTARAPADA	dur
avarā@rdhya	1	UTTARAPADA	catur
avasita	1	UTTARAPADA	dur
avaskṛta	1	UTTARAPADA	nir
avasthāna	1	UTTARAPADA	dig
avastāra	1	UTTARAPADA	nir
avasāda	1	UTTARAPADA	nir
avasāna	1	UTTARAPADA	yad
avasānika	1	UTTARAPADA	pāry
avavada	1	UTTARAPADA	dur
avayavam	1	UTTARAPADA	praty
avaśeṣa	1	UTTARAPADA	nir
ave@kṣaṇa	1	UTTARAPADA	viṣvag
ave@kṣita	1	UTTARAPADA	dur
ave@kṣā	1	UTTARAPADA	prāty
avyaya	1	UTTARAPADA	nir
avā@nin	1	UTTARAPADA	vy
avā@pa	1	UTTARAPADA	dur
aya	1	UTTARAPADA	gavām
ayanam	1	UTTARAPADA	praty
ayanastva	1	UTTARAPADA	praty
ayantra	1	UTTARAPADA	paśv
añcala	1	UTTARAPADA	dṛg
añcana	1	UTTARAPADA	viṣvag
añjali	1	UTTARAPADA	try
añjanā	1	UTTARAPADA	nair
añji	1	UTTARAPADA	vṛṣad
añjīra	1	UTTARAPADA	laghv
aśanā	1	UTTARAPADA	hasty
aśanīya	1	UTTARAPADA	yad
aśraka	1	UTTARAPADA	ṣaḍ
aśrā	1	UTTARAPADA	ṣaḍ
aṃhri	1	UTTARAPADA	ṣaḍ
aṃsam	1	UTTARAPADA	praty
aṃśa-vat	1	UTTARAPADA	catur
aṃśaka	1	UTTARAPADA	vy
aṃśuka	1	UTTARAPADA	vy
aṅga-tva	1	UTTARAPADA	antar
aṅgada-saṃvāda	1	UTTARAPADA	hanumad
aṅgaṭa	1	UTTARAPADA	try
aṅghri	1	UTTARAPADA	ṣaḍ
aṅginī	1	UTTARAPADA	ṣaḍ
aṅgirasa	1	UTTARAPADA	praty
aṅgirasikā	1	UTTARAPADA	bhṛgv
aṅgirā	1	UTTARAPADA	praty
aṅguli-datta	1	UTTARAPADA	ṣaḍ
aṅgāra	1	UTTARAPADA	vy
aṅgīna	1	UTTARAPADA	yāvad
aṅka-kula	1	UTTARAPADA	hary
aṅkam	1	UTTARAPADA	praty
aṅkaṭa	1	UTTARAPADA	try
aṅkura	1	UTTARAPADA	tvag
aṇu	1	UTTARAPADA	srag
aṇḍaka	1	UTTARAPADA	jagad
aṣṭa	1	UTTARAPADA	dvy
aṣṭa-daśā-krama	1	UTTARAPADA	yoginy
aṣṭa-sahasra	1	UTTARAPADA	dvy
aṣṭa-sāhasra	1	UTTARAPADA	dvy
aṣṭa-varga	1	UTTARAPADA	bṛhad
aṣṭa-varṣa	1	UTTARAPADA	try
aṣṭakā	1	UTTARAPADA	vy
aṣṭama	1	UTTARAPADA	virāḍ
aṣṭavarga	1	UTTARAPADA	laghv
aṣṭi	1	UTTARAPADA	jarad
aṣṭo@ttara	1	UTTARAPADA	devy
aṣṭo@ttara-śata-stotra	1	UTTARAPADA	lakṣmy
aṣṭottara-śata-nāman	1	UTTARAPADA	lakṣmy
aṭa	1	UTTARAPADA	rātry
babba	1	UTTARAPADA	śrī
babhrava	1	UTTARAPADA	upari
baddha-lakṣa	1	UTTARAPADA	ākāśa
baddha-manoramā	1	UTTARAPADA	samāsa
baddha-puruṣa	1	UTTARAPADA	paścād
baddhaka	1	UTTARAPADA	nai
bahiṣ-kṛta	1	UTTARAPADA	lakṣmī
bahu-tva	1	UTTARAPADA	alpa
bahula-vihārin	1	UTTARAPADA	tad
bahumāna	1	UTTARAPADA	puruṣa
bahumānam	1	UTTARAPADA	sa
bahādura-śāha-virudrā@valī	1	UTTARAPADA	raṇa
baka-yantra	1	UTTARAPADA	kāca
bala-bhadra	1	UTTARAPADA	bhaṭṭa
bala-bhīma	1	UTTARAPADA	bhuja
bala-gaccha	1	UTTARAPADA	citra
bala-ja	1	UTTARAPADA	suvarṇa
bala-pramardin	1	UTTARAPADA	meru
bala-pravṛtta	1	UTTARAPADA	doṣa
bala-prā@ṇa	1	UTTARAPADA	alpa
bala-samāyukta	1	UTTARAPADA	tejo
bala-sūdana	1	UTTARAPADA	sapatna
balaja	1	UTTARAPADA	sauvarṇa
balakṣa	1	UTTARAPADA	kṛṣṇa
balana	1	UTTARAPADA	bhadra
balavat	1	UTTARAPADA	māyā
bale@ndra-ketu	1	UTTARAPADA	rāja
balo@pe@ta	1	UTTARAPADA	saṃhanana
balva-jā	1	UTTARAPADA	tṛṇa
balā@bala	1	UTTARAPADA	argha
balā@dhāna	1	UTTARAPADA	śraddhā
balā@gra	1	UTTARAPADA	bhaṭa
balā@śraya	1	UTTARAPADA	sva
balāsa	1	UTTARAPADA	vāta
balīvarda-nyāyena	1	UTTARAPADA	go
balīyas	1	UTTARAPADA	para
balśa	1	UTTARAPADA	śata
bandha-paddhati	1	UTTARAPADA	vrata
bandha-vimocana	1	UTTARAPADA	sarva
bandha-yajvan	1	UTTARAPADA	samudra
bandha-yoga	1	UTTARAPADA	punar
bandha-yājin	1	UTTARAPADA	apaśu
bandhana-baddha	1	UTTARAPADA	dṛḍha
bandhana-samudbhava	1	UTTARAPADA	mad
bandhana-vidhi	1	UTTARAPADA	rakṣā
bandhana-vimocana	1	UTTARAPADA	su
bandhanī	1	UTTARAPADA	sphuṭa
bandhava	1	UTTARAPADA	brahma
bandhavika	1	UTTARAPADA	vārka
bandhe@śa	1	UTTARAPADA	bhava
bandhu-hīna	1	UTTARAPADA	mitra
bandhyā	1	UTTARAPADA	kāka
bandhā	1	UTTARAPADA	vatsa
bandhā@ntara	1	UTTARAPADA	malla
bandhā@varaṇa	1	UTTARAPADA	dvāra
bandin	1	UTTARAPADA	rāja
bappa	1	UTTARAPADA	śrī
barbaraka	1	UTTARAPADA	kṛṣṇa
barbarikā	1	UTTARAPADA	vana
barha-jman	1	UTTARAPADA	dvi
barhaṇa	1	UTTARAPADA	mūla
barhiṇa	1	UTTARAPADA	vana
barhiṣka	1	UTTARAPADA	ṛte
barhās	1	UTTARAPADA	dvi
basta	1	UTTARAPADA	balāsa
bastya	1	UTTARAPADA	vāja
baudhāyana	1	UTTARAPADA	vṛddha
baḍavā	1	UTTARAPADA	pāre
baṇij	1	UTTARAPADA	pota
baṭhara	1	UTTARAPADA	chāndasa
bhadra-gaṇi	1	UTTARAPADA	mati
bhadra-musta	1	UTTARAPADA	sa
bhadra-pada	1	UTTARAPADA	pūrva
bhadrapadā	1	UTTARAPADA	uttara
bhadrika	1	UTTARAPADA	hema
bhadrāṇī	1	UTTARAPADA	su
bhagavat	1	UTTARAPADA	saurya
bhagavatī	1	UTTARAPADA	rakṣa
bhagin	1	UTTARAPADA	yaśo
bhagiṇī	1	UTTARAPADA	garga
bhagya	1	UTTARAPADA	yaśo
bhagā	1	UTTARAPADA	mukha
bhagāla	1	UTTARAPADA	kumbhī
bhagīratha-ṭhakkura	1	UTTARAPADA	megha
bhaimāyana	1	UTTARAPADA	dvaipya
bhairava-rasa	1	UTTARAPADA	pracaṇḍa
bhairavo@ddyota-saṃgraha	1	UTTARAPADA	vijñāna
bhairavī-dīpa-dāna	1	UTTARAPADA	bāla
bhaiṣajya	1	UTTARAPADA	bāla
bhaiṭ	1	UTTARAPADA	rāvaṇa
bhakta-kṣapaṇa	1	UTTARAPADA	caturtha
bhaktaka	1	UTTARAPADA	sūrya
bhaktakā	1	UTTARAPADA	puro
bhakti-candrikā	1	UTTARAPADA	prema
bhakti-stotra	1	UTTARAPADA	prema
bhakti-taraṃgiṇī	1	UTTARAPADA	durgā
bhakti-vilāsa	1	UTTARAPADA	vraja
bhaktyā	1	UTTARAPADA	yathā
bhakṣam	1	UTTARAPADA	ūlī
bhakṣaṇa-śīla	1	UTTARAPADA	samagra
bhakṣikā-kāra	1	UTTARAPADA	sukha
bhakṣitam	1	UTTARAPADA	yathā
bhakṣiṇī	1	UTTARAPADA	preta
bhalla	1	UTTARAPADA	accha
bhallaka	1	UTTARAPADA	dvi
bhallātaka	1	UTTARAPADA	nadī
bharaka	1	UTTARAPADA	bhāṇḍa
bharam	1	UTTARAPADA	ūrdhva
bharata-prastāra	1	UTTARAPADA	ādi
bharata-saṃvāda	1	UTTARAPADA	bhṛgu
bharaṇa	1	UTTARAPADA	bhṛtya
bharaṇamātra-kevale@cchu	1	UTTARAPADA	udara
bhari	1	UTTARAPADA	saho
bharjana	1	UTTARAPADA	dhānā
bharmīya	1	UTTARAPADA	vāja
bhartṛ-druh	1	UTTARAPADA	garbha
bhartṛ-samāgama	1	UTTARAPADA	bhūyo
bharyā	1	UTTARAPADA	punar
bharī	1	UTTARAPADA	mahā
bharṇas	1	UTTARAPADA	sahasra
bhasmaka	1	UTTARAPADA	sa
bhastrikā	1	UTTARAPADA	carma
bhaumika	1	UTTARAPADA	sārva
bhava-deha	1	UTTARAPADA	antarā
bhava-sattva	1	UTTARAPADA	antarā
bhavanam	1	UTTARAPADA	yathā
bhavano@tsarga	1	UTTARAPADA	taḍāga
bhavantī	1	UTTARAPADA	cīra
bhavat-pūrvakam	1	UTTARAPADA	bho
bhavatya	1	UTTARAPADA	prā
bhavikā	1	UTTARAPADA	jyeṣṭha
bhavin	1	UTTARAPADA	punar
bhavitavya-tā	1	UTTARAPADA	tathā
bhavitṛ	1	UTTARAPADA	tiro
bhaviṣya	1	UTTARAPADA	yad
bhaviṣṭha	1	UTTARAPADA	śam
bhavo@ttāraṇa	1	UTTARAPADA	sarva
bhavye@śa	1	UTTARAPADA	bhūta
bhavyā	1	UTTARAPADA	dhenu
bhavā@raṇi	1	UTTARAPADA	sarva
bhavāyana	1	UTTARAPADA	ātma
bhaya-kāraka	1	UTTARAPADA	trailokya
bhayānaka	1	UTTARAPADA	su
bhañjana-stotra	1	UTTARAPADA	aparādha
bhañjana-śānti	1	UTTARAPADA	piṇḍa
bhañjanī	1	UTTARAPADA	virodha
bhañji-rasa	1	UTTARAPADA	śīta
bhañjika	1	UTTARAPADA	kara
bhañjikāya	1	UTTARAPADA	śāli
bhañjinī	1	UTTARAPADA	mada
bhañjī	1	UTTARAPADA	śāla
bhaḍa	1	UTTARAPADA	śrī
bhaṃsas	1	UTTARAPADA	su
bhaṅga-vat	1	UTTARAPADA	chando
bhaṅgan	1	UTTARAPADA	sapta
bhaṅgura	1	UTTARAPADA	kṣaṇa
bhaṅguraka	1	UTTARAPADA	mṛtyu
bhaṅgā	1	UTTARAPADA	niśā
bhaṅgā@dhyāya	1	UTTARAPADA	ṛṇa
bhaṅgā@rṇava	1	UTTARAPADA	vivāda
bhaṅgī-naya	1	UTTARAPADA	sapta
bhaṅgī-taraṃgiṇī	1	UTTARAPADA	sapta
bhaṅgīka	1	UTTARAPADA	vividha
bhaṇa	1	UTTARAPADA	dur
bhaṇḍā	1	UTTARAPADA	śveta
bhaṇḍī	1	UTTARAPADA	tri
bhaṇḍīra	1	UTTARAPADA	go
bhaṇḍīratha	1	UTTARAPADA	vaṅkhara
bhaṇṭākī	1	UTTARAPADA	kṣudra
bhaṭa-mātṛ-tīrtha	1	UTTARAPADA	bhaṭa
bhaṭikā	1	UTTARAPADA	naṭa
bhaṭya	1	UTTARAPADA	prāti
bhaṭī-kṛ	1	UTTARAPADA	prati
bhaṭī-tūrya	1	UTTARAPADA	malla
bhaṭīya	1	UTTARAPADA	ārya
bhaṭṭa-bhaumā@cārya	1	UTTARAPADA	sārva
bhaṭṭa-bhāskara	1	UTTARAPADA	lalitā
bhaṭṭa-suta	1	UTTARAPADA	yalla
bhaṭṭagopāla	1	UTTARAPADA	lauhitya
bhaṭṭi	1	UTTARAPADA	vatsa
bhaṭṭikā	1	UTTARAPADA	rāja
bhaṭṭā@cārya	1	UTTARAPADA	smārta
bhaṭṭī-vyākaraṇa	1	UTTARAPADA	mahā
bheda-giri	1	UTTARAPADA	devī
bheda-kara	1	UTTARAPADA	kula
bheda-mara	1	UTTARAPADA	rājya
bheda-nirṇaya	1	UTTARAPADA	saṃnyāsa
bheda-pradīpa	1	UTTARAPADA	śṛṅgāra
bheda-tas	1	UTTARAPADA	guṇa
bheda-vicāra	1	UTTARAPADA	karma
bheda-vidhi	1	UTTARAPADA	varṇa
bheda-śas	1	UTTARAPADA	sahasra
bhedanaka	1	UTTARAPADA	ghaṭa
bhedita	1	UTTARAPADA	ṣoḍaśa
bhedyaka	1	UTTARAPADA	utpala
bhedā@dika-tantra	1	UTTARAPADA	vātula
bhedā@khya	1	UTTARAPADA	śābara
bhedī	1	UTTARAPADA	aṃhu
bhero@tsa	1	UTTARAPADA	puṣpa
bherī-hāraka	1	UTTARAPADA	mahā
bherī-hāraka-parivarta	1	UTTARAPADA	mahā
bheṣaja-kalpa	1	UTTARAPADA	rasa
bheṣajā	1	UTTARAPADA	citra
bheṭ	1	UTTARAPADA	veṅkaṭa
bhida	1	UTTARAPADA	dur
bhidā	1	UTTARAPADA	kamala
bhikṣikā	1	UTTARAPADA	pūrva
bhikṣita	1	UTTARAPADA	śūdra
bhikṣuṇī	1	UTTARAPADA	cūḍā
bhilla	1	UTTARAPADA	meda
bhinna-śaiśava	1	UTTARAPADA	yauvana
bhinnā@tman	1	UTTARAPADA	bhinna
bhinnā@ñjana	1	UTTARAPADA	snigdha
bhittika	1	UTTARAPADA	śleṣa
bhiṇḍā	1	UTTARAPADA	śveta
bhiṣaja	1	UTTARAPADA	śāta
bhiṣajya	1	UTTARAPADA	dur
bhiṣā	1	UTTARAPADA	śata
bhoga-muktā@valī	1	UTTARAPADA	rasa
bhoge@śvara	1	UTTARAPADA	śūra
bhogi-varga	1	UTTARAPADA	pātāla
bhogika	1	UTTARAPADA	pāri
bhoginī	1	UTTARAPADA	vanitā
bhogyā	1	UTTARAPADA	bahu
bhoja-putrī	1	UTTARAPADA	devaka
bhojana-prayoga	1	UTTARAPADA	vana
bhojana-puṇyā@ha-vācana-prayoga	1	UTTARAPADA	vana
bhojana-varṇanā	1	UTTARAPADA	vināyaka
bhojana-vidhi	1	UTTARAPADA	vana
bhojanī	1	UTTARAPADA	mṛga
bhojikā	1	UTTARAPADA	odana
bhoṭa	1	UTTARAPADA	mahā
bhoṭa-deśa	1	UTTARAPADA	mahā
bhrajas	1	UTTARAPADA	vāta
bhrama-maṇḍala	1	UTTARAPADA	kadamba
bhrama-vāda-khaṇḍana-nirāsa	1	UTTARAPADA	bhū
bhramaka	1	UTTARAPADA	bherī
bhramara	1	UTTARAPADA	śiñjāna
bhramaṇa-vicāra	1	UTTARAPADA	bhū
bhramin	1	UTTARAPADA	svayam
bhraṃs	1	UTTARAPADA	vāha
bhraṃś	1	UTTARAPADA	vāha
bhraṃśa-samudbhava	1	UTTARAPADA	sārtha
bhraṃśin	1	UTTARAPADA	hasta
bhruva	1	UTTARAPADA	akṣi
bhrāja	1	UTTARAPADA	su
bhrānta	1	UTTARAPADA	prabhūta
bhrātṛvya	1	UTTARAPADA	vi
bhrū-bhaṅga	1	UTTARAPADA	sa
bhrū-bhedam	1	UTTARAPADA	sa
bhrū-kṣepam	1	UTTARAPADA	sa
bhrū-vilāsam	1	UTTARAPADA	sa
bhrūkatā	1	UTTARAPADA	āyata
bhrūkuṭi-mukha	1	UTTARAPADA	saṃhata
bhugna	1	UTTARAPADA	nir
bhuja-granthi	1	UTTARAPADA	praśithila
bhujagā@valī	1	UTTARAPADA	soma
bhujaṃ-ga	1	UTTARAPADA	viṣṇu
bhujaṃgama	1	UTTARAPADA	gaja
bhujaṃgī	1	UTTARAPADA	viṣṇu
bhuje@ndra	1	UTTARAPADA	suvarṇa
bhujā@ntara	1	UTTARAPADA	alpa
bhukta-ghaṭī-cakra	1	UTTARAPADA	nakṣatra
bhukti-rāja	1	UTTARAPADA	tri
bhuvaka	1	UTTARAPADA	naḍ
bhuvana-maya	1	UTTARAPADA	sakala
bhuvano@nmārtaṇḍa	1	UTTARAPADA	muhūrta
bhvarī	1	UTTARAPADA	mātari
bhyasa	1	UTTARAPADA	sva
bhādra	1	UTTARAPADA	dvi
bhādrapada	1	UTTARAPADA	pūrva
bhādrapadā	1	UTTARAPADA	uttara
bhāgam	1	UTTARAPADA	yathā
bhāgavata-sthiti	1	UTTARAPADA	devī
bhāgavatā@cārya	1	UTTARAPADA	soma
bhāgavatī	1	UTTARAPADA	sahasra
bhāgā@nubandha	1	UTTARAPADA	rūpa
bhāgā@pavāha	1	UTTARAPADA	rūpa
bhāgīyaka	1	UTTARAPADA	avaśya
bhāgīyā	1	UTTARAPADA	ṣaḍ
bhājanam	1	UTTARAPADA	yathā
bhākara	1	UTTARAPADA	prā
bhāla	1	UTTARAPADA	aśma
bhāmā	1	UTTARAPADA	satya
bhāna-vāda-rahasya	1	UTTARAPADA	laukika
bhānava	1	UTTARAPADA	svar
bhānu-jit	1	UTTARAPADA	vyāja
bhānu-prabhā	1	UTTARAPADA	bhāṣya
bhānu-śukla	1	UTTARAPADA	hari
bhāra-bhūta	1	UTTARAPADA	ati
bhāra-ga	1	UTTARAPADA	ati
bhāra-tā	1	UTTARAPADA	sa
bhāradvājikā	1	UTTARAPADA	atri
bhārata-kāvya	1	UTTARAPADA	lāla
bhārata-sāra-saṃgraha	1	UTTARAPADA	rāmāyaṇa
bhāratika	1	UTTARAPADA	mahā
bhāratī-stotra	1	UTTARAPADA	vāyu
bhāratī-tīrtha	1	UTTARAPADA	śaṃkara
bhārava	1	UTTARAPADA	maṇi
bhārgava-kerala	1	UTTARAPADA	praśna
bhārgavikā	1	UTTARAPADA	garga
bhārikā	1	UTTARAPADA	phaṇi
bhāryaka	1	UTTARAPADA	sa
bhāsa-maṇi	1	UTTARAPADA	jyotir
bhāsita	1	UTTARAPADA	smara
bhāskara-prayoga-paddhati	1	UTTARAPADA	śrāddha
bhāskara-śarman	1	UTTARAPADA	hari
bhāskara-ṭīkā	1	UTTARAPADA	mahā
bhāskarīya	1	UTTARAPADA	laghu
bhāsura	1	UTTARAPADA	mahā
bhāsvat	1	UTTARAPADA	prāṇa
bhāta	1	UTTARAPADA	dvi
bhātika	1	UTTARAPADA	prā
bhātī	1	UTTARAPADA	kapāla
bhāva-dīpa	1	UTTARAPADA	bhārata
bhāva-grantha	1	UTTARAPADA	sāmānya
bhāva-pradīpa	1	UTTARAPADA	bhakti
bhāva-stotra	1	UTTARAPADA	ekī
bhāva-vid	1	UTTARAPADA	rasa
bhāva-vyavasthāpana	1	UTTARAPADA	sāmānya
bhāva-vāda	1	UTTARAPADA	laiṅgika
bhāva-vādin	1	UTTARAPADA	ṣaḍ
bhāva-ṭippaṇī	1	UTTARAPADA	sāmānya
bhāvaka	1	UTTARAPADA	bhagavad
bhāvanika	1	UTTARAPADA	saha
bhāvanā-kāvya	1	UTTARAPADA	sevana
bhāvayitṛ	1	UTTARAPADA	nyag
bhāvi-tva	1	UTTARAPADA	su
bhāvikī	1	UTTARAPADA	sva
bhāviṇī	1	UTTARAPADA	hari
bhāvo@ddyota	1	UTTARAPADA	piṅgala
bhāvā	1	UTTARAPADA	soma
bhāvā@dhyāya	1	UTTARAPADA	māsa
bhāvā@rtha-candrikā	1	UTTARAPADA	pada
bhāvīya	1	UTTARAPADA	prāg
bhāśa	1	UTTARAPADA	padma
bhāṃ-kāra	1	UTTARAPADA	bherī
bhāṇaka	1	UTTARAPADA	dharma
bhāṇavī	1	UTTARAPADA	vārṣa
bhāṇu	1	UTTARAPADA	svar
bhāṇḍikā	1	UTTARAPADA	kāla
bhāṣ	1	UTTARAPADA	rakṣo
bhāṣi-tva	1	UTTARAPADA	amṛṣā
bhāṣi-tā	1	UTTARAPADA	kaṭu
bhāṣika	1	UTTARAPADA	pāri
bhāṣita-bhāṣyā@bdhi	1	UTTARAPADA	phaṇi
bhāṣiṇī	1	UTTARAPADA	manda
bhāṣya-nyāya-saṃgraha	1	UTTARAPADA	śaṃkara
bhāṣya-ratna	1	UTTARAPADA	tri
bhāṣya-snāna-vidhi-paddhati	1	UTTARAPADA	deva
bhāṣya-vyākhyā	1	UTTARAPADA	vyāsa
bhāṣya-ṭīkā	1	UTTARAPADA	pramāṇa
bhāṣyā@bdhi	1	UTTARAPADA	phaṇi
bhāṣā-candrikā	1	UTTARAPADA	ṣaḍ
bhāṣā-kāvya	1	UTTARAPADA	prākṛta
bhāṣā-mañjarī	1	UTTARAPADA	ṣaḍ
bhāṣā-maṇi	1	UTTARAPADA	pañca
bhāṣā-purāṇa	1	UTTARAPADA	liṅga
bhāṣā-sub-anta-rūpā@darśa	1	UTTARAPADA	ṣaḍ
bhāṣā-sub-antā@darśa	1	UTTARAPADA	ṣaḍ
bhāṣā-vyākaraṇa	1	UTTARAPADA	bhāṇḍīra
bhāṣā-vyākaraṇa-sūtra-vṛtti	1	UTTARAPADA	bāla
bhāṣā-vārttika	1	UTTARAPADA	ṣaḍ
bhāṣā@ntara-vidhāna	1	UTTARAPADA	prākṛta
bhāṭṭa-dīpikā	1	UTTARAPADA	saṃkarṣa
bhīka	1	UTTARAPADA	nir
bhīkarā@cārya	1	UTTARAPADA	vādi
bhīma-karman	1	UTTARAPADA	adbhuta
bhīmā@ndhakāra	1	UTTARAPADA	baddha
bhīraka	1	UTTARAPADA	su
bhīrava	1	UTTARAPADA	su
bhītaka	1	UTTARAPADA	vi
bhīti-jit	1	UTTARAPADA	graha
bhīṣaṇa	1	UTTARAPADA	ati
bhīṣaṇaka	1	UTTARAPADA	mahā
bhīṣma	1	UTTARAPADA	mahā
bhū-bhuj	1	UTTARAPADA	cedi
bhū-deva	1	UTTARAPADA	śukla
bhū-pāla	1	UTTARAPADA	pralīna
bhūbhavā	1	UTTARAPADA	śakra
bhūdhara	1	UTTARAPADA	vimala
bhūdāraka	1	UTTARAPADA	viṣṭhā
bhūmi-pratilambha	1	UTTARAPADA	abhiṣeka
bhūmika-tva	1	UTTARAPADA	alabdha
bhūmikā-karman	1	UTTARAPADA	maṇi
bhūmipāla-nāṭaka	1	UTTARAPADA	nala
bhūpa-kāla	1	UTTARAPADA	śaka
bhūpati-graha	1	UTTARAPADA	nagna
bhūra	1	UTTARAPADA	bhūr
bhūri	1	UTTARAPADA	deva
bhūri-gaja-vāji-padāti-sainya	1	UTTARAPADA	sambhūta
bhūruh	1	UTTARAPADA	śārada
bhūryābhimukhā	1	UTTARAPADA	pañca
bhūrā	1	UTTARAPADA	hāra
bhūta-bhavye	1	UTTARAPADA	bhavad
bhūta-dakṣiṇīya	1	UTTARAPADA	sad
bhūta-druma	1	UTTARAPADA	laghu
bhūta-maitra	1	UTTARAPADA	kṛta
bhūta-pariśiṣṭa	1	UTTARAPADA	viśeṣa
bhūta-tā	1	UTTARAPADA	īdṛśa
bhūtam	1	UTTARAPADA	yathā
bhūti-tīrtha	1	UTTARAPADA	bhāra
bhūva	1	UTTARAPADA	bhūr
bhūyas-tva	1	UTTARAPADA	phala
bhūyiṣṭha-dhūma	1	UTTARAPADA	chinna
bhūṣana-kāvya	1	UTTARAPADA	vāg
bhūṣaṇa-deva	1	UTTARAPADA	malli
bhūṣaṇa-kavi	1	UTTARAPADA	vraja
bhūṣaṇa-koṣṭhaka	1	UTTARAPADA	jagad
bhūṣaṇa-kānti	1	UTTARAPADA	laghu
bhūṣaṇa-miśra	1	UTTARAPADA	vraja
bhūṣaṇa-padya-saṃgraha	1	UTTARAPADA	vidvad
bhūṣaṇa-sarvasva	1	UTTARAPADA	vaiyākaraṇa
bhūṣaṇa-saṃdarbha	1	UTTARAPADA	bhakti
bhūṣaṇa-saṃgraha	1	UTTARAPADA	vaiyākaraṇa
bhūṣaṇa-sāra	1	UTTARAPADA	vaiyākaraṇa
bhūṣaṇa-ṭīkā	1	UTTARAPADA	muhūrta
bhūṣaṇo@panyāsa	1	UTTARAPADA	vaiyākaraṇa
bhūṣika	1	UTTARAPADA	hāra
bhūṣita	1	UTTARAPADA	puṣpa
bhūṣṇu	1	UTTARAPADA	alaṃ
bhṛ-kuṭī-mukha	1	UTTARAPADA	sa
bhṛd-yāna	1	UTTARAPADA	vasu
bhṛgu-saṃhitā	1	UTTARAPADA	vaikhānasa
bhṛgv-atri-sama	1	UTTARAPADA	vasiṣṭha
bhṛjj	1	UTTARAPADA	bahu
bhṛjjatā	1	UTTARAPADA	pacata
bhṛkuṭi	1	UTTARAPADA	vajra
bhṛtikā	1	UTTARAPADA	para
bhṛtya-pura	1	UTTARAPADA	gauḍa
bhṛtā	1	UTTARAPADA	sarpa
bhṛśa	1	UTTARAPADA	su
bhṛṅga-rāja	1	UTTARAPADA	pīta
bhṛṅga-vallī	1	UTTARAPADA	raṅga
bhṛṅgarāja	1	UTTARAPADA	nīla
bibhratin	1	UTTARAPADA	nāma
bija-kośa	1	UTTARAPADA	mātṛkā
bileya	1	UTTARAPADA	brahma
bilvā	1	UTTARAPADA	uru
bimba-pratiṣṭhā	1	UTTARAPADA	jina
bimbana	1	UTTARAPADA	prati
bimbara	1	UTTARAPADA	mahā
bimbī	1	UTTARAPADA	ādāra
bindu-cchadā	1	UTTARAPADA	asra
bindu-citra	1	UTTARAPADA	lohita
bindu-prasṛta	1	UTTARAPADA	pañca
bindu-sāra	1	UTTARAPADA	loka
bindu-varṣin	1	UTTARAPADA	śoṇita
bindu-vyākhyā	1	UTTARAPADA	siddhānta
bindu-śekhara	1	UTTARAPADA	laghu
bindu-ṭippaṇa	1	UTTARAPADA	yoga
bindukā	1	UTTARAPADA	śveta
biḍya	1	UTTARAPADA	nai
bodha-saṃgraha	1	UTTARAPADA	vaidya
bodhanā	1	UTTARAPADA	su
bodhe@ndra	1	UTTARAPADA	ānanda
bodheya	1	UTTARAPADA	addhā
bodhika	1	UTTARAPADA	prā
bodhinī-prakriyā	1	UTTARAPADA	sadyo
bodhy-aṅga-kusumā@ḍhya	1	UTTARAPADA	sapta
bodhya	1	UTTARAPADA	dur
bodhyā	1	UTTARAPADA	brahma
bollaka	1	UTTARAPADA	bahu
brahma-deva	1	UTTARAPADA	nara
brahma-mahe@śvara-dāna-prayoga	1	UTTARAPADA	viṣṇu
brahma-mantra	1	UTTARAPADA	pañca
brahma-rasa	1	UTTARAPADA	dāru
brahma-saṃhitā	1	UTTARAPADA	vṛddha
brahma-siddhi	1	UTTARAPADA	advaita
brahma-sāma-tva	1	UTTARAPADA	nānā
brahma-vaivarta	1	UTTARAPADA	laghu
brahma-varya	1	UTTARAPADA	vimala
brahma-vidyo@paniṣad	1	UTTARAPADA	pañca
brahma-vidyā-vilāsa	1	UTTARAPADA	sāttvika
brahmacārika	1	UTTARAPADA	sa
brahmacāriṇī	1	UTTARAPADA	parama
brahmaka	1	UTTARAPADA	sa
brahmasūtra-bhāṣya	1	UTTARAPADA	valla
brahmavāda	1	UTTARAPADA	puccha
brahmaṇīya	1	UTTARAPADA	su
brahmā@nanda-svāmin	1	UTTARAPADA	rāma
brahmā@rka	1	UTTARAPADA	praśna
brahmā@stra	1	UTTARAPADA	jvara
brahmānandīya	1	UTTARAPADA	bindu
brahmī	1	UTTARAPADA	jala
brahmī-kalpa	1	UTTARAPADA	maṇḍūka
bruvā	1	UTTARAPADA	brāhmaṇi
bruvāṇa	1	UTTARAPADA	brahma
brāhmana	1	UTTARAPADA	śailāli
brāhmaṇa-bhāṣya	1	UTTARAPADA	yajur
brāhmaṇa-bhāṣya-dīpikā	1	UTTARAPADA	maitrāyaṇī
brāhmaṇa-ghāta-ja	1	UTTARAPADA	śata
brāhmaṇa-śabda	1	UTTARAPADA	jāta
brāhmaṇaspatya	1	UTTARAPADA	sa
brāhmaṇo@paniṣad	1	UTTARAPADA	maitrāyaṇī
brāhmaṇo@paniṣad-bhāṣya	1	UTTARAPADA	vṛddha
brāhmaṇya	1	UTTARAPADA	daur
brāhmaṇyā	1	UTTARAPADA	sva
brāhmaṇīya	1	UTTARAPADA	samāna
brāhmī	1	UTTARAPADA	laghu
bubhukṣu	1	UTTARAPADA	anna
budbuda-vat	1	UTTARAPADA	māṃsa
buddha-purāṇa	1	UTTARAPADA	laghu
buddha-rūpa	1	UTTARAPADA	mahā
buddha-stotra	1	UTTARAPADA	sapta
buddhi-datta	1	UTTARAPADA	sthita
buddhi-dhāry-abhijña-gupta	1	UTTARAPADA	sāgara
buddhi-kara	1	UTTARAPADA	śukla
buddhi-mat	1	UTTARAPADA	saṃhāra
buddhi-prakāśinī	1	UTTARAPADA	bāla
buddhi-pratibadhya-pratibandhaka-bhāva-vāda	1	UTTARAPADA	bādha
buddhi-pratibadhyatā@vāda	1	UTTARAPADA	bādha
buddhi-pratibandhakatā-vicāra	1	UTTARAPADA	bādha
buddhi-ruc	1	UTTARAPADA	nānā
buddhi-tva	1	UTTARAPADA	akṛta
buddhi-vicāra	1	UTTARAPADA	bādha
buddhi-vāda	1	UTTARAPADA	bādha
buddhi-vādā@rtha	1	UTTARAPADA	bādha
buddhika	1	UTTARAPADA	sthira
budh	1	UTTARAPADA	uṣar
budhnaka	1	UTTARAPADA	jīrṇa
budhnā	1	UTTARAPADA	guccha
budhya	1	UTTARAPADA	aśva
bukka	1	UTTARAPADA	vīra
busaka	1	UTTARAPADA	yava
busam	1	UTTARAPADA	khale
busā	1	UTTARAPADA	vāraṇa
buva	1	UTTARAPADA	sa
buśa	1	UTTARAPADA	mahā
buṅga-pura	1	UTTARAPADA	hari
buṣā	1	UTTARAPADA	vāra
bābā	1	UTTARAPADA	hari
bādhaka	1	UTTARAPADA	śatru
bādhakatā	1	UTTARAPADA	bādhya
bādhas	1	UTTARAPADA	sa
bāhava	1	UTTARAPADA	dor
bāhavī	1	UTTARAPADA	bhādra
bāhavīya	1	UTTARAPADA	sahasra
bāhu-baddha	1	UTTARAPADA	paścād
bāhu-stava	1	UTTARAPADA	sundara
bāhu-śataka	1	UTTARAPADA	rāma
bāhukāyana	1	UTTARAPADA	śīghra
bāhula	1	UTTARAPADA	ku
bāhulya	1	UTTARAPADA	karma
bāhyaka	1	UTTARAPADA	vana
bāhyā@ntaḥ-karaṇa	1	UTTARAPADA	sa
bāhū@ru-paj-ja	1	UTTARAPADA	mukha
bāhū@ru-pādatas	1	UTTARAPADA	mukha
bāla-caritra	1	UTTARAPADA	rāma
bāla-ghātin	1	UTTARAPADA	strī
bāla-graho@nmāda	1	UTTARAPADA	bhūta
bāla-jana	1	UTTARAPADA	grāma
bāla-kṛṣṇa	1	UTTARAPADA	dīkṣita
bāla-nāla	1	UTTARAPADA	kamala
bāla-prakāśa	1	UTTARAPADA	mīmāṃsā
bāla-vāṇī	1	UTTARAPADA	sarasvatī
bāla-vṛddha	1	UTTARAPADA	sa
bāladhi	1	UTTARAPADA	su
bālaja	1	UTTARAPADA	sauvarṇa
bālam	1	UTTARAPADA	yathā
bāleya	1	UTTARAPADA	śāka
bālhīka	1	UTTARAPADA	vara
bālika	1	UTTARAPADA	prā
bāliśa	1	UTTARAPADA	su
bāluka	1	UTTARAPADA	hima
bālukā	1	UTTARAPADA	hima
bālāki	1	UTTARAPADA	dṛpta
bālākyā-māṭharī-putra	1	UTTARAPADA	kāśyapī
bāpa	1	UTTARAPADA	śrī
bārhatam	1	UTTARAPADA	ubhayato
bāṇa-paṅkti	1	UTTARAPADA	smara
bāṇi	1	UTTARAPADA	prati
bāṇijika	1	UTTARAPADA	dharma
bāṇā	1	UTTARAPADA	kapota
bāṇā@gra-vedhin	1	UTTARAPADA	śabda
bāṇā@sana	1	UTTARAPADA	śakra
bāṣkala	1	UTTARAPADA	śālaṅkāyana
bāṣpa-vṛtti	1	UTTARAPADA	stambhita
bāṣpaka	1	UTTARAPADA	sa
bībhatsam	1	UTTARAPADA	sa
bīja-ja	1	UTTARAPADA	anya
bīja-kalpa	1	UTTARAPADA	māyā
bīja-kāñcana	1	UTTARAPADA	go
bīja-pūra	1	UTTARAPADA	madhura
bīja-samudbhava	1	UTTARAPADA	anya
bījin	1	UTTARAPADA	rāja
bījo@tpanna	1	UTTARAPADA	anya
bījo@ttama	1	UTTARAPADA	tṛṇa
bījya	1	UTTARAPADA	mahā
bīriṇa	1	UTTARAPADA	dur
bīśa	1	UTTARAPADA	paḍ
bṛda	1	UTTARAPADA	aila
bṛgala	1	UTTARAPADA	ardha
bṛhad-vṛtti	1	UTTARAPADA	āvaśyaka
bṛhat-kathā	1	UTTARAPADA	śuka
bṛhatīka	1	UTTARAPADA	tato
bṛsī	1	UTTARAPADA	śaṣpa
bṛśī-maṭha	1	UTTARAPADA	vyapaviddha
bṛṃhaṇa	1	UTTARAPADA	jala
bṛṣā	1	UTTARAPADA	vāra
caccarī	1	UTTARAPADA	laghu
cada	1	UTTARAPADA	vāta
cailin	1	UTTARAPADA	ku
caitanika	1	UTTARAPADA	bhūta
caitanya-yati	1	UTTARAPADA	brahma
caitraka	1	UTTARAPADA	śvāphalka
caitya-cihna	1	UTTARAPADA	citā
caitya-krīḍā	1	UTTARAPADA	vālukā
caitya-vat	1	UTTARAPADA	saha
caiṭaka	1	UTTARAPADA	mṛga
caka	1	UTTARAPADA	kuṭī
cakora	1	UTTARAPADA	vidvac
cakra-citto@tsava	1	UTTARAPADA	bhiṣak
cakra-nidāna	1	UTTARAPADA	bhiṣak
cakra-praśna	1	UTTARAPADA	haṃsa
cakra-pūjana	1	UTTARAPADA	yoginī
cakra-vat	1	UTTARAPADA	alāta
cakra-vicāra	1	UTTARAPADA	sarva
cakradhvaja-vat	1	UTTARAPADA	sūnā
cakram	1	UTTARAPADA	puraś
cakrapāṇi	1	UTTARAPADA	śeṣa
cakravarti-lakṣaṇa	1	UTTARAPADA	dvitīya
cakravāla	1	UTTARAPADA	āśā
cakre@śvara	1	UTTARAPADA	bhillī
cakri	1	UTTARAPADA	uru
cakrika	1	UTTARAPADA	niś
cakrā@vali	1	UTTARAPADA	muhūrta
cakrī-vat	1	UTTARAPADA	nau
cakṣa	1	UTTARAPADA	viśva
cakṣaṇa	1	UTTARAPADA	viśva
cakṣur-gada-cchetṛ	1	UTTARAPADA	mūḍha
cakṣur-manas	1	UTTARAPADA	tatra
cakṣuś	1	UTTARAPADA	ghrāṇa
cakṣuṣa	1	UTTARAPADA	sa
cakṣuṣmat	1	UTTARAPADA	vīra
cala-citta-vṛtti	1	UTTARAPADA	dolā
calana-śālā	1	UTTARAPADA	aśva
calita	1	UTTARAPADA	catuś
calya	1	UTTARAPADA	naiś
calā@rcā-vidhi	1	UTTARAPADA	saṃkṣipta
calī	1	UTTARAPADA	puṃś
calū	1	UTTARAPADA	puṃś
camaka-bhāṣya	1	UTTARAPADA	namaka
camasam	1	UTTARAPADA	yathā
camasya	1	UTTARAPADA	māhā
camat-kṛti	1	UTTARAPADA	viśva
camatkāra	1	UTTARAPADA	vyavahāra
camatkāram	1	UTTARAPADA	sa
campā	1	UTTARAPADA	mahā
campū-rāmā@yaṇa	1	UTTARAPADA	śleṣa
camū	1	UTTARAPADA	mahā
canaka	1	UTTARAPADA	kiṃ
canda	1	UTTARAPADA	mohana
candana-lipta	1	UTTARAPADA	ardha
candra-candrikā	1	UTTARAPADA	bhāgavata
candra-gaṇi	1	UTTARAPADA	siddha
candra-kara	1	UTTARAPADA	mādhava
candra-lalāma	1	UTTARAPADA	saha
candra-miśra	1	UTTARAPADA	lakṣmī
candra-nyāya	1	UTTARAPADA	śākhā
candra-pradīpikā-nirukti	1	UTTARAPADA	vṛtti
candra-tantra	1	UTTARAPADA	meru
candra-tāraka	1	UTTARAPADA	sphuṭa
candra-vrata	1	UTTARAPADA	rohiṇī
candra-śayana	1	UTTARAPADA	rohiṇī
candra-śiṣya	1	UTTARAPADA	megha
candra-ṭīkā	1	UTTARAPADA	yoga
candrakalā	1	UTTARAPADA	muhūrta
candramas	1	UTTARAPADA	sūrya
candramasa	1	UTTARAPADA	sūrya
candrasūri	1	UTTARAPADA	ahaṃ
candrau	1	UTTARAPADA	āditya
candre@śvara-tantra	1	UTTARAPADA	karka
candri	1	UTTARAPADA	haima
candriko@llāsa	1	UTTARAPADA	bhakti
candrikā-paddhati	1	UTTARAPADA	laghu
candrikā-prakāśa	1	UTTARAPADA	sa
candrita	1	UTTARAPADA	śata
candro@daya-saṃgraha	1	UTTARAPADA	prabodha
candro@dayā@malaka	1	UTTARAPADA	prabodha
candrā@rgha-vidhi	1	UTTARAPADA	abhinava
candrā@rka	1	UTTARAPADA	jyotiś
candrā@ṃśu	1	UTTARAPADA	haṃsa
cara-svā@ro@daya	1	UTTARAPADA	haṃsa
caraka-sautrāmaṇī	1	UTTARAPADA	baudhāyana
carat	1	UTTARAPADA	saha
caraṇa-cāmara	1	UTTARAPADA	sītā
caraṇa-dohada	1	UTTARAPADA	kāntā
caraṇa-dāsa	1	UTTARAPADA	hari
caraṇa-lākṣā-rāga	1	UTTARAPADA	sa
caraṇa-parṣad	1	UTTARAPADA	sva
caraṇa-purī	1	UTTARAPADA	hari
caraṇa-samanta-svara	1	UTTARAPADA	rati
caraṇa-sampanna	1	UTTARAPADA	vidyā
caraṇa-vārttika	1	UTTARAPADA	nāma
caraṇam	1	UTTARAPADA	prati
caraṇā@mṛta	1	UTTARAPADA	caitanya
caraṇā@ravinda-dhyāna	1	UTTARAPADA	bhagavac
carcana	1	UTTARAPADA	śuṣka
carci	1	UTTARAPADA	haima
carcikā	1	UTTARAPADA	gharma
carcita-sarvā@ṅga	1	UTTARAPADA	rudhira
carcī	1	UTTARAPADA	śaṅkha
cari	1	UTTARAPADA	māṇi
carita-cintāmaṇi	1	UTTARAPADA	hara
carita-nāman	1	UTTARAPADA	prauḍha
carita-nāṭaka	1	UTTARAPADA	baṭu
carita-vid	1	UTTARAPADA	graha
caritin	1	UTTARAPADA	su
caritra-mālā	1	UTTARAPADA	nārāyaṇa
caritra-nāṭaka	1	UTTARAPADA	śānti
caritva	1	UTTARAPADA	bāla
caritā@mṛta	1	UTTARAPADA	caitanya
carma-dhara	1	UTTARAPADA	khaḍga
carma-kṛt	1	UTTARAPADA	vaṃśa
carma-mātra	1	UTTARAPADA	go
carma-vat	1	UTTARAPADA	loha
carmin	1	UTTARAPADA	mṛdu
carmya	1	UTTARAPADA	dauś
carmīya	1	UTTARAPADA	mṛga
caryā-varṇana	1	UTTARAPADA	varṣa
carā@cara	1	UTTARAPADA	sa
carī	1	UTTARAPADA	śaṅkha
catur-aśraka	1	UTTARAPADA	dvi
catur-ūrdhva	1	UTTARAPADA	pada
caturaha	1	UTTARAPADA	atri
caturaka	1	UTTARAPADA	mahā
caturasra	1	UTTARAPADA	āyata
caturaśra	1	UTTARAPADA	dīrgha
caturdaśī-vrata	1	UTTARAPADA	ānanda
caturtha-pāda-prahelikā	1	UTTARAPADA	gūḍha
caturthika	1	UTTARAPADA	vivāha
caturthī-karman	1	UTTARAPADA	vivāha
caturthī-kathā	1	UTTARAPADA	saṃkaṣṭa
caturthī-vrata	1	UTTARAPADA	vināyaka
caturthī-vrata-kathā	1	UTTARAPADA	saṃkaṣṭa
caturvidha-śloka	1	UTTARAPADA	sthāna
caturviṃśatikā	1	UTTARAPADA	sāra
caturādhyāyikā	1	UTTARAPADA	śaunakīya
catuḥ-ślokī-vyākhyā	1	UTTARAPADA	śiva
catuṣ-patha	1	UTTARAPADA	nagara
catuṣka	1	UTTARAPADA	daśa
catuṣka-ṭīkā	1	UTTARAPADA	sātatya
catuṣṭaya-parī@kṣā	1	UTTARAPADA	mata
catuṣṭaya-vyavasthā-lakṣaṇa	1	UTTARAPADA	deha
catvāri	1	UTTARAPADA	dvi
catvāriṃśa-danta-tā	1	UTTARAPADA	sama
catvāriṃśika	1	UTTARAPADA	dvi
catvāriṃśin	1	UTTARAPADA	aṣṭā
cauraka	1	UTTARAPADA	haṭṭa
caya-nibaddha	1	UTTARAPADA	pāṣāṇa
cayana-prayoga	1	UTTARAPADA	vaiśvasṛja
cañcuka	1	UTTARAPADA	kṛṣṇa
cañcukā	1	UTTARAPADA	su
cañcutā	1	UTTARAPADA	vañcana
cañcū	1	UTTARAPADA	mahā
caṅkuṇa-vihāra	1	UTTARAPADA	śrī
caṇaka	1	UTTARAPADA	muṇḍa
caṇḍe@śvarī	1	UTTARAPADA	kāka
caṇḍika	1	UTTARAPADA	rudra
caṇḍy-ādi-prayoga-paddhati	1	UTTARAPADA	sahasra
caṇḍy-ādi-vidhi	1	UTTARAPADA	sahasra
caṇḍya	1	UTTARAPADA	prā
caṇḍā	1	UTTARAPADA	ugra
caṇḍī-vidhi	1	UTTARAPADA	sahasra
caṇḍī-vidhāna	1	UTTARAPADA	sahasra
caṇḍī-śata-caṇḍī-vidhāna	1	UTTARAPADA	sahasra
caṇḍī@śvara	1	UTTARAPADA	kāka
caṣaka	1	UTTARAPADA	suvarṇa
caṭa	1	UTTARAPADA	krama
caṭa-śraddha-prayoga	1	UTTARAPADA	pārvaṇa
caṭaka-nyāya	1	UTTARAPADA	andha
caṭikā	1	UTTARAPADA	carma
caṭī	1	UTTARAPADA	carma
cchadin	1	UTTARAPADA	daśa
cchadis	1	UTTARAPADA	sa
cchala-jāti-nigraha-maya	1	UTTARAPADA	sa
cchallita	1	UTTARAPADA	asthi
cchallī	1	UTTARAPADA	bhramara
cchanda-tīrtha	1	UTTARAPADA	ātma
cchandasya	1	UTTARAPADA	sa
cchandatā	1	UTTARAPADA	vana
cchandaḥ-kośa	1	UTTARAPADA	prākṛta
cchandaḥ-prakāśa	1	UTTARAPADA	vaidika
cchandaṣ-ṭīkā	1	UTTARAPADA	prākṛta
cchandira	1	UTTARAPADA	dvīpa
cchandoma	1	UTTARAPADA	sa
cchardaka	1	UTTARAPADA	vi
cchardanaka	1	UTTARAPADA	rāma
cchardis	1	UTTARAPADA	su
cchattrin	1	UTTARAPADA	śveta
cchattrita	1	UTTARAPADA	sita
cchavin	1	UTTARAPADA	nīla
cchayā	1	UTTARAPADA	jale
ccheda-prā@yaścitta	1	UTTARAPADA	druma
cchedaka-prajñā-pāramitā	1	UTTARAPADA	vajra
cchedika	1	UTTARAPADA	śīrṣa
cchettṛ	1	UTTARAPADA	vaṃśa
cchida	1	UTTARAPADA	śīrṣa
cchidā	1	UTTARAPADA	saṃdhi
cchinnā	1	UTTARAPADA	bahu
cchu	1	UTTARAPADA	kaṭa
cchātra	1	UTTARAPADA	nava
cchāyikā	1	UTTARAPADA	prati
cchāyā-praviṣṭa	1	UTTARAPADA	eka
cchāyā-yoni	1	UTTARAPADA	anya
cchāyā@śrita	1	UTTARAPADA	eka
cchū	1	UTTARAPADA	dhana
celaka	1	UTTARAPADA	su
celin	1	UTTARAPADA	caru
cella	1	UTTARAPADA	śaka
ceta	1	UTTARAPADA	vyāsajya
cetasa	1	UTTARAPADA	prā
cetasika	1	UTTARAPADA	citta
ceto-vilāsa	1	UTTARAPADA	śaṃkara
cetuna	1	UTTARAPADA	su
cetunā	1	UTTARAPADA	su
cetī	1	UTTARAPADA	vi
cetī-kṛta	1	UTTARAPADA	su
ceṣṭa-rūpa	1	UTTARAPADA	su
ceṣṭita-varṇana	1	UTTARAPADA	bali
ceṭā	1	UTTARAPADA	āhara
chabda-tva	1	UTTARAPADA	tac
chad	1	UTTARAPADA	mallikā
chadana	1	UTTARAPADA	mallikā
chadma-para	1	UTTARAPADA	māyā
chagalā	1	UTTARAPADA	puṃś
chakaṭikā	1	UTTARAPADA	mṛc
chakti-tas	1	UTTARAPADA	yāvac
chakya	1	UTTARAPADA	yāvac
chalalita	1	UTTARAPADA	śvāvic
chalka	1	UTTARAPADA	bṛhac
chalā@kṣara	1	UTTARAPADA	rahasya
chandasam	1	UTTARAPADA	yathā
chande@ndu-śekhara	1	UTTARAPADA	bṛhac
chandika	1	UTTARAPADA	bhūyaś
chanivāra-pūjā	1	UTTARAPADA	sampac
charaṇa	1	UTTARAPADA	śvāvic
charkaram	1	UTTARAPADA	yāvac
charāva	1	UTTARAPADA	yāvac
chastram	1	UTTARAPADA	yāvac
chatru	1	UTTARAPADA	vidyuc
chattraka	1	UTTARAPADA	ati
chattrā	1	UTTARAPADA	bṛhac
chauca	1	UTTARAPADA	pac
chaya	1	UTTARAPADA	hṛc
chaśa-dhara	1	UTTARAPADA	śarac
chaśin	1	UTTARAPADA	śarac
chaṭā	1	UTTARAPADA	vasā
cheṣam	1	UTTARAPADA	yāvac
chid	1	UTTARAPADA	duś
chidrā	1	UTTARAPADA	mahā
chikhin	1	UTTARAPADA	śarac
chikhā	1	UTTARAPADA	vidyuc
chilā-maya	1	UTTARAPADA	mṛc
chimbī	1	UTTARAPADA	bṛhac
chiras	1	UTTARAPADA	bṛhac
chlokam	1	UTTARAPADA	yāvac
choka-vivardhana	1	UTTARAPADA	suhṛc
choṣa	1	UTTARAPADA	hṛc
chraddha	1	UTTARAPADA	yac
chramaṇa	1	UTTARAPADA	paścāc
chravas	1	UTTARAPADA	bṛhac
chreṣṭha	1	UTTARAPADA	yāvac
chruti	1	UTTARAPADA	avāk
chrī	1	UTTARAPADA	śarac
chrī-krama	1	UTTARAPADA	bṛhac
chukravāra-pūjā	1	UTTARAPADA	sampac
chāka	1	UTTARAPADA	sac
chākhā	1	UTTARAPADA	asac
chāla	1	UTTARAPADA	bṛhac
chāli	1	UTTARAPADA	śarac
chāntistava	1	UTTARAPADA	bṛhac
chārada	1	UTTARAPADA	dṛṣac
chātā@tapa	1	UTTARAPADA	bṛhac
chāyā	1	UTTARAPADA	bhū
chūdra	1	UTTARAPADA	sac
chūla	1	UTTARAPADA	hṛc
chṛṅgāra-tilaka	1	UTTARAPADA	bṛhac
ci	1	UTTARAPADA	vipaś
cid-ghana	1	UTTARAPADA	ānanda
cid-yoga	1	UTTARAPADA	māyā
cihna-dukūla-vat	1	UTTARAPADA	haṃsa
ciketa	1	UTTARAPADA	na
ciketas	1	UTTARAPADA	na
cikitsa	1	UTTARAPADA	duś
cikitsita	1	UTTARAPADA	kuṣṭha
cikitsā-ropaṇā@di	1	UTTARAPADA	vṛkṣa
cikīrṣā	1	UTTARAPADA	priya
cillaka	1	UTTARAPADA	sa
cin-maya	1	UTTARAPADA	eka
cintana-nirākaraṇa	1	UTTARAPADA	brahma
cintāmaṇi-rasa	1	UTTARAPADA	trailokya
cintāmaṇi-tantra	1	UTTARAPADA	bīja
cintāratna-saṃgraha	1	UTTARAPADA	siddhānta
cinvat	1	UTTARAPADA	prā
cirbhaṭā	1	UTTARAPADA	gaja
cirbhitā	1	UTTARAPADA	kṣudra
cirbhiṭa	1	UTTARAPADA	gaja
cirbhiṭī	1	UTTARAPADA	indra
cit-vat	1	UTTARAPADA	agni
citi-prayoga	1	UTTARAPADA	loṣṭa
citka	1	UTTARAPADA	sa
citra-caritra	1	UTTARAPADA	vāmana
citra-hasta	1	UTTARAPADA	laghu
citra-pattraka	1	UTTARAPADA	tila
citra-pāṭala	1	UTTARAPADA	mahā
citra-samutsedha	1	UTTARAPADA	haima
citrin	1	UTTARAPADA	vema
citrā@laṃkāra	1	UTTARAPADA	laghu
citta-hārin	1	UTTARAPADA	strī
citta-jñāna	1	UTTARAPADA	para
citta-mantra	1	UTTARAPADA	aneka
citta-prasādinī	1	UTTARAPADA	vidvac
citta-tva	1	UTTARAPADA	anavasthita
cittam	1	UTTARAPADA	yathā
citte@ndriya	1	UTTARAPADA	vyutthita
citte@ndriyā@nala	1	UTTARAPADA	yata
cittika	1	UTTARAPADA	prāyaś
cittikā	1	UTTARAPADA	pūrva
cittin	1	UTTARAPADA	prāyaś
citto@tpādana-śāstra	1	UTTARAPADA	bodhi
citto@tpādika	1	UTTARAPADA	prathama
cittā@tman	1	UTTARAPADA	yata
cittī	1	UTTARAPADA	pūrva
cittīya	1	UTTARAPADA	prāyaś
cityā	1	UTTARAPADA	agni
citā	1	UTTARAPADA	kāṣṭha
citī	1	UTTARAPADA	pūrva
ciñci	1	UTTARAPADA	kāka
ciñcika	1	UTTARAPADA	kāka
ciñcikā	1	UTTARAPADA	baka
ciñcā	1	UTTARAPADA	kāka
ciñcī	1	UTTARAPADA	kāka
ciṭiṅga	1	UTTARAPADA	cic
coda	1	UTTARAPADA	radhra
codanam	1	UTTARAPADA	prati
coditam	1	UTTARAPADA	yathā
codya	1	UTTARAPADA	ku
cola	1	UTTARAPADA	pañca
colaka	1	UTTARAPADA	ardha
colaka-vat	1	UTTARAPADA	nīla
copaka	1	UTTARAPADA	gale
coḍā	1	UTTARAPADA	pañca
cukrā	1	UTTARAPADA	caṇḍa
culika	1	UTTARAPADA	vindhya
cullī	1	UTTARAPADA	gṛha
culuka	1	UTTARAPADA	samudra
cumbaka	1	UTTARAPADA	ahi
cumbakanyāya	1	UTTARAPADA	loha
cumbana	1	UTTARAPADA	visarga
cunda	1	UTTARAPADA	mahā
curi	1	UTTARAPADA	kala
curya	1	UTTARAPADA	prā
curṇa	1	UTTARAPADA	nārāyaṇa
cuṇḍikā	1	UTTARAPADA	saṃcāri
cuṭī	1	UTTARAPADA	su
cyava	1	UTTARAPADA	bhuvana
cyutā	1	UTTARAPADA	ghṛta
cyāva	1	UTTARAPADA	duś
cā@rtha-vāda	1	UTTARAPADA	na
cāla	1	UTTARAPADA	danta
cālana-nyāya	1	UTTARAPADA	pañjara
cāmana	1	UTTARAPADA	vāri
cāmuṇḍā-tīrtha	1	UTTARAPADA	siddhi
cāmīkara	1	UTTARAPADA	saṃtapta
cāndramasa	1	UTTARAPADA	saurya
cāndrā@yaṇa	1	UTTARAPADA	yati
cāpā@kṛṣṭa-mukta	1	UTTARAPADA	bhrū
cāpā@ropaṇa	1	UTTARAPADA	hara
cāra-tantra	1	UTTARAPADA	śyāmā
cāraṇī	1	UTTARAPADA	brahma
cārikā	1	UTTARAPADA	pattra
cāritra-mati	1	UTTARAPADA	samanta
cāru-bhāṣin	1	UTTARAPADA	mṛdu
cāru-mañju-svaratā	1	UTTARAPADA	madhura
cārv-añcite@kṣaṇa	1	UTTARAPADA	pṛthu
cārya	1	UTTARAPADA	vrata
cārā	1	UTTARAPADA	su
cārāyaṇīya	1	UTTARAPADA	kambala
cārī	1	UTTARAPADA	mahā
cātanī	1	UTTARAPADA	mecaka
cāttra	1	UTTARAPADA	pūrṇa
cāturbhadrikā	1	UTTARAPADA	bāla
cāturjātaka	1	UTTARAPADA	kaṭu
cāturmāsya	1	UTTARAPADA	pāśuka
cāturī	1	UTTARAPADA	galla
cātvāriṃśika	1	UTTARAPADA	dvi
cāṅgerī	1	UTTARAPADA	ku
cāṇakya-rāja-nīti	1	UTTARAPADA	laghu
cāṇḍāla	1	UTTARAPADA	brāhmaṇa
cāṇḍālinī	1	UTTARAPADA	ucchiṣṭa
cīna	1	UTTARAPADA	mahā
cīnaka	1	UTTARAPADA	sa
cīnā@ṃśuka	1	UTTARAPADA	vicitra
cīra-nivāsana	1	UTTARAPADA	sarpa
cīra-paṭa	1	UTTARAPADA	parṇa
cīrī	1	UTTARAPADA	mukha
cīrṇa-dhvaja	1	UTTARAPADA	su
cīḍā	1	UTTARAPADA	kapaṭa
cūcuka	1	UTTARAPADA	stana
cūra-muni	1	UTTARAPADA	ratna
cūri	1	UTTARAPADA	kala
cūro@pā@khyāna	1	UTTARAPADA	ratna
cūrṇa-paripālana	1	UTTARAPADA	śrī
cūrṇaka	1	UTTARAPADA	rakta
cūrṇi	1	UTTARAPADA	eka
cūḍika	1	UTTARAPADA	sāhasra
cūḍikā	1	UTTARAPADA	kṛṣṇa
cūḍo@paniṣad	1	UTTARAPADA	yoga
cūḍo@ttara	1	UTTARAPADA	moha
cūḍo@ttara-śāstra	1	UTTARAPADA	moha
cūḍāmaṇika	1	UTTARAPADA	vṛkṣa
cūḍāmaṇy-upaniṣad	1	UTTARAPADA	yoga
cūṣaka	1	UTTARAPADA	sveda
d-vasu	1	UTTARAPADA	śata
dabhna	1	UTTARAPADA	dura
dad	1	UTTARAPADA	āyur
dadhan	1	UTTARAPADA	sa
dadhana	1	UTTARAPADA	antar
dadhi	1	UTTARAPADA	taruṇa
dadhi-bhakṣam	1	UTTARAPADA	yathā
dadhiṣu	1	UTTARAPADA	agre
dadhus	1	UTTARAPADA	agre
dadhāna	1	UTTARAPADA	antar
dadru	1	UTTARAPADA	śilā
dagdha-mūrti	1	UTTARAPADA	hara
dagdhaka	1	UTTARAPADA	dava
dagdhikā	1	UTTARAPADA	su
dagh	1	UTTARAPADA	dakṣiṇa
daghvan	1	UTTARAPADA	paścād
daha	1	UTTARAPADA	vipra
dahyā	1	UTTARAPADA	śava
dainya	1	UTTARAPADA	nir
dairghya	1	UTTARAPADA	saṃkṣipta
daitya-bhid	1	UTTARAPADA	gaja
daivajña	1	UTTARAPADA	keśava
daivasika	1	UTTARAPADA	prāti
daivatam	1	UTTARAPADA	prati
daivatyā	1	UTTARAPADA	dvi
daivatā	1	UTTARAPADA	bhartṛ
daivodāsa	1	UTTARAPADA	rātrī
daka	1	UTTARAPADA	pañca
dakṣaka	1	UTTARAPADA	mārga
dakṣiṇam	1	UTTARAPADA	apara
dakṣiṇatas	1	UTTARAPADA	pratyag
dakṣiṇya	1	UTTARAPADA	prā
dakṣṇā@varta	1	UTTARAPADA	nāsā
dala-kaniśa	1	UTTARAPADA	bahu
dala-prabha	1	UTTARAPADA	aravinda
dalaka	1	UTTARAPADA	bāla
dale@kṣaṇa	1	UTTARAPADA	padma
dalikā	1	UTTARAPADA	tri
damanikā	1	UTTARAPADA	deva
damatha-vastu-kuśala	1	UTTARAPADA	tri
damatra	1	UTTARAPADA	mahā
dambhaka	1	UTTARAPADA	loka
daminī	1	UTTARAPADA	kāma
damya	1	UTTARAPADA	dur
damya-sārathi	1	UTTARAPADA	puruṣa
dant	1	UTTARAPADA	rakta
danta-cchada	1	UTTARAPADA	saṃdaṣṭa
danta-hara	1	UTTARAPADA	pūṣa
danta-maya	1	UTTARAPADA	asthi
danta-nakha	1	UTTARAPADA	bhagna
danta-vat	1	UTTARAPADA	phala
dantaki	1	UTTARAPADA	kāka
dantatā	1	UTTARAPADA	avirala
danteya	1	UTTARAPADA	bāhu
dantāvala	1	UTTARAPADA	harid
dantī-bīja	1	UTTARAPADA	vakra
dantī-suta	1	UTTARAPADA	valgu
danḍa	1	UTTARAPADA	kūpa
darbhi	1	UTTARAPADA	vṛṣā
dari	1	UTTARAPADA	go
darpa-bhaṅga	1	UTTARAPADA	dhanvantari
darpa-han	1	UTTARAPADA	dundubhi
darpaṇa-vidhi	1	UTTARAPADA	homa
darpaṇikā	1	UTTARAPADA	yaśo
darvi	1	UTTARAPADA	ayo
darvya	1	UTTARAPADA	vi
darvī	1	UTTARAPADA	homa
darī	1	UTTARAPADA	kuñjara
darī-bhavā	1	UTTARAPADA	bhū
darśam	1	UTTARAPADA	bāla
darśana-lālasa	1	UTTARAPADA	pati
darśana-mṛtyuka	1	UTTARAPADA	viṣa
darśana-nyāya	1	UTTARAPADA	arundhatī
darśana-prakāra	1	UTTARAPADA	vyāsa
darśana-stotra	1	UTTARAPADA	mārkaṇḍeya
darśana-sāmarthya	1	UTTARAPADA	hīna
darśanam	1	UTTARAPADA	yathā
darśanā	1	UTTARAPADA	cāru
darśanā@di-tas	1	UTTARAPADA	rāma
darśanī	1	UTTARAPADA	pratīpa
darśanīya	1	UTTARAPADA	su
darśata	1	UTTARAPADA	viśva
darśikā	1	UTTARAPADA	priya
darśinī-nighaṇṭu	1	UTTARAPADA	ṣaḍ
darśinī-prakaraṇa	1	UTTARAPADA	ṣaḍ
darśitam	1	UTTARAPADA	yathā
darśitva	1	UTTARAPADA	ucita
das	1	UTTARAPADA	draviṇo
dasma	1	UTTARAPADA	puru
datrima	1	UTTARAPADA	anitya
datta-sūnu	1	UTTARAPADA	harṣa
datta-vaidyaka	1	UTTARAPADA	vaṅga
datteya	1	UTTARAPADA	vāyu
dattikā	1	UTTARAPADA	kāma
dattra	1	UTTARAPADA	go
dattā@kṣara	1	UTTARAPADA	cyuta
dattāyana	1	UTTARAPADA	brāhma
dattīya	1	UTTARAPADA	yajña
dauhitra	1	UTTARAPADA	dauhitra
davat	1	UTTARAPADA	prāṇa
dayā-prakaraṇa	1	UTTARAPADA	jīva
dayā-sahasra	1	UTTARAPADA	śiva
daśa-bhāṣya	1	UTTARAPADA	śukla
daśa-divasa-paddhati	1	UTTARAPADA	pauṇḍarīka
daśa-prakṛti	1	UTTARAPADA	aṣṭā
daśa-ratha	1	UTTARAPADA	sa
daśa-rca	1	UTTARAPADA	aṣṭā
daśa-rātra	1	UTTARAPADA	kusurubinda
daśa-vakra	1	UTTARAPADA	aṣṭā
daśa-vakrikā	1	UTTARAPADA	aṣṭā
daśamī	1	UTTARAPADA	vijaya
daśana-jyotsna	1	UTTARAPADA	sa
daśanā	1	UTTARAPADA	śikhara
daśanā@rcis	1	UTTARAPADA	sa
daśarātra	1	UTTARAPADA	chandoma
daśe@śa	1	UTTARAPADA	grāma
daśika	1	UTTARAPADA	pañca
daśā-prakaraṇa	1	UTTARAPADA	varṣa
daśā@kṣara	1	UTTARAPADA	śrī
daśā@rha-kula	1	UTTARAPADA	su
daśā@vayava	1	UTTARAPADA	daśa
daśī	1	UTTARAPADA	catur
daḍa	1	UTTARAPADA	nir
daṃsa	1	UTTARAPADA	puru
daṃśakaka	1	UTTARAPADA	vṛṣa
daṃśikā	1	UTTARAPADA	kṣudra
daṃśita	1	UTTARAPADA	su
daṃśman	1	UTTARAPADA	tṛṣṭa
daṃśī	1	UTTARAPADA	kṣudra
daṃṣṭra-keśa	1	UTTARAPADA	ūrdhva
daṃṣṭrikā	1	UTTARAPADA	sarpa
daṃṣṭrā-ja	1	UTTARAPADA	potri
daṃṣṭrī	1	UTTARAPADA	sarpa
daṇḍa-dhara	1	UTTARAPADA	sarva
daṇḍapāla	1	UTTARAPADA	pṛthivī
daṇḍapāla-tā	1	UTTARAPADA	pṛthvī
daṇḍi	1	UTTARAPADA	dvi
daṇḍikā	1	UTTARAPADA	su
daṇḍā	1	UTTARAPADA	sarpa
daṇḍā@rha	1	UTTARAPADA	śata
daṇḍā@tapatrin	1	UTTARAPADA	ratna
daṇḍāyani	1	UTTARAPADA	śāra
daṇḍāyanī	1	UTTARAPADA	śāra
daṇḍāyinī	1	UTTARAPADA	śāra
daṇḍī	1	UTTARAPADA	aja
daṣṭa	1	UTTARAPADA	sarpa
daṭa	1	UTTARAPADA	nir
dbhava	1	UTTARAPADA	yato
de@śa	1	UTTARAPADA	kṣaṇa
de@śvara-tīrtha	1	UTTARAPADA	tila
degha	1	UTTARAPADA	vi
deha-bhāvin	1	UTTARAPADA	yāvad
deha-bhūṣa	1	UTTARAPADA	jānakī
deha-dāna	1	UTTARAPADA	sva
deham	1	UTTARAPADA	prati
dehatyāga	1	UTTARAPADA	satī
dehā	1	UTTARAPADA	svalpa
dehā@rdha	1	UTTARAPADA	strī
deva-campū	1	UTTARAPADA	puru
deva-gṛha	1	UTTARAPADA	yakṣa
deva-jana	1	UTTARAPADA	sarpa
deva-kula	1	UTTARAPADA	nava
deva-lipi	1	UTTARAPADA	bhauma
deva-sthāna	1	UTTARAPADA	bṛhad
deva-svāmin	1	UTTARAPADA	guru
deva-yajana-mātra-deśa	1	UTTARAPADA	abhito
devatā-kathana	1	UTTARAPADA	nakṣatra
devatā-pratiṣṭhā	1	UTTARAPADA	sakala
devatā-pūjā-vidhi	1	UTTARAPADA	samasta
devyā	1	UTTARAPADA	vasu
devī-māhātmya	1	UTTARAPADA	rājñī
devī-māhātmya-paṭala	1	UTTARAPADA	śāradā
devī-pañcā@ṅga	1	UTTARAPADA	rājñī
devī-sū@kta	1	UTTARAPADA	hiraṇya
devī-tīrtha	1	UTTARAPADA	gaṇitā
devī-śarman	1	UTTARAPADA	caṇḍī
devīka	1	UTTARAPADA	sa
devīya	1	UTTARAPADA	mahā
deśa-darśin	1	UTTARAPADA	bahu
deśa-ja	1	UTTARAPADA	gaḍa
deśa-vat	1	UTTARAPADA	sāmānya
deśa-vibhāga	1	UTTARAPADA	kāla
deśa-vṛtti-tva	1	UTTARAPADA	alpa
deśa-vṛttā@nta-saṃgraha	1	UTTARAPADA	sarva
deśe	1	UTTARAPADA	varūthya
deśin	1	UTTARAPADA	prā
deṇṭikā	1	UTTARAPADA	nāga
deṣṇu	1	UTTARAPADA	su
dh	1	UTTARAPADA	agni
dha-kāminī	1	UTTARAPADA	ambu
dhairyam	1	UTTARAPADA	sa
dhairyā@śraya	1	UTTARAPADA	viveka
dhala	1	UTTARAPADA	bṛhad
dhamana	1	UTTARAPADA	nir
dhana-dhānya-vat	1	UTTARAPADA	prabhūta
dhana-saṃghā@rāma	1	UTTARAPADA	nagara
dhana-vihāra	1	UTTARAPADA	nagara
dhanin	1	UTTARAPADA	sarva
dhanur-veda	1	UTTARAPADA	śiva
dhanuṣka	1	UTTARAPADA	vi
dhanvi-purī-māhātmya	1	UTTARAPADA	śrī
dhanvāyana	1	UTTARAPADA	bhīma
dhara-bhaṭṭa	1	UTTARAPADA	līlā
dhara-miśra	1	UTTARAPADA	kṣoṇī
dhara-svāmin	1	UTTARAPADA	sīma
dharaṇi-dhara	1	UTTARAPADA	pṛthu
dharaṇī	1	UTTARAPADA	prākāra
dharaṇī-sena	1	UTTARAPADA	śiṅga
dharaṇī@śa	1	UTTARAPADA	śiṅga
dharaṇīya	1	UTTARAPADA	śiro
dhareya	1	UTTARAPADA	yaśo
dharma-dhvaja	1	UTTARAPADA	mahā
dharma-dundubhi	1	UTTARAPADA	mahā
dharma-dviṣ	1	UTTARAPADA	brahma
dharma-gata	1	UTTARAPADA	daśa
dharma-gaṇi	1	UTTARAPADA	bhāva
dharma-kathā	1	UTTARAPADA	aneka
dharma-kriya	1	UTTARAPADA	lupta
dharma-maṇḍana	1	UTTARAPADA	śaiva
dharma-mīmāṃsā	1	UTTARAPADA	vaiṣṇava
dharma-nirbhaya-stotra	1	UTTARAPADA	yama
dharma-nirṇaya	1	UTTARAPADA	kali
dharma-prakāśa	1	UTTARAPADA	bṛhad
dharma-purāṇa	1	UTTARAPADA	bṛhad
dharma-putraka	1	UTTARAPADA	pārvatī
dharma-saṃgha	1	UTTARAPADA	buddha
dharma-saṃgraha	1	UTTARAPADA	saṃnyāsa
dharma-sura-druma-mañjari	1	UTTARAPADA	vaiṣṇava
dharma-trāta	1	UTTARAPADA	bhadanta
dharma-varṇana	1	UTTARAPADA	bhagavad
dharma-vid	1	UTTARAPADA	pṛthag
dharmam	1	UTTARAPADA	yathā
dharmatā-vāda	1	UTTARAPADA	pakṣa
dharmika	1	UTTARAPADA	vi
dharmitā@vacchedaka-vādā@rtha	1	UTTARAPADA	navya
dharmiṣṭha	1	UTTARAPADA	su
dharmo@ttara	1	UTTARAPADA	saura
dharmya	1	UTTARAPADA	sauna
dharmā	1	UTTARAPADA	viṣa
dharmā@gama	1	UTTARAPADA	siddhānta
dharmā@nuṣṭhāna-paddhati	1	UTTARAPADA	vaiṣṇava
dharmā@rtha-nītimat	1	UTTARAPADA	sāma
dharmā@tman	1	UTTARAPADA	parama
dharmī	1	UTTARAPADA	nāṭya
dharola-nagara	1	UTTARAPADA	śrī
dhartu	1	UTTARAPADA	dur
dharuṭa	1	UTTARAPADA	dur
dharītu	1	UTTARAPADA	dur
dhasa	1	UTTARAPADA	pauro
dhasta	1	UTTARAPADA	vidyud
dhata	1	UTTARAPADA	śakṛd
dhati	1	UTTARAPADA	pad
dhaureyaka	1	UTTARAPADA	puruṣa
dhautā	1	UTTARAPADA	mukha
dhava-strī	1	UTTARAPADA	sa
dhavala-purāṇa	1	UTTARAPADA	mahā
dhavalita	1	UTTARAPADA	sudhā
dhavalā	1	UTTARAPADA	śaṅkha
dhavis	1	UTTARAPADA	yāvad
dhaḍī	1	UTTARAPADA	pad
dhaṭa	1	UTTARAPADA	tulā
dhemā@dri	1	UTTARAPADA	bṛhad
dhenava	1	UTTARAPADA	sva
dhenu-māhātmya	1	UTTARAPADA	karpāsa
dhenu-tantra	1	UTTARAPADA	śata
dhenūka	1	UTTARAPADA	bahu
dhetos	1	UTTARAPADA	yad
dhetu	1	UTTARAPADA	sad
dhik-kṛti	1	UTTARAPADA	bheda
dhika	1	UTTARAPADA	payo
dhikā	1	UTTARAPADA	puro
dhima	1	UTTARAPADA	pad
dhima-ruci	1	UTTARAPADA	śarad
dhināman	1	UTTARAPADA	antar
dhitā@tman	1	UTTARAPADA	jagad
dhiṣṇyam	1	UTTARAPADA	yathā
dhmā	1	UTTARAPADA	śaṅkha
dhoma-bhāj	1	UTTARAPADA	upariṣṭād
dhoma-paddhati	1	UTTARAPADA	bṛhad
dhoraṇa	1	UTTARAPADA	vṛka
dhrada	1	UTTARAPADA	śarad
dhrajati	1	UTTARAPADA	citra
dhraka	1	UTTARAPADA	mahī
dhru	1	UTTARAPADA	asmṛta
dhrut	1	UTTARAPADA	varuṇa
dhruvi	1	UTTARAPADA	nai
dhrāji-gati	1	UTTARAPADA	vāta
dhu	1	UTTARAPADA	sabar
dhuma	1	UTTARAPADA	go
dhuni	1	UTTARAPADA	dyu
dhurūṭa	1	UTTARAPADA	dur
dhustūra	1	UTTARAPADA	bṛhad
dhustūraka	1	UTTARAPADA	rāja
dhuvaka	1	UTTARAPADA	divi
dhuṇḍhi-rāja	1	UTTARAPADA	dīkṣita
dhvaj	1	UTTARAPADA	kṛta
dhvaja-baddhaka	1	UTTARAPADA	caura
dhvaja-ketu	1	UTTARAPADA	candra
dhvaja-mālin	1	UTTARAPADA	patākā
dhvaja-patākin	1	UTTARAPADA	śukla
dhvaja-tīrtha	1	UTTARAPADA	vijaya
dhvaja-vat	1	UTTARAPADA	samucchrita
dhvaji	1	UTTARAPADA	sāra
dhvajika	1	UTTARAPADA	pāri
dhvanana	1	UTTARAPADA	karṇa
dhvani-komala	1	UTTARAPADA	mañjīra
dhvansana	1	UTTARAPADA	prā
dhvanī	1	UTTARAPADA	bṛhad
dhvas	1	UTTARAPADA	parṇa
dhvasta-śiroruha	1	UTTARAPADA	pāṃsu
dhvaṃsaka	1	UTTARAPADA	kāraṇa
dhvaṃsana	1	UTTARAPADA	kaṃsa
dhvāṅkṣa	1	UTTARAPADA	tīrtha
dhvāṅkṣī	1	UTTARAPADA	vṛṣa
dhvṛt	1	UTTARAPADA	satya
dhyāna-muktā@valī	1	UTTARAPADA	bhagavad
dhyāna-paddhati	1	UTTARAPADA	śiva
dhyāna-prakāra	1	UTTARAPADA	vaiṣṇava
dhyāna-sopāna	1	UTTARAPADA	bhagavad
dhyāna-stotrā@di	1	UTTARAPADA	viṣṇu
dhyāna-varṇana	1	UTTARAPADA	rudra
dhyānin	1	UTTARAPADA	mṛṣā
dhyānā@di-kathanā@dhyāya	1	UTTARAPADA	rāga
dhā-prayoga	1	UTTARAPADA	aneka
dhāma-muni-śiṣya	1	UTTARAPADA	vidyā
dhāma-vat	1	UTTARAPADA	trayī
dhāmā	1	UTTARAPADA	cāru
dhānaka	1	UTTARAPADA	rāja
dhānika	1	UTTARAPADA	prā
dhānin	1	UTTARAPADA	havir
dhānya-dhana-rddhi-mat	1	UTTARAPADA	paśu
dhānya-kara	1	UTTARAPADA	priya
dhānā@yatana	1	UTTARAPADA	uda
dhānīya	1	UTTARAPADA	puro
dhāpayanta	1	UTTARAPADA	vāri
dhāraṇa-piṇḍa	1	UTTARAPADA	rayi
dhāraṇa-vidhi	1	UTTARAPADA	vibhūti
dhāraṇa-yantra	1	UTTARAPADA	taritā
dhāraṇaka	1	UTTARAPADA	pañca
dhāri	1	UTTARAPADA	cāmara
dhārikā	1	UTTARAPADA	kumbha
dhārita	1	UTTARAPADA	garbha
dhārita-grantha	1	UTTARAPADA	hari
dhārtarāṣṭra	1	UTTARAPADA	nir
dhārā-dhara	1	UTTARAPADA	varṣa
dhārā-gṛha	1	UTTARAPADA	yantra
dhārā-tīrtha	1	UTTARAPADA	sapta
dhārā@sāra	1	UTTARAPADA	avirala
dhārā@valī	1	UTTARAPADA	bṛhad
dhārī	1	UTTARAPADA	sarva
dhārīta	1	UTTARAPADA	bṛhad
dhāsa	1	UTTARAPADA	īṣad
dhāsya	1	UTTARAPADA	īṣad
dhāta	1	UTTARAPADA	su
dhātavya	1	UTTARAPADA	tiro
dhātirī	1	UTTARAPADA	bhū
dhātrī-phala	1	UTTARAPADA	kāṣṭha
dhātu-kārikā	1	UTTARAPADA	vasu
dhātu-paribhāṣā	1	UTTARAPADA	gaṇa
dhātu-vṛtti	1	UTTARAPADA	mādhavīya
dhātvī	1	UTTARAPADA	vajra
dhātvī@śvarī	1	UTTARAPADA	vajra
dhāvana-toya	1	UTTARAPADA	mīna
dhāvanaka	1	UTTARAPADA	danta
dhāyin	1	UTTARAPADA	amṛta
dhāyuka	1	UTTARAPADA	su
dhāṇikī	1	UTTARAPADA	maṇḍūra
dhāṭī	1	UTTARAPADA	aśva
dhī-gamya	1	UTTARAPADA	svapna
dhī-vṛddhida-mahā-tantra	1	UTTARAPADA	śiṣya
dhīra-cetas	1	UTTARAPADA	sāgara
dhūlikā	1	UTTARAPADA	go
dhūma-bhava	1	UTTARAPADA	gandha
dhūma-ketu	1	UTTARAPADA	jvara
dhūma-nyāya	1	UTTARAPADA	vahni
dhūma-prasara	1	UTTARAPADA	vicchinna
dhūmaja	1	UTTARAPADA	gandha
dhūmravarṇā	1	UTTARAPADA	su
dhūmya	1	UTTARAPADA	su
dhūnana	1	UTTARAPADA	śiro
dhūpi	1	UTTARAPADA	vāsa
dhūpya	1	UTTARAPADA	su
dhūr-vaha	1	UTTARAPADA	dvi
dhūrjaṭi-dīkṣita	1	UTTARAPADA	kṛṣṇa
dhūrta-niśācara	1	UTTARAPADA	bhaṇḍa
dhūrti	1	UTTARAPADA	kṣema
dhūrtila	1	UTTARAPADA	akṣa
dhūsara-pucchikā	1	UTTARAPADA	uṣṭra
dhūsara-pucchī	1	UTTARAPADA	uṣṭra
dhṛtvan	1	UTTARAPADA	kṣema
dhṛtā@yudha	1	UTTARAPADA	ugra
dhṛṣṇu	1	UTTARAPADA	saṃvṛkta
dhṛṣṭama	1	UTTARAPADA	su
didyu	1	UTTARAPADA	aśma
didṛkṣu	1	UTTARAPADA	hāsya
dig-deśa	1	UTTARAPADA	nānā
digdhā@ṅga	1	UTTARAPADA	mala
dih	1	UTTARAPADA	su
dik	1	UTTARAPADA	yathā
dik-ka	1	UTTARAPADA	gṛhīta
dik-kam	1	UTTARAPADA	catur
dik-stha	1	UTTARAPADA	uttara
dikka	1	UTTARAPADA	sarvato
dikṣu	1	UTTARAPADA	catur
dina-caryā	1	UTTARAPADA	prapanna
dina-kara	1	UTTARAPADA	miśra
dina-spṛś	1	UTTARAPADA	tri
dinam	1	UTTARAPADA	prati
dinna	1	UTTARAPADA	deva
dinnā	1	UTTARAPADA	dharma
dipsu	1	UTTARAPADA	rāṣṭra
dir	1	UTTARAPADA	kalaśa
diti	1	UTTARAPADA	su
div	1	UTTARAPADA	su
divas	1	UTTARAPADA	sa
divin	1	UTTARAPADA	tri
divya-caritra	1	UTTARAPADA	sītā
divā	1	UTTARAPADA	su
divā@kara	1	UTTARAPADA	kāla
diśya	1	UTTARAPADA	pūrva
diṇḍīra	1	UTTARAPADA	lāṭa
diṇṇa	1	UTTARAPADA	deva
doha-saṃnejana	1	UTTARAPADA	gāṃ
dohada-śāntika	1	UTTARAPADA	nakṣatra
dohaka	1	UTTARAPADA	go
dohala	1	UTTARAPADA	harṣa
doham	1	UTTARAPADA	madhu
dohani	1	UTTARAPADA	prā
dohinī	1	UTTARAPADA	kāma
dolo@tsava	1	UTTARAPADA	dolā
dolā-stha	1	UTTARAPADA	saṃdeha
dolī	1	UTTARAPADA	dur
dor-daṇḍa	1	UTTARAPADA	prauḍha
doṣa-hara	1	UTTARAPADA	viṣa
doṣa-harī	1	UTTARAPADA	śūla
doṣa-ja	1	UTTARAPADA	sva
doṣa-kṛt	1	UTTARAPADA	abhyantara
doṣa-maya	1	UTTARAPADA	sakala
doṣaka	1	UTTARAPADA	sa
drapsu	1	UTTARAPADA	uru
drava-saṃhati	1	UTTARAPADA	agra
drava-śūla	1	UTTARAPADA	anna
dravya-sampad	1	UTTARAPADA	puruṣa
dravya-virodha	1	UTTARAPADA	artha
dravyā@di-vacana	1	UTTARAPADA	pratimā
dravā	1	UTTARAPADA	virala
dravī	1	UTTARAPADA	dharma
dravī-bhāva	1	UTTARAPADA	citta
draṅgā	1	UTTARAPADA	mārga
draṣṭavya	1	UTTARAPADA	dṛṣṭa
dreṣkāṇa	1	UTTARAPADA	vyāla
drik	1	UTTARAPADA	yuva
droṇa-maya	1	UTTARAPADA	tila
droṇā	1	UTTARAPADA	mahā
drugdha	1	UTTARAPADA	akṣa
druha	1	UTTARAPADA	viṣu
druka	1	UTTARAPADA	hari
drukā	1	UTTARAPADA	śata
druma-kesara-dhvaja	1	UTTARAPADA	vajra
druta	1	UTTARAPADA	bhaya
dryac	1	UTTARAPADA	deva
drāpi	1	UTTARAPADA	hiraṇya
drāvaṇa	1	UTTARAPADA	garbha
drāviḍa-jāti	1	UTTARAPADA	pañca
drū	1	UTTARAPADA	śata
dugdhaka	1	UTTARAPADA	hema
dugdhin	1	UTTARAPADA	hema
dughā@kṣiti	1	UTTARAPADA	kāma
duhā	1	UTTARAPADA	dur
dundu	1	UTTARAPADA	mahā
dundubhi-svana	1	UTTARAPADA	ghana
dur	1	UTTARAPADA	prā
dur-dina	1	UTTARAPADA	nārāca
dur-lambha	1	UTTARAPADA	ati
dur-ukta	1	UTTARAPADA	vāg
dur-vipāka	1	UTTARAPADA	daiva
dura	1	UTTARAPADA	śata
durbhaga	1	UTTARAPADA	su
durbheda	1	UTTARAPADA	liṅga
durbhida	1	UTTARAPADA	su
durbhikṣa-pīḍita	1	UTTARAPADA	vyādhi
durbuddhi	1	UTTARAPADA	su
durdarśa	1	UTTARAPADA	su
durdhara	1	UTTARAPADA	aṅkuśa
durdṛśa	1	UTTARAPADA	su
durga-bhañjana	1	UTTARAPADA	saṃkalpa
durga-racana	1	UTTARAPADA	vihita
durgama	1	UTTARAPADA	su
durgamya	1	UTTARAPADA	su
durghaṭo@dghāṭa	1	UTTARAPADA	vyākaraṇa
durgā-dig-bandhana	1	UTTARAPADA	śūlinī
durgā-yantra	1	UTTARAPADA	śrī
durgā@di-mantra-prayoga	1	UTTARAPADA	vaidika
durjana	1	UTTARAPADA	duṣṭa
durjara	1	UTTARAPADA	su
durjaya	1	UTTARAPADA	su
durjñeya	1	UTTARAPADA	su
durlabha	1	UTTARAPADA	su
durmada	1	UTTARAPADA	smara
durmanas	1	UTTARAPADA	su
durmarṣa	1	UTTARAPADA	su
durmati	1	UTTARAPADA	su
durmedhas	1	UTTARAPADA	parama
durnirīkṣaṇa	1	UTTARAPADA	su
durodara	1	UTTARAPADA	prāṇa
durukti	1	UTTARAPADA	su
durvaca	1	UTTARAPADA	su
durvacas	1	UTTARAPADA	su
durveda	1	UTTARAPADA	su
durvida	1	UTTARAPADA	su
durācara	1	UTTARAPADA	nara
durācāra	1	UTTARAPADA	su
durādharṣa	1	UTTARAPADA	su
durālabhā	1	UTTARAPADA	kṣudra
durāruha	1	UTTARAPADA	su
durāsada	1	UTTARAPADA	su
durāvarta	1	UTTARAPADA	su
durūṭa	1	UTTARAPADA	dur
dustara	1	UTTARAPADA	su
dustyaja	1	UTTARAPADA	su
dustāra	1	UTTARAPADA	su
duścara	1	UTTARAPADA	su
duścikitsa	1	UTTARAPADA	su
duḥ-sparśā	1	UTTARAPADA	kṣudra
duḥkha-dā	1	UTTARAPADA	ghrāṇa
duḥkha-kṣaya	1	UTTARAPADA	sarva
duḥkha-samanvita	1	UTTARAPADA	śoka
duḥkha-vāsam	1	UTTARAPADA	bahu
duḥkha-śīlatā	1	UTTARAPADA	dohada
duḥkhin	1	UTTARAPADA	duḥkha
duḥsparśa	1	UTTARAPADA	su
duḥśrava	1	UTTARAPADA	su
duṣkha	1	UTTARAPADA	su
duṣkhita	1	UTTARAPADA	su
duṣkula	1	UTTARAPADA	su
duṣkṛta-bhoga	1	UTTARAPADA	pūrva
duṣprabha	1	UTTARAPADA	su
duṣprasādhya	1	UTTARAPADA	su
duṣpre@kṣya	1	UTTARAPADA	su
duṣprā@pa	1	UTTARAPADA	su
duṣpāra	1	UTTARAPADA	su
duṣvapnya	1	UTTARAPADA	jāgrad
duṣṭā	1	UTTARAPADA	yoni
duṣṭā@nta-kṛt	1	UTTARAPADA	sarva
duṣṭā@riṣṭa-śānti	1	UTTARAPADA	prapanna
dvaidha-prakaraṇa	1	UTTARAPADA	tithi
dvaidhī-bhāva	1	UTTARAPADA	dhṛta
dvaipāyana	1	UTTARAPADA	kṛṣṇa
dvaita-nirṇaya	1	UTTARAPADA	dharma
dvandva	1	UTTARAPADA	mahā
dvara-gopura	1	UTTARAPADA	pāṇḍara
dvaras	1	UTTARAPADA	vṛka
dvaya-kāraṇatā-vāda	1	UTTARAPADA	nyāya
dvaya-maya	1	UTTARAPADA	varṇa
dvaya-prayoga	1	UTTARAPADA	homa
dvaya-samāpatti	1	UTTARAPADA	dvaya
dvaya-samāsa-prayoga	1	UTTARAPADA	homa
dvaya-vaiyarthya	1	UTTARAPADA	viśeṣaṇa
dvaya-vat	1	UTTARAPADA	śakti
dveṣā	1	UTTARAPADA	tulasī
dvi-bhuja	1	UTTARAPADA	sama
dvi-caturaska	1	UTTARAPADA	ardha
dvi-dvibhuja	1	UTTARAPADA	sama
dvi-saptaka	1	UTTARAPADA	saika
dvija-rūpin	1	UTTARAPADA	vṛddha
dvir-āgamana-paddhati	1	UTTARAPADA	vivāha
dvirūpa-kośa	1	UTTARAPADA	bharata
dvivārṣika	1	UTTARAPADA	ūna
dviṣā	1	UTTARAPADA	viṣa
dviṣṭā	1	UTTARAPADA	śiva
dvā-saptati-kalā	1	UTTARAPADA	śrāddha
dvādaśa-bhāva	1	UTTARAPADA	lagna
dvādaśa-kīrtana	1	UTTARAPADA	avatāra
dvādaśa-nāma-mahima-stotra	1	UTTARAPADA	lakṣmī
dvādaśa-nāma-mahiman	1	UTTARAPADA	lakṣmī
dvādaśa-nāman	1	UTTARAPADA	hanumad
dvādaśa-rātra	1	UTTARAPADA	kṛcchra
dvādaśa-vrata	1	UTTARAPADA	liṅga
dvādaśan	1	UTTARAPADA	prati
dvādaśikā	1	UTTARAPADA	matsya
dvādaśā@ha-paddhati	1	UTTARAPADA	samūḍha
dvādaśā@kṣarī	1	UTTARAPADA	vāsudeva
dvādaśā@ryā	1	UTTARAPADA	sūrya
dvādaśā@śra	1	UTTARAPADA	sama
dvādaśī-vicāra	1	UTTARAPADA	mahā
dvāra-vatī	1	UTTARAPADA	laghu
dvāraka-śāstra	1	UTTARAPADA	nyāya
dvāram	1	UTTARAPADA	prati
dvāreya	1	UTTARAPADA	śāta
dvāri	1	UTTARAPADA	prati
dvārin	1	UTTARAPADA	bahir
dvārā@vakīrṇa	1	UTTARAPADA	sapta
dvātriṃśikā	1	UTTARAPADA	bharaṭaka
dvīpa-cakravartin	1	UTTARAPADA	catur
dvīpa-vatī	1	UTTARAPADA	marud
dvīpa-śobhita	1	UTTARAPADA	pulina
dvīpam	1	UTTARAPADA	prati
dvīpin	1	UTTARAPADA	anta
dvīpā	1	UTTARAPADA	abdhi
dvīpīya	1	UTTARAPADA	śāka
dyas	1	UTTARAPADA	sa
dyavi	1	UTTARAPADA	pare
dyo	1	UTTARAPADA	vṛṣṭi
dyotaka	1	UTTARAPADA	kha
dyoti	1	UTTARAPADA	prā
dyotinī	1	UTTARAPADA	pada
dyotman	1	UTTARAPADA	su
dyotā	1	UTTARAPADA	mahā
dyuman	1	UTTARAPADA	maha
dyumaṇi-dīpikā	1	UTTARAPADA	śiva
dyumni	1	UTTARAPADA	prā
dyāvan	1	UTTARAPADA	vṛṣṭi
dyāvā	1	UTTARAPADA	pṛthivī
dyūtā@di	1	UTTARAPADA	akṣa
dā@na	1	UTTARAPADA	dama
dāgha	1	UTTARAPADA	nai
dāha-samudbhava	1	UTTARAPADA	vahni
dāha-sthāna	1	UTTARAPADA	jana
dāhaka	1	UTTARAPADA	śava
dāhana	1	UTTARAPADA	haṃsa
dāhīya	1	UTTARAPADA	bhūta
dākṣa	1	UTTARAPADA	kumārī
dākṣi-nagara	1	UTTARAPADA	śrī
dākṣiṇya	1	UTTARAPADA	nir
dālaka	1	UTTARAPADA	rajju
dāli	1	UTTARAPADA	rāga
dāly-udara	1	UTTARAPADA	yakṛd
dālya	1	UTTARAPADA	yakṛd
dāmana	1	UTTARAPADA	su
dāminī	1	UTTARAPADA	su
dāmnī	1	UTTARAPADA	dvi
dāmodara	1	UTTARAPADA	miśra
dāna-cyuta	1	UTTARAPADA	bābhrava
dāna-māhātmya	1	UTTARAPADA	purāṇa
dāna-paddhati	1	UTTARAPADA	ghṛta
dāna-prayoga	1	UTTARAPADA	rajata
dāna-vrata	1	UTTARAPADA	go
dānaka	1	UTTARAPADA	pitṛ
dānava-mardana	1	UTTARAPADA	daitya
dānava-rātra-pūjā	1	UTTARAPADA	śara
dāni	1	UTTARAPADA	viśva
dānika	1	UTTARAPADA	prā
dānin	1	UTTARAPADA	agra
dānī	1	UTTARAPADA	deva
dāra-kriyā	1	UTTARAPADA	punar
dāri	1	UTTARAPADA	veṇu
dāridrya	1	UTTARAPADA	nir
dārika	1	UTTARAPADA	pāra
dāru-śaila	1	UTTARAPADA	mṛd
dārva	1	UTTARAPADA	vi
dārvya	1	UTTARAPADA	vi
dārya	1	UTTARAPADA	pāra
dārā	1	UTTARAPADA	kumāri
dārī	1	UTTARAPADA	pāda
dārḍhya	1	UTTARAPADA	pada
dās	1	UTTARAPADA	su
dāsa-bhūpāla	1	UTTARAPADA	bhīma
dāsa-puruṣa	1	UTTARAPADA	bahu
dāsa-pūruṣa	1	UTTARAPADA	bahu
dāsaka	1	UTTARAPADA	cupa
dāsikā	1	UTTARAPADA	gṛha
dāsā	1	UTTARAPADA	viśva
dāti	1	UTTARAPADA	havya
dātra	1	UTTARAPADA	bhūri
dātṛ-tva	1	UTTARAPADA	chidra
dāvarī	1	UTTARAPADA	go
dāvika	1	UTTARAPADA	pūrva
dāvya	1	UTTARAPADA	viśva
dāyam	1	UTTARAPADA	yathā
dāyā	1	UTTARAPADA	āśīr
dāśa	1	UTTARAPADA	pauro
dāśaka	1	UTTARAPADA	nāga
dāśu	1	UTTARAPADA	anumṛgya
dāśvas	1	UTTARAPADA	vara
dāśā-phala	1	UTTARAPADA	rāśi
dāśū	1	UTTARAPADA	kṛka
dīdhiti-ṭippanī	1	UTTARAPADA	guṇa
dīdhiti-ṭīkā	1	UTTARAPADA	guṇa
dīditi	1	UTTARAPADA	su
dīkṣam	1	UTTARAPADA	yathā
dīkṣaṇīyā	1	UTTARAPADA	adhvara
dīkṣitin	1	UTTARAPADA	saha
dīkṣitīya	1	UTTARAPADA	maṇi
dīkṣo@pasatka	1	UTTARAPADA	sa
dīkṣā-paddhati	1	UTTARAPADA	vaiṣṇava
dīkṣā-tantra	1	UTTARAPADA	gupta
dīkṣā-tilaka	1	UTTARAPADA	vivāha
dīnam	1	UTTARAPADA	sa
dīnā@nukampaka	1	UTTARAPADA	hīna
dīnāra	1	UTTARAPADA	hema
dīpa-dāna-vidhi	1	UTTARAPADA	mahā
dīpa-dāna-vidhāna	1	UTTARAPADA	mātaṃgī
dīpa-kalikā	1	UTTARAPADA	śrāddha
dīpa-kalpa	1	UTTARAPADA	lakṣa
dīpa-māhātmya	1	UTTARAPADA	saṃvatsara
dīpa-nyāya	1	UTTARAPADA	dehalī
dīpa-prabhā	1	UTTARAPADA	siddhānta
dīpa-vrata-māhātmya	1	UTTARAPADA	saṃvatsara
dīpa-vrato@dyāpana	1	UTTARAPADA	lakṣa
dīpa-vyākaraṇa	1	UTTARAPADA	vyākaraṇa
dīpa-vyākhyāna	1	UTTARAPADA	vṛtta
dīpaka-piṅgala	1	UTTARAPADA	rūpa
dīpikā-vṛtti	1	UTTARAPADA	prayoga
dīptā	1	UTTARAPADA	pīta
dīpya	1	UTTARAPADA	sita
dīpā@rtha-sāra	1	UTTARAPADA	śāstra
dīrgha-bāhu	1	UTTARAPADA	pṛthu
dīrgha-caturasra	1	UTTARAPADA	āyata
dīrgha-ghoṇa	1	UTTARAPADA	tanu
dīti	1	UTTARAPADA	su
dīya-bhaṭṭa	1	UTTARAPADA	vana
dūlikā	1	UTTARAPADA	taru
dūrva	1	UTTARAPADA	sa
dūrvā-maya	1	UTTARAPADA	kuśa
dūrā@nta	1	UTTARAPADA	dur
dūsa	1	UTTARAPADA	avi
dūtaka	1	UTTARAPADA	yama
dūti	1	UTTARAPADA	deva
dūṣakatā-bīja	1	UTTARAPADA	upādhi
dūṣayitṛ	1	UTTARAPADA	kanyā
dūṣaṇaka	1	UTTARAPADA	mukha
dūṣaṇī	1	UTTARAPADA	śata
dūṣaṇī-khaṇḍana	1	UTTARAPADA	śata
dūṣaṇī-vyākhyā	1	UTTARAPADA	śata
dūṣaṇī-yamata	1	UTTARAPADA	śata
dūṣin	1	UTTARAPADA	kanyā
dūṣiṇī	1	UTTARAPADA	śata
dūṣya	1	UTTARAPADA	kalpa
dṛg-ja	1	UTTARAPADA	atri
dṛśam	1	UTTARAPADA	prati
dṛśna	1	UTTARAPADA	anati
dṛśya-prakaraṇa	1	UTTARAPADA	dṛg
dṛśya-viveka	1	UTTARAPADA	dṛg
dṛḍha-netra	1	UTTARAPADA	vajra
dṛḍha-rūpā	1	UTTARAPADA	aślīla
dṛḍha-vrata	1	UTTARAPADA	śubha
dṛḍha-vratā	1	UTTARAPADA	bhartṛ
dṛḍhi	1	UTTARAPADA	pāri
dṛḍhā	1	UTTARAPADA	raṅga
dṛḍhā@bhedya-sunilambha	1	UTTARAPADA	dharma
dṛṃha	1	UTTARAPADA	bhūmi
dṛṃhaṇa	1	UTTARAPADA	keśa
dṛṣad	1	UTTARAPADA	rāja
dṛṣṭam	1	UTTARAPADA	yathā
dṛṣṭi-samuccaya-vyākhyā	1	UTTARAPADA	yoga
dṛṣṭikṣepam	1	UTTARAPADA	sa
dṛṣṭin	1	UTTARAPADA	ku
dṛṣṭipāta	1	UTTARAPADA	sama
dṛṣṭā@nta	1	UTTARAPADA	prati
dṛṣṭā@nta-kathā	1	UTTARAPADA	daśa
dṛṣṭā@rtha	1	UTTARAPADA	vyakta
edha	1	UTTARAPADA	sākam
ehikā	1	UTTARAPADA	kiyad
eka-cakṣus	1	UTTARAPADA	jagad
eka-citta	1	UTTARAPADA	tad
eka-deśa	1	UTTARAPADA	bhūmy
eka-mukha-kavaca	1	UTTARAPADA	hanumad
eka-nātha	1	UTTARAPADA	jagad
eka-pāvana	1	UTTARAPADA	jagad
ekarasa	1	UTTARAPADA	pratyag
ekā@ntara	1	UTTARAPADA	dvy
ekādaśinī	1	UTTARAPADA	paśv
ela	1	UTTARAPADA	tvag
elā	1	UTTARAPADA	bṛhad
enasya	1	UTTARAPADA	praty
eta	1	UTTARAPADA	ubhayata
etikā	1	UTTARAPADA	kiyad
etṛ	1	UTTARAPADA	pura
evo@paniṣad	1	UTTARAPADA	tad
eṇī	1	UTTARAPADA	try
eṣa	1	UTTARAPADA	gav
eṣaṇa	1	UTTARAPADA	gav
eṣaṇīya	1	UTTARAPADA	gav
eṣin	1	UTTARAPADA	gav
eṣita	1	UTTARAPADA	gav
ga-bhogya	1	UTTARAPADA	adhva
ga-mūlaka	1	UTTARAPADA	veṇī
gadgadam	1	UTTARAPADA	bhūri
gadgadapadam	1	UTTARAPADA	sānanda
gadgadā	1	UTTARAPADA	haṃsa
gadin	1	UTTARAPADA	pitta
gadita	1	UTTARAPADA	śrī
gadya-nirūpaṇa	1	UTTARAPADA	lalitā
gadā	1	UTTARAPADA	hiraṇya
gadādharī	1	UTTARAPADA	āloka
gagana-candrikā	1	UTTARAPADA	cid
gahanā@bhyudgata-rāja	1	UTTARAPADA	dharma
gahvara	1	UTTARAPADA	hanumad
gairika-dhātu	1	UTTARAPADA	giri
gaja-kesarin	1	UTTARAPADA	samīra
gajavilasita	1	UTTARAPADA	ṛṣabha
gajinī	1	UTTARAPADA	kola
gajā@roha-prakāra	1	UTTARAPADA	nūtana
gajā@ṅkuśa	1	UTTARAPADA	vāta
gaka	1	UTTARAPADA	pataṃ
gala-gata	1	UTTARAPADA	antar
gala-praśoṣa	1	UTTARAPADA	tālu
galbhya	1	UTTARAPADA	prā
galbhī	1	UTTARAPADA	prā
gallikā	1	UTTARAPADA	aja
galvarka-maya	1	UTTARAPADA	masāra
galya	1	UTTARAPADA	kha
galā	1	UTTARAPADA	su
gamam	1	UTTARAPADA	yāvad
gamana-vidhi	1	UTTARAPADA	pravāsa
gamanī	1	UTTARAPADA	vyoma
gambhīram	1	UTTARAPADA	bhāva
gambu	1	UTTARAPADA	jala
gamin	1	UTTARAPADA	grāma
gandha-nibandha-kṛt	1	UTTARAPADA	vakra
gandha-nibhā	1	UTTARAPADA	khara
gandha-pati	1	UTTARAPADA	bhū
gandha-rasa	1	UTTARAPADA	dur
gandha-vat	1	UTTARAPADA	guṇa
gandhe@bha	1	UTTARAPADA	jala
gandhi-haridrā	1	UTTARAPADA	āmra
gandhita	1	UTTARAPADA	surabhi
gandhā@kṛti	1	UTTARAPADA	basta
gandhā@ḍhya	1	UTTARAPADA	uttama
gandhālu	1	UTTARAPADA	ati
gandhāra	1	UTTARAPADA	su
gandhī	1	UTTARAPADA	saumya
gandika	1	UTTARAPADA	kiṣkindha
ganman	1	UTTARAPADA	su
gantavya	1	UTTARAPADA	adhva
gantva	1	UTTARAPADA	su
garas	1	UTTARAPADA	sa
garbha-dhāraṇa-vidhi	1	UTTARAPADA	vandhyā
garbha-gṛha	1	UTTARAPADA	devī
garbha-kathā	1	UTTARAPADA	viśrambha
garbha-maya	1	UTTARAPADA	aśma
garbha-vatī	1	UTTARAPADA	punar
garbhi	1	UTTARAPADA	ākāśa
garbhita	1	UTTARAPADA	vākya
garbhita-śāstra	1	UTTARAPADA	nīti
garbhya	1	UTTARAPADA	sa
garbhā@bha	1	UTTARAPADA	kamala
garbhā@hvā	1	UTTARAPADA	śaila
gardabhi	1	UTTARAPADA	haya
gargarī	1	UTTARAPADA	salila
garha	1	UTTARAPADA	nir
garhaṇa	1	UTTARAPADA	khyāta
garhaṇīya	1	UTTARAPADA	viśeṣa
garhya-vāc	1	UTTARAPADA	bahu
garhā	1	UTTARAPADA	bhāva
garjanā	1	UTTARAPADA	megha
garjita-ghoṣa-svara-rāja	1	UTTARAPADA	bhīṣma
garjita-ghoṣa-tā	1	UTTARAPADA	megha
gartā	1	UTTARAPADA	hasti
gartā@śrayā@pcara	1	UTTARAPADA	mṛga
garut	1	UTTARAPADA	śveta
garuta	1	UTTARAPADA	śveta
garuḍa	1	UTTARAPADA	yantra
garuḍā@hvaya	1	UTTARAPADA	pātāla
garuḍī	1	UTTARAPADA	pātāla
garā	1	UTTARAPADA	śaṃ
gata-vasti-guhyatā	1	UTTARAPADA	kośa
gati-dīpikā	1	UTTARAPADA	prapanna
gati-samatikrānta	1	UTTARAPADA	pañca
gati-tva	1	UTTARAPADA	āśu
gatvan	1	UTTARAPADA	pūrva
gaty-anta	1	UTTARAPADA	adhva
gatya	1	UTTARAPADA	daur
gatā@dhyāya	1	UTTARAPADA	svara
gaucya	1	UTTARAPADA	gāṃ
gaurava-vicāra	1	UTTARAPADA	lāghava
gauravam	1	UTTARAPADA	sa
gaury-aṣṭaka	1	UTTARAPADA	maṅgalā
gaurī-pūjā-vidhi	1	UTTARAPADA	śītalā
gaurī-tīrtha	1	UTTARAPADA	bāla
gaurī-vrata-kathā	1	UTTARAPADA	maṅgalā
gaurī-vrata-vidhi	1	UTTARAPADA	saubhāgya
gaurī-vrato@dyāpana	1	UTTARAPADA	maṅgalā
gaurī-vrato@dyāpana-vidhi	1	UTTARAPADA	hasti
gaurī@śa	1	UTTARAPADA	śaṃkara
gaurīvita	1	UTTARAPADA	mahā
gauḍa-brāhmaṇa-jāti	1	UTTARAPADA	pañca
gavedhukā	1	UTTARAPADA	hrasva
gaveṣa	1	UTTARAPADA	dharma
gavi	1	UTTARAPADA	su
gavā@kṣaka	1	UTTARAPADA	jāla
gavā@śva	1	UTTARAPADA	hasti
gavīya	1	UTTARAPADA	ṣaḍ
gañji	1	UTTARAPADA	tila
gañjin	1	UTTARAPADA	tila
gaḍaka	1	UTTARAPADA	paṅka
gaḍula	1	UTTARAPADA	gālava
gaṅg'oka	1	UTTARAPADA	naṭa
gaṅgaka	1	UTTARAPADA	lohita
gaṅgā-tīrtha	1	UTTARAPADA	sūrya
gaṅgādhara	1	UTTARAPADA	saṃskāra
gaṇ	1	UTTARAPADA	su
gaṇa-nāman	1	UTTARAPADA	sahasra
gaṇa-pati-dhyāna	1	UTTARAPADA	ṣoḍaśa
gaṇa-pati-lakṣaṇa	1	UTTARAPADA	ṣoḍaśa
gaṇa-pati-vijaya	1	UTTARAPADA	nara
gaṇa-pati-vrata	1	UTTARAPADA	dūrvā
gaṇa-yoga	1	UTTARAPADA	pañca
gaṇagin	1	UTTARAPADA	vīṇā
gaṇakin	1	UTTARAPADA	vīṇā
gaṇanā-lekhya	1	UTTARAPADA	amara
gaṇapati-pūjā	1	UTTARAPADA	bāla
gaṇapati-tattva-ratna	1	UTTARAPADA	mantra
gaṇika	1	UTTARAPADA	śva
gaṇita-dvādaśa-horā-prakāśa	1	UTTARAPADA	saura
gaṇita-paddhati	1	UTTARAPADA	varṣa
gaṇita-vidhi	1	UTTARAPADA	mānasa
gaṇita-ṭīkā	1	UTTARAPADA	pati
gaṇo@ddeśa	1	UTTARAPADA	gaura
gaṇī	1	UTTARAPADA	daśa
gaṇī-putra	1	UTTARAPADA	vārṣa
gaṇḍa-karaṭa	1	UTTARAPADA	bhinna
gaṇḍa-lekha	1	UTTARAPADA	pāṭala
gaṇḍa-phalaka	1	UTTARAPADA	mugdha
gaṇḍira	1	UTTARAPADA	pāda
gaṇḍu	1	UTTARAPADA	cakra
gaṇḍī	1	UTTARAPADA	paṅka
gaṇḍīra	1	UTTARAPADA	vi
gaṇṭa	1	UTTARAPADA	matsa
gaṇṭha	1	UTTARAPADA	matsa
gdhi	1	UTTARAPADA	sa
ge-vṛdh	1	UTTARAPADA	su
geha-vāsa	1	UTTARAPADA	para
geṣṇā	1	UTTARAPADA	su
ghana-sāriṇī	1	UTTARAPADA	varṇa
ghanā	1	UTTARAPADA	pattra
ghanā@cārya	1	UTTARAPADA	bodha
ghara	1	UTTARAPADA	dolā
gharaka	1	UTTARAPADA	dolā
gharaṭṭikā	1	UTTARAPADA	tuṣāra
ghargharī	1	UTTARAPADA	vastra
gharikā-gṛhaka	1	UTTARAPADA	su
gharma-sad	1	UTTARAPADA	prā
gharṣaṇa	1	UTTARAPADA	kara
gharṣin	1	UTTARAPADA	kara
ghasa	1	UTTARAPADA	mahā
ghasmara	1	UTTARAPADA	bhava
ghasta-vat	1	UTTARAPADA	vāg
ghatano@pakaraṇa	1	UTTARAPADA	prastara
ghaṇḍā	1	UTTARAPADA	gopa
ghaṇṭuka	1	UTTARAPADA	nai
ghaṇṭā-dhara	1	UTTARAPADA	mahā
ghaṇṭā-kṛta-nyāya-ratna-prakaraṇa	1	UTTARAPADA	maṇi
ghaṭa-mudgara	1	UTTARAPADA	vādi
ghaṭakarpara	1	UTTARAPADA	pūrva
ghaṭanā	1	UTTARAPADA	daṇḍa
ghaṭi	1	UTTARAPADA	jala
ghaṭita-lakṣaṇa	1	UTTARAPADA	kūṭa
ghaṭā@khyāyikā	1	UTTARAPADA	saktu
ghaṭī-yantra-cakra	1	UTTARAPADA	vār
ghaṭīyā	1	UTTARAPADA	vandya
ghaṭṭaka	1	UTTARAPADA	ara
ghaṭṭita	1	UTTARAPADA	su
ghna-gaja-dāna-vidhi	1	UTTARAPADA	vraṇa
ghna-ratna-dāna-vidhi	1	UTTARAPADA	vraṇa
ghna-stha	1	UTTARAPADA	avīra
ghnaka	1	UTTARAPADA	anila
ghnat	1	UTTARAPADA	bherī
ghnikā	1	UTTARAPADA	viṣa
ghnin	1	UTTARAPADA	śata
ghnu	1	UTTARAPADA	śata
ghoma	1	UTTARAPADA	prāg
ghora-nirghoṣa	1	UTTARAPADA	ghurughurā
ghora-rūpa	1	UTTARAPADA	aghora
ghora-vimūḍhatva	1	UTTARAPADA	śānta
ghoṇa-tīrtha	1	UTTARAPADA	kumbha
ghoṣa-svāmin	1	UTTARAPADA	jīva
ghoṣaṇa	1	UTTARAPADA	jaya
ghoṣita	1	UTTARAPADA	su
ghoṣātakī	1	UTTARAPADA	hasti
ghu	1	UTTARAPADA	ghu
ghuṣa	1	UTTARAPADA	araṃ
ghuṣya	1	UTTARAPADA	ghora
ghuṣṭa	1	UTTARAPADA	uccair
ghuṣṭa-kara	1	UTTARAPADA	śastra
ghāma	1	UTTARAPADA	aśva
ghāra	1	UTTARAPADA	prā
ghāta-dāyin	1	UTTARAPADA	pāṣāṇa
ghāta-kara	1	UTTARAPADA	sainya
ghāta-yatna	1	UTTARAPADA	kṛta
ghātuka	1	UTTARAPADA	mātṛ
ghātyā	1	UTTARAPADA	jīva
ghāṭaka	1	UTTARAPADA	danta
ghāṭika	1	UTTARAPADA	dīrgha
ghūrṇā	1	UTTARAPADA	mahā
ghṛṇya	1	UTTARAPADA	nair
giri-purāṇa	1	UTTARAPADA	padma
giri-vihāra	1	UTTARAPADA	abhaya
giri-vāsin	1	UTTARAPADA	abhaya
girī	1	UTTARAPADA	deva
girī@śā@ṣṭo@ttara-śata	1	UTTARAPADA	yadu
girīya	1	UTTARAPADA	rāja
girīśa	1	UTTARAPADA	gīta
gla	1	UTTARAPADA	su
gluntha	1	UTTARAPADA	madhu
gman	1	UTTARAPADA	pṛthu
gmya	1	UTTARAPADA	su
go-doha	1	UTTARAPADA	hyo
go-duh	1	UTTARAPADA	grāma
go-duha	1	UTTARAPADA	dhenu
go-dāna-paddhati	1	UTTARAPADA	śata
go-dāvara	1	UTTARAPADA	sapta
go-kṣuraka	1	UTTARAPADA	kṣudra
go-pāla	1	UTTARAPADA	saṃtāna
go-pāla-vidhi	1	UTTARAPADA	saṃtāna
go-svāmin	1	UTTARAPADA	rūpa
go-yuga	1	UTTARAPADA	khara
gocaram	1	UTTARAPADA	ādṛṣṭi
godhā@ṅgulitra-vat	1	UTTARAPADA	baddha
godhūma-ja	1	UTTARAPADA	yava
godhūma-vat	1	UTTARAPADA	yava
godāna-paddhati	1	UTTARAPADA	sahasra
goha	1	UTTARAPADA	ūbadhya
gohana	1	UTTARAPADA	avadya
gokarṇī	1	UTTARAPADA	śveta
gola-khaṇḍana	1	UTTARAPADA	loha
gola-stha	1	UTTARAPADA	candra
golikā	1	UTTARAPADA	candra
golī	1	UTTARAPADA	gala
gonasa	1	UTTARAPADA	vṛddha
gopa-vadhū	1	UTTARAPADA	kalama
gopa-varman	1	UTTARAPADA	viṣṇu
gopadatta	1	UTTARAPADA	bhadanta
gopi	1	UTTARAPADA	yaśo
gopikā	1	UTTARAPADA	gṛha
gopitā	1	UTTARAPADA	nanda
goptrī	1	UTTARAPADA	pratihāra
gopucchika	1	UTTARAPADA	pārama
gopya	1	UTTARAPADA	su
gopāla-nirṇaya-bhakti	1	UTTARAPADA	dvādaśa
gopāla-pratiṣṭhā	1	UTTARAPADA	veṇu
gopālikā	1	UTTARAPADA	gaṇḍa
gorakṣa	1	UTTARAPADA	sad
gosa	1	UTTARAPADA	piṇḍa
gotama	1	UTTARAPADA	gaura
gotra-ja	1	UTTARAPADA	bahu
gotra-kula-kalpam	1	UTTARAPADA	yathā
gotrya	1	UTTARAPADA	viśva
gotrā	1	UTTARAPADA	brāhmaṇi
govinda-siṃha	1	UTTARAPADA	vijaya
govinda-śarman	1	UTTARAPADA	dhīra
goyuga	1	UTTARAPADA	aśva
goḍikā	1	UTTARAPADA	gala
goḍī	1	UTTARAPADA	gala
goṇi-ga	1	UTTARAPADA	dharaṇi
goṇikā	1	UTTARAPADA	jāla
goṇī	1	UTTARAPADA	carma
goṣpada	1	UTTARAPADA	saṃyuga
goṣṭham	1	UTTARAPADA	paro
goṣṭhikā	1	UTTARAPADA	pāna
goṣṭhī-māhātmya	1	UTTARAPADA	śrī
graha-gṛhīta	1	UTTARAPADA	śva
graha-homa	1	UTTARAPADA	sāvitra
graha-mañjari	1	UTTARAPADA	laghu
graha-mañjarī	1	UTTARAPADA	sāra
graha-phala	1	UTTARAPADA	hillāja
graha-prakaraṇa	1	UTTARAPADA	viparīta
graha-prā@yaścitta	1	UTTARAPADA	śva
graha-vat	1	UTTARAPADA	rāga
graha-yuty-adhikāra	1	UTTARAPADA	nakṣatra
graha-śānti	1	UTTARAPADA	ṣaḍ
grahaṇa-paddhati	1	UTTARAPADA	saṃnyāsa
grahaṇa-ratnamālā	1	UTTARAPADA	saṃnyāsa
grahaṇika	1	UTTARAPADA	pāṇi
grahaṇīya	1	UTTARAPADA	pāṇi
grahiṣṇu	1	UTTARAPADA	phala
graho@tpāta	1	UTTARAPADA	nakṣatra
grahī	1	UTTARAPADA	sapta
granihi	1	UTTARAPADA	gala
grantha-dīpikā	1	UTTARAPADA	sakala
grantha-nibarhaṇa	1	UTTARAPADA	sapta
grantha-pattra	1	UTTARAPADA	vaidyaka
grantha-pūrva-pakṣa-rahasya	1	UTTARAPADA	viruddha
grantha-rahasya	1	UTTARAPADA	viruddha
grantha-rāja	1	UTTARAPADA	smṛti
granthana	1	UTTARAPADA	puṣpa
granthi-bandha	1	UTTARAPADA	paryaṅka
granthi-prathama-vicāra	1	UTTARAPADA	karma
granthi-siratā	1	UTTARAPADA	nir
granthikā	1	UTTARAPADA	ṣaḍ
granthin	1	UTTARAPADA	satya
granthinikā	1	UTTARAPADA	chinna
granthya	1	UTTARAPADA	nair
grasana	1	UTTARAPADA	rāhu
grastā	1	UTTARAPADA	dhanvantari
grathana	1	UTTARAPADA	mālya
grathaṇā	1	UTTARAPADA	varṇa
gri	1	UTTARAPADA	tuvi
grumuṣṭi	1	UTTARAPADA	darbha
grāhi-tā	1	UTTARAPADA	danta
grāhya-paddhati	1	UTTARAPADA	saṃnyāsa
grāma-yājaka	1	UTTARAPADA	nakṣatra
grāmara	1	UTTARAPADA	śrī
grāmīya	1	UTTARAPADA	samāna
grāmīṇa-vādyo@kta	1	UTTARAPADA	bhava
grāsam	1	UTTARAPADA	nāsya
grāsikā	1	UTTARAPADA	agra
grīva-tīrtha	1	UTTARAPADA	ratna
grīvaka	1	UTTARAPADA	mayūra
grīvam	1	UTTARAPADA	tiryag
grīvi	1	UTTARAPADA	khāri
grīvin	1	UTTARAPADA	mahā
grīvī	1	UTTARAPADA	skandho
grīṣma	1	UTTARAPADA	su
guccha-phala	1	UTTARAPADA	kṣīra
guccha-phalā	1	UTTARAPADA	nakha
gucchaka	1	UTTARAPADA	dhūli
gucchā	1	UTTARAPADA	cāru
guda-valaya	1	UTTARAPADA	antar
gudh	1	UTTARAPADA	viśva
gudā	1	UTTARAPADA	sthūra
guggula	1	UTTARAPADA	kaṣṭa
guhya-maya	1	UTTARAPADA	sarva
guhya-varnaṇa	1	UTTARAPADA	mathurā
guhyā	1	UTTARAPADA	śaśi
guhī	1	UTTARAPADA	deva
guli	1	UTTARAPADA	vāg
gulmaka	1	UTTARAPADA	vātsya
gulmā	1	UTTARAPADA	mahā
gulpha	1	UTTARAPADA	su
gulphatā	1	UTTARAPADA	gūḍha
gumphikā	1	UTTARAPADA	mauktika
gunna	1	UTTARAPADA	śrī
gup	1	UTTARAPADA	dharma
gupta-deva	1	UTTARAPADA	śiva
gupta-sūnu	1	UTTARAPADA	saṅga
gupti-śataka	1	UTTARAPADA	bhāva
guptā@cārya	1	UTTARAPADA	vasu
guru-bhāṣya	1	UTTARAPADA	ṣaḍ
guru-kāvya	1	UTTARAPADA	sundara
guru-muṣṭi	1	UTTARAPADA	darbha
guru-pakṣa	1	UTTARAPADA	mada
guru-sahasra-nāma-stotra	1	UTTARAPADA	śrī
guru-stava-mālā	1	UTTARAPADA	hari
guru-stotra	1	UTTARAPADA	śrīraṅga
guru-tva	1	UTTARAPADA	kārya
guru-tā	1	UTTARAPADA	kārya
guru-vaiḍūrya-prabhā	1	UTTARAPADA	bhaiṣajya
guru-śiṣya	1	UTTARAPADA	ṣaḍ
gurutva	1	UTTARAPADA	svayaṃ
gurvī	1	UTTARAPADA	garbha
guta	1	UTTARAPADA	nai
gutsa	1	UTTARAPADA	roma
guñja	1	UTTARAPADA	mañju
guñjana	1	UTTARAPADA	madhu
guñjat-samīra	1	UTTARAPADA	mañju
guḍa-śṛṅgaka	1	UTTARAPADA	sa
guḍaka	1	UTTARAPADA	nābhi
guḍikā	1	UTTARAPADA	maṣī
guḍā	1	UTTARAPADA	bahu
guḍūcī	1	UTTARAPADA	kanda
guṇa-gaṇa	1	UTTARAPADA	aparimita
guṇa-jantu-jīva	1	UTTARAPADA	puṃ
guṇa-krama	1	UTTARAPADA	śaikṣya
guṇa-lekhā	1	UTTARAPADA	śrī
guṇa-maya	1	UTTARAPADA	rajo
guṇa-maṇi-darpaṇa	1	UTTARAPADA	hari
guṇa-nikara	1	UTTARAPADA	maṇi
guṇa-parityāga	1	UTTARAPADA	svayaṃ
guṇa-ratna-kośa	1	UTTARAPADA	śrī
guṇa-sahasra-nāman	1	UTTARAPADA	śrī
guṇa-saṃgraha	1	UTTARAPADA	śrāddha
guṇa-sthāna	1	UTTARAPADA	kāñcī
guṇa-tva	1	UTTARAPADA	carita
guṇa-vedin	1	UTTARAPADA	ṣāḍguṇya
guṇam	1	UTTARAPADA	yathā
guṇavat	1	UTTARAPADA	śveta
guṇā	1	UTTARAPADA	mālā
guṇā@darśa	1	UTTARAPADA	viśva
guṇā@guṇa-yoga-śata	1	UTTARAPADA	dhanvantari
guṇā@kara	1	UTTARAPADA	rāma
guṇī-bhāva	1	UTTARAPADA	śata
guṇī-bhūta	1	UTTARAPADA	śata
guṇṭama-rāma	1	UTTARAPADA	liṅga
guṇṭhana	1	UTTARAPADA	bhasma
gābhīrī	1	UTTARAPADA	śubha
gādā-dharī	1	UTTARAPADA	bāla
gāhana	1	UTTARAPADA	jala
gāhya	1	UTTARAPADA	dur
gālana	1	UTTARAPADA	pṛṣṭha
gāmbhīrya	1	UTTARAPADA	veda
gāmi-tā	1	UTTARAPADA	pradakṣiṇa
gāminī-pratipatti-jñāna-bala	1	UTTARAPADA	sarvatra
gāmitā	1	UTTARAPADA	cāru
gāndharva	1	UTTARAPADA	yuddha
gāra	1	UTTARAPADA	madra
gārga	1	UTTARAPADA	vṛddha
gārgya-pariṇaya-pratiṣedha-vādā@rtha	1	UTTARAPADA	bhāradvāja
gārgyāyaṇī	1	UTTARAPADA	dattā
gārgīya	1	UTTARAPADA	vṛddha
gārhapatya	1	UTTARAPADA	su
gāri	1	UTTARAPADA	madra
gāthaka	1	UTTARAPADA	prā
gāthika	1	UTTARAPADA	prā
gāthikā	1	UTTARAPADA	maṅgala
gāthin	1	UTTARAPADA	vīṇā
gāthā-pañjikā	1	UTTARAPADA	dhvani
gāthā-stuti	1	UTTARAPADA	brahma
gātriyā	1	UTTARAPADA	su
gātrī	1	UTTARAPADA	bandhura
gātuyā	1	UTTARAPADA	su
gāyatra	1	UTTARAPADA	sarva
gāyatri	1	UTTARAPADA	rudra
gāyatrikā	1	UTTARAPADA	gaurī
gāyatrī-nyāsa	1	UTTARAPADA	saṃkṣepa
gāyin	1	UTTARAPADA	sāma
gāṅga	1	UTTARAPADA	su
gāṅgam	1	UTTARAPADA	prā
gī	1	UTTARAPADA	panna
gīrṇa	1	UTTARAPADA	gara
gīrṇin	1	UTTARAPADA	gara
gīta-govinda	1	UTTARAPADA	rāma
gīta-nṛtya	1	UTTARAPADA	dhruva
gīta-ṭīkā	1	UTTARAPADA	bhramara
gītha	1	UTTARAPADA	su
gītya	1	UTTARAPADA	prā
gītā-vyākhyā	1	UTTARAPADA	bṛhad
gītā-ṭīkā	1	UTTARAPADA	bhakta
gūha	1	UTTARAPADA	jñāna
gūhana	1	UTTARAPADA	ākāra
gūlā	1	UTTARAPADA	uru
gūrti	1	UTTARAPADA	viśva
gūrṇa	1	UTTARAPADA	viśva
gūtha	1	UTTARAPADA	karṇa
gūthaka	1	UTTARAPADA	karṇa
gūtī-giri	1	UTTARAPADA	candra
gūḍha-viṣa	1	UTTARAPADA	antar
gūḍhaka	1	UTTARAPADA	tri
gūḍham	1	UTTARAPADA	sa
gūḍhā@rtha-prakāśaka	1	UTTARAPADA	siddhānta
gṛddha	1	UTTARAPADA	su
gṛdhnu	1	UTTARAPADA	guṇa
gṛdhnu-tā	1	UTTARAPADA	jīvita
gṛdhyin	1	UTTARAPADA	māṃsa
gṛha-patika	1	UTTARAPADA	sa
gṛha-praveśa	1	UTTARAPADA	vadhū
gṛha-vāsa	1	UTTARAPADA	para
gṛhaspatika	1	UTTARAPADA	agastya
gṛhin	1	UTTARAPADA	su
gṛhya-kārikā	1	UTTARAPADA	āśvalāyana
gṛhya-mantra	1	UTTARAPADA	pāraskara
gṛhya-mālā	1	UTTARAPADA	bodhāyanīya
gṛhya-paddhati	1	UTTARAPADA	maitrāyaṇa
gṛhyaka	1	UTTARAPADA	grāma
gṛhyā	1	UTTARAPADA	karṇa
gṛhā	1	UTTARAPADA	padma
gṛhā@vāsa	1	UTTARAPADA	abhiniṣkrānta
gṛhītaka	1	UTTARAPADA	piśāca
gṛhītam	1	UTTARAPADA	yathā
gṛhīti	1	UTTARAPADA	kara
gṛtsa	1	UTTARAPADA	ratha
haci	1	UTTARAPADA	sundara
hailihila	1	UTTARAPADA	mahā
haimana	1	UTTARAPADA	apara
hairanyika	1	UTTARAPADA	mūṣikā
haituka	1	UTTARAPADA	kāma
haka	1	UTTARAPADA	anya
hakāra	1	UTTARAPADA	sa
haladī	1	UTTARAPADA	araṇya
halam	1	UTTARAPADA	ārya
halana	1	UTTARAPADA	su
halanīya	1	UTTARAPADA	sa
halikā-grāma	1	UTTARAPADA	tri
hallikā	1	UTTARAPADA	karṇa
hambīrā	1	UTTARAPADA	naṭṭa
hanavya	1	UTTARAPADA	pāri
hanmana	1	UTTARAPADA	pauru
hantra	1	UTTARAPADA	prāti
hantu	1	UTTARAPADA	su
hantṛ-phalā	1	UTTARAPADA	keśa
hanumat	1	UTTARAPADA	śrīla
hanā	1	UTTARAPADA	dur
hanī	1	UTTARAPADA	liṅga
hara-caturthī-vrata-kāla-nirṇaya	1	UTTARAPADA	saṃkaṣṭa
haraṇa-stotra	1	UTTARAPADA	saṃkaṣṭa
hari-candra	1	UTTARAPADA	bhaṭṭāra
hari-hari-vāhana-sādhana	1	UTTARAPADA	hari
hari-harivāha	1	UTTARAPADA	hari
hari-pralāpa	1	UTTARAPADA	vīra
harika	1	UTTARAPADA	prā
harikā	1	UTTARAPADA	smṛti
harin	1	UTTARAPADA	dhana
harita-lūna	1	UTTARAPADA	pakva
haritāla	1	UTTARAPADA	piṇḍa
harivaṃśa	1	UTTARAPADA	hita
harivaṃśa-gosvāmin	1	UTTARAPADA	hita
hariṇa-dṛś	1	UTTARAPADA	śiśu
hariṇī	1	UTTARAPADA	mugdha
hartra	1	UTTARAPADA	prāti
hary-aśva	1	UTTARAPADA	sahasra
hary-āśva	1	UTTARAPADA	sahasra
haryaka	1	UTTARAPADA	viśva
haryata	1	UTTARAPADA	viśva
harī-mātṛ-tīrtha	1	UTTARAPADA	bhaḍa
harī@śvara	1	UTTARAPADA	ṛkṣa
harṣa-kara	1	UTTARAPADA	sarva
harṣa-mūla	1	UTTARAPADA	vismaya
harṣaka	1	UTTARAPADA	danta
hasta-kāṇḍa	1	UTTARAPADA	maṇḍalita
hasta-saṃkhyā	1	UTTARAPADA	ghana
hasta-tā	1	UTTARAPADA	amukta
hastam	1	UTTARAPADA	antar
hasti-pura	1	UTTARAPADA	kāla
hasti-ratha	1	UTTARAPADA	hema
hasti-śaila	1	UTTARAPADA	kāla
hastika	1	UTTARAPADA	bahu
hastikā	1	UTTARAPADA	sva
hastyā	1	UTTARAPADA	ubhayā
hastī@śvara	1	UTTARAPADA	kāla
hastīna	1	UTTARAPADA	antar
hasā@nana	1	UTTARAPADA	su
hate@kṣaṇa	1	UTTARAPADA	bāṣpa
hatha	1	UTTARAPADA	vṛtra
haura	1	UTTARAPADA	hāra
hautra-sūcī	1	UTTARAPADA	sapta
hautrā@nukramaṇī	1	UTTARAPADA	yajamāna
havanī	1	UTTARAPADA	rauhiṇa
havirdhāna	1	UTTARAPADA	sado
haviṣ-ka	1	UTTARAPADA	tri
havya-bhuj	1	UTTARAPADA	kavya
havya-vaha	1	UTTARAPADA	huta
havītu-nāman	1	UTTARAPADA	su
haṃsa-gaṇa	1	UTTARAPADA	sakala
haṃsa-vāla-vyajana	1	UTTARAPADA	sa
haṃsaka	1	UTTARAPADA	kala
haṃsikā	1	UTTARAPADA	paṭha
haṃso@paniṣad	1	UTTARAPADA	brahma
haṃsā@valī	1	UTTARAPADA	vyāja
haṇana	1	UTTARAPADA	antar
haṇi	1	UTTARAPADA	prā
haṇā	1	UTTARAPADA	dur
haṇḍa	1	UTTARAPADA	kūla
haṭha	1	UTTARAPADA	amā
haṭṭaka	1	UTTARAPADA	vasu
hela	1	UTTARAPADA	sa
helā	1	UTTARAPADA	eka
hema-dugdhā	1	UTTARAPADA	laghu
hema-kakṣya	1	UTTARAPADA	sa
hema-kumāra	1	UTTARAPADA	siddha
hema-maya	1	UTTARAPADA	sarva
hema-maṇi	1	UTTARAPADA	padma
hema-rāśi	1	UTTARAPADA	bhāsura
hema-vat	1	UTTARAPADA	mahā
hemaka	1	UTTARAPADA	sa
hemā@bha	1	UTTARAPADA	tāra
hetau	1	UTTARAPADA	svarga
hetu-nirṇaya	1	UTTARAPADA	bhakti
hetumad-bhāva	1	UTTARAPADA	hetu
hetutā-vāda	1	UTTARAPADA	mokṣa
heḍana	1	UTTARAPADA	deva
heḷana	1	UTTARAPADA	deva
heḷas	1	UTTARAPADA	avayāta
heṣas	1	UTTARAPADA	āśu
hi	1	UTTARAPADA	na
hibuka-yoga	1	UTTARAPADA	suta
hila	1	UTTARAPADA	hetu
hima-vat	1	UTTARAPADA	mahā
himā@laya	1	UTTARAPADA	rudra
hiraṇmaya	1	UTTARAPADA	vīta
hiraṇya-vat	1	UTTARAPADA	su
hitika	1	UTTARAPADA	pauro
hitikā	1	UTTARAPADA	puro
hito@padeśa	1	UTTARAPADA	vaidya
hitya	1	UTTARAPADA	pauro
hitāyana	1	UTTARAPADA	ātma
hiṃkāra	1	UTTARAPADA	dvi
hiṃs	1	UTTARAPADA	su
hiṃsaka	1	UTTARAPADA	deva
hiṃsra	1	UTTARAPADA	vi
hiṃsā@gha-timira-mārtaṇḍo@daya	1	UTTARAPADA	vaidha
hiṅgu	1	UTTARAPADA	nāḍī
hiṅgulikā	1	UTTARAPADA	kṣudra
hiṅgulī	1	UTTARAPADA	kṣudra
hiṣṭhīya	1	UTTARAPADA	āpo
hlādam	1	UTTARAPADA	sa
hlādanīya	1	UTTARAPADA	prā
hlādin	1	UTTARAPADA	mano
ho@ti	1	UTTARAPADA	iti
ho@ḍha	1	UTTARAPADA	sa
homa-mantra	1	UTTARAPADA	śrāvaṇa
homa-pariśiṣṭa	1	UTTARAPADA	smārta
homa-prayoga	1	UTTARAPADA	śeṣa
homa-vidhi	1	UTTARAPADA	vivāha
homin	1	UTTARAPADA	udita
homo@payuktā	1	UTTARAPADA	vivāha
homya	1	UTTARAPADA	apsu
homāya	1	UTTARAPADA	vaisarjana
hotrin	1	UTTARAPADA	agni
hotrā@gni-ṣṭoma	1	UTTARAPADA	soma
hotṛ-brāhmaṇa	1	UTTARAPADA	agni
hoṣin	1	UTTARAPADA	pajra
hradin	1	UTTARAPADA	vi
hroḍa	1	UTTARAPADA	jyā
hrāda	1	UTTARAPADA	megha
hrādi	1	UTTARAPADA	prā
hrādā	1	UTTARAPADA	śata
hrī	1	UTTARAPADA	nir
hrīka	1	UTTARAPADA	nir
hut-mat	1	UTTARAPADA	vi
hutā@śana	1	UTTARAPADA	vana
huḍa	1	UTTARAPADA	sa
huḍā	1	UTTARAPADA	vāta
huṃ-kāra	1	UTTARAPADA	huṃ
huṃkāra	1	UTTARAPADA	ku
hvā	1	UTTARAPADA	giri
hvāya	1	UTTARAPADA	svarga
hā-kṛta	1	UTTARAPADA	hā
hā-rava	1	UTTARAPADA	hā
hā-śabda	1	UTTARAPADA	hā
hā@sa	1	UTTARAPADA	iti
hālin	1	UTTARAPADA	sa
hālā@nta	1	UTTARAPADA	revatī
hāna	1	UTTARAPADA	śva
hāna-kṛt	1	UTTARAPADA	hima
hānis	1	UTTARAPADA	chanda
hāra-deva	1	UTTARAPADA	viṣṇu
hāra-karī	1	UTTARAPADA	svayaṃ
hāra-stotra	1	UTTARAPADA	upasarga
hāram	1	UTTARAPADA	pratī
hārdikā	1	UTTARAPADA	yama
hāri	1	UTTARAPADA	aṅga
hārya-dhana	1	UTTARAPADA	bhartṛ
hārā	1	UTTARAPADA	hāra
hārā@bhihata	1	UTTARAPADA	anyonya
hāsam	1	UTTARAPADA	sāmarṣa
hāse@śvara-tīrtha	1	UTTARAPADA	yama
hāṇi	1	UTTARAPADA	vayo
hāṭhī	1	UTTARAPADA	māra
hāṭī	1	UTTARAPADA	māra
hāṭṭā	1	UTTARAPADA	māra
hīla	1	UTTARAPADA	sa
hīna-vikala-vikṛta-svara	1	UTTARAPADA	naṣṭa
hīnam	1	UTTARAPADA	akāla
hīnāt	1	UTTARAPADA	pāda
hūna	1	UTTARAPADA	vajra
hūra	1	UTTARAPADA	hāra
hūrikā	1	UTTARAPADA	hāra
hūrā	1	UTTARAPADA	hara
hūta-vat	1	UTTARAPADA	dvi
hṛda	1	UTTARAPADA	daur
hṛdaya-candana	1	UTTARAPADA	sarpa
hṛdaya-darpaṇa	1	UTTARAPADA	sāhitya
hṛdaya-jña	1	UTTARAPADA	akṣa
hṛdaya-setu-bandha	1	UTTARAPADA	yoginī
hṛdaya-tva	1	UTTARAPADA	tīkṣṇa
hṛdayam	1	UTTARAPADA	prati
hṛdayo@paniṣad	1	UTTARAPADA	rudra
hṛdayā	1	UTTARAPADA	dvi
hṛdayā@bharaṇa	1	UTTARAPADA	sakhī
hṛdayā@loka	1	UTTARAPADA	sa
hṛdinī	1	UTTARAPADA	daur
hṛt-kamala	1	UTTARAPADA	śiro
hṛt-phalā	1	UTTARAPADA	keśa
hṛti	1	UTTARAPADA	bhinna
hṛtāyana	1	UTTARAPADA	prā
hṛṣīka	1	UTTARAPADA	dur
hṛṣṭakam	1	UTTARAPADA	sa
iccha	1	UTTARAPADA	nir
icchaka	1	UTTARAPADA	kim
iccham	1	UTTARAPADA	yāvad
id-artha	1	UTTARAPADA	tad
id-āsīya	1	UTTARAPADA	tad
iddha	1	UTTARAPADA	manv
idhma-vraścana	1	UTTARAPADA	samid
ijyā	1	UTTARAPADA	paśv
ilā	1	UTTARAPADA	sarpir
indhana	1	UTTARAPADA	nir
indriya-mocana	1	UTTARAPADA	svayam
inva	1	UTTARAPADA	vācam
it	1	UTTARAPADA	div
itmat	1	UTTARAPADA	div
ittham	1	UTTARAPADA	yāvad
itvan	1	UTTARAPADA	prātar
iḍas-pada-stobha	1	UTTARAPADA	catur
iḍā	1	UTTARAPADA	paśv
iṣa	1	UTTARAPADA	gav
iṣṭakam	1	UTTARAPADA	yāvad
iṣṭakā	1	UTTARAPADA	paśv
iṣṭam	1	UTTARAPADA	yāvad
ja-bandhu	1	UTTARAPADA	ambho
ja-bhū	1	UTTARAPADA	ambu
ja-bāndhava	1	UTTARAPADA	ambu
ja-gamana	1	UTTARAPADA	antya
ja-janman	1	UTTARAPADA	ambho
ja-khaṇḍa	1	UTTARAPADA	ambho
ja-lā@n	1	UTTARAPADA	taj
ja-niṣpāvī	1	UTTARAPADA	grāma
ja-putra-dina	1	UTTARAPADA	ravi
ja-stha	1	UTTARAPADA	ambu
ja-tva	1	UTTARAPADA	ayoni
ja-tīrtha	1	UTTARAPADA	ayoni
ja-vadanā	1	UTTARAPADA	ambho
ja-yoni	1	UTTARAPADA	ambho
jabdha	1	UTTARAPADA	hemanta
jagad-rāma	1	UTTARAPADA	śrī
jagan-maṅgala-kavaca	1	UTTARAPADA	mātṛkā
jagdhaka	1	UTTARAPADA	deva
jagdhī	1	UTTARAPADA	putra
jaha	1	UTTARAPADA	rati
jahita	1	UTTARAPADA	prā
jahnu	1	UTTARAPADA	lohita
jaine@ndra-vyākaraṇa	1	UTTARAPADA	madhya
jajñu	1	UTTARAPADA	mahā
jakṣman	1	UTTARAPADA	rāja
jala-cara	1	UTTARAPADA	antar
jala-ja	1	UTTARAPADA	kṛmi
jala-vāhin	1	UTTARAPADA	unmārga
jaladhara-dhvāna	1	UTTARAPADA	pralaya
jaladhi-ratna	1	UTTARAPADA	śāstra
jaladhāra	1	UTTARAPADA	sahasra
jalado@daya	1	UTTARAPADA	akāla
jalam	1	UTTARAPADA	pāre
jalau@gha	1	UTTARAPADA	antar
jalaukas	1	UTTARAPADA	karṇa
jalaukā	1	UTTARAPADA	karṇa
jallakin	1	UTTARAPADA	acyuta
jalpitṛ	1	UTTARAPADA	bahu
jalā@śaya	1	UTTARAPADA	upakūpa
jalāt	1	UTTARAPADA	madhye
jalāyukā	1	UTTARAPADA	tṛṇa
jamad-agni	1	UTTARAPADA	viśvāmitra
jambhaka-vārttika	1	UTTARAPADA	vidyā
jambhala	1	UTTARAPADA	madhu
jambhā	1	UTTARAPADA	soma
jambūka	1	UTTARAPADA	gṛdhra
jana-kalpa	1	UTTARAPADA	mumukṣu
jana-pada	1	UTTARAPADA	pṛthag
jana-prakāśa	1	UTTARAPADA	hasti
jana-vinoda	1	UTTARAPADA	kavi
jana-śevadhi	1	UTTARAPADA	kavi
janana-śānti-vidhāna	1	UTTARAPADA	vikṛta
janapada	1	UTTARAPADA	sa
janapadam	1	UTTARAPADA	yathā
janatā	1	UTTARAPADA	anya
janayitrī	1	UTTARAPADA	tāta
janiman	1	UTTARAPADA	su
janita	1	UTTARAPADA	viraha
janitrī	1	UTTARAPADA	śakra
janma	1	UTTARAPADA	yāvaj
janma-bhāj	1	UTTARAPADA	bahu
janma-jani	1	UTTARAPADA	ambho
janma-jarasa	1	UTTARAPADA	vīta
janma-khaṇḍa	1	UTTARAPADA	kṛṣṇa
janma-tā	1	UTTARAPADA	alakṣya
janmaka	1	UTTARAPADA	prāg
jantuka	1	UTTARAPADA	rakta
jantukā	1	UTTARAPADA	jala
janu	1	UTTARAPADA	sa
janus	1	UTTARAPADA	aṅga
janā@nta-nilaya	1	UTTARAPADA	dūre
janī	1	UTTARAPADA	pāñca
japa-sū@kta	1	UTTARAPADA	dvāra
japana	1	UTTARAPADA	rudra
japila	1	UTTARAPADA	vi
jaram	1	UTTARAPADA	ahar
jarat	1	UTTARAPADA	yuva
jaratīya	1	UTTARAPADA	ardha
jarjalpa	1	UTTARAPADA	nir
jarā@ntaka	1	UTTARAPADA	janma
jau@dana	1	UTTARAPADA	śāli
javala	1	UTTARAPADA	vi
javana	1	UTTARAPADA	dhī
javanikā	1	UTTARAPADA	citra
javasa	1	UTTARAPADA	mano
javin	1	UTTARAPADA	mano
javiṣṭha	1	UTTARAPADA	mano
javā	1	UTTARAPADA	vega
jaya-prakāśa	1	UTTARAPADA	yuddha
jayana	1	UTTARAPADA	pūr
jayantikā	1	UTTARAPADA	vīra
jayantī-pūjā	1	UTTARAPADA	rāma
jayantī-vrata	1	UTTARAPADA	vāmana
jayin	1	UTTARAPADA	viśva
jayina	1	UTTARAPADA	vi
jayo@pā@ya	1	UTTARAPADA	yuddha
jayo@tsava	1	UTTARAPADA	yuddha
jayā	1	UTTARAPADA	rakka
jayā@pīḍa	1	UTTARAPADA	cippaṭa
jayā@rṇava	1	UTTARAPADA	yuddha
jaṃhas	1	UTTARAPADA	kṛṣṇa
jaṅghikā	1	UTTARAPADA	kapi
jaṅghin	1	UTTARAPADA	svāmi
jaṭharam	1	UTTARAPADA	madhye
jaṭila	1	UTTARAPADA	dhūmra
jaṭilā	1	UTTARAPADA	gandha
jaṭin	1	UTTARAPADA	brahma
jaṭā-bhāra	1	UTTARAPADA	avakīrṇa
jaṭā-kalāpa	1	UTTARAPADA	vyupta
je@śa	1	UTTARAPADA	ayoni
je@śvara	1	UTTARAPADA	aṇḍa
je@śvara-tīrtha	1	UTTARAPADA	ayoni
jetṛ	1	UTTARAPADA	dvija
jeya	1	UTTARAPADA	dur
jeśa	1	UTTARAPADA	prā
jeśvara	1	UTTARAPADA	prā
jhara	1	UTTARAPADA	nair
jharjhara	1	UTTARAPADA	vi
jhaṇṭi	1	UTTARAPADA	hima
jhaṭi	1	UTTARAPADA	hima
jhiṇṭikā	1	UTTARAPADA	śoṇa
jighatsa	1	UTTARAPADA	vi
jighra	1	UTTARAPADA	mano
jihvya	1	UTTARAPADA	dīrgha
jila	1	UTTARAPADA	vi
jin	1	UTTARAPADA	saro
jinvita	1	UTTARAPADA	parjanya
jinī	1	UTTARAPADA	ambho
jipila	1	UTTARAPADA	vi
jit-kāra	1	UTTARAPADA	doṣa
jitaṃ-te	1	UTTARAPADA	pañca
jiteyī	1	UTTARAPADA	rātha
jitvan	1	UTTARAPADA	sa
jitā	1	UTTARAPADA	vraṇa
jivila	1	UTTARAPADA	vi
jiṣṇu	1	UTTARAPADA	sa
joṣa	1	UTTARAPADA	sa
joṣaka	1	UTTARAPADA	kāla
joṣam	1	UTTARAPADA	yathā
jraya	1	UTTARAPADA	pṛthu
jri	1	UTTARAPADA	uru
jru	1	UTTARAPADA	khara
juṇḍī	1	UTTARAPADA	amla
juṣa	1	UTTARAPADA	alaṃ
juṣā	1	UTTARAPADA	prīti
juṣṭi	1	UTTARAPADA	havya
juṣṭā	1	UTTARAPADA	pati
jvalanā	1	UTTARAPADA	khaḍga
jvalanā@rci-śrī-garbha	1	UTTARAPADA	jyotir
jvalita-tejana	1	UTTARAPADA	agni
jvalā	1	UTTARAPADA	mano
jvara-ripu-rasa	1	UTTARAPADA	nava
jvare@bha-siṃha	1	UTTARAPADA	nava
jvāra	1	UTTARAPADA	nava
jyaiṣṭhya	1	UTTARAPADA	su
jyaiṣṭhī	1	UTTARAPADA	mahā
jyeya	1	UTTARAPADA	brahma
jyeṣṭham	1	UTTARAPADA	yathā
jyotir-liṅga-stotra	1	UTTARAPADA	dvādaśa
jyotir-niśītha	1	UTTARAPADA	hata
jyotir-upaniṣad	1	UTTARAPADA	ātma
jyotir-īśvara	1	UTTARAPADA	śrī
jyotiṣa-saṃgraha	1	UTTARAPADA	sarva
jyotiṣa-śāstra	1	UTTARAPADA	vaiṣṇava
jyotsnī	1	UTTARAPADA	vana
jyāni	1	UTTARAPADA	sarva
jyāya	1	UTTARAPADA	nṛ
jyāyas	1	UTTARAPADA	varṇa
jña-tva	1	UTTARAPADA	lakṣya
jñeya	1	UTTARAPADA	dur
jñeyam	1	UTTARAPADA	yathā
jñya	1	UTTARAPADA	sārva
jñāna-gītā	1	UTTARAPADA	mahā
jñāna-jyanta	1	UTTARAPADA	muni
jñāna-maya	1	UTTARAPADA	para
jñāna-nidhi	1	UTTARAPADA	śīla
jñāna-nirādara	1	UTTARAPADA	śuṣka
jñāna-varman	1	UTTARAPADA	bhadanta
jñāna-vāda	1	UTTARAPADA	sākāra
jñāna-vāsiṣṭha	1	UTTARAPADA	laghu
jñāna-yutā	1	UTTARAPADA	mahā
jñānam	1	UTTARAPADA	yathā
jñānika	1	UTTARAPADA	pranaṣṭa
jñāno@paniṣad	1	UTTARAPADA	ātma
jñānā@nanda-tīrtha	1	UTTARAPADA	satya
jñānā@rṇava	1	UTTARAPADA	yoginī
jñāpaka	1	UTTARAPADA	śailī
jñātitva-maya	1	UTTARAPADA	samāna
jñātṛ	1	UTTARAPADA	sarva
jñīya	1	UTTARAPADA	sarva
jā-gamana	1	UTTARAPADA	antya
jā-parṇī	1	UTTARAPADA	go
jā@kṣa	1	UTTARAPADA	ambu
jā@nanā	1	UTTARAPADA	ambu
jā@sanā	1	UTTARAPADA	ambu
jā@ta	1	UTTARAPADA	nīra
jābāla	1	UTTARAPADA	mahā
jāgaraka	1	UTTARAPADA	ṣaṣṭhī
jāgaraṇa	1	UTTARAPADA	rātri
jāgaraṇa-maha	1	UTTARAPADA	ṣaṣṭhī
jāgata	1	UTTARAPADA	sarva
jāghanī	1	UTTARAPADA	śva
jājī	1	UTTARAPADA	kalā
jāla-mālin	1	UTTARAPADA	kiṅkiṇī
jāla-sūtra	1	UTTARAPADA	brahma
jāla-vat	1	UTTARAPADA	snāyu
jāla-śambara	1	UTTARAPADA	yoginī
jāli-hasta	1	UTTARAPADA	śubha
jālika	1	UTTARAPADA	pāṃsu
jālini	1	UTTARAPADA	mahā
jālmaka	1	UTTARAPADA	nir
jālā@laṃkṛta	1	UTTARAPADA	hema
jāma	1	UTTARAPADA	vāta
jāman	1	UTTARAPADA	vi
jāmbūnada-maya	1	UTTARAPADA	tapta
jāmātṛ-muni	1	UTTARAPADA	sundara
jāmī	1	UTTARAPADA	samāvaj
jāna	1	UTTARAPADA	kāma
jānakīya	1	UTTARAPADA	laghu
jānuṣa	1	UTTARAPADA	saha
jānv-akna	1	UTTARAPADA	dakṣiṇa
jāpa	1	UTTARAPADA	karṇa
jāpa-viniyoga	1	UTTARAPADA	rudra
jāpaka	1	UTTARAPADA	rudra
jāpata	1	UTTARAPADA	prā
jāpatya	1	UTTARAPADA	prā
jāpin	1	UTTARAPADA	rudra
jāpya	1	UTTARAPADA	rudra
jārā	1	UTTARAPADA	arya
jāta-maya	1	UTTARAPADA	jantu
jāta-śrī	1	UTTARAPADA	dāma
jāta-śānti	1	UTTARAPADA	mūla
jātaka-mahā-yantra	1	UTTARAPADA	rāma
jātaka-paddhaty-udāharaṇa	1	UTTARAPADA	keśava
jātaka-sudhā@kara	1	UTTARAPADA	rekhā
jātake	1	UTTARAPADA	lubdha
jātakā@di-bhāva-phala	1	UTTARAPADA	nakṣatra
jātavedas	1	UTTARAPADA	huta
jāti-graha	1	UTTARAPADA	nāma
jāti-grahaṇa	1	UTTARAPADA	nāma
jāti-miśra	1	UTTARAPADA	asaj
jāti-pravara	1	UTTARAPADA	dvi
jāti-viśārada	1	UTTARAPADA	śruti
jātika	1	UTTARAPADA	bhadra
jātikā	1	UTTARAPADA	svarṇa
jātī-phala	1	UTTARAPADA	kṣudra
jāvarī	1	UTTARAPADA	śimi
jāvata	1	UTTARAPADA	prā
jāyika	1	UTTARAPADA	pāra
jāṅgala	1	UTTARAPADA	kuru
jāṅgalikī	1	UTTARAPADA	ṛṣi
jī-nanda-śarman	1	UTTARAPADA	keśava
jīka	1	UTTARAPADA	śaṃkara
jīrakā	1	UTTARAPADA	kāśmīra
jīrī	1	UTTARAPADA	svarṇa
jīrṇa-tā	1	UTTARAPADA	ati
jīrṇa-vasana	1	UTTARAPADA	viśīrṇa
jīva-dāsa	1	UTTARAPADA	vaidya
jīva-nirṇaya	1	UTTARAPADA	brahma
jīva-rakṣā	1	UTTARAPADA	mīmāṃsā
jīva-vāda	1	UTTARAPADA	eka
jīvakā	1	UTTARAPADA	ardha
jīvam	1	UTTARAPADA	yāvaj
jīvana-dāsa	1	UTTARAPADA	jagaj
jīvana-miśra	1	UTTARAPADA	hari
jīvanā	1	UTTARAPADA	rūpa
jīvat	1	UTTARAPADA	matsya
jīvena	1	UTTARAPADA	yāvaj
jīvita-vallabha	1	UTTARAPADA	rājīvinī
jīvite@śa	1	UTTARAPADA	abhramu
jīvitya	1	UTTARAPADA	daur
jūrṇi	1	UTTARAPADA	su
jūti-varpas	1	UTTARAPADA	prati
jūṭa	1	UTTARAPADA	jaṭā
jṛmbhikam	1	UTTARAPADA	sa
ka-cchida	1	UTTARAPADA	mātṛ
kabandha	1	UTTARAPADA	danu
kacchu	1	UTTARAPADA	kapi
kacchurā	1	UTTARAPADA	kapi
kadamba-kallolinī	1	UTTARAPADA	rasa
kadambinī	1	UTTARAPADA	mādhurya
kadruka	1	UTTARAPADA	tri
kadrākarṣa	1	UTTARAPADA	viśva
kadrū	1	UTTARAPADA	taitila
kailāsa	1	UTTARAPADA	keli
kailāsa-daṇḍaka	1	UTTARAPADA	mahā
kailāsa-vāsinī	1	UTTARAPADA	vindhya
kairava	1	UTTARAPADA	rakta
kairika	1	UTTARAPADA	maḍḍu
kaivalya	1	UTTARAPADA	niṣ
kaivalya-prā@pti	1	UTTARAPADA	videha
kaivarta-purāṇa	1	UTTARAPADA	brahma
kaiyaṭīya	1	UTTARAPADA	bhāṣya
kaiśika	1	UTTARAPADA	ardha
kaiṭasa-sūdana	1	UTTARAPADA	madhu
kakara	1	UTTARAPADA	vi
kakud-mat	1	UTTARAPADA	pīna
kakāṭa	1	UTTARAPADA	reṇu
kakṣin	1	UTTARAPADA	śiti
kakṣyā	1	UTTARAPADA	gṛha
kalahaṃsa-gaṇa	1	UTTARAPADA	sa
kalambaka	1	UTTARAPADA	śāka
kalambha	1	UTTARAPADA	kṣīra
kalatra-nāśa-bhīta	1	UTTARAPADA	putra
kalaśa-snapanā@di	1	UTTARAPADA	sahasra
kalaśā@bhiṣeka-prayoga	1	UTTARAPADA	sahasra
kalaṅkita	1	UTTARAPADA	kula
kalika	1	UTTARAPADA	sa
kalikā-ṭīkā	1	UTTARAPADA	saṃnipāta
kalita-vat	1	UTTARAPADA	daṇḍa
kalka-ja	1	UTTARAPADA	taila
kallaṭa	1	UTTARAPADA	śrī
kalmāṣa	1	UTTARAPADA	lohita
kalo@dbhava	1	UTTARAPADA	kana
kalopa	1	UTTARAPADA	mahā
kalpa-datta	1	UTTARAPADA	vasu
kalpa-dru	1	UTTARAPADA	śabda
kalpa-dīpikā	1	UTTARAPADA	śānti
kalpa-pradīpa	1	UTTARAPADA	śānti
kalpa-sāra-saṃgraha	1	UTTARAPADA	bheṣaja
kalpa-sāra-stava	1	UTTARAPADA	rasa
kalpa-tantra	1	UTTARAPADA	śarabha
kalpa-valli	1	UTTARAPADA	aurdhvadehika
kalpa-vallī	1	UTTARAPADA	saṃdhāna
kalpa-vallī-cakra-vidyā-rahasya	1	UTTARAPADA	bhārgava
kalpa-vivaraṇa	1	UTTARAPADA	bodhāyana
kalpana	1	UTTARAPADA	doṣa
kalpapallavī	1	UTTARAPADA	sāhitya
kalpavallī	1	UTTARAPADA	siddhānta
kalpavallī-vyākhyāna	1	UTTARAPADA	siddhānta
kalpavṛkṣa	1	UTTARAPADA	sat
kalpi	1	UTTARAPADA	nār
kalpiṇī	1	UTTARAPADA	pṛthu
kalpā@di	1	UTTARAPADA	pratiṣṭhā
kalpā@kara	1	UTTARAPADA	muhūrta
kalya	1	UTTARAPADA	su
kalyam	1	UTTARAPADA	ati
kalyāṇa-khaṇḍa	1	UTTARAPADA	padma
kalyāṇī	1	UTTARAPADA	śānti
kalyāṇī-vrata	1	UTTARAPADA	rasa
kalā-dīpikā	1	UTTARAPADA	śilpa
kalā-nidhi	1	UTTARAPADA	saṃgīta
kalā@vataṃsa	1	UTTARAPADA	indu
kalākalā	1	UTTARAPADA	vāta
kalānidhi	1	UTTARAPADA	nyāya
kalāpika	1	UTTARAPADA	pāñca
kalāpin	1	UTTARAPADA	baddha
kalāya	1	UTTARAPADA	kāla
kam	1	UTTARAPADA	pratanu
kamala-pura	1	UTTARAPADA	deva
kamala-sadman	1	UTTARAPADA	kavi
kamalīya	1	UTTARAPADA	sundara
kambalā	1	UTTARAPADA	sva
kanaka	1	UTTARAPADA	śṛṅgī
kanaka-māla	1	UTTARAPADA	dhṛta
kandakā	1	UTTARAPADA	tikta
kandalā	1	UTTARAPADA	kāma
kandara-kuhara	1	UTTARAPADA	rodaḥ
kandarpa	1	UTTARAPADA	rāja
kandarpa-jātaka	1	UTTARAPADA	horā
kandhara	1	UTTARAPADA	daśa
kandin	1	UTTARAPADA	su
kanduka	1	UTTARAPADA	kapi
kandā@da	1	UTTARAPADA	padma
kandī	1	UTTARAPADA	māṃsa
kaniṣṭha	1	UTTARAPADA	niṣ
kaniṣṭham	1	UTTARAPADA	yathā
kaniṣṭhika	1	UTTARAPADA	niṣ
kantharikā	1	UTTARAPADA	haya
kantharā	1	UTTARAPADA	haya
kanthā	1	UTTARAPADA	dākṣi
kanyā-tīrtha	1	UTTARAPADA	daśa
kanyāka	1	UTTARAPADA	su
kanīnikā	1	UTTARAPADA	netra
kapardin	1	UTTARAPADA	tri
kapaṭam	1	UTTARAPADA	sa
kapi-tva	1	UTTARAPADA	krīḍā
kapila	1	UTTARAPADA	bhadra
kapila-pañca-rātra	1	UTTARAPADA	mahā
kapitthaka	1	UTTARAPADA	nīla
kapiñjala	1	UTTARAPADA	pañjara
kapiśā	1	UTTARAPADA	piṅga
kapiṣṭhala	1	UTTARAPADA	bhraṣṭaka
kapota-nyāya	1	UTTARAPADA	khale
kapotaka	1	UTTARAPADA	gṛha
kapotikā	1	UTTARAPADA	khale
kapotīya	1	UTTARAPADA	śyena
kapāle@śa	1	UTTARAPADA	śata
kapālinī	1	UTTARAPADA	buddha
kapāyī	1	UTTARAPADA	vṛṣā
kapāṭa-mat	1	UTTARAPADA	vajra
kapāṭa-rasa	1	UTTARAPADA	vajra
kara-bhiṇḍi-pāla	1	UTTARAPADA	paṇḍita
kara-bhāṣya	1	UTTARAPADA	samudra
kara-gata	1	UTTARAPADA	para
kara-gupta	1	UTTARAPADA	bhikṣā
kara-ja	1	UTTARAPADA	vyāla
kara-kūrcikā	1	UTTARAPADA	kapha
kara-kṣaya	1	UTTARAPADA	kapha
kara-pan-netra	1	UTTARAPADA	sahasra
kara-svāmin	1	UTTARAPADA	yaśas
kara-śarman	1	UTTARAPADA	vibhā
karabha	1	UTTARAPADA	mahā
karaja	1	UTTARAPADA	pūti
karaka	1	UTTARAPADA	hema
karambhā	1	UTTARAPADA	campa
karasna	1	UTTARAPADA	sṛpra
karañjaka	1	UTTARAPADA	hasti
karaṇa-khaṇḍana	1	UTTARAPADA	vādi
karaṇa-siddhā@nta	1	UTTARAPADA	vākya
karaṇa-vrata	1	UTTARAPADA	avighna
karaṇa-ṭīkā	1	UTTARAPADA	sṛṣṭi
karaṇi	1	UTTARAPADA	tiras
karaṇika	1	UTTARAPADA	prā
karaṇin	1	UTTARAPADA	alaṃ
karaṇā	1	UTTARAPADA	vitatī
karaṇḍa-vyūha	1	UTTARAPADA	guṇa
karaṇḍinī	1	UTTARAPADA	puṣpa
karaṭā	1	UTTARAPADA	āhara
karbudāraka	1	UTTARAPADA	bhū
karbura	1	UTTARAPADA	kapota
karbura-varṇa	1	UTTARAPADA	kṛṣṇa
kardamā	1	UTTARAPADA	prehi
karika	1	UTTARAPADA	dik
karikra	1	UTTARAPADA	ghṛṅ
karikā	1	UTTARAPADA	madhu
karkandhu	1	UTTARAPADA	laghu
karkarī	1	UTTARAPADA	ghāṭa
karkaṭa-tāla	1	UTTARAPADA	ghaṭa
karkaṭakī	1	UTTARAPADA	vandhyā
karkoṭaka	1	UTTARAPADA	hasti
karkāru	1	UTTARAPADA	mahā
karma-cintāmaṇi	1	UTTARAPADA	sakala
karma-jña	1	UTTARAPADA	vetāla
karma-kārikā	1	UTTARAPADA	saṃnyāsa
karma-kṛt	1	UTTARAPADA	prasava
karma-nibandha	1	UTTARAPADA	pāka
karma-paribhraṣṭa	1	UTTARAPADA	aṣṭa
karma-prakāśa	1	UTTARAPADA	śvāsa
karma-prayoga	1	UTTARAPADA	ṣoḍaśa
karma-tā	1	UTTARAPADA	sāhasa
karma-vāda	1	UTTARAPADA	dvi
karmakāraka	1	UTTARAPADA	eka
karmam	1	UTTARAPADA	ṛte
karmaṇa	1	UTTARAPADA	vaiśva
karmya	1	UTTARAPADA	naiṣ
karmā@dhikārin	1	UTTARAPADA	vadha
karmā@śaya	1	UTTARAPADA	puṃs
karmā@ḍhya	1	UTTARAPADA	vasti
karmī	1	UTTARAPADA	pañca
karmīya	1	UTTARAPADA	vāja
karo@pā@dhyāya	1	UTTARAPADA	dharma
karpara	1	UTTARAPADA	ghaṭa
karparī	1	UTTARAPADA	mūrdha
karpaṭī	1	UTTARAPADA	kavi
karpāsī	1	UTTARAPADA	araṇya
karpūra-rocanā	1	UTTARAPADA	vaṃśa
karta	1	UTTARAPADA	carma
kartavya-gaṅgā-stuti	1	UTTARAPADA	yati
kartavya-tā	1	UTTARAPADA	kiṃ
kartu-manas	1	UTTARAPADA	phut
kartṛ-tva	1	UTTARAPADA	samāna
karuṇā-mudita	1	UTTARAPADA	maitrī
karvaṭa	1	UTTARAPADA	paṅka
karā@cārya	1	UTTARAPADA	uddyota
karā@ṅguli	1	UTTARAPADA	lolat
karālin	1	UTTARAPADA	vi
karī-bhāva	1	UTTARAPADA	karma
karī@ndra-kumbha-muktā-maya	1	UTTARAPADA	bhinna
karīya	1	UTTARAPADA	bhās
karīṣa	1	UTTARAPADA	ākhu
karūṣa	1	UTTARAPADA	niṣ
karṇa-parṇikā	1	UTTARAPADA	ākhu
karṇa-pūrṇa	1	UTTARAPADA	kavi
karṇa-yugala	1	UTTARAPADA	viśrānta
karṇam	1	UTTARAPADA	paścāt
karṇe@ndriyatā	1	UTTARAPADA	anupahata
karṇe@śvara	1	UTTARAPADA	bhadra
karṇā@bharaṇa-saṃgraha	1	UTTARAPADA	vaiṣṇava
karṇā@cārya	1	UTTARAPADA	śata
karṇā@rdha	1	UTTARAPADA	dyu
karṇātaka-kathā	1	UTTARAPADA	mātaṃgī
karṇīyaka	1	UTTARAPADA	śrī
karṣa-miśra	1	UTTARAPADA	kṣāma
karṣika	1	UTTARAPADA	prā
kaseru	1	UTTARAPADA	rāja
kaseruka	1	UTTARAPADA	kroḍa
kastūrikā	1	UTTARAPADA	latā
kasīsa	1	UTTARAPADA	pāṃsu
kata	1	UTTARAPADA	kuru
kataka	1	UTTARAPADA	vedānta
kathaka	1	UTTARAPADA	dharma
kathā-maya	1	UTTARAPADA	sapta
kathā-puṣpā@ñjali	1	UTTARAPADA	palya
kathā-ratna	1	UTTARAPADA	vedānta
kathā-saṃgraha	1	UTTARAPADA	bhāgavata
kathā-sāra	1	UTTARAPADA	kādambarī
kathā-sūtra	1	UTTARAPADA	campū
kathā@lāpa-sukha	1	UTTARAPADA	citra
kathā@mṛta	1	UTTARAPADA	hari
kathāca	1	UTTARAPADA	yāthā
kaujapau	1	UTTARAPADA	kārta
kauleyaka	1	UTTARAPADA	veda
kaulika	1	UTTARAPADA	manthara
kaumbha	1	UTTARAPADA	śāta
kaumudī-ṭīkā	1	UTTARAPADA	smṛti
kaustubhā@laṃkāra	1	UTTARAPADA	bṛhat
kauthuma	1	UTTARAPADA	kaṭha
kautsa	1	UTTARAPADA	aiḍa
kautūhalam	1	UTTARAPADA	sa
kauśa	1	UTTARAPADA	māla
kauśalya	1	UTTARAPADA	upāya
kauśeya-vāsas	1	UTTARAPADA	pīta
kauśāmbi	1	UTTARAPADA	niṣ
kauśāmbī	1	UTTARAPADA	vana
kauṣītaka	1	UTTARAPADA	mahā
kauṣītaki	1	UTTARAPADA	mahā
kauṣṭhila	1	UTTARAPADA	mahā
kauṣṭhilya	1	UTTARAPADA	mahā
kavaca-stotra	1	UTTARAPADA	rudra
kavi-kulā@nanda	1	UTTARAPADA	sarasa
kavi-praśaṃsā	1	UTTARAPADA	sāmānya
kavi-rāja	1	UTTARAPADA	pāla
kavi-rāja-go-svāmi-guṇa-leśa-sūcakā@ṣṭaka	1	UTTARAPADA	rūpa
kavi-svāmin	1	UTTARAPADA	veda
kavi-tva	1	UTTARAPADA	citra
kavi-śekhara	1	UTTARAPADA	saṃjaya
kavindra	1	UTTARAPADA	mārkaṇḍeya
kavya	1	UTTARAPADA	havya
kavīya	1	UTTARAPADA	veṅkaṭa
kaya	1	UTTARAPADA	avanata
kayya-svāmin	1	UTTARAPADA	śrī
kañcuki	1	UTTARAPADA	ghaṭa
kañcukin	1	UTTARAPADA	kṣīra
kañja	1	UTTARAPADA	kāla
kañjya	1	UTTARAPADA	kāla
kaśipu	1	UTTARAPADA	hiraṇya
kaśmīra	1	UTTARAPADA	sa
kaśyapikā	1	UTTARAPADA	vasiṣṭha
kaḍa	1	UTTARAPADA	deva
kaḍyā	1	UTTARAPADA	ratha
kaḍāra	1	UTTARAPADA	jaimini
kaṃ-dharā	1	UTTARAPADA	dīrgha
kaṃdhara-rāmā@yaṇa	1	UTTARAPADA	sahasra
kaṃja	1	UTTARAPADA	vadana
kaṃsā	1	UTTARAPADA	vi
kaṅgunī	1	UTTARAPADA	kāka
kaṅkara	1	UTTARAPADA	mahā
kaṅkavat	1	UTTARAPADA	su
kaṅkaṇa	1	UTTARAPADA	suvarṇa
kaṅkola	1	UTTARAPADA	laghu
kaṅkā	1	UTTARAPADA	avara
kaṅkāli	1	UTTARAPADA	rasa
kaṅkālikā	1	UTTARAPADA	sarpa
kaṅkālī	1	UTTARAPADA	sarpa
kaṇapa	1	UTTARAPADA	ayaḥ
kaṇin	1	UTTARAPADA	hima
kaṇiśa	1	UTTARAPADA	guccha
kaṇī	1	UTTARAPADA	kāla
kaṇīkā	1	UTTARAPADA	vaṭa
kaṇīya	1	UTTARAPADA	vaṭa
kaṇḍana	1	UTTARAPADA	taṇḍula
kaṇḍikā	1	UTTARAPADA	gīta
kaṇḍikā-śrāddha-sūtra	1	UTTARAPADA	nava
kaṇḍura	1	UTTARAPADA	tvak
kaṇḍū	1	UTTARAPADA	karṇa
kaṇḍūka	1	UTTARAPADA	sa
kaṇḍūla	1	UTTARAPADA	vana
kaṇḍūyana	1	UTTARAPADA	khara
kaṇḍūyita	1	UTTARAPADA	khara
kaṇṭa-kārikā	1	UTTARAPADA	valli
kaṇṭakikā	1	UTTARAPADA	sthūla
kaṇṭakī	1	UTTARAPADA	kṣudra
kaṇṭha-garjita	1	UTTARAPADA	mandra
kaṇṭha-hāra	1	UTTARAPADA	kavi
kaṇṭha-malikā	1	UTTARAPADA	śiva
kaṇṭha-pāśa	1	UTTARAPADA	vidvat
kaṇṭha-rodham	1	UTTARAPADA	sa
kaṇṭhika	1	UTTARAPADA	prāti
kaṇṭhikayā	1	UTTARAPADA	prati
kaṇṭho@ddhāra	1	UTTARAPADA	sāhitya
kaṇṭhukayā	1	UTTARAPADA	prati
kaṇṭhīrava	1	UTTARAPADA	viṭi
kaṇṭhīya	1	UTTARAPADA	śrī
kaṣa	1	UTTARAPADA	kaṣā
kaṣeya	1	UTTARAPADA	nai
kaṣika	1	UTTARAPADA	prā
kaṣā	1	UTTARAPADA	varma
kaṣāya-niṣpakva	1	UTTARAPADA	parṇa
kaṣāya-pakva	1	UTTARAPADA	parṇa
kaṣī	1	UTTARAPADA	nai
kaṣṭa-śabda	1	UTTARAPADA	hā
kaṣṭam	1	UTTARAPADA	sa
kaṣṭhā	1	UTTARAPADA	śakra
kaṭabhī	1	UTTARAPADA	sita
kaṭacchuka	1	UTTARAPADA	dhūpa
kaṭaṃ-kara	1	UTTARAPADA	su
kaṭhora	1	UTTARAPADA	ati
kaṭi	1	UTTARAPADA	strī
kaṭi-taṭa-śroṇī	1	UTTARAPADA	mahā
kaṭika	1	UTTARAPADA	nai
kaṭistha	1	UTTARAPADA	vāma
kaṭyā	1	UTTARAPADA	ratha
kaṭā@kṣa-kāma	1	UTTARAPADA	taruṇī
kaṭā@kṣa-māla	1	UTTARAPADA	taruṇī
kaṭāha	1	UTTARAPADA	aṇḍa
kaṭāha-nyāya	1	UTTARAPADA	sūcī
kaṭīya	1	UTTARAPADA	bhoja
kaṭṭari	1	UTTARAPADA	deśī
kedāra-māhātmya	1	UTTARAPADA	badarī
keli-kaumudī	1	UTTARAPADA	dāna
kelikā	1	UTTARAPADA	gandha
kelīya	1	UTTARAPADA	hari
kera	1	UTTARAPADA	maudgali
kerala	1	UTTARAPADA	siddha
keralīya	1	UTTARAPADA	bhāva
keru	1	UTTARAPADA	mahi
kesari	1	UTTARAPADA	nṛ
ketava	1	UTTARAPADA	sauparṇa
ketu-brāhmaṇa	1	UTTARAPADA	aruṇa
ketu-ghnī	1	UTTARAPADA	vraṇa
ketu-lakṣaṇa	1	UTTARAPADA	ṛtu
ketu-mat	1	UTTARAPADA	makara
ketṛ	1	UTTARAPADA	su
kevalin	1	UTTARAPADA	śruta
kevalī	1	UTTARAPADA	pāśaka
keśa-kambala	1	UTTARAPADA	ajita
keśa-nakha	1	UTTARAPADA	nīca
keśa-nakha-śmaśru	1	UTTARAPADA	kḷpta
keśa-vatī	1	UTTARAPADA	stana
keśan	1	UTTARAPADA	su
keśava-dhāriṇī	1	UTTARAPADA	maṭha
keśava-tīrtha	1	UTTARAPADA	rāma
keśavā@cārya	1	UTTARAPADA	śrī
keśavā@ṣṭaka	1	UTTARAPADA	ādi
keśaśmaśru-nakha	1	UTTARAPADA	nīca
keśi-vallabha	1	UTTARAPADA	pula
keśā@di-pāda-stava	1	UTTARAPADA	bhagavatī
keśā@di-pādā@nta-varṇana-stotra	1	UTTARAPADA	śiva
keśā@nta	1	UTTARAPADA	asita
keśī-niṣūdana	1	UTTARAPADA	kaṃsa
keśīyā@gny-ādhāna-paddhati	1	UTTARAPADA	hiraṇya
kha-sūci	1	UTTARAPADA	vaiyākaraṇa
khacita	1	UTTARAPADA	ratna
khada	1	UTTARAPADA	yava
khadika	1	UTTARAPADA	yava
khadā	1	UTTARAPADA	agni
khaga	1	UTTARAPADA	jala
khali	1	UTTARAPADA	tila
khalinī	1	UTTARAPADA	mṛt
khallava	1	UTTARAPADA	mahā
khallikā	1	UTTARAPADA	su
khalu	1	UTTARAPADA	go
khalvala	1	UTTARAPADA	mahā
khalya	1	UTTARAPADA	go
khalī	1	UTTARAPADA	tila
khan	1	UTTARAPADA	kharī
khanana	1	UTTARAPADA	khātra
khara-gada	1	UTTARAPADA	jvālā
kharaka	1	UTTARAPADA	karṇa
kharika	1	UTTARAPADA	karṇa
kharjurī	1	UTTARAPADA	dvīpa
kharo@ṣṭra	1	UTTARAPADA	śva
khartara	1	UTTARAPADA	laghu
kharya	1	UTTARAPADA	prā
khavī	1	UTTARAPADA	su
khañjana	1	UTTARAPADA	kāla
khaḍga-carman	1	UTTARAPADA	gṛhīta
khaḍga-dalā	1	UTTARAPADA	kāma
khaḍgaka	1	UTTARAPADA	vakra
khaḍḍaka	1	UTTARAPADA	soma
khaṇḍa-dvaya-traya	1	UTTARAPADA	maṇi
khaṇḍa-khādya	1	UTTARAPADA	khaṇḍana
khaṇḍa-praśasti	1	UTTARAPADA	lakṣmaṇa
khaṇḍa-yoga-sahasra	1	UTTARAPADA	nava
khaṇḍana-khaṇḍa-khādya	1	UTTARAPADA	nyāya
khaṇḍana-stotra	1	UTTARAPADA	mata
khaṇḍanikā	1	UTTARAPADA	sura
khaṇḍava	1	UTTARAPADA	phala
khaṇḍeyo@paniṣad	1	UTTARAPADA	muṇḍa
khaṇḍi	1	UTTARAPADA	vārka
khaṇḍika	1	UTTARAPADA	carma
khaṇḍikā	1	UTTARAPADA	dvi
khaṇḍā	1	UTTARAPADA	khaṇḍa
khaṇḍī	1	UTTARAPADA	dhauta
khaṣa	1	UTTARAPADA	pūti
khaṭvikā	1	UTTARAPADA	laghu
khaṭvā@sana	1	UTTARAPADA	saha
khaṭvī	1	UTTARAPADA	pañca
khe'ṭa	1	UTTARAPADA	puṃ
khecara	1	UTTARAPADA	pati
khelana	1	UTTARAPADA	holā
kheya	1	UTTARAPADA	pāri
kheḍa	1	UTTARAPADA	gandha
kheḍa-grāma	1	UTTARAPADA	vāri
kheḍaka	1	UTTARAPADA	gandha
kheṭī-sāriṇī	1	UTTARAPADA	siddha
khila	1	UTTARAPADA	sa
khinna	1	UTTARAPADA	śrama
khinna-vigraha	1	UTTARAPADA	visarpa
kho@lka	1	UTTARAPADA	kha
khola	1	UTTARAPADA	mūrdha
khorā	1	UTTARAPADA	kroḍa
khorī	1	UTTARAPADA	dīpa
khuri	1	UTTARAPADA	go
khurin	1	UTTARAPADA	dvi
khutta	1	UTTARAPADA	khatta
khuḍakā	1	UTTARAPADA	vāta
khuḍā	1	UTTARAPADA	vāta
khādin	1	UTTARAPADA	nakha
khādita	1	UTTARAPADA	su
khādya	1	UTTARAPADA	khaṇḍa
khāmi	1	UTTARAPADA	bhava
khānya	1	UTTARAPADA	nai
khāra	1	UTTARAPADA	ardha
khātaka	1	UTTARAPADA	para
khātam	1	UTTARAPADA	yathā
khātana	1	UTTARAPADA	bhitti
khāto@daka	1	UTTARAPADA	dūra
khātā	1	UTTARAPADA	dhanuṣ
khāḍaka	1	UTTARAPADA	khaṇḍa
khāṇḍava	1	UTTARAPADA	rāga
khāṭi	1	UTTARAPADA	ku
khāṭṭaka	1	UTTARAPADA	khaṇḍa
khīya	1	UTTARAPADA	pāri
kileya	1	UTTARAPADA	brahma
kili	1	UTTARAPADA	tāmra
kilima	1	UTTARAPADA	dru
kir	1	UTTARAPADA	sudhā
kiraṇa-prakhya	1	UTTARAPADA	śaśāṅka
kiri	1	UTTARAPADA	ākhu
kiriṭa	1	UTTARAPADA	ati
kirā	1	UTTARAPADA	mṛt
kirāṭa	1	UTTARAPADA	jala
kirāṭikā	1	UTTARAPADA	go
kirāṭī	1	UTTARAPADA	go
kirīṭa-hāra-vat	1	UTTARAPADA	vimala
kirīṭa-kaustubha	1	UTTARAPADA	sa
kirīṭa-mālin	1	UTTARAPADA	hema
kisalaya-ccheda-pātheya-vat	1	UTTARAPADA	bisa
kiñcita	1	UTTARAPADA	kila
kiśora-sahasra-nāma-stotra	1	UTTARAPADA	yugala
kiśora-stotra	1	UTTARAPADA	yugala
kiṃ-cana	1	UTTARAPADA	yat
kiṃ-ce@dam	1	UTTARAPADA	yat
kiṃ-cid	1	UTTARAPADA	yat
kiṃ-nara-prabha	1	UTTARAPADA	druma
kiṃ-nara-rāja	1	UTTARAPADA	druma
kiṃcanya	1	UTTARAPADA	naiṣ
kiṃcid	1	UTTARAPADA	na
kiṃkara-prakriyā	1	UTTARAPADA	kṛṣṇa
kiṃkarī	1	UTTARAPADA	dyūta
kiṃsāru	1	UTTARAPADA	kaṇiśa
kiṃśukā	1	UTTARAPADA	lavaṇa
kiṇihī	1	UTTARAPADA	śveta
kiṇva	1	UTTARAPADA	taṇḍula
kiṣkin	1	UTTARAPADA	śva
kiṭi	1	UTTARAPADA	vāḥ
klava	1	UTTARAPADA	vi
kleda	1	UTTARAPADA	nī
kleśa-bheda	1	UTTARAPADA	pañca
kleśa-saha	1	UTTARAPADA	tapaḥ
kleśī	1	UTTARAPADA	doṣā
klinna	1	UTTARAPADA	lālā
klītaka	1	UTTARAPADA	kāla
ko@ṣṇī	1	UTTARAPADA	kāma
kodaṇḍa	1	UTTARAPADA	vilāsa
kodrava	1	UTTARAPADA	vana
kohali	1	UTTARAPADA	hasta
kohanada	1	UTTARAPADA	vyākośa
kokanada	1	UTTARAPADA	rakta
kokilaka	1	UTTARAPADA	vana
kolāhalā	1	UTTARAPADA	caṇḍa
kolī	1	UTTARAPADA	su
komalā@ṅguli	1	UTTARAPADA	bandhura
kopa-muni	1	UTTARAPADA	śiva
koraka	1	UTTARAPADA	stana
koraka-nyāya	1	UTTARAPADA	kadamba
kosala	1	UTTARAPADA	kānti
kosalā	1	UTTARAPADA	su
kośa-bhāravikā	1	UTTARAPADA	mātrā
kośa-gṛha	1	UTTARAPADA	vidyā
kośa-hṛdaya	1	UTTARAPADA	śrī
kośa-nighaṇṭu	1	UTTARAPADA	rāja
kośa-samāśraya	1	UTTARAPADA	vidyā
kośa-sūtra	1	UTTARAPADA	jaimini
kośa-vyākhyā	1	UTTARAPADA	dharma
kośaja	1	UTTARAPADA	dhauta
kośala-khaṇḍa	1	UTTARAPADA	bṛhat
kośalā	1	UTTARAPADA	uttara
kośikā	1	UTTARAPADA	dīrgha
kośātaka	1	UTTARAPADA	rāja
koṇaka	1	UTTARAPADA	sūtra
koṇam	1	UTTARAPADA	prati
koṣa-kaumudī	1	UTTARAPADA	amara
koṣaṇī	1	UTTARAPADA	jīva
koṣṭa	1	UTTARAPADA	malla
koṣṭha-miti	1	UTTARAPADA	sama
koṣṭhā	1	UTTARAPADA	pūrṇa
koṣṭhī	1	UTTARAPADA	praśna
koṭi-karṇa	1	UTTARAPADA	śroṇa
koṭi-liṅga	1	UTTARAPADA	ūna
koṭi-pattra	1	UTTARAPADA	vaiyākaraṇa
koṭi-viṃśa	1	UTTARAPADA	śroṇa
koṭṭa	1	UTTARAPADA	pura
krakṣa	1	UTTARAPADA	vana
krama-candrikā	1	UTTARAPADA	śrī
krama-kalpa-latā	1	UTTARAPADA	pañcamī
krama-paddhati	1	UTTARAPADA	saṃdhyā
krama-ratna	1	UTTARAPADA	dīkṣā
krama-saṃdarbha	1	UTTARAPADA	bhāgavata
krama-saṃgraha	1	UTTARAPADA	dāya
krama-saṃhitā	1	UTTARAPADA	śrī
krama-tantra	1	UTTARAPADA	śrī
krama-vṛtti	1	UTTARAPADA	sāmānya
kramaka	1	UTTARAPADA	pada
kramam	1	UTTARAPADA	yathā
kramaṇa-kṣama	1	UTTARAPADA	vidūra
krami	1	UTTARAPADA	tāmra
kramika	1	UTTARAPADA	prā
kramā@hita-gaurava	1	UTTARAPADA	vaṃśa
kramīya	1	UTTARAPADA	viṣṇu
krandana	1	UTTARAPADA	śiśu
krandya	1	UTTARAPADA	parjanya
kratuka	1	UTTARAPADA	sārva
kratā	1	UTTARAPADA	pūta
kratāyī	1	UTTARAPADA	pūta
kratūyā	1	UTTARAPADA	su
kraurya	1	UTTARAPADA	antaḥ
krayaṇa	1	UTTARAPADA	soma
krayaṇī	1	UTTARAPADA	rāja
krayāṇaka	1	UTTARAPADA	sthāvara
kreṇī	1	UTTARAPADA	sasya
krin	1	UTTARAPADA	yava
kriyam	1	UTTARAPADA	prati
kriyā-kaumudī	1	UTTARAPADA	dāna
kriyā-kāṇḍa	1	UTTARAPADA	karma
kriyā-rūpiṇī	1	UTTARAPADA	śrī
kriyā-samācāra	1	UTTARAPADA	mokṣa
kriyā-vidhi	1	UTTARAPADA	eka
krodhana	1	UTTARAPADA	sa
krodhin	1	UTTARAPADA	parama
krośam	1	UTTARAPADA	yathā
krośika	1	UTTARAPADA	ārdha
krośin	1	UTTARAPADA	uṣṭra
krośī	1	UTTARAPADA	pañca
kroṣṭṛ	1	UTTARAPADA	pañca
kru	1	UTTARAPADA	mitra
krudha	1	UTTARAPADA	kṛta
krā	1	UTTARAPADA	dadhi
krāntin	1	UTTARAPADA	nabhaḥ
krāthin	1	UTTARAPADA	para
krāvan	1	UTTARAPADA	dadhi
krītaka	1	UTTARAPADA	lavaṇa
krītika	1	UTTARAPADA	yāva
krītā	1	UTTARAPADA	dhana
krītī	1	UTTARAPADA	dhana
krīḍin	1	UTTARAPADA	śva
krīḍitaka	1	UTTARAPADA	māṇavaka
krīḍā-mṛga	1	UTTARAPADA	vihāra
krīḍā@cala	1	UTTARAPADA	śakra
krū	1	UTTARAPADA	mitra
krūrā	1	UTTARAPADA	mahā
ku-dru	1	UTTARAPADA	ku
ku-vāc	1	UTTARAPADA	ku
kuca	1	UTTARAPADA	vajra
kuca-pañcaśatī	1	UTTARAPADA	caṇḍī
kucca	1	UTTARAPADA	maru
kuco@tpīḍam	1	UTTARAPADA	pṛthu
kucā	1	UTTARAPADA	su
kuddāla	1	UTTARAPADA	kāṣṭha
kuddāla-lāṅgalin	1	UTTARAPADA	phāla
kudmala	1	UTTARAPADA	kara
kuhaka	1	UTTARAPADA	duṣ
kuhū-śānti	1	UTTARAPADA	sinīvālī
kuja	1	UTTARAPADA	vi
kukkubha	1	UTTARAPADA	jala
kukkura	1	UTTARAPADA	nṛ
kukkuṭikā	1	UTTARAPADA	madhu
kukkuṭī	1	UTTARAPADA	madhu
kukṣa	1	UTTARAPADA	śāri
kukṣika	1	UTTARAPADA	mṛdita
kukṣīya	1	UTTARAPADA	kāra
kula-devā	1	UTTARAPADA	nṛ
kula-dhāraka	1	UTTARAPADA	dvitīya
kula-dīpa-prakāśa	1	UTTARAPADA	ravi
kula-dīpikā	1	UTTARAPADA	śūdra
kula-ja	1	UTTARAPADA	ikṣvāku
kula-pradīpa	1	UTTARAPADA	bhoja
kula-prasūta	1	UTTARAPADA	pāṇḍava
kula-samācāra	1	UTTARAPADA	vṛthā
kula-sarvasva	1	UTTARAPADA	kālī
kula-tantra	1	UTTARAPADA	lakṣmī
kula-tattva	1	UTTARAPADA	vaidya
kula-śīla	1	UTTARAPADA	ajñāta
kulaka	1	UTTARAPADA	nī
kulam	1	UTTARAPADA	yathā
kulathikā	1	UTTARAPADA	araṇya
kulaṭā	1	UTTARAPADA	kumāra
kuleya	1	UTTARAPADA	dauṣ
kuleyaka	1	UTTARAPADA	bāhu
kulija	1	UTTARAPADA	dvi
kulijīna	1	UTTARAPADA	dvi
kulmala	1	UTTARAPADA	saṃkalpa
kulo@ttaṃsa	1	UTTARAPADA	raghu
kulva	1	UTTARAPADA	ati
kulā	1	UTTARAPADA	tri
kulā@ditya	1	UTTARAPADA	manu
kulā@graṇī	1	UTTARAPADA	harṣa
kulā@rṇava	1	UTTARAPADA	lakṣmī
kulāla	1	UTTARAPADA	grāma
kulāya-gandhika	1	UTTARAPADA	kāka
kulī	1	UTTARAPADA	pāṃsu
kulīraka	1	UTTARAPADA	śata
kulīya	1	UTTARAPADA	ṣaṭ
kumala	1	UTTARAPADA	su
kumba	1	UTTARAPADA	adhaḥ
kumbha-śravas	1	UTTARAPADA	śaṅkha
kumbhaka	1	UTTARAPADA	sahita
kumbhaka-recaka	1	UTTARAPADA	pūraka
kumbhikā	1	UTTARAPADA	jala
kumbhā@ṇḍa	1	UTTARAPADA	vi
kumuda-mañjarī	1	UTTARAPADA	bhāṣā
kumudā	1	UTTARAPADA	mahā
kumāla	1	UTTARAPADA	su
kumāra-caritra	1	UTTARAPADA	daśa
kumāra-deva	1	UTTARAPADA	megha
kumāra-rasa	1	UTTARAPADA	pānīya
kumāra-tātā@cārya	1	UTTARAPADA	lakṣmī
kumāra-śikhara	1	UTTARAPADA	candra
kumāra-ṭhakkura	1	UTTARAPADA	hara
kumāri	1	UTTARAPADA	alaṃ
kumārikā@vadāna	1	UTTARAPADA	sapta
kumārī-vākya-vara-nyāya	1	UTTARAPADA	vṛddha
kundaka	1	UTTARAPADA	su
kundana	1	UTTARAPADA	su
kunta	1	UTTARAPADA	śata
kuntala-kalāpa-vat	1	UTTARAPADA	vyālola
kuntalā	1	UTTARAPADA	nīla
kuntha	1	UTTARAPADA	bāhu
kupikā	1	UTTARAPADA	nābhi
kupita	1	UTTARAPADA	praṇaya
kuraṅga	1	UTTARAPADA	kastūrikā
kuraṇṭa	1	UTTARAPADA	kaṇṭa
kuraṇṭaka	1	UTTARAPADA	nīla
kurcikā	1	UTTARAPADA	takra
kurda	1	UTTARAPADA	śarāva
kurkura	1	UTTARAPADA	su
kuru-jāṅgala	1	UTTARAPADA	kuru
kuru-kṣetra	1	UTTARAPADA	kuru
kurumbā	1	UTTARAPADA	deva
kuruṇṭaka	1	UTTARAPADA	nīla
kusuma-bali-prakāra	1	UTTARAPADA	taṇḍula
kusuma-bali-vikāra	1	UTTARAPADA	taṇḍula
kusuma-mañjarī	1	UTTARAPADA	nyāya
kusuma-priyā	1	UTTARAPADA	mallikā
kusuma-saṃnibha	1	UTTARAPADA	japā
kusuma-sraj	1	UTTARAPADA	visrasta
kusuma-śayana	1	UTTARAPADA	saṃdaṣṭa
kusumbhaka	1	UTTARAPADA	kari
kusumikā	1	UTTARAPADA	mahā
kusumita	1	UTTARAPADA	bahu
kusumā@staraṇa	1	UTTARAPADA	sa
kusumā@valī	1	UTTARAPADA	vyākhyā
kutaścid	1	UTTARAPADA	na
kutsava	1	UTTARAPADA	puru
kutsi	1	UTTARAPADA	pauru
kutsya	1	UTTARAPADA	pauru
kutsānī	1	UTTARAPADA	puru
kutūhala-vṛtti	1	UTTARAPADA	mīmāṃsā
kuvalaya	1	UTTARAPADA	karṇa
kuñca	1	UTTARAPADA	bhra
kuñcaka	1	UTTARAPADA	tṛṇa
kuśala-maya	1	UTTARAPADA	sva
kuśala-mūla-pāramitā	1	UTTARAPADA	sarva
kuśaṇḍikā	1	UTTARAPADA	bṛhat
kuśikikā	1	UTTARAPADA	kutsa
kuḍmala	1	UTTARAPADA	stana
kuṃsaka	1	UTTARAPADA	bhṛ
kuṇapā@śin	1	UTTARAPADA	amedhya
kuṇapī	1	UTTARAPADA	yajña
kuṇika	1	UTTARAPADA	go
kuṇḍa-tapaścit	1	UTTARAPADA	dṛti
kuṇḍa-tīrtha	1	UTTARAPADA	arka
kuṇḍala-kuṇḍalin	1	UTTARAPADA	nāga
kuṇḍaly-upaniṣad	1	UTTARAPADA	yoga
kuṇḍalā	1	UTTARAPADA	kanaka
kuṇḍalā@haraṇa	1	UTTARAPADA	aditi
kuṇḍalī	1	UTTARAPADA	vāta
kuṇḍam	1	UTTARAPADA	prati
kuṇḍe-śaya	1	UTTARAPADA	śara
kuṇḍya	1	UTTARAPADA	hema
kuṇḍī@śvara	1	UTTARAPADA	tri
kuṇṭhana	1	UTTARAPADA	śakti
kuṣmāṇḍaka	1	UTTARAPADA	khaṇḍa
kuṣmāṇḍī	1	UTTARAPADA	bhū
kuṣṭa	1	UTTARAPADA	hīna
kuṣṭhaka	1	UTTARAPADA	aṅgāra
kuṣṭhika	1	UTTARAPADA	sa
kuṭhāra	1	UTTARAPADA	śvāsa
kuṭhāra-miśra	1	UTTARAPADA	maṅgala
kuṭhārikā	1	UTTARAPADA	pāda
kuṭikā	1	UTTARAPADA	parṇa
kuṭila	1	UTTARAPADA	antaḥ
kuṭumbika	1	UTTARAPADA	ratha
kuṭumbin	1	UTTARAPADA	ratha
kuṭumbī	1	UTTARAPADA	prahara
kuṭya	1	UTTARAPADA	su
kuṭī-cara	1	UTTARAPADA	bahiṣ
kuṭī-prabhātāyita	1	UTTARAPADA	ghaṭṭa
kuṭīraka	1	UTTARAPADA	tṛṇa
kuṭṭikā	1	UTTARAPADA	maṇi
kvaṇita	1	UTTARAPADA	mañjīra
kā	1	UTTARAPADA	upadraṣṭṛ
kā@rika	1	UTTARAPADA	utsṛṣṭi
kā@ya	1	UTTARAPADA	jana
kācara	1	UTTARAPADA	sita
kādambinī	1	UTTARAPADA	aiśvarya
kāhalā	1	UTTARAPADA	pattra
kākala	1	UTTARAPADA	droṇa
kākikā	1	UTTARAPADA	pānīya
kākiṇīka	1	UTTARAPADA	adhyardha
kākola	1	UTTARAPADA	sa
kākolikā	1	UTTARAPADA	kṣīra
kākolī	1	UTTARAPADA	kṣīra
kāku	1	UTTARAPADA	sevā
kākubha	1	UTTARAPADA	gāyatra
kākuda	1	UTTARAPADA	pūrṇa
kāla-cakra-yuddha-varṇana	1	UTTARAPADA	piśāca
kāla-deva	1	UTTARAPADA	hari
kāla-ja	1	UTTARAPADA	apūrṇa
kāla-jñāna	1	UTTARAPADA	bṛhat
kāla-kriyā-dīpa	1	UTTARAPADA	pañca
kāla-nirṇaya-candrikā	1	UTTARAPADA	rāmāyaṇa
kāla-nirṇayā@dhikāra	1	UTTARAPADA	samasta
kāla-paddhati	1	UTTARAPADA	pañca
kāla-pravartana	1	UTTARAPADA	pañca
kāla-taraṃga	1	UTTARAPADA	smṛti
kāla-vaha	1	UTTARAPADA	sadā
kāla-viveka	1	UTTARAPADA	vrata
kāla-śāka	1	UTTARAPADA	bṛhat
kālanirṇaya	1	UTTARAPADA	iṣṭi
kālaveya	1	UTTARAPADA	mahā
kāle	1	UTTARAPADA	avasara
kāleta	1	UTTARAPADA	mahā
kāleṣu	1	UTTARAPADA	kāla
kālika-tā	1	UTTARAPADA	arvāk
kālikā@gama	1	UTTARAPADA	sarva
kālindī	1	UTTARAPADA	yama
kālinī	1	UTTARAPADA	divya
kālo@ttara	1	UTTARAPADA	devī
kālopa	1	UTTARAPADA	mahā
kālukā	1	UTTARAPADA	su
kālā-vrata	1	UTTARAPADA	hari
kālā@nala	1	UTTARAPADA	candra
kālā@nanarasa	1	UTTARAPADA	gulma
kālā@vadhi	1	UTTARAPADA	aneka
kālā@valī	1	UTTARAPADA	rāhu
kālī-māhātmya	1	UTTARAPADA	dakṣiṇa
kālī-tanaya	1	UTTARAPADA	haṃsa
kālī-tṛtīyā	1	UTTARAPADA	hari
kāma-dugha	1	UTTARAPADA	sakala
kāma-duh	1	UTTARAPADA	iṣṭa
kāma-dīpikā	1	UTTARAPADA	samara
kāma-ja-vyasana	1	UTTARAPADA	daśa
kāma-kṛt	1	UTTARAPADA	bhṛtya
kāma-kṛtvan	1	UTTARAPADA	pūrva
kāma-pūjā	1	UTTARAPADA	rati
kāmadughā	1	UTTARAPADA	śiva
kāmala	1	UTTARAPADA	kāca
kāmalin	1	UTTARAPADA	kāca
kāmalā	1	UTTARAPADA	kumbha
kāmaśamī	1	UTTARAPADA	iṣu
kāmaṣa	1	UTTARAPADA	niṣ
kāmbojī	1	UTTARAPADA	śveta
kāme@śvarī	1	UTTARAPADA	siddha
kāmeya	1	UTTARAPADA	ātma
kāmukā	1	UTTARAPADA	jala
kāmā@khya-tantra	1	UTTARAPADA	uttara
kāmā@vasāya	1	UTTARAPADA	yatra
kāmī	1	UTTARAPADA	yāthā
kānta-maṇi	1	UTTARAPADA	ayas
kānta-tarka-vāgīśa	1	UTTARAPADA	rati
kānta-vilāsa	1	UTTARAPADA	mukti
kāntaka	1	UTTARAPADA	loha
kānti-maya	1	UTTARAPADA	śarat
kānti-vistāra	1	UTTARAPADA	nakṣatra
kāntā-stana	1	UTTARAPADA	mugdha
kāntī-tīrtha	1	UTTARAPADA	viṣṇu
kānyakubja	1	UTTARAPADA	apara
kāpaṭikā	1	UTTARAPADA	kapaṭa
kāpittha	1	UTTARAPADA	pañca
kāpola	1	UTTARAPADA	mahā
kāpya	1	UTTARAPADA	bhadra
kāra-maya	1	UTTARAPADA	andha
kāra-saṃcaya	1	UTTARAPADA	andha
kāraka-vat	1	UTTARAPADA	puru
kāralikā	1	UTTARAPADA	kṣudra
kāravellī	1	UTTARAPADA	kṣudra
kāraṇa-jaya-mālā	1	UTTARAPADA	ṣoḍaśa
kāraṇa-karaṇa	1	UTTARAPADA	loka
kāraṇa-kartṛ-tva	1	UTTARAPADA	kāya
kāraṇa-kāraṇa	1	UTTARAPADA	veda
kāraṇa-pūjā	1	UTTARAPADA	ṣoḍaśa
kāraṇa-tā-pūrva-pakṣa-rahasya	1	UTTARAPADA	liṅga
kāraṇa-tā-siddhā@nta-rahasya	1	UTTARAPADA	liṅga
kāraṇa-tā-vāda	1	UTTARAPADA	liṅga
kāraṇaka	1	UTTARAPADA	sa
kāraṇam	1	UTTARAPADA	yat
kāraṇatā-vādā@rtha	1	UTTARAPADA	mokṣa
kāraṇika	1	UTTARAPADA	īśvara
kāraṇin	1	UTTARAPADA	īśvara
kāraṇā@rthā@patti-pūrva-pakṣa-rahasya	1	UTTARAPADA	saṃśaya
kāraṇā@rthā@patti-rahasya	1	UTTARAPADA	saṃśaya
kāraṇīya	1	UTTARAPADA	bahu
kāri-tva	1	UTTARAPADA	gama
kārikā-ratna-mālā	1	UTTARAPADA	pada
kārikā-vṛtti	1	UTTARAPADA	liṅga
kārikā@vali	1	UTTARAPADA	vedānta
kāritam	1	UTTARAPADA	kāraṇa
kāritā	1	UTTARAPADA	gaṇa
kārmaṇa	1	UTTARAPADA	netra
kārmu-ke@ṣu	1	UTTARAPADA	dhṛta
kārpasi	1	UTTARAPADA	vana
kārpasī	1	UTTARAPADA	vana
kārpāsī	1	UTTARAPADA	araṇya
kārtayaśa	1	UTTARAPADA	mahā
kārttika	1	UTTARAPADA	svāmi
kārttikī	1	UTTARAPADA	mahā
kārukā	1	UTTARAPADA	anya
kārukī	1	UTTARAPADA	pañca
kāruṇya	1	UTTARAPADA	tārā
kāruṇya-vedin	1	UTTARAPADA	satya
kārya-nirṇaya-saṃkṣepa	1	UTTARAPADA	śrāddha
kārya-tā	1	UTTARAPADA	kiṃ
kāryam	1	UTTARAPADA	yat
kāryā@rtha	1	UTTARAPADA	naṣṭa
kārā-gṛha	1	UTTARAPADA	saṃsāra
kārī-traya	1	UTTARAPADA	kaṇṭa
kārīṣagandhyā	1	UTTARAPADA	dattā
kārśya	1	UTTARAPADA	artha
kārṣṇāyasa	1	UTTARAPADA	mṛdu
kāsin	1	UTTARAPADA	kṣaya
kāsāra	1	UTTARAPADA	krīḍā
kāsīsaka	1	UTTARAPADA	puṣpa
kātaratā	1	UTTARAPADA	śravaṇa
kātarikā	1	UTTARAPADA	haya
kātarā	1	UTTARAPADA	haya
kāva	1	UTTARAPADA	aiḍa
kāvera	1	UTTARAPADA	pīta
kāverī	1	UTTARAPADA	vṛddha
kāya-dṛṣṭi	1	UTTARAPADA	sat
kāya-praveśana	1	UTTARAPADA	para
kāya-varṇa-pariniṣpatty-abhinirhārā	1	UTTARAPADA	buddha
kāyam	1	UTTARAPADA	yathā
kāyastha	1	UTTARAPADA	maithila
kāyastha-kula	1	UTTARAPADA	duṣ
kāyikā	1	UTTARAPADA	sa
kāñcanāra	1	UTTARAPADA	sat
kāñja	1	UTTARAPADA	kāla
kāśa-maya	1	UTTARAPADA	kuśa
kāśana	1	UTTARAPADA	su
kāśi	1	UTTARAPADA	jita
kāśinī	1	UTTARAPADA	matta
kāśmarya	1	UTTARAPADA	laghu
kāśya	1	UTTARAPADA	prā
kāśī-khaṇḍa	1	UTTARAPADA	mantra
kāṃsya-maya	1	UTTARAPADA	śuddha
kāṅkṣaka	1	UTTARAPADA	pāri
kāṅkṣiṇī	1	UTTARAPADA	dharma
kāṇḍa-prarohin	1	UTTARAPADA	bīja
kāṇḍa-ruha	1	UTTARAPADA	bīja
kāṇḍa-saṃgraha	1	UTTARAPADA	śrāddha
kāṇḍin	1	UTTARAPADA	su
kāṇḍā@lī	1	UTTARAPADA	citra
kāṇḍī	1	UTTARAPADA	uṣṭra
kāṣin	1	UTTARAPADA	pat
kāṣāya	1	UTTARAPADA	sa
kāṣṭha-dah	1	UTTARAPADA	sthūla
kāṣṭha-maya	1	UTTARAPADA	carma
kāṣṭhakā	1	UTTARAPADA	vara
kāṣṭhā@gata	1	UTTARAPADA	pracaya
kāṣṭhā@gni	1	UTTARAPADA	sthūla
kāṣṭhī	1	UTTARAPADA	homa
kāṭhaka-prayoga-vṛtti	1	UTTARAPADA	pañca
kāṭi	1	UTTARAPADA	rudra
kāṭuki	1	UTTARAPADA	candra
kāṭī	1	UTTARAPADA	vīra
kīcaka-veṇu	1	UTTARAPADA	vetra
kīlikā	1	UTTARAPADA	pāda
kīrti-maya	1	UTTARAPADA	sva
kīrti-mukundamālā	1	UTTARAPADA	rāma
kīrtya	1	UTTARAPADA	divā
kīrya	1	UTTARAPADA	uda
kīryā	1	UTTARAPADA	uda
kīrī	1	UTTARAPADA	rāma
kīṭa-parvata	1	UTTARAPADA	mahā
kīṭā	1	UTTARAPADA	karṇa
kīṭī	1	UTTARAPADA	karṇa
kūjana	1	UTTARAPADA	antra
kūjikā	1	UTTARAPADA	kala
kūlya	1	UTTARAPADA	prāti
kūlīya	1	UTTARAPADA	rohita
kūpa-taḍāgā@di-paddhati	1	UTTARAPADA	vāpī
kūpa-taṭāka-śānti	1	UTTARAPADA	vāpī
kūra	1	UTTARAPADA	danta
kūraka	1	UTTARAPADA	dīrgha
kūrcan	1	UTTARAPADA	pāṇi
kūrcas	1	UTTARAPADA	pāṇi
kūrcāla	1	UTTARAPADA	vāla
kūrkura	1	UTTARAPADA	su
kūrma-māhātmya	1	UTTARAPADA	śrī
kūrma-mṛgā@khu	1	UTTARAPADA	kāka
kūrmaka	1	UTTARAPADA	uttāna
kūrmi	1	UTTARAPADA	tuvi
kūrmin	1	UTTARAPADA	tuvi
kūrmā@di	1	UTTARAPADA	kāka
kūrmā@dy-avatārin	1	UTTARAPADA	matsya
kūrmā@śin	1	UTTARAPADA	gaja
kūti	1	UTTARAPADA	sa
kūśmaṇḍa	1	UTTARAPADA	bhūmi
kūṇi	1	UTTARAPADA	taru
kūṇī	1	UTTARAPADA	kula
kūṭa-lakṣmī-dhara	1	UTTARAPADA	vāṇī
kūṭa-ślokānām	1	UTTARAPADA	ṣaṭ
kūṭa-śāyin	1	UTTARAPADA	rāṅkava
kūṭa-ṭīkā	1	UTTARAPADA	rāmāyaṇa
kūṭana	1	UTTARAPADA	vindhya
kūṭya	1	UTTARAPADA	hema
kūṭā	1	UTTARAPADA	ṣaṭ
kūṭā@bhigarjite@śvara	1	UTTARAPADA	megha
kūṭīya	1	UTTARAPADA	kāla
kḷpti-prayoga	1	UTTARAPADA	pauṇḍarīka
kṛd-daśā	1	UTTARAPADA	anta
kṛmijā	1	UTTARAPADA	rakta
kṛnta	1	UTTARAPADA	śalya
kṛntatra	1	UTTARAPADA	yajña
kṛpaṇam	1	UTTARAPADA	sa
kṛpā	1	UTTARAPADA	puru
kṛsara	1	UTTARAPADA	āgama
kṛsara-saṃyāva	1	UTTARAPADA	vṛthā
kṛta-cūḍa	1	UTTARAPADA	hiraṇya
kṛta-hṛdaya	1	UTTARAPADA	riktī
kṛta-kārin	1	UTTARAPADA	asamyak
kṛta-sthalī	1	UTTARAPADA	adri
kṛta-vat	1	UTTARAPADA	karma
kṛtaka	1	UTTARAPADA	putra
kṛteya	1	UTTARAPADA	brāhma
kṛtnu	1	UTTARAPADA	loka
kṛtrima-māṇikya-maya	1	UTTARAPADA	bhūri
kṛtta	1	UTTARAPADA	sadyaḥ
kṛttikā	1	UTTARAPADA	prati
kṛtto@ta	1	UTTARAPADA	sadyaḥ
kṛtvarī	1	UTTARAPADA	pūrva
kṛtya-muktā@valī	1	UTTARAPADA	sat
kṛtya-prakāśa	1	UTTARAPADA	saṃvatsara
kṛtyā-parimala	1	UTTARAPADA	mahā
kṛtā@tman	1	UTTARAPADA	kara
kṛtā@ṅga-vṛtti	1	UTTARAPADA	sūtra
kṛtī	1	UTTARAPADA	svāhā
kṛśa-phalā	1	UTTARAPADA	sūkṣma
kṛśana	1	UTTARAPADA	ūrdhva
kṛśānu	1	UTTARAPADA	vaidyuta
kṛṣ	1	UTTARAPADA	kaṃsa
kṛṣāṇa	1	UTTARAPADA	sīmā
kṛṣṇa-gaṇo@ddeśa-dīpikā	1	UTTARAPADA	bṛhat
kṛṣṇa-phalā	1	UTTARAPADA	sūkṣma
kṛṣṇa-rāja	1	UTTARAPADA	adbhuta
kṛṣṇa-vallī	1	UTTARAPADA	rukmiṇī
kṛṣṇā@cārya	1	UTTARAPADA	bhāratī
kṛṣṇā@yasa	1	UTTARAPADA	mṛdu
kṛṣṭam	1	UTTARAPADA	yathā
kṛṣṭi	1	UTTARAPADA	viśva
kṣabha	1	UTTARAPADA	aśva
kṣad	1	UTTARAPADA	bāhu
kṣadman	1	UTTARAPADA	svādu
kṣamam	1	UTTARAPADA	yathā
kṣame	1	UTTARAPADA	dyāvā
kṣamā-vat	1	UTTARAPADA	kṣiti
kṣapam	1	UTTARAPADA	prati
kṣapaṇa	1	UTTARAPADA	akṣa
kṣapā	1	UTTARAPADA	kṣaṇa
kṣara	1	UTTARAPADA	sumat
kṣas	1	UTTARAPADA	diva
kṣati	1	UTTARAPADA	māna
kṣati-mat	1	UTTARAPADA	astra
kṣatram	1	UTTARAPADA	sa
kṣatrapa	1	UTTARAPADA	mahā
kṣatri	1	UTTARAPADA	daiva
kṣatriya	1	UTTARAPADA	su
kṣatriya-mardana	1	UTTARAPADA	sarva
kṣatā	1	UTTARAPADA	kadalī
kṣaudra-vat	1	UTTARAPADA	ghṛta
kṣauṇi	1	UTTARAPADA	raṇa
kṣava	1	UTTARAPADA	kṣīra
kṣavaka	1	UTTARAPADA	rāja
kṣaya-kara	1	UTTARAPADA	balāsa
kṣaya-kārin	1	UTTARAPADA	adhika
kṣayaka	1	UTTARAPADA	lohita
kṣaṇikā	1	UTTARAPADA	tat
kṣemeṇa	1	UTTARAPADA	yathā
kṣepaṇa	1	UTTARAPADA	prati
kṣeptṛ	1	UTTARAPADA	tri
kṣetra-kūṭa-saṃdarśana	1	UTTARAPADA	ratna
kṣetra-mahātmya	1	UTTARAPADA	nāsika
kṣetra-māhātmya-sāro@ddhāra	1	UTTARAPADA	sāra
kṣetra-phala	1	UTTARAPADA	vapra
kṣetra-tīrtha-māhātmya	1	UTTARAPADA	sarva
kṣetra-vara-locana	1	UTTARAPADA	vṛddha
kṣetraka	1	UTTARAPADA	kuru
kṣetriyā	1	UTTARAPADA	su
kṣetrā@di-māhātmya	1	UTTARAPADA	nadī
kṣeḍa	1	UTTARAPADA	sthūla
kṣi	1	UTTARAPADA	pāri
kṣipa	1	UTTARAPADA	giri
kṣipram	1	UTTARAPADA	yathā
kṣiti-bhṛt	1	UTTARAPADA	tuhina
kṣiti-garbha	1	UTTARAPADA	daśa
kṣiti-patitva	1	UTTARAPADA	sarva
kṣitibhṛt	1	UTTARAPADA	asta
kṣma	1	UTTARAPADA	su
kṣmādhara	1	UTTARAPADA	hima
kṣobha-kara	1	UTTARAPADA	manaḥ
kṣobhya	1	UTTARAPADA	su
kṣoḍaka	1	UTTARAPADA	go
kṣoṇi	1	UTTARAPADA	raṇa
kṣoṇi-bhṛt	1	UTTARAPADA	prati
kṣu	1	UTTARAPADA	puru
kṣubdha	1	UTTARAPADA	su
kṣubhā	1	UTTARAPADA	vi
kṣudraka	1	UTTARAPADA	vinaya
kṣudraka-vastu	1	UTTARAPADA	vinaya
kṣupa	1	UTTARAPADA	marica
kṣupa-saṃvāda	1	UTTARAPADA	dadhīca
kṣuraka	1	UTTARAPADA	go
kṣurikā	1	UTTARAPADA	vīra
kṣurā	1	UTTARAPADA	dṛḍha
kṣveḍana	1	UTTARAPADA	nigaḍa
kṣveḍikā	1	UTTARAPADA	udaka
kṣveḍin	1	UTTARAPADA	gehe
kṣālana-vidhi	1	UTTARAPADA	jala
kṣālita	1	UTTARAPADA	sudhā
kṣānti	1	UTTARAPADA	anutpāda
kṣāra-mūla	1	UTTARAPADA	kuñjara
kṣīra-duh	1	UTTARAPADA	bahu
kṣīra-maya	1	UTTARAPADA	guḍa
kṣīra-vāṭikā	1	UTTARAPADA	bhū
kṣīrin	1	UTTARAPADA	kaṇṭaki
kṣīriṇikā	1	UTTARAPADA	svarṇa
kṣīrya	1	UTTARAPADA	jāla
kṣṇut	1	UTTARAPADA	ubhayataḥ
kṣṇū	1	UTTARAPADA	ubhayataḥ
labdhikā	1	UTTARAPADA	duḥkha
labhaka	1	UTTARAPADA	dur
laghu	1	UTTARAPADA	sarva
laghu-khamāṇika	1	UTTARAPADA	siddhānta
laghu-kārikā	1	UTTARAPADA	mādhava
laghu-mañjūṣā	1	UTTARAPADA	parama
laghu-tā	1	UTTARAPADA	guru
lagna-nirūpaṇa	1	UTTARAPADA	rātri
lagnaka	1	UTTARAPADA	sa
lahari-stava	1	UTTARAPADA	kāruṇya
laharī-stotra	1	UTTARAPADA	ānanda
laiṅga	1	UTTARAPADA	vāsiṣṭha
laiṅgya	1	UTTARAPADA	vāsiṣṭha
lajjita	1	UTTARAPADA	sa
lajjya	1	UTTARAPADA	nair
lajjā-vatī	1	UTTARAPADA	samadhika
lajjālu	1	UTTARAPADA	vaiparītya
lakkaṇa	1	UTTARAPADA	su
lakta	1	UTTARAPADA	gūtha
lakṣaka-vyañjaka-tva	1	UTTARAPADA	vācaka
lakṣaṇa-bhāva	1	UTTARAPADA	lakṣya
lakṣaṇa-parī@kṣā	1	UTTARAPADA	pramāṇa
lakṣaṇa-prakāśa	1	UTTARAPADA	sājātya
lakṣaṇa-prā@yaścitta	1	UTTARAPADA	śruti
lakṣaṇa-rahasya	1	UTTARAPADA	śabda
lakṣaṇa-sūtra-vṛtti	1	UTTARAPADA	veda
lakṣaṇa-vicāra	1	UTTARAPADA	nyāya
lakṣaṇa-vāda	1	UTTARAPADA	dvaṃdva
lakṣaṇa-vākyā@rtha	1	UTTARAPADA	brahma
lakṣaṇikā	1	UTTARAPADA	cakra
lakṣaṇo@pe@tā	1	UTTARAPADA	vaidhavya
lakṣi-tā	1	UTTARAPADA	sthūla
lakṣmi	1	UTTARAPADA	ātta
lakṣmy-upaniṣad	1	UTTARAPADA	saubhāgya
lakṣmī-hari	1	UTTARAPADA	ardha
lakṣmī-kalpe	1	UTTARAPADA	saubhāgya
lakṣmī-kathā	1	UTTARAPADA	vara
lakṣmī-māhātmya	1	UTTARAPADA	vara
lakṣmī-pīṭhikā	1	UTTARAPADA	sāmrājya
lakṣmī-sāmrājya-siddhi	1	UTTARAPADA	mokṣa
lakṣmī-sāmrājya-tantra	1	UTTARAPADA	mokṣa
lakṣmī-sū@kta	1	UTTARAPADA	hiraṇya
lakṣmī-tantre	1	UTTARAPADA	saubhāgya
lakṣmī-vilāsa	1	UTTARAPADA	mokṣa
lakṣmī-vrata	1	UTTARAPADA	vara
lakṣmī-vrata-kalpa	1	UTTARAPADA	vara
lakṣmī-vrata-kathā	1	UTTARAPADA	vara
lakṣya-tā	1	UTTARAPADA	eka
lakṣā@kṣī	1	UTTARAPADA	koṭi
lalika	1	UTTARAPADA	su
lalita-tantra	1	UTTARAPADA	vijñāna
lalita-vistara	1	UTTARAPADA	laghu
lalitam	1	UTTARAPADA	sa
lalitā-vrata	1	UTTARAPADA	upāṅga
lalāṭa-tā	1	UTTARAPADA	pṛthu
lalāṭatā	1	UTTARAPADA	aparimlāna
lambha	1	UTTARAPADA	samāpta
lambhaka	1	UTTARAPADA	varṣa
lambhana	1	UTTARAPADA	garbha
lambhika	1	UTTARAPADA	prāti
lambuka	1	UTTARAPADA	varaṇḍa
lasa	1	UTTARAPADA	su
latikā-paddhati	1	UTTARAPADA	saubhāgya
lattikā	1	UTTARAPADA	go
latā-druma	1	UTTARAPADA	dīrgha
latā-vellikā	1	UTTARAPADA	kusumita
latā@dhāra	1	UTTARAPADA	loma
latā@mra	1	UTTARAPADA	cakra
latā@vatāra	1	UTTARAPADA	kalpa
lauhaka	1	UTTARAPADA	candra
lauhitika	1	UTTARAPADA	pāñca
laukika-pratyakṣa-kārya-kāraṇa-bhāva-rahasya	1	UTTARAPADA	viṣaya
lava-bhuj	1	UTTARAPADA	kṣiti
lava-vyākhyā	1	UTTARAPADA	bhāva
lavaka	1	UTTARAPADA	sa
lavaṇā	1	UTTARAPADA	paca
lavaṇā@śin	1	UTTARAPADA	akṣāra
layanikā	1	UTTARAPADA	guṇa
layanī	1	UTTARAPADA	guṇa
laḍḍuka	1	UTTARAPADA	viṣa
laṅghano@paniṣad	1	UTTARAPADA	mṛtyu
laṅghita	1	UTTARAPADA	su
laṅghya	1	UTTARAPADA	dur
laṅke@śvara	1	UTTARAPADA	prākṛta
laṅkāyikā	1	UTTARAPADA	varṣā
laṭakana	1	UTTARAPADA	miśra
leham	1	UTTARAPADA	kṣīra
leka	1	UTTARAPADA	sa
lekhanikā	1	UTTARAPADA	citra
lekhikā	1	UTTARAPADA	varṇa
lekhin	1	UTTARAPADA	ambara
lekhinī	1	UTTARAPADA	ghṛta
lepanī	1	UTTARAPADA	sama
lepika	1	UTTARAPADA	prā
lepin	1	UTTARAPADA	prabhā
leya	1	UTTARAPADA	prā
leśa-prakāśikā	1	UTTARAPADA	bhāva
leśa-sukha-da	1	UTTARAPADA	guṇa
liha	1	UTTARAPADA	go
likhana	1	UTTARAPADA	citra
likhita-paribhāṣā	1	UTTARAPADA	śivā
likṣa	1	UTTARAPADA	puṣpa
lilāvatī	1	UTTARAPADA	pāṭī
liptikā	1	UTTARAPADA	vi
liptā@ṅga	1	UTTARAPADA	na
liptī	1	UTTARAPADA	tamo
liṅga-caritra	1	UTTARAPADA	prabhu
liṅga-līlā	1	UTTARAPADA	prabhu
liṅga-nāśa	1	UTTARAPADA	animitta
liṅga-purāṇa	1	UTTARAPADA	vasiṣṭha
liṅga-samarthana	1	UTTARAPADA	yati
liṅga-stavana	1	UTTARAPADA	dvādaśa
liṅga-sthāpana-vidhi	1	UTTARAPADA	ratna
liṅga-stotra	1	UTTARAPADA	dvādaśa
liṅgo@dbhava	1	UTTARAPADA	dvādaśa
liṅgya	1	UTTARAPADA	dvai
liṅgā@nuśāsana	1	UTTARAPADA	pāṇinīya
liṅgā@rtha-candrikā	1	UTTARAPADA	śabda
liṅgā@tma-pīḍā-vat	1	UTTARAPADA	kṣamā
lobha-tā	1	UTTARAPADA	ati
lobhaka	1	UTTARAPADA	sūkṣma
locanā@nanda	1	UTTARAPADA	kādambarī
lodha	1	UTTARAPADA	mahā
lohita-yaṣṭikā	1	UTTARAPADA	dīrgha
lohitaka	1	UTTARAPADA	vi
lohitika	1	UTTARAPADA	pāñca
lohitā	1	UTTARAPADA	agra
loka-loka	1	UTTARAPADA	cira
loka-tā	1	UTTARAPADA	amara
lokam	1	UTTARAPADA	yathā
lokatā	1	UTTARAPADA	sa
lokin	1	UTTARAPADA	sarva
lolinī	1	UTTARAPADA	kal
lolupā	1	UTTARAPADA	gandha
lolā	1	UTTARAPADA	kapi
lolā@kṣī	1	UTTARAPADA	hariṇa
lolī-kṛta	1	UTTARAPADA	ghṛta
loma-parṇī	1	UTTARAPADA	pāṇḍu
loma-phalā	1	UTTARAPADA	kapi
lomikā	1	UTTARAPADA	go
lominī	1	UTTARAPADA	śva
lomya	1	UTTARAPADA	prāti
lomyā	1	UTTARAPADA	śāra
lomā	1	UTTARAPADA	pāṇḍu
lopa-prā@yaścitta-prayoga	1	UTTARAPADA	homa
lopana	1	UTTARAPADA	vrata
loḍita	1	UTTARAPADA	prati
loṇikā	1	UTTARAPADA	amla
loṣṭa-kāñcana	1	UTTARAPADA	sama
loṣṭa-maya	1	UTTARAPADA	kāṣṭha
loṣṭha	1	UTTARAPADA	sītā
loṣṭra-kāñcana	1	UTTARAPADA	sama
loṣṭra-nyāya	1	UTTARAPADA	aśma
loṣṭā@śma-kāñcana	1	UTTARAPADA	sama
loṭa	1	UTTARAPADA	śaka
lugi	1	UTTARAPADA	mahā
luk	1	UTTARAPADA	yaṅ
lumpaka	1	UTTARAPADA	śata
luptaka	1	UTTARAPADA	indra
luñca	1	UTTARAPADA	ku
luñcaka	1	UTTARAPADA	keśa
luñcana	1	UTTARAPADA	keśa
luñcita	1	UTTARAPADA	mṛṣṭa
luṅgaka	1	UTTARAPADA	mastu
luṅgī	1	UTTARAPADA	svādu
luṇṭhaka	1	UTTARAPADA	grāma
luṇṭhana	1	UTTARAPADA	grāma
luṇṭāka	1	UTTARAPADA	sarva
lābha-lobha-satkāra-parāṅmukha	1	UTTARAPADA	bhava
lābha-pūrṇa	1	UTTARAPADA	nija
lābhikā	1	UTTARAPADA	su
lābhin	1	UTTARAPADA	su
lāghava-vicāra	1	UTTARAPADA	gaurava
lāja-kusuma	1	UTTARAPADA	sa
lāla-dāsa	1	UTTARAPADA	raghu
lāla-miśra	1	UTTARAPADA	hari
lāla-śarman	1	UTTARAPADA	hita
lāpikā	1	UTTARAPADA	bahir
lāsinī	1	UTTARAPADA	raṅga
lāti	1	UTTARAPADA	deva
lāvam	1	UTTARAPADA	bisa
lāvī	1	UTTARAPADA	kusuma
lāyikā	1	UTTARAPADA	lavaṇa
lāñchana-dhāraṇa-pramāṇa-śata-pradarśana	1	UTTARAPADA	bhagaval
lāśikā	1	UTTARAPADA	kavi
lāṅgalin	1	UTTARAPADA	yugma
lāṅgalo@paniṣad	1	UTTARAPADA	mṛtyu
lāṅgula-stotra	1	UTTARAPADA	mṛtyu
lāṅgulikā	1	UTTARAPADA	deva
lāṅgūla-kakuda-khura-viṣāṇin	1	UTTARAPADA	sāsnā
lāṇṭā	1	UTTARAPADA	viṣa
lāṭā	1	UTTARAPADA	viṣa
līlā-cintāmaṇi	1	UTTARAPADA	bhagaval
līlā-geha	1	UTTARAPADA	ambu
līlā-kathā	1	UTTARAPADA	śarabha
līlā-mata	1	UTTARAPADA	māyā
līlā-nāman	1	UTTARAPADA	rāja
līlā-sarasvatī	1	UTTARAPADA	mahā
līlā-sthāpana	1	UTTARAPADA	nitya
līlā-taraṃgiṇī	1	UTTARAPADA	kṛṣṇa
līlā-vilāsa-caritra	1	UTTARAPADA	liṅga
līlā-vilāsinī	1	UTTARAPADA	padma
līlā-ṭīkā	1	UTTARAPADA	puṣṭi
līlā@mṛta	1	UTTARAPADA	śiva
līlā@rṇava	1	UTTARAPADA	śiva
līnaka	1	UTTARAPADA	nai
līnā	1	UTTARAPADA	tāmasa
lūṣa	1	UTTARAPADA	arka
m-agrīya	1	UTTARAPADA	juhū
m-aja	1	UTTARAPADA	vāta
m-artha	1	UTTARAPADA	prāptavya
m-aya	1	UTTARAPADA	asta
m-ayana	1	UTTARAPADA	asta
m-ayā@cala	1	UTTARAPADA	asta
m-aṭa	1	UTTARAPADA	rātri
m-bala	1	UTTARAPADA	jala
m-bharaka	1	UTTARAPADA	viśva
m-bharā	1	UTTARAPADA	satya
m-bharī	1	UTTARAPADA	śāka
m-bharīya	1	UTTARAPADA	śāka
m-bhavya	1	UTTARAPADA	rāja
m-bhavyā	1	UTTARAPADA	dhenu
m-bhaṇa	1	UTTARAPADA	cira
m-bhāvi-tva	1	UTTARAPADA	avaśya
m-bhāvi-tā	1	UTTARAPADA	avaśya
m-bhāvin	1	UTTARAPADA	avaśya
m-bhūmi	1	UTTARAPADA	sama
m-bila	1	UTTARAPADA	sama
m-edhas	1	UTTARAPADA	sukha
m-ejayatva	1	UTTARAPADA	aṅga
m-eṣyat	1	UTTARAPADA	asta
m-ito@ditā	1	UTTARAPADA	asta
m-iṣṭi	1	UTTARAPADA	aśva
m-manyamāna	1	UTTARAPADA	paṇḍita
m-pacā	1	UTTARAPADA	paca
m-parya	1	UTTARAPADA	pāra
m-parā	1	UTTARAPADA	para
m-parī	1	UTTARAPADA	pāra
m-parīya	1	UTTARAPADA	pāra
m-parīṇa	1	UTTARAPADA	pāra
m-patika	1	UTTARAPADA	jāyā
m-paśya	1	UTTARAPADA	sūrya
m-paśyā	1	UTTARAPADA	asūrya
m-puna	1	UTTARAPADA	kula
m-pātā	1	UTTARAPADA	taila
m-pṛṇa	1	UTTARAPADA	loka
m-pṛṇā	1	UTTARAPADA	loka
m-udruja	1	UTTARAPADA	kūla
m-udvaha	1	UTTARAPADA	kūla
m-ugri	1	UTTARAPADA	sātya
m-ugrya	1	UTTARAPADA	sātya
m-vada	1	UTTARAPADA	apriya
m-āsaja	1	UTTARAPADA	cakra
m-īke	1	UTTARAPADA	asta
m-īyāma	1	UTTARAPADA	agni
m-īḍe	1	UTTARAPADA	hari
m-īṅkhaya	1	UTTARAPADA	samudra
m-ūti	1	UTTARAPADA	sahasra
ma-kāra	1	UTTARAPADA	pañca
macarcikā	1	UTTARAPADA	go
mada-matsara	1	UTTARAPADA	vyapeta
madana-pāla	1	UTTARAPADA	rāya
madanikā	1	UTTARAPADA	raivata
madgura	1	UTTARAPADA	karṇa
madhu-kara	1	UTTARAPADA	līlā
madhu-maya	1	UTTARAPADA	ghṛta
madhukā	1	UTTARAPADA	yaṣṭi
madhya-bhū	1	UTTARAPADA	sūtra
madhya-bīja	1	UTTARAPADA	aṇu
madhya-haṃsa	1	UTTARAPADA	viyan
madhya-madhya	1	UTTARAPADA	go
madhya-mārgī	1	UTTARAPADA	śuddha
madhya-yamaka	1	UTTARAPADA	pāda
madhyamā@ṅguli-karpūram	1	UTTARAPADA	madhye
madhyandina	1	UTTARAPADA	ati
madhyā@dhimātra	1	UTTARAPADA	mṛdu
madhyā@hna	1	UTTARAPADA	pūrva
madhyā@nta	1	UTTARAPADA	anādi
madhūka	1	UTTARAPADA	jala
madirā	1	UTTARAPADA	vadana
madrika	1	UTTARAPADA	paurva
madvan	1	UTTARAPADA	satya
madvat	1	UTTARAPADA	sakṛn
madyat	1	UTTARAPADA	amadyapa
madā@lasa	1	UTTARAPADA	mudita
madā@ndha	1	UTTARAPADA	madirā
madā@vastha	1	UTTARAPADA	antar
magha-śrī	1	UTTARAPADA	indra
magnaka	1	UTTARAPADA	nai
mahaka	1	UTTARAPADA	paitā
mahat-tva	1	UTTARAPADA	durgā
mahau@ṣadhi	1	UTTARAPADA	rakṣā
mahe@ndra-tīrtha	1	UTTARAPADA	rāja
mahe@śa	1	UTTARAPADA	maṇi
mahe@śvara-kavi	1	UTTARAPADA	mahā
mahe@śvara-vrata	1	UTTARAPADA	umā
mahe@śvarā@yatana	1	UTTARAPADA	mahā
mahe@śā@khya	1	UTTARAPADA	puṇya
mahi-vrata	1	UTTARAPADA	mahā
mahikā@ṃśu	1	UTTARAPADA	mahī
mahila	1	UTTARAPADA	rāja
mahima-varṇana	1	UTTARAPADA	dvāra
mahimnaḥ-stava	1	UTTARAPADA	śuka
mahimo@pavarṇana	1	UTTARAPADA	purāṇa
mahita	1	UTTARAPADA	martya
mahiṣa-dā	1	UTTARAPADA	go
mahiṣikā	1	UTTARAPADA	aśva
mahiṣī-dāna	1	UTTARAPADA	mṛtyu
mahiṣī-dāna-vidhi	1	UTTARAPADA	mṛtyu
maho@pādhyāya	1	UTTARAPADA	mahā
mahoṭikā	1	UTTARAPADA	śveta
mahā-bala	1	UTTARAPADA	śākya
mahā-bhāga	1	UTTARAPADA	sapta
mahā-deva	1	UTTARAPADA	devī
mahā-dvāra	1	UTTARAPADA	gaṅgā
mahā-hrada	1	UTTARAPADA	tīrtha
mahā-navamī	1	UTTARAPADA	caṇḍikā
mahā-nyāsa	1	UTTARAPADA	rudra
mahā-nāmya	1	UTTARAPADA	sāvitrī
mahā-pariṣad	1	UTTARAPADA	mokṣa
mahā-patha	1	UTTARAPADA	catur
mahā-pūjā	1	UTTARAPADA	śāradīya
mahā-roṣaṇa-tantra	1	UTTARAPADA	caṇḍa
mahā-rāja	1	UTTARAPADA	catur
mahā-sena	1	UTTARAPADA	caṇḍa
mahā-siddhā@nta	1	UTTARAPADA	vaiṣṇava
mahā-siddhā@nta-nirūpaṇa	1	UTTARAPADA	dvādaśa
mahā-sthāna	1	UTTARAPADA	nāradīya
mahā-tantra	1	UTTARAPADA	śābara
mahā-vidyā	1	UTTARAPADA	daśa
mahā-vyāhṛti	1	UTTARAPADA	prati
mahā-vākya	1	UTTARAPADA	dvādaśa
mahā@nasa	1	UTTARAPADA	prati
mahā@rādhana	1	UTTARAPADA	vāsudeva
mahābhāṣya	1	UTTARAPADA	vyākaraṇa
mahābhūta-maya	1	UTTARAPADA	pañca
mahādeva-kṣetra-māhātmya	1	UTTARAPADA	śambhu
mahādevī	1	UTTARAPADA	paṭṭa
mahākalpa	1	UTTARAPADA	pañca
mahāmātra	1	UTTARAPADA	gaṇaka
mahānare@ndrā@khyāna	1	UTTARAPADA	bali
mahāpātakin	1	UTTARAPADA	pañca
mahāyajña	1	UTTARAPADA	pañca
mahī-bhṛt	1	UTTARAPADA	meru
mahībhṛt	1	UTTARAPADA	sahya
mahīdhra	1	UTTARAPADA	krīḍā
mahīpati	1	UTTARAPADA	siṃha
mahīruh	1	UTTARAPADA	kalpa
mahīruha	1	UTTARAPADA	kalpa
maireya	1	UTTARAPADA	madhu
maithunika	1	UTTARAPADA	āsya
maithunin	1	UTTARAPADA	divā
maitrāvaruṇa-prayoga	1	UTTARAPADA	paśu
maitrāyaṇī-putra	1	UTTARAPADA	pūrṇa
majja	1	UTTARAPADA	nir
majjana	1	UTTARAPADA	paṅka
majjā	1	UTTARAPADA	piyāla
majjā@ntra	1	UTTARAPADA	vi
majra	1	UTTARAPADA	khara
makarando@haraṇa	1	UTTARAPADA	horā
makha-mathana	1	UTTARAPADA	dakṣa
makhas	1	UTTARAPADA	sadma
makā	1	UTTARAPADA	kaṇḍū
makṣa	1	UTTARAPADA	madhu
mala-harī	1	UTTARAPADA	mahā
mala-hāraka	1	UTTARAPADA	samagra
mala-samācita	1	UTTARAPADA	vapur
malakā	1	UTTARAPADA	su
malaya-pura	1	UTTARAPADA	mahā
malimluc	1	UTTARAPADA	deva
malla-taila	1	UTTARAPADA	viparīta
malla-vīra	1	UTTARAPADA	bhuvana
mallakarṇi	1	UTTARAPADA	śrī
mallarāja	1	UTTARAPADA	pṛthvī
mallavena-siddhā@nta	1	UTTARAPADA	bāla
mallārikā	1	UTTARAPADA	naṭṭa
mallīka	1	UTTARAPADA	bharata
malo@jjhita-deha	1	UTTARAPADA	sveda
malya	1	UTTARAPADA	nair
malā	1	UTTARAPADA	śrī
malā@pagata	1	UTTARAPADA	sarva
malā@pahā	1	UTTARAPADA	śrī
malīmasa	1	UTTARAPADA	nir
mama	1	UTTARAPADA	nir
mama-tā	1	UTTARAPADA	aham
mamā@bhimāna	1	UTTARAPADA	aham
manaka	1	UTTARAPADA	su
manasam	1	UTTARAPADA	yathā
manasya	1	UTTARAPADA	daur
manasyā	1	UTTARAPADA	śraddhā
manasāyana	1	UTTARAPADA	daur
manaḥ	1	UTTARAPADA	su
manaḥ-svabhāva	1	UTTARAPADA	netra
mandam	1	UTTARAPADA	manda
mandira-sāra	1	UTTARAPADA	dagdha
mandiram	1	UTTARAPADA	prati
mandrā	1	UTTARAPADA	uttara
mandrā@tisvārya	1	UTTARAPADA	caturtha
mandurā	1	UTTARAPADA	aśva
mandā	1	UTTARAPADA	melā
mandā@tapa	1	UTTARAPADA	manda
mandākinī	1	UTTARAPADA	svarga
mandāra-māhātmya	1	UTTARAPADA	śamī
mandāra-saurabha	1	UTTARAPADA	śaṃkara
mandāra-vṛkṣa	1	UTTARAPADA	bāla
mandāraka	1	UTTARAPADA	śveta
mandārava	1	UTTARAPADA	mahā
mani	1	UTTARAPADA	mahā
maniman	1	UTTARAPADA	vi
mano	1	UTTARAPADA	su
mano-bodha-vākya	1	UTTARAPADA	sva
mano-ga	1	UTTARAPADA	śvasana
mano-ratha	1	UTTARAPADA	prāpta
mano@tsava	1	UTTARAPADA	vaidya
manoharaṇa	1	UTTARAPADA	su
manoharā	1	UTTARAPADA	vidvan
manoharī	1	UTTARAPADA	samara
manoratha-krama	1	UTTARAPADA	ati
manoratha-vrata	1	UTTARAPADA	pūrṇimā
manorañjinī	1	UTTARAPADA	vidvan
mantavya	1	UTTARAPADA	bahu
manthaka	1	UTTARAPADA	hari
manthanīya	1	UTTARAPADA	agni
mantharatā	1	UTTARAPADA	viveka
manthin	1	UTTARAPADA	ūrdhva
manthu	1	UTTARAPADA	para
mantra-devatā-prakāśikā	1	UTTARAPADA	samasta
mantra-dhara	1	UTTARAPADA	rāja
mantra-gahvara	1	UTTARAPADA	hanuman
mantra-kalpa	1	UTTARAPADA	śūlinī
mantra-kāṇḍa	1	UTTARAPADA	svara
mantra-paṭala	1	UTTARAPADA	svapna
mantra-prakāśa	1	UTTARAPADA	tantra
mantra-prakāśaka	1	UTTARAPADA	sūtra
mantra-puraskṛtam	1	UTTARAPADA	vidhi
mantra-tanu	1	UTTARAPADA	pañca
mantra-varṇam	1	UTTARAPADA	yathā
mantra-vibhāga	1	UTTARAPADA	rudra
mantra-viśrāma	1	UTTARAPADA	vedānta
mantra-vyākhyā	1	UTTARAPADA	saṃdhyā
mantra-vyākhyāna	1	UTTARAPADA	saṃdhyā
mantra-śāpa-vimocana	1	UTTARAPADA	sarva
mantraka	1	UTTARAPADA	su
mantram	1	UTTARAPADA	prati
mantrau@gha-siddhi-mat	1	UTTARAPADA	nānā
mantraṇaka	1	UTTARAPADA	nai
mantrita	1	UTTARAPADA	su
mantro@ddhāra	1	UTTARAPADA	hanuman
mantro@payukta-paribhāṣā	1	UTTARAPADA	sarva
mantro@tkīlana	1	UTTARAPADA	sarva
mantrya	1	UTTARAPADA	daur
mantrā@dhikṛta	1	UTTARAPADA	havya
mantrā@nukramaṇikā	1	UTTARAPADA	soma
mantrā@nukramaṇī	1	UTTARAPADA	yajamāna
mantrā@rtha	1	UTTARAPADA	nārāyaṇa
mantrā@vabodha	1	UTTARAPADA	mauna
manu-pitṛ	1	UTTARAPADA	svāyambhuva
manu-sū	1	UTTARAPADA	revanta
manus	1	UTTARAPADA	viśva
manuṣyā@laya-lakṣaṇa	1	UTTARAPADA	pakṣi
manyava	1	UTTARAPADA	śāta
manyu-sāyaka	1	UTTARAPADA	hari
manyuka	1	UTTARAPADA	vi
manyumat	1	UTTARAPADA	parama
manā-mukha	1	UTTARAPADA	su
manā@sya	1	UTTARAPADA	su
manāyana	1	UTTARAPADA	su
manī-bhūta	1	UTTARAPADA	vi
manī-kṛta	1	UTTARAPADA	vi
manīṣa	1	UTTARAPADA	ku
manīṣikā	1	UTTARAPADA	sva
manīṣin	1	UTTARAPADA	ku
manīṣitam	1	UTTARAPADA	yathā
manīṣā	1	UTTARAPADA	sva
maraka	1	UTTARAPADA	jana
marakata	1	UTTARAPADA	mahā
maratva	1	UTTARAPADA	dur
maraṇa-cihna	1	UTTARAPADA	samīpa
mardalaka	1	UTTARAPADA	vīra
mardanaka	1	UTTARAPADA	vīra
mardanikā	1	UTTARAPADA	viṣa
mardi	1	UTTARAPADA	prākāra
mardita	1	UTTARAPADA	su
markaṭa-pota	1	UTTARAPADA	krīḍā
markaṭikā	1	UTTARAPADA	vṛkṣa
markaṭī-vrata	1	UTTARAPADA	kukkuṭī
marma	1	UTTARAPADA	para
marmaga	1	UTTARAPADA	su
marmā@sthi-saṃghāta	1	UTTARAPADA	saha
martyā	1	UTTARAPADA	putra
maru	1	UTTARAPADA	mṛn
maru-vanā@śraya	1	UTTARAPADA	sarin
marul-lipi	1	UTTARAPADA	vāyu
maruta	1	UTTARAPADA	sūrya
marutau	1	UTTARAPADA	agnā
maruttīya	1	UTTARAPADA	saṃvarta
marutvatīya	1	UTTARAPADA	mahā
maryādin	1	UTTARAPADA	bhinna
maryādā-giri	1	UTTARAPADA	varṣa
marāya	1	UTTARAPADA	rāśi
marāyu	1	UTTARAPADA	dur
marīci-mat	1	UTTARAPADA	hema
marīcimat	1	UTTARAPADA	śara
marīsa	1	UTTARAPADA	avi
marśa	1	UTTARAPADA	ati
marṣa-praśamana	1	UTTARAPADA	aṅga
marṣi	1	UTTARAPADA	mārga
mas	1	UTTARAPADA	candra
masa	1	UTTARAPADA	sūra
mastaka-piṇḍaka	1	UTTARAPADA	bhinna
mastaka-piṇḍika	1	UTTARAPADA	bhinna
mastakita	1	UTTARAPADA	vi
mastakā	1	UTTARAPADA	chinna
mastā	1	UTTARAPADA	chinna
masī	1	UTTARAPADA	kāla
masūra	1	UTTARAPADA	kṛṣṇa
masūrī	1	UTTARAPADA	galla
mata-darpaṇa	1	UTTARAPADA	pāṇinīya
mata-golā@dhyāya	1	UTTARAPADA	yavana
mata-liṅga-śāstra	1	UTTARAPADA	bhānu
mata-paddhati	1	UTTARAPADA	bhāgavatī
mata-prakāśa	1	UTTARAPADA	piṅgala
mata-prasaṅga	1	UTTARAPADA	kuśala
mata-rahasya	1	UTTARAPADA	navya
mata-ratna-sūtra-dīpikā	1	UTTARAPADA	śākta
mata-sthāpaka	1	UTTARAPADA	ṣaṇ
mata-vāda	1	UTTARAPADA	navya
mata-vādā@rtha	1	UTTARAPADA	navya
mata-śilpa-śāstra	1	UTTARAPADA	bhānu
mataka	1	UTTARAPADA	mādhu
mathana-vallabha	1	UTTARAPADA	purā
mathanā	1	UTTARAPADA	muṇḍa
mathitṛ	1	UTTARAPADA	pura
mathurā-nātha	1	UTTARAPADA	śukla
mati-kāri-tā	1	UTTARAPADA	viruddha
mati-kārin	1	UTTARAPADA	viruddha
mati-kṛt	1	UTTARAPADA	viruddha
mati-mat	1	UTTARAPADA	sūkṣma
matin	1	UTTARAPADA	bhānu
matkuṇa	1	UTTARAPADA	ṛṇa
mato@ttara	1	UTTARAPADA	śrī
matsyaka	1	UTTARAPADA	pauṇḍra
matsyā	1	UTTARAPADA	phala
matsyā@hvaya	1	UTTARAPADA	dāru
matsī	1	UTTARAPADA	kuḍya
matā	1	UTTARAPADA	brāhmaṇi
matā@bja-bhāskara	1	UTTARAPADA	vaiṣṇava
matā@numāna	1	UTTARAPADA	śruti
matī-kṛta	1	UTTARAPADA	dur
matīkṛta	1	UTTARAPADA	su
maudgala	1	UTTARAPADA	satya
maudgalya	1	UTTARAPADA	yaṣṭi
maudgalyāyana	1	UTTARAPADA	mahā
maukhya	1	UTTARAPADA	grāma
mauktika-mālā	1	UTTARAPADA	pratyaya
mauleya	1	UTTARAPADA	vindhya
mauli-śrī-cūḍa	1	UTTARAPADA	vicitra
maulika	1	UTTARAPADA	san
maulya	1	UTTARAPADA	bahu
maunam	1	UTTARAPADA	vimukta
maunin	1	UTTARAPADA	kṛṣṇa
maurvi	1	UTTARAPADA	dyu
maurvī	1	UTTARAPADA	krānti
mauñja	1	UTTARAPADA	bhādra
mauñjin	1	UTTARAPADA	nāga
maya-kośa	1	UTTARAPADA	anna
maya-koṣa	1	UTTARAPADA	vijñāna
maya-stotra	1	UTTARAPADA	bhakta
mayaka	1	UTTARAPADA	mṛn
mayo-bhū	1	UTTARAPADA	śambhu
mayūkha-mālin	1	UTTARAPADA	tigma
mayūrikā	1	UTTARAPADA	pūti
mayūrī	1	UTTARAPADA	mahā
mañca-nṛtya	1	UTTARAPADA	svara
mañcaka	1	UTTARAPADA	prati
mañcikā	1	UTTARAPADA	varṇa
mañcukā	1	UTTARAPADA	madana
mañjarī-guṇa-leśa-mātra-sūcakā@ṣṭaka	1	UTTARAPADA	moda
mañjarī-prakāśa	1	UTTARAPADA	sūkti
mañju	1	UTTARAPADA	śrī
mañjuṣaka	1	UTTARAPADA	mahā
mañjī	1	UTTARAPADA	aṅgāra
mañjīra	1	UTTARAPADA	mañju
mañjūṣaka	1	UTTARAPADA	mahā
mañjūṣā-khaṇḍana	1	UTTARAPADA	siddhānta
maṃhiṣṭhīya	1	UTTARAPADA	yan
maṃsā@da	1	UTTARAPADA	sarva
maṅgala-devatā	1	UTTARAPADA	brahma
maṅgala-granthi	1	UTTARAPADA	saṃkhyā
maṅgala-mantra	1	UTTARAPADA	setu
maṅgala-māhātmya	1	UTTARAPADA	sapta
maṅgala-stotra	1	UTTARAPADA	yaśo
maṅgala-vāra	1	UTTARAPADA	prati
maṅgalai@kādaśaka	1	UTTARAPADA	smaraṇa
maṅgalam	1	UTTARAPADA	yathā
maṅgalya	1	UTTARAPADA	ati
maṅgalā	1	UTTARAPADA	priya
maṅgalā@ṣṭaka	1	UTTARAPADA	śiva
maṅgā	1	UTTARAPADA	su
maṅku	1	UTTARAPADA	dur
maṇavaka	1	UTTARAPADA	māyā
maṇi-darpaṇa	1	UTTARAPADA	vilāsa
maṇi-dāsa	1	UTTARAPADA	rāma
maṇi-dīdhiti	1	UTTARAPADA	anumāna
maṇi-dīpikā	1	UTTARAPADA	prākṛta
maṇi-haraṇa	1	UTTARAPADA	syamantaka
maṇi-kara	1	UTTARAPADA	vimala
maṇi-kośa	1	UTTARAPADA	vṛtta
maṇi-mālikā	1	UTTARAPADA	prayoga
maṇi-paricchedā@loka	1	UTTARAPADA	śabda
maṇi-prabhā	1	UTTARAPADA	yoga
maṇi-pradīpikā	1	UTTARAPADA	yoga
maṇi-raśmi-cakra	1	UTTARAPADA	pratyakṣa
maṇi-sahasraruc	1	UTTARAPADA	phaṇā
maṇi-saṃdarbha	1	UTTARAPADA	sundara
maṇi-vyākhyā	1	UTTARAPADA	śabda
maṇi-śṛṅga	1	UTTARAPADA	pravāla
maṇiṃda	1	UTTARAPADA	go
maṇyu	1	UTTARAPADA	vṛṣa
maṇḍaka	1	UTTARAPADA	bhakta
maṇḍala-namaskāra	1	UTTARAPADA	pañca
maṇḍala-pariśuddha	1	UTTARAPADA	tri
maṇḍala-stha	1	UTTARAPADA	bahir
maṇḍala-sādhanī	1	UTTARAPADA	sarva
maṇḍala-vat	1	UTTARAPADA	vidyun
maṇḍalaka	1	UTTARAPADA	vidyā
maṇḍalya	1	UTTARAPADA	pāri
maṇḍalā	1	UTTARAPADA	tri
maṇḍalā@dhipati	1	UTTARAPADA	mālava
maṇḍalā@kṣa	1	UTTARAPADA	hari
maṇḍalā@rcana	1	UTTARAPADA	pādma
maṇḍanaka	1	UTTARAPADA	mukha
maṇḍapa-bhūṣaṇā	1	UTTARAPADA	bhūmi
maṇḍapa-kaumudī	1	UTTARAPADA	kuṇḍa
maṇḍapa-saṃgraha	1	UTTARAPADA	kuṇḍa
maṇḍapa-siddhi	1	UTTARAPADA	kuṇḍa
maṇḍikā	1	UTTARAPADA	mukha
maṇḍinikā	1	UTTARAPADA	mukha
maṇḍuka	1	UTTARAPADA	paṅka
maṇḍā	1	UTTARAPADA	vajra
maṇḍī	1	UTTARAPADA	mukha
maṇḍūka-kaṇṭha	1	UTTARAPADA	mukta
maṇḍūraka	1	UTTARAPADA	haṃsa
maṇṭhaka	1	UTTARAPADA	prati
maṭhā@mnāya-daśa-nāmā@bhidhāna	1	UTTARAPADA	sapta
maṭhā@mnāyika	1	UTTARAPADA	sapta
maṭhī	1	UTTARAPADA	kāṣṭha
meda-ja	1	UTTARAPADA	daitya
medhaka	1	UTTARAPADA	aśva
medhin	1	UTTARAPADA	aśva
medhra	1	UTTARAPADA	stabdha
medhyā	1	UTTARAPADA	brahma
medhā	1	UTTARAPADA	mahā
medhā-samanvita	1	UTTARAPADA	yaśo
medhā@tithi	1	UTTARAPADA	jyotir
medhī	1	UTTARAPADA	bakula
medhīya	1	UTTARAPADA	aśva
medin	1	UTTARAPADA	indra
medura	1	UTTARAPADA	megha
medā	1	UTTARAPADA	sura
megha-sūtra	1	UTTARAPADA	ratna
megha-śabda	1	UTTARAPADA	vilasan
megho@daya	1	UTTARAPADA	akāla
meghā	1	UTTARAPADA	pāṇḍala
mehala	1	UTTARAPADA	andha
meka	1	UTTARAPADA	su
mekhalaka	1	UTTARAPADA	citra
mekhalī	1	UTTARAPADA	suvarṇa
mela-kalā-nidhi	1	UTTARAPADA	svara
mela-vāṇī-vidhi	1	UTTARAPADA	vivāha
melana	1	UTTARAPADA	pātra
melana-prahasana	1	UTTARAPADA	laṭaka
meli	1	UTTARAPADA	paila
memiṣa	1	UTTARAPADA	ati
methikā	1	UTTARAPADA	vana
meśikā	1	UTTARAPADA	kāla
meṇṭha	1	UTTARAPADA	bhartṛ
meṣa	1	UTTARAPADA	vāji
meṣaka	1	UTTARAPADA	jīva
meṣikā	1	UTTARAPADA	kāla
mi	1	UTTARAPADA	kakud
mihikā	1	UTTARAPADA	kāra
milikā	1	UTTARAPADA	dur
milin	1	UTTARAPADA	jyotir
milita	1	UTTARAPADA	saṃketa
millārikā	1	UTTARAPADA	megha
milā	1	UTTARAPADA	dur
mirmira	1	UTTARAPADA	ati
mit	1	UTTARAPADA	garta
mita-prakāśikā	1	UTTARAPADA	śruti
mita-rāga	1	UTTARAPADA	nir
mithya	1	UTTARAPADA	nir
mithyā-tva	1	UTTARAPADA	prapañca
mithyātva-ṭīkā	1	UTTARAPADA	pañca
mitro@daya	1	UTTARAPADA	vīra
mitro@paśānti	1	UTTARAPADA	śatru
mitrya	1	UTTARAPADA	su
mitya	1	UTTARAPADA	pāri
mitā@kṣarā	1	UTTARAPADA	ṛju
miśa	1	UTTARAPADA	nai
miśla	1	UTTARAPADA	tila
miśra-keśava	1	UTTARAPADA	san
miśra-lakṣaṇa	1	UTTARAPADA	dvitīya
miśratva	1	UTTARAPADA	śuddha
miśraṇa	1	UTTARAPADA	vāṅ
miśri	1	UTTARAPADA	nai
miśrā@nna	1	UTTARAPADA	seka
miśīya	1	UTTARAPADA	nai
miṣa	1	UTTARAPADA	nai
mla	1	UTTARAPADA	su
mlānā@ṅga	1	UTTARAPADA	rūkṣa
mna	1	UTTARAPADA	carma
mocanikā	1	UTTARAPADA	bandha
mocinī	1	UTTARAPADA	bandha
modakikā	1	UTTARAPADA	dvi
modatā	1	UTTARAPADA	khādata
modika	1	UTTARAPADA	prā
modikā	1	UTTARAPADA	aja
mohanikā	1	UTTARAPADA	paśu
mohā	1	UTTARAPADA	dur
mojā@ntaka	1	UTTARAPADA	gṛdhra
mokṣa-nirāsa-kārikā	1	UTTARAPADA	para
mokṣaṇa-prastāva	1	UTTARAPADA	pūtanā
moraṭa	1	UTTARAPADA	kṣīra
moṣaṇa	1	UTTARAPADA	śulka
moṭi	1	UTTARAPADA	karṇa
moṭikāputra	1	UTTARAPADA	putra
moṭā	1	UTTARAPADA	karṇa
moṭī	1	UTTARAPADA	karṇa
mrakṣa	1	UTTARAPADA	tuvi
mriyamāṇa	1	UTTARAPADA	jīvan
muci	1	UTTARAPADA	na
mucilinda	1	UTTARAPADA	mahā
mudga-maya	1	UTTARAPADA	māṣa
mudgaka	1	UTTARAPADA	rāja
mudgara-hasta	1	UTTARAPADA	śūla
mudgara-rasa	1	UTTARAPADA	meha
mudgarikā	1	UTTARAPADA	phala
mudraka	1	UTTARAPADA	sarpa
mudrā-lakṣaṇa	1	UTTARAPADA	ṣoḍaśa
mudvin	1	UTTARAPADA	ku
mugdha	1	UTTARAPADA	viśuddha
muha	1	UTTARAPADA	saṃkaṭa
muhus	1	UTTARAPADA	prati
muhūrtī	1	UTTARAPADA	ṣaṇ
mukha-bhaṅga	1	UTTARAPADA	madhva
mukha-capeṭā	1	UTTARAPADA	madana
mukha-dhāriṇī	1	UTTARAPADA	samanta
mukha-maṇḍana	1	UTTARAPADA	vidagdha
mukha-sarva-jagat-praṇidhi-saṃdhāraṇa-garbha	1	UTTARAPADA	dhāraṇī
mukha-vyākaraṇa	1	UTTARAPADA	prayoga
mukham	1	UTTARAPADA	yathā
mukhara-mukha	1	UTTARAPADA	śruti
mukharī-māhātmya	1	UTTARAPADA	svarṇa
mukhi	1	UTTARAPADA	daur
mukhika	1	UTTARAPADA	pāri
mukhikayā	1	UTTARAPADA	tan
mukhikā	1	UTTARAPADA	khara
mukhyaka	1	UTTARAPADA	vedha
mukhyam	1	UTTARAPADA	yathā
mukhyā@hva	1	UTTARAPADA	dāru
mukhyā@hvaya	1	UTTARAPADA	dāru
mukhā@śrita	1	UTTARAPADA	paścān
mukhī-kṛta	1	UTTARAPADA	su
mukhī-māhātmya	1	UTTARAPADA	suvarṇa
mukhī-sahasra-nāman	1	UTTARAPADA	śrī
mukhīya	1	UTTARAPADA	sūkta
mukta-puṣpa	1	UTTARAPADA	dehalī
muktaka	1	UTTARAPADA	ati
mukti-dā	1	UTTARAPADA	preta
mukti-kāraṇa-vāda	1	UTTARAPADA	saṃsāra
mukti-pradāyaka	1	UTTARAPADA	bhīṣma
mukti-vāda-ṭippanī	1	UTTARAPADA	navya
muktikā	1	UTTARAPADA	loha
muktā-kalāpa	1	UTTARAPADA	sūtra
muktā-mahā@rṇava	1	UTTARAPADA	śabda
muktā-maṇi	1	UTTARAPADA	lekhaka
muktā-ratnā@valī-stotra-ṭīkā	1	UTTARAPADA	mukunda
muktā-vivāda	1	UTTARAPADA	suvarṇa
muktā@valī-stotra	1	UTTARAPADA	sāmba
muktā@vatī	1	UTTARAPADA	prastāva
muktāphala	1	UTTARAPADA	smṛti
mukulita	1	UTTARAPADA	dara
mukunda	1	UTTARAPADA	kālindī
mukunda-deva	1	UTTARAPADA	vīra
mukundā@cārya	1	UTTARAPADA	bāla
mukuṭa-māhātmya	1	UTTARAPADA	hara
mumukṣu	1	UTTARAPADA	nir
mura	1	UTTARAPADA	na
mura-naraka-vināśana	1	UTTARAPADA	madhu
muraja	1	UTTARAPADA	prahata
murmura	1	UTTARAPADA	kukūla
murā@ri	1	UTTARAPADA	roga
musali	1	UTTARAPADA	dvi
muṇḍa-rasa	1	UTTARAPADA	śaśa
muṇḍanikā	1	UTTARAPADA	mahā
muṇḍī	1	UTTARAPADA	mahā
muṇḍīka	1	UTTARAPADA	su
muṣi-gṛhīta	1	UTTARAPADA	mano
muṣṇa-māhātmya	1	UTTARAPADA	śrī
muṣṭi-māhātmya	1	UTTARAPADA	śrī
muṣṭy-adhikaraṇa-kṣepa	1	UTTARAPADA	saṃkhyā
muṣṭī	1	UTTARAPADA	pañca
mācāla	1	UTTARAPADA	parṇa
mād	1	UTTARAPADA	sadha
mādanī	1	UTTARAPADA	vasanta
mādhava-tīrtha	1	UTTARAPADA	śveta
mādhvīka	1	UTTARAPADA	madhu
mādhyastha	1	UTTARAPADA	nir
mādhyaṃdina-savana	1	UTTARAPADA	prātar
mādika	1	UTTARAPADA	prā
mādin	1	UTTARAPADA	sadha
mādinī	1	UTTARAPADA	gandha
mādrī	1	UTTARAPADA	rakta
māgadhī	1	UTTARAPADA	ardha
māghī	1	UTTARAPADA	mahā
māhe@śvara	1	UTTARAPADA	haṃsa
māhendra-kāṇḍa	1	UTTARAPADA	vīra
māheśvara	1	UTTARAPADA	mahā
māhātmya-darpaṇa	1	UTTARAPADA	hari
māhātmya-paddhati	1	UTTARAPADA	viṣṇu
māla-bhārin	1	UTTARAPADA	kaṅkāla
māla-pattrikā	1	UTTARAPADA	madhu
mālati-rasa	1	UTTARAPADA	vasanta
mālatī-nāṭaka	1	UTTARAPADA	madhu
mālava	1	UTTARAPADA	gauḍa
mālavī	1	UTTARAPADA	ikṣu
mālikā-ṭīkā	1	UTTARAPADA	yantra
mālinya	1	UTTARAPADA	vadana
mālinī-pariṇaya	1	UTTARAPADA	bakula
mālinī-vijayo@ttara	1	UTTARAPADA	śrī
māluka	1	UTTARAPADA	kṛṣṇa
mālya-kavara	1	UTTARAPADA	vyākīrṇa
mālya-phala	1	UTTARAPADA	bahu
mālyaka	1	UTTARAPADA	su
mālyā@bharaṇa	1	UTTARAPADA	vicitra
mālā-devī-siṃha-nāda-sūtra	1	UTTARAPADA	śrī
mālā-kośa	1	UTTARAPADA	bhārata
mālā-vṛtti	1	UTTARAPADA	śāstra
mālā@kula	1	UTTARAPADA	jvāla
mālīya-puṇḍroka	1	UTTARAPADA	ratna
māna-nirṇaya	1	UTTARAPADA	devī
māna-pūjā	1	UTTARAPADA	bhagavan
māna-taraṃgiṇī	1	UTTARAPADA	rādhā
mānaka	1	UTTARAPADA	deva
mānam	1	UTTARAPADA	yathā
mānasa-pūjana	1	UTTARAPADA	devī
mānasa-pūjā	1	UTTARAPADA	śiva
mānasapūjā-vidhi	1	UTTARAPADA	devī
mānasika-pūjā	1	UTTARAPADA	rāma
mānasika-snāna	1	UTTARAPADA	śiva
mānasikā	1	UTTARAPADA	mahā
mānasā@rcana	1	UTTARAPADA	śyāmā
mānasī	1	UTTARAPADA	mahā
mānava	1	UTTARAPADA	viśva
mānavaka	1	UTTARAPADA	mādhavya
māndāra	1	UTTARAPADA	mahā
māni-tā	1	UTTARAPADA	ati
mānuja	1	UTTARAPADA	nī
mānuṣa-saṃkīrṇa	1	UTTARAPADA	bahu
mānuṣa-vid	1	UTTARAPADA	su
mānuṣa-vigraha	1	UTTARAPADA	līlā
mānuṣaka	1	UTTARAPADA	daiva
mānuṣā	1	UTTARAPADA	dhūrta
mānuṣī	1	UTTARAPADA	payo
mānya-campū	1	UTTARAPADA	sarva
mānā	1	UTTARAPADA	droṇa
māra-maṇḍala-vidhvaṃsana-jñāna-mudrā	1	UTTARAPADA	sarva
māra-maṇḍala-vidhvaṃsana-karī	1	UTTARAPADA	sarva
mārakata	1	UTTARAPADA	mahā
māram	1	UTTARAPADA	basta
mārdava	1	UTTARAPADA	su
mārga-kovida	1	UTTARAPADA	raṇa
mārga-marma-vivaraṇa	1	UTTARAPADA	sva
mārga-pudgala-nāyaka	1	UTTARAPADA	ārya
mārgaka	1	UTTARAPADA	prati
mārgam	1	UTTARAPADA	sarvato
mārge	1	UTTARAPADA	ardha
mārgā@tī@ta	1	UTTARAPADA	vaco
māricika	1	UTTARAPADA	vyakta
mārjaka	1	UTTARAPADA	keśa
mārjita	1	UTTARAPADA	śikhā
mārtsna	1	UTTARAPADA	su
mārtāṇḍa	1	UTTARAPADA	kāla
mārutaka	1	UTTARAPADA	saurya
māruti	1	UTTARAPADA	agni
mārīca	1	UTTARAPADA	saha
māsa-deya-dāna-ratnā@kara	1	UTTARAPADA	dvādaśa
māsa-māhātmya	1	UTTARAPADA	dhanur
māsa-vrata	1	UTTARAPADA	vaiśākha
māsaka	1	UTTARAPADA	ravi
māsam	1	UTTARAPADA	prati
māsā	1	UTTARAPADA	jāta
māsā@di-vicāra	1	UTTARAPADA	dīkṣā
mātaṃga-līlā@kara	1	UTTARAPADA	matta
mātaṃgī-paddhati	1	UTTARAPADA	rāja
mātaṃgī-stotra	1	UTTARAPADA	rāja
mātha	1	UTTARAPADA	daṇḍa
mātham	1	UTTARAPADA	puṣpa
māthika	1	UTTARAPADA	dāṇḍa
māthurī	1	UTTARAPADA	dīdhiti
māthurīya	1	UTTARAPADA	mūla
mātr-artha	1	UTTARAPADA	pitṛ
mātra-bhūṣaṇa	1	UTTARAPADA	maṅgala
mātra-gata	1	UTTARAPADA	krośa
mātra-ja	1	UTTARAPADA	ambu
mātra-maya	1	UTTARAPADA	hetu
mātra-prayoga	1	UTTARAPADA	viśeṣaṇa
mātra-siddhi	1	UTTARAPADA	vidyā
mātra-siddhi-tridaśa-śāstra-kārikā	1	UTTARAPADA	vidyā
mātra-sthita	1	UTTARAPADA	krośa
mātra-tva	1	UTTARAPADA	rajju
mātra-tā	1	UTTARAPADA	hetu
mātrikā-nighaṇṭu	1	UTTARAPADA	nāma
mātrikā-puṣpā@ñjali	1	UTTARAPADA	sarva
mātro@pajīvin	1	UTTARAPADA	piṇḍa
mātrā-vāsas	1	UTTARAPADA	prācīna
mātrā@vaśeṣa	1	UTTARAPADA	śiro
mātrā@vaśeṣita	1	UTTARAPADA	deha
mātrāyām	1	UTTARAPADA	upādhi
mātsarya	1	UTTARAPADA	dur
mātula	1	UTTARAPADA	kaṣṭa
mātā	1	UTTARAPADA	kāka
mātṛ-guru-śuśrūṣā-dhyānavat	1	UTTARAPADA	pitṛ
mātṛ-hīna	1	UTTARAPADA	pitṛ
mātṛ-ja	1	UTTARAPADA	anya
mātṛ-maya	1	UTTARAPADA	pitṛ
māvat	1	UTTARAPADA	yātu
māyaka	1	UTTARAPADA	su
māyuke@śvara	1	UTTARAPADA	go
māyya	1	UTTARAPADA	puru
māyūra	1	UTTARAPADA	mahā
māyūrī	1	UTTARAPADA	ardha
māñjiṣṭha	1	UTTARAPADA	pīta
māśra	1	UTTARAPADA	ukta
māḍa	1	UTTARAPADA	maṇḍala
māṃsa-sāra	1	UTTARAPADA	śoṇita
māṃsa-tvak-snāyu	1	UTTARAPADA	saṃśuṣka
māṃsala	1	UTTARAPADA	yukta
māṃsā@da	1	UTTARAPADA	mānuṣa
māṃsā@rman	1	UTTARAPADA	adhika
māṃsā@sthi-maya	1	UTTARAPADA	tvaṅ
māṅgalyaka	1	UTTARAPADA	nṛpa
māṇi-mālikā	1	UTTARAPADA	naya
māṇḍavī-putra	1	UTTARAPADA	vātsī
māṇḍūkī	1	UTTARAPADA	brahma
māṇṭi	1	UTTARAPADA	śata
māṣa-tila	1	UTTARAPADA	bahu
māṣika	1	UTTARAPADA	pañca
māṣyāyaṇa	1	UTTARAPADA	pauti
māṭhara	1	UTTARAPADA	agni
mīlana	1	UTTARAPADA	kha
mīlika	1	UTTARAPADA	nīla
mīlā	1	UTTARAPADA	netra
mīmāṃsaka	1	UTTARAPADA	kāvya
mīmāṃsā-prakaraṇa	1	UTTARAPADA	nyāya
mīmāṃsā-rahasya	1	UTTARAPADA	nyāya
mīmāṃsā-sūtra	1	UTTARAPADA	bhakti
mīmāṃsā-vārttika-ṭīkā	1	UTTARAPADA	laghu
mītya	1	UTTARAPADA	prā
mīḍhuṣa	1	UTTARAPADA	deva
mūkhā	1	UTTARAPADA	dāru
mūla-paribhāṣā	1	UTTARAPADA	nyāya
mūla-tva	1	UTTARAPADA	rūḍha
mūli	1	UTTARAPADA	kha
mūlikā-nighaṇṭu	1	UTTARAPADA	siddha
mūlin	1	UTTARAPADA	phala
mūlā@bha	1	UTTARAPADA	kiṭi
mūrchā	1	UTTARAPADA	sampūrṇa
mūrdha-bhid	1	UTTARAPADA	rāhu
mūrdha-bhṛt	1	UTTARAPADA	brahma
mūrdha-hara	1	UTTARAPADA	rāhu
mūrdha-ja	1	UTTARAPADA	vi
mūrdha-maya	1	UTTARAPADA	śūra
mūrdhajā	1	UTTARAPADA	vana
mūrdhanya	1	UTTARAPADA	sarva
mūrta	1	UTTARAPADA	svayam
mūrti-dhara	1	UTTARAPADA	aṣṭa
mūrti-dāna-prakaraṇa	1	UTTARAPADA	roga
mūrti-maya	1	UTTARAPADA	sapta
mūrti-prakaraṇa	1	UTTARAPADA	devatā
mūrti-pratiṣṭhā	1	UTTARAPADA	nūtana
mūrtidhara	1	UTTARAPADA	yoga
mūrtika	1	UTTARAPADA	pañca
mūrtikā	1	UTTARAPADA	jala
mūti	1	UTTARAPADA	śata
mūtra-parityāga	1	UTTARAPADA	mala
mūtra-pratighāta	1	UTTARAPADA	purīṣa
mūtra-purīṣa	1	UTTARAPADA	sṛṣṭa
mūtra-purīṣa-tva	1	UTTARAPADA	kṛcchra
mūtrala	1	UTTARAPADA	śukra
mūtrin	1	UTTARAPADA	go
mūḍhadhī	1	UTTARAPADA	gṛha
mūḍhaka	1	UTTARAPADA	tri
mūṣī	1	UTTARAPADA	gandha
mṛd-bhū	1	UTTARAPADA	vṛkṣa
mṛdaṃga	1	UTTARAPADA	māṅgalya
mṛdha	1	UTTARAPADA	mahā
mṛdvīkā	1	UTTARAPADA	pṛthu
mṛga-dhara	1	UTTARAPADA	chāyā
mṛga-gaṇa	1	UTTARAPADA	nānā
mṛga-sevita	1	UTTARAPADA	śārdūla
mṛga-tā	1	UTTARAPADA	pakṣi
mṛgvan	1	UTTARAPADA	vi
mṛgya	1	UTTARAPADA	śruti
mṛgā@ṅka	1	UTTARAPADA	rāja
mṛgīdṛś	1	UTTARAPADA	amara
mṛj	1	UTTARAPADA	dharma
mṛja	1	UTTARAPADA	amṛṣṭa
mṛn-maya	1	UTTARAPADA	vaṃśa
mṛt	1	UTTARAPADA	garbha
mṛti	1	UTTARAPADA	medhā
mṛtā	1	UTTARAPADA	saha
mṛḍa	1	UTTARAPADA	aila
mṛḍitā	1	UTTARAPADA	hasti
mṛḍīka	1	UTTARAPADA	su
mṛṇala	1	UTTARAPADA	bisa
mṛṣa	1	UTTARAPADA	śāka
mṛṣā-viveka	1	UTTARAPADA	satya
mṛṣṭā@nulepin	1	UTTARAPADA	tāmra
n-tama	1	UTTARAPADA	rasa
nabhas	1	UTTARAPADA	ūrdhva
nabhasya-tva	1	UTTARAPADA	nabho
nabhya	1	UTTARAPADA	śava
naddha	1	UTTARAPADA	giri
naddhi	1	UTTARAPADA	barsa
naddhrī	1	UTTARAPADA	pan
naddhā	1	UTTARAPADA	pan
nadinī	1	UTTARAPADA	koka
nadāla	1	UTTARAPADA	kumbhī
naga	1	UTTARAPADA	kusuma
naga-vat	1	UTTARAPADA	praphulla
nagaraka	1	UTTARAPADA	śākhā
nagareya	1	UTTARAPADA	paurva
nagarā@tithi	1	UTTARAPADA	yama
nagarā@śrama	1	UTTARAPADA	vidhvasta
nagarī-tīrtha	1	UTTARAPADA	tri
nagnaka	1	UTTARAPADA	dvi
nahuṣa-saṃvāda	1	UTTARAPADA	cyavana
naigumeṣin	1	UTTARAPADA	hari
naipuṇa	1	UTTARAPADA	akṣa
naipuṇya	1	UTTARAPADA	akṣa
naiyāyika	1	UTTARAPADA	kevala
naiyāyika-mata	1	UTTARAPADA	siddhānta
nakha-dhārin	1	UTTARAPADA	ruru
nakha-roman	1	UTTARAPADA	nīca
nakhaka	1	UTTARAPADA	vyāghra
nakhara	1	UTTARAPADA	khara
nakhatā	1	UTTARAPADA	snigdha
nakhin	1	UTTARAPADA	ku
nakhā	1	UTTARAPADA	śūrpa
nakta	1	UTTARAPADA	saura
naktaṃ-dina	1	UTTARAPADA	tulya
naktā	1	UTTARAPADA	uṣāsā
nakulikā	1	UTTARAPADA	ahi
nakulī	1	UTTARAPADA	suvarṇa
nakṣatra-mālā-sūryo@daya	1	UTTARAPADA	vāda
nakṣatra-puruṣa-vrata	1	UTTARAPADA	śiva
nakṣatra-sūcaka	1	UTTARAPADA	varṣa
nakṣatra-śānti	1	UTTARAPADA	mūla
nakṣatra-śānti-prayoga	1	UTTARAPADA	mūla
nakṣatre@ṣṭi	1	UTTARAPADA	sarva
naladā@nala-da	1	UTTARAPADA	sa
nalaka	1	UTTARAPADA	jaṅghā
nalikā-nyāya	1	UTTARAPADA	śuka
nalin	1	UTTARAPADA	ku
nalī	1	UTTARAPADA	sapta
nalīya	1	UTTARAPADA	pañca
namas-kāra	1	UTTARAPADA	ubhayato
namaskāra-vidhi	1	UTTARAPADA	lakṣa
namaskāra-vrata	1	UTTARAPADA	lakṣa
namraka	1	UTTARAPADA	vi
nanda-saṃvāda	1	UTTARAPADA	bhagavan
nandī@śvara	1	UTTARAPADA	soma
nandīya	1	UTTARAPADA	śrī
nannama	1	UTTARAPADA	ku
napa	1	UTTARAPADA	tanū
napuṃsaka	1	UTTARAPADA	puṃ
nara-siṃha-sena	1	UTTARAPADA	vaidya
narapati	1	UTTARAPADA	hṛdaya
narasiṃha	1	UTTARAPADA	śābdika
narasiṃha-paṇḍita	1	UTTARAPADA	rāya
nare@ndra-prabhā	1	UTTARAPADA	śrī
nare@ndre@śvara	1	UTTARAPADA	śrī
nare@śvara-sabham	1	UTTARAPADA	madhye
narma-hāsa	1	UTTARAPADA	sa
narman	1	UTTARAPADA	mahā
nartana	1	UTTARAPADA	saha
nartin	1	UTTARAPADA	vaṃśa
nasi	1	UTTARAPADA	kumbhī
nasya	1	UTTARAPADA	pūti
nasā	1	UTTARAPADA	śuka
nat	1	UTTARAPADA	su
nava-'ha	1	UTTARAPADA	tri
nava-daśa-prakaraṇa	1	UTTARAPADA	śaiva
nava-graha-paddhati	1	UTTARAPADA	vāsiṣṭha
nava-kaṇḍikā-sūtra	1	UTTARAPADA	śrāddha
nava-kṛtvas	1	UTTARAPADA	dvi
nava-nāgara-candrikā	1	UTTARAPADA	vraja
nava-rasa-ratna	1	UTTARAPADA	bhairava
nava-ratna-sāra	1	UTTARAPADA	rāma
nava-rātra	1	UTTARAPADA	vyūḍha
navamī-vrata-māhātmya	1	UTTARAPADA	sītā
navatitama	1	UTTARAPADA	aṣṭa
navo@ḍhā	1	UTTARAPADA	viśrabdha
navā@hnika	1	UTTARAPADA	bhāṣya
naya-bodhikā	1	UTTARAPADA	vaidya
naya-prakāśa	1	UTTARAPADA	mahā
naya-viveka	1	UTTARAPADA	mīmāṃsā
nayaka	1	UTTARAPADA	su
nayana-bhūṣaṇa	1	UTTARAPADA	vedānta
nayana-tā	1	UTTARAPADA	viśāla
nayanā@cārya	1	UTTARAPADA	vedānta
nayanā@ṣṭaka	1	UTTARAPADA	mīna
nayaṇā	1	UTTARAPADA	hariṇī
nayo@ddyota	1	UTTARAPADA	bhāṭṭa
naś	1	UTTARAPADA	jīva
naśā	1	UTTARAPADA	śuka
naḍaka	1	UTTARAPADA	pūrva
naḍi	1	UTTARAPADA	dhruva
naḍī	1	UTTARAPADA	dhruva
naṃśana	1	UTTARAPADA	svapna
naṣṭa-dṛṣṭa	1	UTTARAPADA	kṣaṇa
naṣṭa-śānti	1	UTTARAPADA	suvarṇa
naṭana	1	UTTARAPADA	līlā
naṭṭa	1	UTTARAPADA	chāyā
naṭṭā	1	UTTARAPADA	śuddha
nemi-daśana	1	UTTARAPADA	vi
nemī	1	UTTARAPADA	sāgara
nerika	1	UTTARAPADA	karaṇa
netra-bhū	1	UTTARAPADA	atri
netra-ja	1	UTTARAPADA	atri
netra-maya	1	UTTARAPADA	śrotra
netra-prabhava	1	UTTARAPADA	atri
netra-prasūta	1	UTTARAPADA	atri
netra-rati-sambhava	1	UTTARAPADA	śuci
netra-sūta	1	UTTARAPADA	atri
netra-tā	1	UTTARAPADA	viśuddha
netratā	1	UTTARAPADA	abhinīla
netrā@dhipati	1	UTTARAPADA	arci
ni	1	UTTARAPADA	ṛta
ni-kṣipta	1	UTTARAPADA	su
nibandha-vināśin	1	UTTARAPADA	bhava
nibandha-yojanā	1	UTTARAPADA	bhāgavata
nibandhika	1	UTTARAPADA	aśva
nibhandha	1	UTTARAPADA	nyāya
nibhe@kṣaṇa	1	UTTARAPADA	padma
nibhṛtam	1	UTTARAPADA	su
nicolin	1	UTTARAPADA	nīla
nicṛt	1	UTTARAPADA	pāda
nid	1	UTTARAPADA	deva
nidhi-kumāra	1	UTTARAPADA	mahā
nidhi-vilāsa	1	UTTARAPADA	satya
nidhika	1	UTTARAPADA	prāti
nidhirāma	1	UTTARAPADA	nau
nidhāyam	1	UTTARAPADA	ghṛta
nidrita	1	UTTARAPADA	vyāja
nidrā-pralaya	1	UTTARAPADA	saṃjāta
nidrā-sukha	1	UTTARAPADA	labdha
nidrālu	1	UTTARAPADA	yoga
nidāgha	1	UTTARAPADA	apara
nidāna-ṭīkā	1	UTTARAPADA	saṃkhyā
nigaḍa	1	UTTARAPADA	vi
nigaḍa-caraṇa	1	UTTARAPADA	sa
nigaḍa-nibandha-cchedana	1	UTTARAPADA	bhava
nigaḍa-nibandhavināśin	1	UTTARAPADA	bhava
nighaṇṭi	1	UTTARAPADA	bṛhan
nighātin	1	UTTARAPADA	madhu
nigrahā@ṣṭaka	1	UTTARAPADA	vārāhī
nigrantham	1	UTTARAPADA	punar
nigrāhikā	1	UTTARAPADA	sainya
nigūhin	1	UTTARAPADA	sādhu
nihan	1	UTTARAPADA	madhu
nihantṛ	1	UTTARAPADA	madhu
nihata	1	UTTARAPADA	śoka
nihava	1	UTTARAPADA	vasiṣṭha
nihnuti	1	UTTARAPADA	viṣaya
nihāra	1	UTTARAPADA	go
nikartana	1	UTTARAPADA	dor
nikhanana-nyāya	1	UTTARAPADA	sthūṇā
nikhilam	1	UTTARAPADA	su
nikuñcana	1	UTTARAPADA	jānu
nikāmam	1	UTTARAPADA	yadā
nikānta	1	UTTARAPADA	vatsa
nikāra	1	UTTARAPADA	sa
nikāyam	1	UTTARAPADA	yathā
nikāśana	1	UTTARAPADA	mānuṣa
nikāṇam	1	UTTARAPADA	akṣi
nikāṣam	1	UTTARAPADA	hiraṇya
nikūla	1	UTTARAPADA	utkūla
nikṛta	1	UTTARAPADA	bāṇa
nikṛṣṭa	1	UTTARAPADA	su
nikṣa	1	UTTARAPADA	puṣpa
nikṣepā	1	UTTARAPADA	sarva
nilayam	1	UTTARAPADA	yathā
nilvayanī	1	UTTARAPADA	ahi
nilāya	1	UTTARAPADA	kulāya
nilāyin	1	UTTARAPADA	kulāya
nimagna	1	UTTARAPADA	asta
nimantraṇa	1	UTTARAPADA	vara
nimbā	1	UTTARAPADA	tṛṇa
nimbū	1	UTTARAPADA	miṣṭa
nimbūka	1	UTTARAPADA	amla
nimittin	1	UTTARAPADA	nimitta
nimna	1	UTTARAPADA	mahā
nimna-gā	1	UTTARAPADA	naga
nimīlana	1	UTTARAPADA	padma
nimīlitā@kṣa	1	UTTARAPADA	bhaya
ninayana	1	UTTARAPADA	svadhā
ninda	1	UTTARAPADA	sa
nindin	1	UTTARAPADA	veda
nindita	1	UTTARAPADA	loka
nindā-navana	1	UTTARAPADA	sama
nindā-stuti	1	UTTARAPADA	tulya
ninṛtta	1	UTTARAPADA	punar
nipa	1	UTTARAPADA	āke
nipre@ṣita	1	UTTARAPADA	pṛśni
nipāna	1	UTTARAPADA	parakīya
nipātin	1	UTTARAPADA	ripu
niraja	1	UTTARAPADA	su
nirape@kṣa	1	UTTARAPADA	āgama
nirasana	1	UTTARAPADA	mithyā
niraṣṭa	1	UTTARAPADA	mahā
nirbandha	1	UTTARAPADA	jyotir
nirbhakta	1	UTTARAPADA	su
nirbhaya	1	UTTARAPADA	vi
nirbhinna	1	UTTARAPADA	nakha
nirbhoga	1	UTTARAPADA	vi
nirbhāsa	1	UTTARAPADA	vimala
nirbānu	1	UTTARAPADA	vi
nirdhūta-daṇḍa	1	UTTARAPADA	rāja
nirgama-sthāna	1	UTTARAPADA	āhāra
nirgandha	1	UTTARAPADA	sura
nirgranthī-sūtra	1	UTTARAPADA	pañca
nirguṇḍī	1	UTTARAPADA	nīla
nirharaṇa	1	UTTARAPADA	garbha
nirhata	1	UTTARAPADA	ulkā
nirhāra	1	UTTARAPADA	karma
nirhāraka	1	UTTARAPADA	preta
nirjaya	1	UTTARAPADA	vyādhi
nirjhara-vipruṣmat	1	UTTARAPADA	hima
nirjhariṇī	1	UTTARAPADA	sura
nirjita	1	UTTARAPADA	strī
nirlajja	1	UTTARAPADA	su
nirlekhana	1	UTTARAPADA	jihvā
nirlekhanika	1	UTTARAPADA	jihvā
nirmatha	1	UTTARAPADA	su
nirmita-vaśa-vartin	1	UTTARAPADA	para
nirmoka-vasana	1	UTTARAPADA	mṛga
nirmokṣa	1	UTTARAPADA	ṛṇa
nirmukta	1	UTTARAPADA	hima
nirmālya-bhakṣaṇa	1	UTTARAPADA	śiva
nirmūḍha	1	UTTARAPADA	vi
niruptam	1	UTTARAPADA	yathā
nirvaṃśa	1	UTTARAPADA	dīrgha
nirvaṃśaka	1	UTTARAPADA	hrasva
nirviśeṣam	1	UTTARAPADA	suta
nirviṇṇa	1	UTTARAPADA	su
nirvlayanī	1	UTTARAPADA	ahi
nirvyūha	1	UTTARAPADA	vimāna
nirvācana	1	UTTARAPADA	praśna
nirvāka	1	UTTARAPADA	karṇa
nirvāpa	1	UTTARAPADA	saha
nirvāpaṇa	1	UTTARAPADA	bīja
nirvāṇa-stotra	1	UTTARAPADA	śiva
nirvāṇa-tantra	1	UTTARAPADA	bṛhan
nirvṛta	1	UTTARAPADA	su
niryukta	1	UTTARAPADA	su
niryāsā	1	UTTARAPADA	su
niryāṇa	1	UTTARAPADA	śastra
niryūha	1	UTTARAPADA	nāga
nirākṛta	1	UTTARAPADA	animitta
nirākṛti	1	UTTARAPADA	sarva
nirāloka	1	UTTARAPADA	ātma
nirāmayā	1	UTTARAPADA	sadā
nirāsa	1	UTTARAPADA	hrī
nirīkṣa	1	UTTARAPADA	dur
nirīkṣaṇa	1	UTTARAPADA	dur
nirīkṣya	1	UTTARAPADA	dur
nirūhaṇa	1	UTTARAPADA	su
nirūpaṇa-khaṇḍa	1	UTTARAPADA	vyabhicāra
nirūpita	1	UTTARAPADA	su
nirūḍha	1	UTTARAPADA	su
nirṇaya-bhūṣaṇa	1	UTTARAPADA	liṅga
nirṇaya-kalpa-vallī	1	UTTARAPADA	saṃdhyā
nirṇaya-sindhu	1	UTTARAPADA	saṃkṣipta
nirṇaya-tantra	1	UTTARAPADA	mahā
nirṇaya-vyākhyā	1	UTTARAPADA	prabala
nirṇayā@mṛta	1	UTTARAPADA	pāścāttya
nirṇega	1	UTTARAPADA	pātra
nirṇeka	1	UTTARAPADA	vadha
nirṇikta	1	UTTARAPADA	su
nisarga	1	UTTARAPADA	san
nisruti	1	UTTARAPADA	veṇu
nistriṃśa	1	UTTARAPADA	su
nisyanda	1	UTTARAPADA	baddha
nitambha-sthalī	1	UTTARAPADA	śuṣka
nitambinī	1	UTTARAPADA	su
nitunna	1	UTTARAPADA	punar
nitya-dhanā@gama	1	UTTARAPADA	pracura
nitya-kriya	1	UTTARAPADA	kṛta
nitya-pūjā-paddhati	1	UTTARAPADA	śyāmā
nitya-tantra	1	UTTARAPADA	ṣoḍaśa
nityatā	1	UTTARAPADA	śabda
nityā	1	UTTARAPADA	śambhu
nivapā	1	UTTARAPADA	āhara
nivaraṇa-viṣkambhin	1	UTTARAPADA	sarva
nivartaka	1	UTTARAPADA	mṛtyu
nivartam	1	UTTARAPADA	punar
nivartya	1	UTTARAPADA	dur
nivedayitṛ	1	UTTARAPADA	priya
nivedikā	1	UTTARAPADA	priya
nivedya	1	UTTARAPADA	dur
niveśa-bhūmi	1	UTTARAPADA	sainya
niveśam	1	UTTARAPADA	yathā
niveśita	1	UTTARAPADA	sadma
nivit-ka	1	UTTARAPADA	tri
nivāpa	1	UTTARAPADA	karaṇḍaka
nivāra	1	UTTARAPADA	dur
nivārya	1	UTTARAPADA	dur
nivāsa-bhaṭṭā@cārya	1	UTTARAPADA	vidyā
nivāsinī	1	UTTARAPADA	mukha
niyamano@dyuta	1	UTTARAPADA	bali
niyantu	1	UTTARAPADA	dur
niyantṛ	1	UTTARAPADA	sarva
niyat	1	UTTARAPADA	su
niyata	1	UTTARAPADA	su
niyata-praveśa	1	UTTARAPADA	nāma
niyojaka	1	UTTARAPADA	sarva
niyukta	1	UTTARAPADA	su
niyuta	1	UTTARAPADA	mahā
niścayin	1	UTTARAPADA	kṛta
niścita	1	UTTARAPADA	su
niściti	1	UTTARAPADA	pāṭha
niśita	1	UTTARAPADA	su
niśrayaṇī	1	UTTARAPADA	deva
niśumbha	1	UTTARAPADA	śumbha
niśumbhana	1	UTTARAPADA	jambha
niśvasya	1	UTTARAPADA	dīrgha
niśvāsam	1	UTTARAPADA	sa
niśāntam	1	UTTARAPADA	yathā
niśītha	1	UTTARAPADA	mahā
niḥkampa	1	UTTARAPADA	vi
niḥsaraṇa-mārga	1	UTTARAPADA	āhāra
niḥsvana	1	UTTARAPADA	harṣa
niḥsāraṇa	1	UTTARAPADA	bahir
niḥsṛptam	1	UTTARAPADA	yathā
niḥsṛta	1	UTTARAPADA	bāhu
niḥśrita	1	UTTARAPADA	bahu
niḥśvāsam	1	UTTARAPADA	sa
niḥṣidh	1	UTTARAPADA	puru
niḥṣidhvan	1	UTTARAPADA	puru
niḥṣṭhita	1	UTTARAPADA	su
niṃsin	1	UTTARAPADA	netra
niṣañja	1	UTTARAPADA	ku
niṣaṇṇa	1	UTTARAPADA	su
niṣaṇṇaka	1	UTTARAPADA	su
niṣedha-tā	1	UTTARAPADA	vidhi
niṣedha-vacana	1	UTTARAPADA	śrāvaṇa
niṣeva	1	UTTARAPADA	hrī
niṣkambha	1	UTTARAPADA	vajra
niṣkampa	1	UTTARAPADA	vi
niṣkarṣa	1	UTTARAPADA	trayī
niṣkirā	1	UTTARAPADA	āhara
niṣkraya	1	UTTARAPADA	śruta
niṣkriya	1	UTTARAPADA	vi
niṣkāśita	1	UTTARAPADA	danta
niṣkṛt	1	UTTARAPADA	yajña
niṣpanna	1	UTTARAPADA	ardha
niṣpeṣam	1	UTTARAPADA	sa
niṣphala	1	UTTARAPADA	su
niṣprapatana	1	UTTARAPADA	dur
niṣpādya	1	UTTARAPADA	ananya
niṣpāvī	1	UTTARAPADA	nakha
niṣyada	1	UTTARAPADA	sa
niṣādīka	1	UTTARAPADA	sa
niṣūdana-bhid	1	UTTARAPADA	kirmīra
niṣṇa	1	UTTARAPADA	nīti
niṣṭapta	1	UTTARAPADA	su
niṣṭhita	1	UTTARAPADA	su
niṣṭhura-vāda	1	UTTARAPADA	rūkṣa
niṣṭhīva	1	UTTARAPADA	sa
no-devī	1	UTTARAPADA	śaṃ
nodana	1	UTTARAPADA	kuṣṭha
nonuva	1	UTTARAPADA	sadā
nta	1	UTTARAPADA	tapo
nuda	1	UTTARAPADA	tamo
nunna	1	UTTARAPADA	agni
nuta	1	UTTARAPADA	ari
nutta	1	UTTARAPADA	brahma
nutti	1	UTTARAPADA	smaya
nva	1	UTTARAPADA	sadā
nyakta	1	UTTARAPADA	agni
nyasta-kapolā@ntam	1	UTTARAPADA	kara
nyastam	1	UTTARAPADA	yathā
nyoghas	1	UTTARAPADA	go
nyupta	1	UTTARAPADA	yathā
nyāsa-paddhati	1	UTTARAPADA	śilā
nyāsa-sūtra	1	UTTARAPADA	bahir
nyāsam	1	UTTARAPADA	yathā
nyāya-candrikā	1	UTTARAPADA	siddhānta
nyāya-mālā	1	UTTARAPADA	vedānta
nyāya-mālā-vistara	1	UTTARAPADA	jaiminīya
nyāya-ratnā@valī	1	UTTARAPADA	vedānta
nyāya-sudhā	1	UTTARAPADA	laghu
nyāya-vācas-pati-bhaṭṭā@cārya	1	UTTARAPADA	rudra
nyāyasaṃgraha	1	UTTARAPADA	upādhi
nyāyā@laṃkāra	1	UTTARAPADA	rāma
nyāyā@mṛta	1	UTTARAPADA	loka
nyūna	1	UTTARAPADA	artha
nyūṅkha	1	UTTARAPADA	prati
nā@man	1	UTTARAPADA	jaya
nā@sti	1	UTTARAPADA	asti
nā@sti-tva	1	UTTARAPADA	asti
nā@stika	1	UTTARAPADA	bhṛśa
nā@tha	1	UTTARAPADA	jīva
nābha-maṇḍala	1	UTTARAPADA	laghu
nābhi-nāḍī	1	UTTARAPADA	garbha
nābhitā	1	UTTARAPADA	gambhīra
nābhī	1	UTTARAPADA	ūrṇa
nādha	1	UTTARAPADA	vayo
nādo@paniṣad	1	UTTARAPADA	amṛta
nādīkā	1	UTTARAPADA	ku
nāga-rāja	1	UTTARAPADA	gaṅgā
nāga-rāja-paripṛcchā	1	UTTARAPADA	sāgara
nāgaraka	1	UTTARAPADA	nandi
nāgā@rjuna	1	UTTARAPADA	siddha
nāgā@śva-ratha	1	UTTARAPADA	prabhūta
nāka-vanita	1	UTTARAPADA	sa
nākula	1	UTTARAPADA	ardha
nākulī	1	UTTARAPADA	gandha
nālikeraka	1	UTTARAPADA	madhu
nālikerika	1	UTTARAPADA	madhu
nāliko@dāharaṇa	1	UTTARAPADA	śukra
nāma-liṅgā@nuśāsana	1	UTTARAPADA	prākṛta
nāma-māhātmya-saṃgraha	1	UTTARAPADA	viṣṇu
nāma-nirūpaṇa	1	UTTARAPADA	nānā
nāma-pañjara	1	UTTARAPADA	dvādaśa
nāma-ratna-sahasra-vyākhyāna	1	UTTARAPADA	vedānta
nāma-sahasra	1	UTTARAPADA	bhārgava
nāma-vivaraṇa	1	UTTARAPADA	nārāyaṇa
nāmana	1	UTTARAPADA	māhā
nāmaratna-stotra	1	UTTARAPADA	viṣṇu
nāmnya	1	UTTARAPADA	sārva
nāmnī	1	UTTARAPADA	śaṅkha
nāmā@mṛta	1	UTTARAPADA	lakṣmī
nāmā@vali	1	UTTARAPADA	brahma
nāmā@ṣṭaka	1	UTTARAPADA	saṃkaṭā
nāmā@ṣṭo@ttara-śata	1	UTTARAPADA	śiva
nānā@kṛti	1	UTTARAPADA	hari
nāpiti	1	UTTARAPADA	pāñca
nārada-bhāṣita	1	UTTARAPADA	yathā
nāradīya-purāṇa	1	UTTARAPADA	bṛhan
nāradīya-tantra	1	UTTARAPADA	bṛhan
nārikeraka	1	UTTARAPADA	madhu
nārāyaṇa-deva	1	UTTARAPADA	hṛdaya
nārāyaṇa-māhātmya	1	UTTARAPADA	bhāva
nārāyaṇa-stotra	1	UTTARAPADA	dharaṇī
nārāyaṇā@ṣṭā@kṣara-nyāsa	1	UTTARAPADA	vaiṣṇava
nārāyaṇī	1	UTTARAPADA	bṛhan
nārāyaṇī-saṃhitā	1	UTTARAPADA	cakra
nārāyaṇīya	1	UTTARAPADA	hari
nārāśaṃsī	1	UTTARAPADA	gāthā
nārī-nara-vapus	1	UTTARAPADA	ardha
nārī-nāṭe@śvara	1	UTTARAPADA	ardha
nārī-vilakṣaṇā	1	UTTARAPADA	nara
nārī@śa	1	UTTARAPADA	ardha
nārī@śvara	1	UTTARAPADA	ardha
nārīca	1	UTTARAPADA	rata
nāsa-tā	1	UTTARAPADA	śuci
nāsaka	1	UTTARAPADA	vi
nāsikya	1	UTTARAPADA	pauti
nāsya	1	UTTARAPADA	chinna
nāsā-gada	1	UTTARAPADA	pūti
nāsīra	1	UTTARAPADA	su
nātaka	1	UTTARAPADA	kapaṭa
nātha-bhaṭṭa	1	UTTARAPADA	vidyā
nātha-purāṇa	1	UTTARAPADA	vimala
nātha-tantra	1	UTTARAPADA	bhairava
nātha-tīrtha	1	UTTARAPADA	tejo
nātha-yajvan	1	UTTARAPADA	dvārakā
nātha-yogin	1	UTTARAPADA	nava
nātha-śarman	1	UTTARAPADA	harṣa
nāva	1	UTTARAPADA	ardha
nāvika	1	UTTARAPADA	yoga
nāyakā	1	UTTARAPADA	ākrānta
nāyakī	1	UTTARAPADA	śrīraṅga
nāyakī-daṇḍaka	1	UTTARAPADA	bṛhan
nāyin	1	UTTARAPADA	ayuta
nāyya	1	UTTARAPADA	śyāva
nāyīya	1	UTTARAPADA	śyāva
nāśa-kṛt	1	UTTARAPADA	śatru
nāśam	1	UTTARAPADA	jīva
nāśana-gaṇa-pati-stotra	1	UTTARAPADA	saṃkaṣṭa
nāśana-stotra	1	UTTARAPADA	saṃkaṣṭa
nāśana-vrata	1	UTTARAPADA	saṃkaṣṭa
nāśanī	1	UTTARAPADA	dhvāṅkṣa
nāśya-nāśaka-bhāvā@rtha-rahasya	1	UTTARAPADA	vega
nāśī	1	UTTARAPADA	mañju
nāḍika	1	UTTARAPADA	sapta
nāḍī-cakra	1	UTTARAPADA	sapta
nāḍī-lakṣaṇa	1	UTTARAPADA	saṃnipāta
nāḍīca	1	UTTARAPADA	go
nāḍīka	1	UTTARAPADA	go
nāḍīyantra	1	UTTARAPADA	kukkuṭa
nāṇaka	1	UTTARAPADA	nir
nāṭin	1	UTTARAPADA	saṃdhyā
nāṭitaka	1	UTTARAPADA	bhīti
nāṭya	1	UTTARAPADA	su
nīca-meḍhra	1	UTTARAPADA	śama
nīla-kaṇṭha	1	UTTARAPADA	śrī
nīla-tantra	1	UTTARAPADA	bṛhan
nīlakaṇṭha	1	UTTARAPADA	praśna
nīlamaṇi	1	UTTARAPADA	ujjvala
nīlapaṭā@dika	1	UTTARAPADA	nagna
nīlo@tpala	1	UTTARAPADA	karṇa
nīlā	1	UTTARAPADA	kāka
nīlā-pañca-sū@kta	1	UTTARAPADA	bhū
nīpa	1	UTTARAPADA	bhū
nīravahā	1	UTTARAPADA	sadā
nīrā	1	UTTARAPADA	sadā
nīrājana-vidhi	1	UTTARAPADA	vāji
nītaka	1	UTTARAPADA	nava
nīti-saṃgraha	1	UTTARAPADA	vaiśampāyana
nīvaraṇa	1	UTTARAPADA	vi
nīvi	1	UTTARAPADA	vi
nīḍaka	1	UTTARAPADA	kaṇṭha
nīḍā	1	UTTARAPADA	kāma
nīḷa	1	UTTARAPADA	kṛpa
nūpuriṇī	1	UTTARAPADA	śaṅkha
nṛ	1	UTTARAPADA	go
nṛpati-saṃvatsara	1	UTTARAPADA	śaka
nṛpā@jñā	1	UTTARAPADA	bhāṅgāsuri
nṛpāla	1	UTTARAPADA	śaka
nṛsiṃha-kārikā	1	UTTARAPADA	śrauta
nṛtta	1	UTTARAPADA	ābhyantara
nṛtta-ratnā@kara	1	UTTARAPADA	saṃgīta
nṛttā	1	UTTARAPADA	kapi
nṛtyo@pahāra	1	UTTARAPADA	datta
nṛtyā	1	UTTARAPADA	veṇu
nṛtyā@kara	1	UTTARAPADA	saṃgīta
nṛśaṃsa	1	UTTARAPADA	su
oga	1	UTTARAPADA	dvy
ogho@ttīrṇa	1	UTTARAPADA	catur
oka	1	UTTARAPADA	vāry
okam	1	UTTARAPADA	dur
okasārā	1	UTTARAPADA	vasv
oman	1	UTTARAPADA	vy
opaśā	1	UTTARAPADA	bṛhad
oṣa	1	UTTARAPADA	dur
oṣas	1	UTTARAPADA	dur
oṣṭhaka	1	UTTARAPADA	sphurad
pa-nanda	1	UTTARAPADA	go
pa-nāpita-putra-nyāya	1	UTTARAPADA	nṛ
pa-rāja-vikrama	1	UTTARAPADA	dvi
pa-rṣi	1	UTTARAPADA	nṛ
pacanam	1	UTTARAPADA	prati
pacanīya	1	UTTARAPADA	lohita
pacchas	1	UTTARAPADA	tri
pacāna	1	UTTARAPADA	kim
pad-dhita	1	UTTARAPADA	dur
pada-cchandas	1	UTTARAPADA	nandi
pada-darpaṇa	1	UTTARAPADA	veda
pada-darśana	1	UTTARAPADA	kapota
pada-prabodha	1	UTTARAPADA	durga
pada-prakāśa	1	UTTARAPADA	bhārata
pada-stava	1	UTTARAPADA	veda
pada-vicāra	1	UTTARAPADA	rātri
pada-vidhi	1	UTTARAPADA	samartha
pada-śakti	1	UTTARAPADA	prabhā
padatva	1	UTTARAPADA	nyūna
padatā	1	UTTARAPADA	nyūna
paddhati-rahasya	1	UTTARAPADA	saṃskāra
padma-candrikā	1	UTTARAPADA	rasa
padma-dāna	1	UTTARAPADA	rajata
padma-kośa	1	UTTARAPADA	nalinī
padma-vana	1	UTTARAPADA	bhrātṛ
padma-vat	1	UTTARAPADA	daśa
padma-vrato@dyāpana	1	UTTARAPADA	lakṣa
padminī	1	UTTARAPADA	sthala
padmo@pajīvin	1	UTTARAPADA	pāda
padmo@tpala-vat	1	UTTARAPADA	phulla
padmā	1	UTTARAPADA	svarṇa
padmā@kara	1	UTTARAPADA	rasa
padmā@sana	1	UTTARAPADA	daṇḍa
padmā@ṭa	1	UTTARAPADA	cakra
padva	1	UTTARAPADA	nisarga
padya-maya	1	UTTARAPADA	gadya
padya-puṣpā@ñjali	1	UTTARAPADA	bhagavatī
padya-ratnā@kara	1	UTTARAPADA	sat
padya-trayī-vyākhyāna	1	UTTARAPADA	bhāgavata
padya-ṣaṭka	1	UTTARAPADA	mahā
padyā	1	UTTARAPADA	ardha
padyā@valī	1	UTTARAPADA	sāra
padā@bhirāma	1	UTTARAPADA	mādhava
padā@mṛta	1	UTTARAPADA	kṛṣṇa
padā@nuga	1	UTTARAPADA	śrotra
padā@rtha-gāthā	1	UTTARAPADA	sāṃkhya
padā@rtha-mālā	1	UTTARAPADA	nyāya
padā@rtha-nirvacana	1	UTTARAPADA	śrauta
padā@rtha-nirṇaya	1	UTTARAPADA	mīmāṃsā
padā@rtha-pradhāna	1	UTTARAPADA	anya
padāti	1	UTTARAPADA	sama
padī-gamana	1	UTTARAPADA	sapta
padīna	1	UTTARAPADA	sāpta
padīya	1	UTTARAPADA	vākya
paippalāda	1	UTTARAPADA	mauda
paitta	1	UTTARAPADA	rakta
paittika	1	UTTARAPADA	rakta
paitāmaha	1	UTTARAPADA	pitṛ
paitāmahika	1	UTTARAPADA	pitṛ
paiya	1	UTTARAPADA	nāga
paiśācī	1	UTTARAPADA	cūlikā
paiṅgi-rahasya-brāhmaṇa	1	UTTARAPADA	paiṅgin
paiṅgya	1	UTTARAPADA	mahā
paiṭhīnasi	1	UTTARAPADA	mahā
paj-jhaṭikā	1	UTTARAPADA	tārā
paktrima	1	UTTARAPADA	vi
pakṣa-cara	1	UTTARAPADA	jala
pakṣa-dharma	1	UTTARAPADA	bodhi
pakṣa-gaṇita	1	UTTARAPADA	saura
pakṣa-karaṇa	1	UTTARAPADA	sūrya
pakṣa-nayana	1	UTTARAPADA	anyonya
pakṣa-netratā	1	UTTARAPADA	go
pakṣa-pāta	1	UTTARAPADA	maitrī
pakṣa-tantra	1	UTTARAPADA	jyotsnā
pakṣa-vihaṃgama	1	UTTARAPADA	amala
pakṣa-śaraṇa	1	UTTARAPADA	sūrya
pakṣa-śāyin	1	UTTARAPADA	ṣoḍaśa
pakṣapātam	1	UTTARAPADA	sa
pakṣatā	1	UTTARAPADA	bṛhaspati
pakṣatā-rahasya	1	UTTARAPADA	saṃśaya
pakṣatā-vāda	1	UTTARAPADA	saṃśaya
pakṣe	1	UTTARAPADA	vyutpatti
pakṣi-gaṇā@kīrṇa	1	UTTARAPADA	nānā
pakṣi-rāja-prakaraṇa	1	UTTARAPADA	śarabha
pakṣiṇī	1	UTTARAPADA	vara
pakṣma-nayana	1	UTTARAPADA	arāla
pakṣmala	1	UTTARAPADA	āyata
pakṣmatā	1	UTTARAPADA	citra
pakṣo@dbhava	1	UTTARAPADA	kīṭa
pakṣo@dgama	1	UTTARAPADA	kīṭa
pakṣā@vadāna	1	UTTARAPADA	cūḍā
pakṣī	1	UTTARAPADA	pañca
pakṣī-bhāva	1	UTTARAPADA	eka
pakṣīya-vyākhyā	1	UTTARAPADA	śuka
palada	1	UTTARAPADA	dākṣi
palaka	1	UTTARAPADA	ṣaṭ
palalā@śaya	1	UTTARAPADA	palala
palam	1	UTTARAPADA	prati
palita-dā	1	UTTARAPADA	bhūri
pallavita	1	UTTARAPADA	prabhā
palli	1	UTTARAPADA	ābhīra
palli-kuñcikā	1	UTTARAPADA	kaṭa
pallī-paṭṭana	1	UTTARAPADA	deva
palpūlī	1	UTTARAPADA	vāsaḥ
palya	1	UTTARAPADA	śākalya
palā@dhika	1	UTTARAPADA	eka
palā@yana	1	UTTARAPADA	bhūyaḥ
palā@yita	1	UTTARAPADA	su
palā@śā@kṣa	1	UTTARAPADA	puṇḍarīka
palāva	1	UTTARAPADA	niṣ
palāyita	1	UTTARAPADA	dyūta
palāśa-pratima	1	UTTARAPADA	puṣpita
palāśī	1	UTTARAPADA	gandha
panda	1	UTTARAPADA	niṣ
panna	1	UTTARAPADA	tri
panthaka	1	UTTARAPADA	mahā
panthika	1	UTTARAPADA	pāri
panthin	1	UTTARAPADA	dādū
panthā	1	UTTARAPADA	puru
panthās	1	UTTARAPADA	su
papa	1	UTTARAPADA	ku
papi	1	UTTARAPADA	ku
paptani	1	UTTARAPADA	su
papī	1	UTTARAPADA	ku
para-bhāga	1	UTTARAPADA	labdha
para-guṇa	1	UTTARAPADA	vidhvasta
para-maṇḍala	1	UTTARAPADA	sva
para-pratāraka	1	UTTARAPADA	sva
para-pūjā-vidhi	1	UTTARAPADA	devī
para-sāmarthya	1	UTTARAPADA	adṛṣṭa
param	1	UTTARAPADA	yathā
parama-turitā	1	UTTARAPADA	su
parame@śvara	1	UTTARAPADA	haṃsa
paramparita-rūpaka	1	UTTARAPADA	śliṣṭa
paramparā-nyāya	1	UTTARAPADA	andha
paramā@rtha	1	UTTARAPADA	hata
paratantra	1	UTTARAPADA	cikitsā
paraśu-dhāra	1	UTTARAPADA	kāla
paraṃ-parā	1	UTTARAPADA	karṇa
paraṇa	1	UTTARAPADA	aritra
pari-vṛta	1	UTTARAPADA	nitya
paribhedya	1	UTTARAPADA	pūrva
paribhrama	1	UTTARAPADA	khe
paribhāṣa	1	UTTARAPADA	su
paribhāṣā-rūpa-śabdā@rtha-tarkā@mṛta	1	UTTARAPADA	vaiyākaraṇa
paribhāṣā-saṃgraha	1	UTTARAPADA	bṛhat
paribhāṣā-saṃgraha-vṛtti	1	UTTARAPADA	śrauta
paribādh	1	UTTARAPADA	soma
paribādha	1	UTTARAPADA	sa
paribṛṃhaṇa	1	UTTARAPADA	sa
paricara	1	UTTARAPADA	sūnā
paricaryā	1	UTTARAPADA	devī
paricchad	1	UTTARAPADA	senā
paricchanna	1	UTTARAPADA	su
paricita	1	UTTARAPADA	cira
paridatta	1	UTTARAPADA	su
paridhvaṃsā	1	UTTARAPADA	varṇa
paridāha	1	UTTARAPADA	niṣ
paridṛṃhaṇa	1	UTTARAPADA	bhūmi
parigha	1	UTTARAPADA	rakṣā
parigraha-dharma-kāṅkṣiṇī	1	UTTARAPADA	satata
parigraha-dvitīya	1	UTTARAPADA	prayata
parigraham	1	UTTARAPADA	satata
parihantu	1	UTTARAPADA	duṣ
parihara	1	UTTARAPADA	su
parihāram	1	UTTARAPADA	sa
parihārya	1	UTTARAPADA	niṣ
parihāsa	1	UTTARAPADA	sa
parihīna	1	UTTARAPADA	sukha
parijana	1	UTTARAPADA	sa
parika	1	UTTARAPADA	su
parikalpanā	1	UTTARAPADA	rūpa
parikarman	1	UTTARAPADA	bhinna
parikarmā@ṣṭaka	1	UTTARAPADA	abhinna
parikhaṇḍana	1	UTTARAPADA	māna
parikliṣṭa	1	UTTARAPADA	su
parikraya	1	UTTARAPADA	prāṇa
parikrānta	1	UTTARAPADA	tri
parikṣata	1	UTTARAPADA	śāpa
parikṣaya	1	UTTARAPADA	vega
parikṣipta	1	UTTARAPADA	vetasa
parikṣīṇa	1	UTTARAPADA	prāṇa
parila	1	UTTARAPADA	su
parilikhitam	1	UTTARAPADA	yathā
parimārja	1	UTTARAPADA	tunda
parimārjaka	1	UTTARAPADA	tunda
parimārjana	1	UTTARAPADA	antaḥ
parimāṇa-nibandha	1	UTTARAPADA	saṃkhyā
parimṛj	1	UTTARAPADA	kaṃsa
parimṛja	1	UTTARAPADA	tunda
parimṛṣṭa	1	UTTARAPADA	duṣ
parinirvāṇa-sūtra	1	UTTARAPADA	mahā
pariniṣpatti	1	UTTARAPADA	bodhi
paripanthin	1	UTTARAPADA	viveka
pariphulla	1	UTTARAPADA	sarva
pariplutā@kṣa	1	UTTARAPADA	aśru
paripuṭana	1	UTTARAPADA	tvak
paripācita	1	UTTARAPADA	aṅgāra
paripālaka	1	UTTARAPADA	pṛthivī
paripūjita	1	UTTARAPADA	su
parirakṣaṇa	1	UTTARAPADA	samaya
parirakṣita	1	UTTARAPADA	su
parisarpaṇa	1	UTTARAPADA	pipīlikā
parispanda	1	UTTARAPADA	vaktra
parisrava	1	UTTARAPADA	garbha
parisruta	1	UTTARAPADA	su
parisrāva	1	UTTARAPADA	nāsā
paritrāṇa-vastū@pā@lambha-paṇḍita	1	UTTARAPADA	bhīta
paritāpa	1	UTTARAPADA	saṃsāra
parivarjana	1	UTTARAPADA	māṃsa
parivartita	1	UTTARAPADA	pārśva
parivatsara	1	UTTARAPADA	vi
pariveṣaṇa	1	UTTARAPADA	sattra
pariveṣya	1	UTTARAPADA	paścāt
parivikrayin	1	UTTARAPADA	māṃsa
pariviṣṭa	1	UTTARAPADA	su
parivrāj	1	UTTARAPADA	su
parivrājako@paniṣad	1	UTTARAPADA	nārada
parivyaya	1	UTTARAPADA	sa
parivyādha	1	UTTARAPADA	cakra
parivāha	1	UTTARAPADA	sa
parivāsana	1	UTTARAPADA	idhma
parivṛddhatā	1	UTTARAPADA	vidagdha
pariya	1	UTTARAPADA	su
pariyatama	1	UTTARAPADA	varuṇa
pariśeṣa	1	UTTARAPADA	sa
pariśiṣṭa-nigama	1	UTTARAPADA	vājasaneya
pariśiṣṭa-vivecana	1	UTTARAPADA	haumya
pariśoṣa	1	UTTARAPADA	nāsā
pariśraya	1	UTTARAPADA	sa
pariśrayaṇa	1	UTTARAPADA	soma
pariśritkam	1	UTTARAPADA	sa
pariśrāma	1	UTTARAPADA	śreyaḥ
pariśrānta	1	UTTARAPADA	su
pariśuddha	1	UTTARAPADA	su
pariśīlana	1	UTTARAPADA	prapatti
pariḍīṇaka	1	UTTARAPADA	kha
pariṇaddha	1	UTTARAPADA	guda
pariṇaya-campū	1	UTTARAPADA	draupadī
pariṇayā	1	UTTARAPADA	nava
pariṇāha	1	UTTARAPADA	vṛtta
pariṇāyaka	1	UTTARAPADA	mārga
pariṇīta	1	UTTARAPADA	su
pariṣadya	1	UTTARAPADA	brahma
pariṣatka	1	UTTARAPADA	sa
pariṣkāra	1	UTTARAPADA	vyāpti
pariṣkṛta	1	UTTARAPADA	su
parka	1	UTTARAPADA	madhu
parkaṭī	1	UTTARAPADA	viddha
parkya	1	UTTARAPADA	madhu
paro@pta	1	UTTARAPADA	manyu
parokṣa	1	UTTARAPADA	ati
parokṣa-vṛtti	1	UTTARAPADA	ati
parpaṭa	1	UTTARAPADA	kṣetra
parpaṭaka	1	UTTARAPADA	guḍa
parpaṭī	1	UTTARAPADA	rasa
paru	1	UTTARAPADA	yathā
paruṣa-guṇa	1	UTTARAPADA	mṛdu
parva-mālā	1	UTTARAPADA	bṛhat
parvata-deśa	1	UTTARAPADA	strī
parvata-dāna-vidhi	1	UTTARAPADA	dhānya
parvata-māhātmya	1	UTTARAPADA	sapta
parve@ndu	1	UTTARAPADA	pūrṇa
parve@śa	1	UTTARAPADA	śata
parvī	1	UTTARAPADA	daśa
paryak	1	UTTARAPADA	vi
paryavadāta	1	UTTARAPADA	su
paryavasita	1	UTTARAPADA	su
paryaṅka	1	UTTARAPADA	ardha
paryukṣitam	1	UTTARAPADA	yathā
paryāgata	1	UTTARAPADA	vidhi
paryākule@kṣaṇa	1	UTTARAPADA	bāṣpa
paryāpta	1	UTTARAPADA	su
paryāya-dīpikā	1	UTTARAPADA	dhātu
paryāya-mañjūṣā	1	UTTARAPADA	dhātu
paryāyanta	1	UTTARAPADA	niṣ
paryāyin	1	UTTARAPADA	samanta
paryāśīr-datta	1	UTTARAPADA	su
paryāṇahana	1	UTTARAPADA	soma
parā	1	UTTARAPADA	āśā
parā-mantra	1	UTTARAPADA	prāsāda
parā@krama	1	UTTARAPADA	karṇa
parā@rdha	1	UTTARAPADA	tapaḥ
parā@rdhika	1	UTTARAPADA	dvi
parā@sa	1	UTTARAPADA	śamyā
parā@sin	1	UTTARAPADA	śamyā
parā@yaṇa-tīrtha	1	UTTARAPADA	satya
parājin	1	UTTARAPADA	āruṇa
parājit	1	UTTARAPADA	na
parāpātin	1	UTTARAPADA	prathama
parāpūjana	1	UTTARAPADA	śrī
parāvyādha	1	UTTARAPADA	śamyā
parāñc	1	UTTARAPADA	su
parāṇutti	1	UTTARAPADA	bhrātṛvya
parī@kṣa	1	UTTARAPADA	niṣ
parī@kṣaka	1	UTTARAPADA	ku
parī@kṣin	1	UTTARAPADA	nāṇaka
parī@psā	1	UTTARAPADA	prāṇa
parī@tā@tman	1	UTTARAPADA	dhṛti
parī@tā@ṅga	1	UTTARAPADA	duḥkha
parī@ṣṭi	1	UTTARAPADA	pātra
parīhāra	1	UTTARAPADA	niṣ
parīttam	1	UTTARAPADA	yathā
parīvāra	1	UTTARAPADA	alpa
parīṇa	1	UTTARAPADA	para
parīṇas	1	UTTARAPADA	go
parśa	1	UTTARAPADA	duṣ
parśavya	1	UTTARAPADA	antaḥ
parṇa-śiphā	1	UTTARAPADA	prati
parṇā@di-bhakṣaṇa	1	UTTARAPADA	nava
parṇā@khya	1	UTTARAPADA	vara
parṇā@sa	1	UTTARAPADA	śveta
parṇīya	1	UTTARAPADA	tāmra
parṣatka	1	UTTARAPADA	sa
parṣin	1	UTTARAPADA	iṣu
pat	1	UTTARAPADA	akṣi
patana-kaluṣa	1	UTTARAPADA	rodhaḥ
patana-praśānti	1	UTTARAPADA	saraṭa
patanaka	1	UTTARAPADA	laghu
patanīya	1	UTTARAPADA	viśeṣa
patat	1	UTTARAPADA	tri
patham	1	UTTARAPADA	bahiṣ
pathi-kṛd-iṣṭi	1	UTTARAPADA	mahā
pathi-kṛta-pūrvaka-darśa-sthālī-pāka-prayoga	1	UTTARAPADA	vaiśvānara
pathi-kṛta-sthālī-pāka-prayoga	1	UTTARAPADA	vaiśvānara
pathya-mālā	1	UTTARAPADA	pūjā
pathya-nirṇaya	1	UTTARAPADA	laṅghana
pathā@di-kuṇḍa-māhātmya	1	UTTARAPADA	mitra
pathīya	1	UTTARAPADA	śata
pati-bhāgā@khya-gṛha-kṛtya	1	UTTARAPADA	aṭṭa
pati-guru-mūrti	1	UTTARAPADA	ravi
pati-jayasūra	1	UTTARAPADA	nara
pati-nāga	1	UTTARAPADA	gaṇa
pati-sutā	1	UTTARAPADA	niṣ
pati-vāra	1	UTTARAPADA	vāk
patikā	1	UTTARAPADA	jīvat
patin	1	UTTARAPADA	gṛha
patka	1	UTTARAPADA	culla
patma-jaṃhas	1	UTTARAPADA	raghu
patman	1	UTTARAPADA	vi
patni-tā	1	UTTARAPADA	eka
patnī-kṛt	1	UTTARAPADA	bahu
patnī-saṃyāja	1	UTTARAPADA	bahiṣ
patnī-tā	1	UTTARAPADA	bahu
patnīkā@dhāna	1	UTTARAPADA	mṛta
pattanikā	1	UTTARAPADA	prema
pattra-bhaṅga	1	UTTARAPADA	karṇa
pattra-kara	1	UTTARAPADA	sūtra
pattra-mokṣa	1	UTTARAPADA	marmara
pattra-nīla	1	UTTARAPADA	utpala
pattrakā	1	UTTARAPADA	nānā
pattrakī	1	UTTARAPADA	śāta
pattrika	1	UTTARAPADA	sūci
pattro@pajīvin	1	UTTARAPADA	kāṣṭha
pattrā@bha	1	UTTARAPADA	kumuda
pattrīṇa	1	UTTARAPADA	sarva
patākin	1	UTTARAPADA	dhvaja
patīya	1	UTTARAPADA	vāk
paurava	1	UTTARAPADA	mahā
pauravatantava	1	UTTARAPADA	para
paurtika	1	UTTARAPADA	aiṣṭika
pauruṣya	1	UTTARAPADA	rāja
paurāṇa	1	UTTARAPADA	yathā
paurāṇika-mata-samarthana	1	UTTARAPADA	saura
paurṇamāsa	1	UTTARAPADA	darśa
paurṇamāsika	1	UTTARAPADA	dārśa
paurṇimī	1	UTTARAPADA	dyūta
pautra	1	UTTARAPADA	putra
pauṃsna	1	UTTARAPADA	visrasta
pauṇḍra	1	UTTARAPADA	kāśa
pauṣa	1	UTTARAPADA	sauma
pauṣṇa-maitra	1	UTTARAPADA	sa
pavamāna	1	UTTARAPADA	bahiṣ
pavamāna-trirātra	1	UTTARAPADA	chandoma
pavanā@śin	1	UTTARAPADA	salila
payo-dharā	1	UTTARAPADA	lamba
payo@ṣṇī	1	UTTARAPADA	payaḥ
pañca-lakṣaṇa	1	UTTARAPADA	purāṇa
pañca-mukha-dhyāna	1	UTTARAPADA	śiva
pañca-nakha	1	UTTARAPADA	pañca
pañca-phala	1	UTTARAPADA	amla
pañca-saṃdhi	1	UTTARAPADA	bhairavīya
pañca-saṃskāra-vidhi	1	UTTARAPADA	śūdra
pañca-sū@kta	1	UTTARAPADA	pavamāna
pañca-sūtra	1	UTTARAPADA	śaunaka
pañca-tva	1	UTTARAPADA	prāpta
pañca-vadana-stotra	1	UTTARAPADA	śiva
pañca-varṣa	1	UTTARAPADA	ṣaṭ
pañca-viṃśa	1	UTTARAPADA	dvi
pañca-viṃśati	1	UTTARAPADA	vetāla
pañca-viṃśatikā	1	UTTARAPADA	vetāla
pañca-viṣa	1	UTTARAPADA	mahā
pañcadaśa	1	UTTARAPADA	ardha
pañcadaśikā	1	UTTARAPADA	bodha
pañcadaśī-kalpa-latikā	1	UTTARAPADA	rāma
pañcadvayasā@ṅgula	1	UTTARAPADA	dvi
pañcaka-prayoga	1	UTTARAPADA	soma
pañcaka-pūjā	1	UTTARAPADA	kalyāṇa
pañcaka-vivaraṇa	1	UTTARAPADA	śloka
pañcaka-vrata	1	UTTARAPADA	hari
pañcaka-vrata-kathā	1	UTTARAPADA	viṣṇu
pañcamaka	1	UTTARAPADA	ardha
pañcaratna	1	UTTARAPADA	prayoga
pañcarātra	1	UTTARAPADA	kapila
pañcaśatī	1	UTTARAPADA	mūka
pañcin	1	UTTARAPADA	pañca
pañcā@kṣara-stotra	1	UTTARAPADA	śiva
pañcā@kṣarī	1	UTTARAPADA	śiva
pañcā@mla	1	UTTARAPADA	phala
pañcā@mṛta	1	UTTARAPADA	divya
pañcā@sya	1	UTTARAPADA	nṛ
pañcā@yudha-stotra	1	UTTARAPADA	hari
pañcā@śīti	1	UTTARAPADA	vairāgya
pañcā@ṅga-bhāṣya	1	UTTARAPADA	lagna
pañcā@ṅga-nyāsa	1	UTTARAPADA	rudra
pañcā@ṅga-stotra	1	UTTARAPADA	sūrya
pañcā@ṅga-vidhi	1	UTTARAPADA	makaranda
pañcālaka	1	UTTARAPADA	paurva
pañcāśad-bhāva	1	UTTARAPADA	nyūna
pañcāśatika-horā	1	UTTARAPADA	ṣaṭ
pañcāśatikā	1	UTTARAPADA	ṣaṭ
pañcāśattama	1	UTTARAPADA	aṣṭa
pañcāśikā-vṛtti	1	UTTARAPADA	ṣaṭ
pañcī	1	UTTARAPADA	vi
pañcī-karaṇa	1	UTTARAPADA	prākṛta
pañcī-karaṇa-vārttika	1	UTTARAPADA	saṃdhyā
pañjaka	1	UTTARAPADA	palli
pañjala	1	UTTARAPADA	vastra
pañjara-stotra	1	UTTARAPADA	bhīṣma
pañjarikā-stotra	1	UTTARAPADA	dvādaśa
pañjāśikā	1	UTTARAPADA	padya
paśavya	1	UTTARAPADA	putrya
paścimā@yata	1	UTTARAPADA	prāk
paścā@yata	1	UTTARAPADA	pūrva
paścāttāpa-varṇana	1	UTTARAPADA	pārvatī
paśu-ghna	1	UTTARAPADA	vṛthā
paśu-prayoga	1	UTTARAPADA	varṣa
paśuka	1	UTTARAPADA	eka
paśupati	1	UTTARAPADA	abhirāma
paśyā	1	UTTARAPADA	dūre
paṅka-ja	1	UTTARAPADA	vadana
paṅka-vat	1	UTTARAPADA	baddha
paṅkin	1	UTTARAPADA	mala
paṅkti-hāsin	1	UTTARAPADA	balākā
paṅkti-vidhāna	1	UTTARAPADA	pitṛ
paṅkā@vanaddhā@sthi-pañjara-maya	1	UTTARAPADA	piśita
paṇava-tūṇa-vat	1	UTTARAPADA	vīṇā
paṇita	1	UTTARAPADA	saṃghaṭṭa
paṇyam	1	UTTARAPADA	yathā
paṇyo@pajīvin	1	UTTARAPADA	strī
paṇḍa	1	UTTARAPADA	vāta
paṇḍita-tva	1	UTTARAPADA	vañcanā
paṇḍitīya	1	UTTARAPADA	hari
paṭa-vāsa	1	UTTARAPADA	sama
paṭaham	1	UTTARAPADA	sa
paṭaka	1	UTTARAPADA	kāṇḍa
paṭalikā	1	UTTARAPADA	pañca
paṭalo@pā@ya-dāna	1	UTTARAPADA	nakṣatra
paṭha	1	UTTARAPADA	su
paṭhana	1	UTTARAPADA	pavitra
paṭhana-phala	1	UTTARAPADA	rāmāyaṇa
paṭhana-stotra	1	UTTARAPADA	nāma
paṭhitṛ	1	UTTARAPADA	veda
paṭika	1	UTTARAPADA	yama
paṭikā	1	UTTARAPADA	tūla
paṭola	1	UTTARAPADA	rāja
paṭolikā	1	UTTARAPADA	dīrgha
paṭolī	1	UTTARAPADA	madhura
paṭīra	1	UTTARAPADA	śāṭī
paṭṭa-grāma	1	UTTARAPADA	naṭṭa
paṭṭa-mara	1	UTTARAPADA	sarva
paṭṭi	1	UTTARAPADA	vora
paṭṭika	1	UTTARAPADA	śāṭī
paṭṭolikā	1	UTTARAPADA	rakṣā
paṭṭā@bhiṣeka	1	UTTARAPADA	rāma
paṭṭāka	1	UTTARAPADA	sthūla
paṭṭī	1	UTTARAPADA	sa
pela	1	UTTARAPADA	pāri
pelava	1	UTTARAPADA	mṛṇālikā
peyaka	1	UTTARAPADA	vāja
peyika	1	UTTARAPADA	vāja
peyin	1	UTTARAPADA	vāja
peḍā	1	UTTARAPADA	rajju
peṣaka	1	UTTARAPADA	auṣadha
peṣaṇī	1	UTTARAPADA	yantra
peṣika	1	UTTARAPADA	naiṣ
peṣikā	1	UTTARAPADA	gandhaka
pha	1	UTTARAPADA	vi
phakkikā	1	UTTARAPADA	vāda
phala-bhaktṛ	1	UTTARAPADA	putra
phala-bhāj	1	UTTARAPADA	sampūrṇa
phala-hetu	1	UTTARAPADA	karma
phala-kṣīra	1	UTTARAPADA	khasa
phala-maya	1	UTTARAPADA	nānā
phala-paddhati	1	UTTARAPADA	varṣa
phala-prapānaka	1	UTTARAPADA	āmra
phala-pānaka	1	UTTARAPADA	nimbūka
phala-pāṇḍura	1	UTTARAPADA	lavalī
phala-rahasya	1	UTTARAPADA	varṣa
phala-stotra	1	UTTARAPADA	sevā
phala-tva	1	UTTARAPADA	paṇya
phala-tyāga-caturdaśī	1	UTTARAPADA	sarva
phala-vicāra	1	UTTARAPADA	munthā
phala-vrata	1	UTTARAPADA	daśa
phala-vrata-kathā	1	UTTARAPADA	dhānā
phalam	1	UTTARAPADA	yathā
phalgu	1	UTTARAPADA	sāra
phalguna	1	UTTARAPADA	bhaṭṭa
phalka	1	UTTARAPADA	śva
phallī	1	UTTARAPADA	badara
phalya	1	UTTARAPADA	naiṣ
phalā@bhiṣeka	1	UTTARAPADA	śiva
phalā@dhyāya	1	UTTARAPADA	svapna
phalā@phala	1	UTTARAPADA	svapna
phalī-karaṇam	1	UTTARAPADA	prati
phañjī	1	UTTARAPADA	jīrṇa
phaḍ-anta	1	UTTARAPADA	hum
phaṇaka	1	UTTARAPADA	mahā
phaṇi-cakra	1	UTTARAPADA	sūrya
phaṇijjhaka	1	UTTARAPADA	rāja
phaṇikā	1	UTTARAPADA	go
phaṇin	1	UTTARAPADA	śaṅku
phaṇā	1	UTTARAPADA	go
phena-ja	1	UTTARAPADA	rakta
phena-pīta	1	UTTARAPADA	vṛṣalī
phena-rāji	1	UTTARAPADA	sphuṭa
phenī	1	UTTARAPADA	payaḥ
pheru	1	UTTARAPADA	bhās
pheṇā	1	UTTARAPADA	mahā
pheṭkārīya	1	UTTARAPADA	mahā
phullā@ntra	1	UTTARAPADA	vāta
phuṭṭika	1	UTTARAPADA	pañca
phālaka	1	UTTARAPADA	ardha
phālguna	1	UTTARAPADA	prāk
phālguneya	1	UTTARAPADA	prāk
phālgunī	1	UTTARAPADA	uttara
phī	1	UTTARAPADA	māra
phūt-kāra	1	UTTARAPADA	mukta
phūt-kṛti	1	UTTARAPADA	mukta
piccaṭa	1	UTTARAPADA	tila
picchila	1	UTTARAPADA	laghu
picu	1	UTTARAPADA	tūla
pidhānaka	1	UTTARAPADA	khaḍga
pihita	1	UTTARAPADA	bhujaṃga
pihita-locana	1	UTTARAPADA	bāṣpa
pihita-vat	1	UTTARAPADA	su
pika	1	UTTARAPADA	kelī
pilla	1	UTTARAPADA	kṛṣṇa
pin	1	UTTARAPADA	surā
pinva	1	UTTARAPADA	dānu
piplu	1	UTTARAPADA	mṛga
pippikā	1	UTTARAPADA	jala
pipāse	1	UTTARAPADA	aśanāyā
pipāsita	1	UTTARAPADA	kṣut
pipāsā-pariśrānta	1	UTTARAPADA	kṣut
pipāsā-parī@tā@ṅga	1	UTTARAPADA	kṣut
pipāsā@rta	1	UTTARAPADA	kṣut
pipīlī	1	UTTARAPADA	kṛṣṇa
pis	1	UTTARAPADA	su
pit	1	UTTARAPADA	nāḍa
pitrya	1	UTTARAPADA	su
pitryā-vat	1	UTTARAPADA	pitrya
pitsaru	1	UTTARAPADA	soma
pitta-śūla	1	UTTARAPADA	jarat
pittaka	1	UTTARAPADA	vāta
pittala	1	UTTARAPADA	muni
pittin	1	UTTARAPADA	lohita
pittā	1	UTTARAPADA	matsya
pitva	1	UTTARAPADA	sa
pitā-putraka	1	UTTARAPADA	ṣaṭ
pitṛ-kṛtā@bhyāsa	1	UTTARAPADA	mātṛ
pitṛ-meṣa	1	UTTARAPADA	kumāra
pitṛ-rājanya	1	UTTARAPADA	sa
pitṛ-yajña	1	UTTARAPADA	piṇḍa
piñjala	1	UTTARAPADA	ku
piñjarita	1	UTTARAPADA	mañjarī
piñjūla	1	UTTARAPADA	darbha
piśaṅgila	1	UTTARAPADA	kuru
piśuna	1	UTTARAPADA	saṃkoca
piśācaka	1	UTTARAPADA	abhra
piṅgā@kṣa	1	UTTARAPADA	madhu
piṅgāṇa	1	UTTARAPADA	sita
piṇḍa-bhuj	1	UTTARAPADA	preta
piṇḍa-da	1	UTTARAPADA	anātha
piṇḍa-kriyā	1	UTTARAPADA	saha
piṇḍa-pālana	1	UTTARAPADA	putra
piṇḍa-pāta	1	UTTARAPADA	atyayika
piṇḍa-vidhi	1	UTTARAPADA	ṣaṭ
piṇḍa-śrāddha	1	UTTARAPADA	daśa
piṇḍam	1	UTTARAPADA	prati
piṇḍika	1	UTTARAPADA	anātha
piṇḍo@daka-kriya	1	UTTARAPADA	lupta
piṇḍā@lu	1	UTTARAPADA	rakta
piṇḍāraka	1	UTTARAPADA	pāyasa
piṇḍīra	1	UTTARAPADA	kṛṣṇa
piṇḍītaru	1	UTTARAPADA	mahā
piṣṭakin	1	UTTARAPADA	muni
piṣṭapa	1	UTTARAPADA	tri
piṣṭauṇḍī	1	UTTARAPADA	nīla
piṭharī	1	UTTARAPADA	bhū
piṭikā	1	UTTARAPADA	rakta
plaka	1	UTTARAPADA	kaśa
plavā	1	UTTARAPADA	ākāśa
ploti	1	UTTARAPADA	karma
pluta-lakṣaṇa	1	UTTARAPADA	raṅga
pluta-tva	1	UTTARAPADA	udagra
plutaka	1	UTTARAPADA	śaśa
pluti	1	UTTARAPADA	maṇḍūka
plutā	1	UTTARAPADA	hariṇa
plāvana	1	UTTARAPADA	jala
plāvin	1	UTTARAPADA	veda
plāvya	1	UTTARAPADA	pāri
plāvī	1	UTTARAPADA	busa
poli	1	UTTARAPADA	ākāśa
pona	1	UTTARAPADA	śata
ponaka	1	UTTARAPADA	śata
poraka	1	UTTARAPADA	śata
potalikā	1	UTTARAPADA	go
potha	1	UTTARAPADA	vāta
pothaka	1	UTTARAPADA	vāta
potra	1	UTTARAPADA	śuka
potārau	1	UTTARAPADA	neṣṭā
poñchana	1	UTTARAPADA	mukha
poṇa	1	UTTARAPADA	daṇḍa
poṣam	1	UTTARAPADA	sva
poṣika	1	UTTARAPADA	stana
poṣā	1	UTTARAPADA	sahasra
poṭagala	1	UTTARAPADA	mahā
poṭalin	1	UTTARAPADA	śaṅkha
poṭā	1	UTTARAPADA	ibha
poṭṭalī	1	UTTARAPADA	haṃsa
pra-dīpikā	1	UTTARAPADA	haṭha
pra-karṣa	1	UTTARAPADA	phala
prabandha-dīpikā	1	UTTARAPADA	śṛṅgāra
prabandha-varṇa-sāra-saṃgraha	1	UTTARAPADA	sakala
prabandhana	1	UTTARAPADA	saṃdhi
prabarha	1	UTTARAPADA	saṃvatsara
prabharman	1	UTTARAPADA	vṛṣa
prabhava-deva	1	UTTARAPADA	su
prabhañjana-varman	1	UTTARAPADA	nanda
prabheda-pratiṣṭhā-tantra	1	UTTARAPADA	su
prabheda-tantra	1	UTTARAPADA	su
prabhedikā	1	UTTARAPADA	carma
prabhodhā@laṃkāra	1	UTTARAPADA	śiśu
prabhraṃśana	1	UTTARAPADA	nāva
prabhu-tva	1	UTTARAPADA	eka
prabhu-tā	1	UTTARAPADA	vimāna
prabhuka	1	UTTARAPADA	jñāti
prabhutā	1	UTTARAPADA	sva
prabhā-jāla	1	UTTARAPADA	arka
prabhā-kara	1	UTTARAPADA	vṛtti
prabhā-maṇḍala	1	UTTARAPADA	sphurat
prabhākara	1	UTTARAPADA	vyāsa
prabhāsa-tīrtha	1	UTTARAPADA	candra
prabhāsa-śrī-tejo-rāja-garbha	1	UTTARAPADA	vimala
prabhāsvara-rāja	1	UTTARAPADA	candra
prabhātam	1	UTTARAPADA	prati
prabhāte	1	UTTARAPADA	tat
prabhāva-sambhava	1	UTTARAPADA	rucira
prabhāvam	1	UTTARAPADA	yathā
prabhīya	1	UTTARAPADA	sūrya
prabodha-bhaṭṭāraka	1	UTTARAPADA	satya
prabodhaka	1	UTTARAPADA	sukha
prabodhikā	1	UTTARAPADA	bāla
prabodhin	1	UTTARAPADA	kāla
prabodho@tsava	1	UTTARAPADA	nārāyaṇa
prabodhā	1	UTTARAPADA	haṃsa
praca	1	UTTARAPADA	nakha
pracala	1	UTTARAPADA	bhūmi
pracalana	1	UTTARAPADA	jānu
pracalita	1	UTTARAPADA	antaḥ
pracalāyita	1	UTTARAPADA	āsīna
pracara	1	UTTARAPADA	taṇḍā
pracaraṇa	1	UTTARAPADA	kuṭṭa
pracaya	1	UTTARAPADA	puṣpa
pracayana	1	UTTARAPADA	phala
pracchanna	1	UTTARAPADA	su
pracchādaka	1	UTTARAPADA	tamaḥ
pracchādana	1	UTTARAPADA	piplu
praceya	1	UTTARAPADA	kara
pracodana	1	UTTARAPADA	vāk
pracupita	1	UTTARAPADA	upasthita
pracālakam	1	UTTARAPADA	bāhu
pracāya	1	UTTARAPADA	puṣpa
prada-sūrya-stotra	1	UTTARAPADA	saṃtāna
pradadi	1	UTTARAPADA	su
pradakṣiṇa-vidhi	1	UTTARAPADA	lakṣa
pradakṣiṇa-vrata-vidhi	1	UTTARAPADA	lakṣa
pradakṣiṇā	1	UTTARAPADA	nagara
pradara	1	UTTARAPADA	rakta
pradarśa	1	UTTARAPADA	su
pradeya	1	UTTARAPADA	śiṣya
pradeśam	1	UTTARAPADA	yathā
pradharṣa	1	UTTARAPADA	duṣ
pradharṣaṇa	1	UTTARAPADA	keśa
pradhāna-paṭṭā@valī-sūtra	1	UTTARAPADA	yuga
pradhāna-svarūpa	1	UTTARAPADA	yuga
pradhānam	1	UTTARAPADA	yathā
pradhānatā	1	UTTARAPADA	śarīra
pradhāraṇa	1	UTTARAPADA	pāda
pradhṛṣya	1	UTTARAPADA	su
pradiṣṭam	1	UTTARAPADA	yathā
pradohā	1	UTTARAPADA	su
pradoṣa-vrata	1	UTTARAPADA	pakṣa
pradveṣa	1	UTTARAPADA	kārya
pradyotaka	1	UTTARAPADA	sampradāya
pradyumna-prabandha	1	UTTARAPADA	sāmba
pradāha	1	UTTARAPADA	kakup
pradānam	1	UTTARAPADA	yathā
pradātṛ	1	UTTARAPADA	ṛṇa
pradāyaka	1	UTTARAPADA	prāṇa
pradīpa-paddhati	1	UTTARAPADA	sampradāya
pradīpa-saṃketa	1	UTTARAPADA	samanvaya
pradīpaka	1	UTTARAPADA	raṅga
pradīrṇa	1	UTTARAPADA	svayam
pragala	1	UTTARAPADA	niṣ
pragalbha-lakṣaṇa	1	UTTARAPADA	dvitīya
pragamana	1	UTTARAPADA	su
pragarjana	1	UTTARAPADA	siṃha
pragarjita	1	UTTARAPADA	siṃha
prage	1	UTTARAPADA	ati
praghasā	1	UTTARAPADA	apehi
praghāsa	1	UTTARAPADA	varuṇa
praghāsika	1	UTTARAPADA	vāruṇa
pragrahaṇa	1	UTTARAPADA	sruva
pragrāha	1	UTTARAPADA	tulā
pragupta	1	UTTARAPADA	su
pragāman	1	UTTARAPADA	pṛthu
pragāḍha	1	UTTARAPADA	lavaṇa
pragāṇa	1	UTTARAPADA	pṛthu
pragīta	1	UTTARAPADA	madhura
praharikā	1	UTTARAPADA	ardha
prahartṛ	1	UTTARAPADA	puraḥ
prahata	1	UTTARAPADA	jaṅghā
prahlādana	1	UTTARAPADA	śarīra
prahāna	1	UTTARAPADA	prāk
prahārika	1	UTTARAPADA	eka
prahāsam	1	UTTARAPADA	sa
prahīṇa	1	UTTARAPADA	jyotiṣ
prahṛta-phalaka	1	UTTARAPADA	jānu
prai@tu	1	UTTARAPADA	su
prai@ṣam	1	UTTARAPADA	yathā
praiṣa	1	UTTARAPADA	ṛtu
prajvalita	1	UTTARAPADA	svayam
prajñam	1	UTTARAPADA	yathā
prajñapta	1	UTTARAPADA	vaidya
prajñā-hara	1	UTTARAPADA	sadyaḥ
prajñā-kara	1	UTTARAPADA	sadyaḥ
prajñā-pāramitā-sūtra	1	UTTARAPADA	mahā
prajñāna-śālin	1	UTTARAPADA	bahu
prajāgara	1	UTTARAPADA	vidura
prajāpatika	1	UTTARAPADA	sa
prajāpatya	1	UTTARAPADA	brāhma
prajās-tva	1	UTTARAPADA	su
prakalpana	1	UTTARAPADA	dravya
prakalpanā	1	UTTARAPADA	aṃśa
prakampya	1	UTTARAPADA	duṣ
prakara	1	UTTARAPADA	bāṣpa
prakaraṇa-saṃgati	1	UTTARAPADA	pāda
prakaraṇa-ṭīkā	1	UTTARAPADA	vivāha
prakaraṇī	1	UTTARAPADA	pañca
praketa	1	UTTARAPADA	su
prakhyā	1	UTTARAPADA	yava
prakhyāpana	1	UTTARAPADA	yaśaḥ
prakoṣṭha	1	UTTARAPADA	vijaya
prakriyā-vyākṛti	1	UTTARAPADA	sat
prakriyā-vṛtti	1	UTTARAPADA	prākṛta
prakāsa	1	UTTARAPADA	smṛti
prakāsaka-siṃha	1	UTTARAPADA	śiva
prakāśa-bhāṣya	1	UTTARAPADA	sūtra
prakāśa-bodhinī	1	UTTARAPADA	śakti
prakāśa-cikitsā	1	UTTARAPADA	vidyā
prakāśa-deva	1	UTTARAPADA	śiva
prakāśa-dīdhiti-māthurī	1	UTTARAPADA	guṇa
prakāśa-kṣetra-vidhi	1	UTTARAPADA	puruṣottama
prakāśa-vivṛti	1	UTTARAPADA	guṇa
prakāśa-ṭīkā	1	UTTARAPADA	yoga
prakāśaka-dīpti	1	UTTARAPADA	maṇi
prakāśamāna	1	UTTARAPADA	svayam
prakāśā	1	UTTARAPADA	kṣaṇa
prakāśā@khya-stava	1	UTTARAPADA	suhṛt
prakīrṇa-kārikā	1	UTTARAPADA	śrāddha
prakīrṇe@ndriya	1	UTTARAPADA	su
prakūṭā	1	UTTARAPADA	paca
prakḷpti	1	UTTARAPADA	saha
prakṛta	1	UTTARAPADA	tat
prakṣa	1	UTTARAPADA	vana
prakṣayaṇa	1	UTTARAPADA	ghaṭa
prakṣin	1	UTTARAPADA	upala
prakṣālana-nyāya	1	UTTARAPADA	paṅka
prakṣālita	1	UTTARAPADA	su
prakṣālitā@nnaka	1	UTTARAPADA	sadyaḥ
pralambin	1	UTTARAPADA	tri
pralava	1	UTTARAPADA	veda
pralaya-kaṇṭako@ddhāra	1	UTTARAPADA	sarga
pralepa	1	UTTARAPADA	darvī
pralāpika	1	UTTARAPADA	sambhinna
prama	1	UTTARAPADA	saha
pramada	1	UTTARAPADA	indra
pramadhu	1	UTTARAPADA	su
pramahas	1	UTTARAPADA	vāja
pramanas	1	UTTARAPADA	vi
pramardana	1	UTTARAPADA	candra
pramatta	1	UTTARAPADA	vi
pramaṇa	1	UTTARAPADA	śāṇa
pramita	1	UTTARAPADA	māsa
pramodam	1	UTTARAPADA	sa
pramodanam	1	UTTARAPADA	sa
pramokṣa	1	UTTARAPADA	vīra
pramuditā	1	UTTARAPADA	sat
pramā	1	UTTARAPADA	pratyakṣa
pramārjana	1	UTTARAPADA	aśru
pramātha	1	UTTARAPADA	draupadī
pramātāmaha	1	UTTARAPADA	vṛddha
pramāṇa-mañjarī-ṭīkā	1	UTTARAPADA	nyāya
pramāṇa-pariccheda	1	UTTARAPADA	dharma
pramāṇa-saṃkhyā-vat	1	UTTARAPADA	sādhya
pramāṇa-vādā@rtha	1	UTTARAPADA	samavāya
pramāṇā@nurūpa	1	UTTARAPADA	sva
pramī	1	UTTARAPADA	vāta
pranaṣṭa	1	UTTARAPADA	mārga
pranṛtta	1	UTTARAPADA	su
prapad	1	UTTARAPADA	veda
prapadanīya	1	UTTARAPADA	go
prapalāyin	1	UTTARAPADA	āhūta
prapanna	1	UTTARAPADA	apatha
prapannam	1	UTTARAPADA	yathā
prapañca-hīna	1	UTTARAPADA	su
prapitāmaha	1	UTTARAPADA	vṛddha
prapādikā	1	UTTARAPADA	śruti
prapādin	1	UTTARAPADA	sabhā
prapātana	1	UTTARAPADA	akṣa
prapāṇa	1	UTTARAPADA	su
prapūrṇa	1	UTTARAPADA	rati
prarohin	1	UTTARAPADA	bīja
prarūḍha	1	UTTARAPADA	kāla
prasadman	1	UTTARAPADA	dīrgha
prasaha	1	UTTARAPADA	duṣ
prasakti	1	UTTARAPADA	ati
prasanna	1	UTTARAPADA	su
prasanna-tā	1	UTTARAPADA	citta
prasannaka	1	UTTARAPADA	su
prasaram	1	UTTARAPADA	ādṛṣṭi
prasaraṇa	1	UTTARAPADA	jala
prasarā	1	UTTARAPADA	su
prasatta	1	UTTARAPADA	ghṛta
prasava-rajas	1	UTTARAPADA	lodhra
prasavam	1	UTTARAPADA	prati
prasavas	1	UTTARAPADA	satya
prasavinī	1	UTTARAPADA	vīra
prasavya	1	UTTARAPADA	vāja
prasavīya	1	UTTARAPADA	vāja
prasaṃkhyā	1	UTTARAPADA	artha
prasaṅga-madhu	1	UTTARAPADA	madhu
praseva	1	UTTARAPADA	vīṇā
prasevaka	1	UTTARAPADA	carma
prasevikā	1	UTTARAPADA	carma
praskanda	1	UTTARAPADA	karta
prasrava	1	UTTARAPADA	sneha
prasravaṇī	1	UTTARAPADA	sadā
prasravin	1	UTTARAPADA	payaḥ
prasruta	1	UTTARAPADA	tri
prasruta-mada	1	UTTARAPADA	triḥ
prasrāva-sthāna	1	UTTARAPADA	uccāra
prastaram	1	UTTARAPADA	yathā
prastaraṇa	1	UTTARAPADA	rukma
prastha-pura	1	UTTARAPADA	yama
prasthita	1	UTTARAPADA	pūrva
prasthāna-mārga	1	UTTARAPADA	nyāya
prasthāyya	1	UTTARAPADA	sākam
prasthāyīya	1	UTTARAPADA	sākam
prasthīya	1	UTTARAPADA	saktu
prastotṛ-tva	1	UTTARAPADA	sāma
prastutam	1	UTTARAPADA	yathā
prastāriṇī	1	UTTARAPADA	vajra
prastāvam	1	UTTARAPADA	yathā
prastāvatas	1	UTTARAPADA	kathā
prastāvinī	1	UTTARAPADA	vajra
prasāda-mantra	1	UTTARAPADA	parā
prasāda-meha	1	UTTARAPADA	sāndra
prasāda-mālā	1	UTTARAPADA	bhagavat
prasāda-ṭīkā	1	UTTARAPADA	sārasvata
prasādanīya	1	UTTARAPADA	guru
prasādhita	1	UTTARAPADA	su
prasādhya	1	UTTARAPADA	duṣ
prasādika	1	UTTARAPADA	samanta
prasādinī	1	UTTARAPADA	nayana
prasādā	1	UTTARAPADA	dṛk
prasāha	1	UTTARAPADA	duṣ
prasāraṇa	1	UTTARAPADA	pāda
prasārita	1	UTTARAPADA	su
prasārita-kara	1	UTTARAPADA	vyasana
prasārā	1	UTTARAPADA	su
prasūnaka	1	UTTARAPADA	śveta
prasūnā	1	UTTARAPADA	śata
prasūnā@ñjali	1	UTTARAPADA	padya
prasṛptam	1	UTTARAPADA	yathā
prasṛt	1	UTTARAPADA	amārga
prasṛtikī	1	UTTARAPADA	pāñca
prasṛtim-paca	1	UTTARAPADA	nīvāra
pratakta	1	UTTARAPADA	sarga
prataraṇa	1	UTTARAPADA	āyuṣ
pratardana	1	UTTARAPADA	su
pratarka	1	UTTARAPADA	su
prathamam	1	UTTARAPADA	sarva
prathamikā	1	UTTARAPADA	aham
prathamā@bhiṣeka	1	UTTARAPADA	rāja
prathana	1	UTTARAPADA	jihvā
prathāyin	1	UTTARAPADA	saha
prati-nidhi	1	UTTARAPADA	putra
pratibaddha	1	UTTARAPADA	mṛtyu
pratibaddha-vatsā	1	UTTARAPADA	pīta
pratibadhyatā	1	UTTARAPADA	sāmagrī
pratibandhakatā-vāda	1	UTTARAPADA	sāmagrī
pratibandhin	1	UTTARAPADA	sukha
pratibhaya	1	UTTARAPADA	sa
pratibhuja	1	UTTARAPADA	bhuja
pratibhā	1	UTTARAPADA	su
pratibhāsa	1	UTTARAPADA	śuddha
pratibhāsita	1	UTTARAPADA	prajñā
pratibhāṇḍaka	1	UTTARAPADA	bhāṇḍa
pratibāhu	1	UTTARAPADA	bāhu
praticakṣa	1	UTTARAPADA	su
praticchanna	1	UTTARAPADA	su
praticchedana	1	UTTARAPADA	kaṇṭaka
praticchinna	1	UTTARAPADA	su
pratidvaṃdva	1	UTTARAPADA	niṣ
pratigha-prahāṇa	1	UTTARAPADA	anunaya
pratigraha-vidhi	1	UTTARAPADA	putra
pratigrahaṇa	1	UTTARAPADA	cūḍā
pratigrāhaka	1	UTTARAPADA	bali
pratigrāhya	1	UTTARAPADA	bahu
pratiguṇais	1	UTTARAPADA	yathā
pratiguṇam	1	UTTARAPADA	yathā
pratigṛhīta	1	UTTARAPADA	su
pratijñam	1	UTTARAPADA	yathā
pratikramaṇa-sūtra	1	UTTARAPADA	sādhu
pratikāra	1	UTTARAPADA	śakya
pratikūla	1	UTTARAPADA	vi
pratikṛta	1	UTTARAPADA	kṛta
pratilabdha	1	UTTARAPADA	prasāda
pratilekha-lipi	1	UTTARAPADA	lekha
pratiloma	1	UTTARAPADA	anuloma
pratimantraṇa	1	UTTARAPADA	amedhya
pratimaṇḍala	1	UTTARAPADA	drāk
pratimocana	1	UTTARAPADA	vaira
pratimukha	1	UTTARAPADA	mukha
pratimukhā@gata	1	UTTARAPADA	tiryak
pratimā-dāna	1	UTTARAPADA	bhū
pratimā-sampro@kṣaṇa-vidhi	1	UTTARAPADA	viṣṇu
pratimādana	1	UTTARAPADA	śani
pratinivartana	1	UTTARAPADA	punaḥ
pratināha	1	UTTARAPADA	karṇa
pratipad	1	UTTARAPADA	dyūta
pratipad-vrata	1	UTTARAPADA	ārogya
pratipakṣin	1	UTTARAPADA	sat
pratipakṣita	1	UTTARAPADA	sat
pratipatti-pūrvam	1	UTTARAPADA	sāmānya
pratipratyanīka	1	UTTARAPADA	vi
pratipādaka	1	UTTARAPADA	bhakti
pratipādana	1	UTTARAPADA	tīrtha
pratipādya	1	UTTARAPADA	yatna
pratipūjita	1	UTTARAPADA	su
pratipūrṇa	1	UTTARAPADA	hiraṇya
pratirūpam	1	UTTARAPADA	yathā
pratisara	1	UTTARAPADA	maṅgala
pratisaṃdhi	1	UTTARAPADA	bhava
prativandana-khaṇḍana	1	UTTARAPADA	yati
prativarman	1	UTTARAPADA	su
pratividdha	1	UTTARAPADA	su
prativāda	1	UTTARAPADA	vāda
prativāpa	1	UTTARAPADA	sa
prativāraṇa	1	UTTARAPADA	duṣ
prativī@kṣaṇīya	1	UTTARAPADA	duṣ
prativī@kṣya	1	UTTARAPADA	duṣ
pratiyāta	1	UTTARAPADA	agaṇita
pratiyātana	1	UTTARAPADA	vaira
pratiyātanā	1	UTTARAPADA	yoṣit
pratiśara	1	UTTARAPADA	rakṣā
pratiśrava	1	UTTARAPADA	satya
pratiśraya	1	UTTARAPADA	su
pratiśrut	1	UTTARAPADA	baddha
pratiṣiddha	1	UTTARAPADA	vihita
pratiṣṇāta	1	UTTARAPADA	su
pratiṣṭhā-dāna-vidhi	1	UTTARAPADA	bhuvana
pratiṣṭhā-kalpa	1	UTTARAPADA	hanumat
pratiṣṭhā-maya	1	UTTARAPADA	bindu
pratiṣṭhā-tattva	1	UTTARAPADA	maṭha
pratiṣṭhāna-kāra	1	UTTARAPADA	vaṃśa
pratiṣṭhāpana	1	UTTARAPADA	mūrti
pratiṣṭhāpita	1	UTTARAPADA	su
pratodin	1	UTTARAPADA	śroṇi
pratur	1	UTTARAPADA	su
pratyabhijñam	1	UTTARAPADA	sa
pratyabhijñā-sūtra	1	UTTARAPADA	īśvara
pratyabhijñāna	1	UTTARAPADA	viṣaya
pratyac	1	UTTARAPADA	dakṣiṇā
pratyakṣa-darśanam	1	UTTARAPADA	yathā
pratyakṣa-vicāra	1	UTTARAPADA	vāyu
pratyakṣa-vāda	1	UTTARAPADA	vāyu
pratyakṣa-ṭīkā	1	UTTARAPADA	dīdhiti
pratyanīka	1	UTTARAPADA	vi
pratyanīyaka	1	UTTARAPADA	vi
pratyarham	1	UTTARAPADA	yathā
pratyarthika	1	UTTARAPADA	bahu
pratyavamarśa	1	UTTARAPADA	smṛti
pratyavara	1	UTTARAPADA	bhāra
pratyavarohaṇa	1	UTTARAPADA	hemanta
pratyavasita	1	UTTARAPADA	su
pratyavā@ya	1	UTTARAPADA	bahu
pratyaya-kaumudī	1	UTTARAPADA	vṛtta
pratyaya-mālā	1	UTTARAPADA	sarva
pratyaya-pañcaka	1	UTTARAPADA	dhātu
pratyaya-pañjikā	1	UTTARAPADA	dhātu
pratyaya-tva	1	UTTARAPADA	tat
pratyaya-vādā@rtha	1	UTTARAPADA	bhāva
pratyaya-śakti-vicāra	1	UTTARAPADA	bhāva
pratyayaka	1	UTTARAPADA	sa
pratyayam	1	UTTARAPADA	tat
pratyayo@dbodha	1	UTTARAPADA	bhāṣya
pratyañc	1	UTTARAPADA	su
pratyaṅgirā	1	UTTARAPADA	viparīta
pratyenas	1	UTTARAPADA	rāja
pratyukta	1	UTTARAPADA	ukta
pratyuktikā	1	UTTARAPADA	ukti
pratyupakāra	1	UTTARAPADA	punaḥ
pratyupasthita	1	UTTARAPADA	gandharva
pratyuttara	1	UTTARAPADA	uttara
pratyādhāna	1	UTTARAPADA	sa
pratyāgata	1	UTTARAPADA	gata
pratyāhāra	1	UTTARAPADA	ra
pratyāśa	1	UTTARAPADA	niṣ
pratyāśam	1	UTTARAPADA	sa
pratyūha	1	UTTARAPADA	niṣ
pratyūḍha	1	UTTARAPADA	su
pratāpa-bala-sahita	1	UTTARAPADA	kīrti
pratī@cchaka	1	UTTARAPADA	dātṛ
pratī@kṣa	1	UTTARAPADA	sukha
pratī@kṣin	1	UTTARAPADA	tvat
pratī@kṣā	1	UTTARAPADA	mitra
pratī@ta	1	UTTARAPADA	su
pratī@ti	1	UTTARAPADA	rekhā
pratī@ti-kara	1	UTTARAPADA	duṣ
pratī@śa	1	UTTARAPADA	sa
pratīci-tas	1	UTTARAPADA	prācī
pratīhāra	1	UTTARAPADA	mahā
pratīka-yājyā	1	UTTARAPADA	praiṣa
pratīkam	1	UTTARAPADA	prati
pratīkinī	1	UTTARAPADA	su
pratīkā@śa	1	UTTARAPADA	udaka
pratīkāśa	1	UTTARAPADA	sa
pratūrti	1	UTTARAPADA	su
prauḍha-yauvana	1	UTTARAPADA	ati
pravacanīya	1	UTTARAPADA	karma
pravada	1	UTTARAPADA	prathama
pravadiṣu	1	UTTARAPADA	vāk
pravara-bhāṣya	1	UTTARAPADA	mahā
pravara-grantha	1	UTTARAPADA	samāna
pravara-nirṇaya	1	UTTARAPADA	mahā
pravara-vat	1	UTTARAPADA	tat
pravaraṇa	1	UTTARAPADA	ati
pravarga	1	UTTARAPADA	dāsa
pravargya	1	UTTARAPADA	sa
pravarha	1	UTTARAPADA	manu
pravartana	1	UTTARAPADA	pārvatī
pravarṣin	1	UTTARAPADA	ūrdhva
pravaṇa-kalpa	1	UTTARAPADA	yati
pravaṇi	1	UTTARAPADA	niṣ
pravedita	1	UTTARAPADA	su
pravega	1	UTTARAPADA	śara
praveka	1	UTTARAPADA	maṇi
pravepa	1	UTTARAPADA	sukha
pravepita	1	UTTARAPADA	su
praveśa-paddhati	1	UTTARAPADA	vāstu
praveśa-samaya	1	UTTARAPADA	go
praveśa-vidhi	1	UTTARAPADA	yoga
praveśa-vyavasthāna	1	UTTARAPADA	mokṣa
praveśam	1	UTTARAPADA	yathā
praveśikā	1	UTTARAPADA	parā
praveṣṭa	1	UTTARAPADA	danta
pravicāra	1	UTTARAPADA	sukha
praviṣṭa	1	UTTARAPADA	madhya
pravrajita	1	UTTARAPADA	su
pravrajitā	1	UTTARAPADA	kumāra
pravraścana	1	UTTARAPADA	idhma
pravrājinī	1	UTTARAPADA	dvi
pravādita	1	UTTARAPADA	su
pravāha-maryādā-bheda	1	UTTARAPADA	puṣṭi
pravāheṇa	1	UTTARAPADA	gaḍḍālikā
pravāka	1	UTTARAPADA	soma
pravāsa-vidhi	1	UTTARAPADA	śrauta
pravāsin	1	UTTARAPADA	cira
pravāta	1	UTTARAPADA	saṃvatsara
pravāṇi	1	UTTARAPADA	niṣ
pravīta	1	UTTARAPADA	ṛta
pravṛkti	1	UTTARAPADA	su
pravṛkṇa	1	UTTARAPADA	su
pravṛtam	1	UTTARAPADA	yathā
prayaj	1	UTTARAPADA	pṛkṣa
prayajyu	1	UTTARAPADA	dīrgha
prayantṛ	1	UTTARAPADA	gaja
prayoga-cintāmaṇi	1	UTTARAPADA	śrāddha
prayoga-mantra	1	UTTARAPADA	soma
prayoga-nivartana	1	UTTARAPADA	sa
prayoga-prā@yaścitta	1	UTTARAPADA	soma
prayoga-rahasya	1	UTTARAPADA	sa
prayoga-ratnamālā	1	UTTARAPADA	soma
prayoga-sāman	1	UTTARAPADA	śrauta
prayoga-vṛtti	1	UTTARAPADA	soma
prayogam	1	UTTARAPADA	yathā
prayogin	1	UTTARAPADA	sakṛt
prayogā@mṛta	1	UTTARAPADA	vaidyaka
prayogāt	1	UTTARAPADA	sva
prayojana-vaśa	1	UTTARAPADA	sva
prayā	1	UTTARAPADA	su
prayāta	1	UTTARAPADA	bhujaṃga
prayāyin	1	UTTARAPADA	saha
prayāṇakam	1	UTTARAPADA	prati
praśama	1	UTTARAPADA	citta
praśamana-stava	1	UTTARAPADA	pāpa
praśastaka	1	UTTARAPADA	vi
praśasti-kāvya	1	UTTARAPADA	vijaya
praśasti-mahākāvya	1	UTTARAPADA	rāja
praśaṃsaka	1	UTTARAPADA	ātma
praśaṃsita	1	UTTARAPADA	su
praśaṃsā-varṇana	1	UTTARAPADA	bhakti
praśiṣya	1	UTTARAPADA	sūrya
praśna-cintana	1	UTTARAPADA	muṣṭi
praśna-saṃhitā	1	UTTARAPADA	śuka
praśna-sūtra-siddhā@nta	1	UTTARAPADA	raya
praśna-tantra	1	UTTARAPADA	ramala
praśna-śāstra	1	UTTARAPADA	vaiṣṇava
praśnam	1	UTTARAPADA	yathā
praśno@ttara	1	UTTARAPADA	paṇḍita
praśno@ttara-mālā	1	UTTARAPADA	vimala
praśno@ttara-vyavasthā	1	UTTARAPADA	śrauta
praśnya	1	UTTARAPADA	ati
praśnā@valī	1	UTTARAPADA	nārāyaṇī
praśnī	1	UTTARAPADA	vāri
praśrayam	1	UTTARAPADA	sa
praśvāsa-dhāraṇa	1	UTTARAPADA	śvāsa
praśānta	1	UTTARAPADA	dhīra
praśāsana	1	UTTARAPADA	mahī
praṇavam	1	UTTARAPADA	prati
praṇavo@paniṣad	1	UTTARAPADA	piṅgala
praṇaya-vat	1	UTTARAPADA	madhu
praṇayanīya	1	UTTARAPADA	agni
praṇaṣṭa	1	UTTARAPADA	cira
praṇejana	1	UTTARAPADA	aṅguli
praṇejinī	1	UTTARAPADA	śiśna
praṇetra	1	UTTARAPADA	vāyu
praṇeya	1	UTTARAPADA	apara
praṇihita	1	UTTARAPADA	mūla
praṇihita-dhī	1	UTTARAPADA	vedānta
praṇipāta	1	UTTARAPADA	avadhūta
praṇudya	1	UTTARAPADA	ati
praṇālī	1	UTTARAPADA	pāṭha
praṇāma-śikṣā-stuti	1	UTTARAPADA	śiva
praṇāmam	1	UTTARAPADA	sa
praṇāśa	1	UTTARAPADA	labdha
praṇīti	1	UTTARAPADA	su
praṣṭhā	1	UTTARAPADA	toya
praṣṭi	1	UTTARAPADA	dakṣiṇā
pre@kṣaka	1	UTTARAPADA	go
pre@kṣaṇīya	1	UTTARAPADA	duṣ
pre@kṣita	1	UTTARAPADA	duṣ
pre@psā	1	UTTARAPADA	punaḥ
pre@raka	1	UTTARAPADA	go
pre@ta-piśācā@dya	1	UTTARAPADA	bhūta
pre@ṣita	1	UTTARAPADA	asmat
pre@ṣitam	1	UTTARAPADA	yathā
pre@ṣya-tva	1	UTTARAPADA	para
prema	1	UTTARAPADA	sa
premo@daya	1	UTTARAPADA	pṛthvī
premya	1	UTTARAPADA	naiṣ
preya	1	UTTARAPADA	vātsa
preṣṭha	1	UTTARAPADA	roga
priya-darśana	1	UTTARAPADA	madhura
priya-katha	1	UTTARAPADA	citra
priya-tīrtha	1	UTTARAPADA	satya
priyakarī	1	UTTARAPADA	kāma
priyaṃ-karī	1	UTTARAPADA	vāsudeva
priyaṅgu	1	UTTARAPADA	aṇu
priyeṇa	1	UTTARAPADA	priya
priṣṭha	1	UTTARAPADA	nāka
pro@dghoṣaṇa	1	UTTARAPADA	paṭaha
pro@kṣa	1	UTTARAPADA	pātra
pro@kṣaṇa	1	UTTARAPADA	idhma
pro@kṣita	1	UTTARAPADA	su
pro@ṣita	1	UTTARAPADA	prasaṅga
prota	1	UTTARAPADA	ota
proṣṭhapadā	1	UTTARAPADA	uttara
pru	1	UTTARAPADA	sa
prā@dhyeṣaṇa	1	UTTARAPADA	punaḥ
prā@na	1	UTTARAPADA	yaṣṭi
prā@ni	1	UTTARAPADA	prati
prā@nta-vivartana	1	UTTARAPADA	śayyā
prā@paṇa	1	UTTARAPADA	duṣ
prā@pta-dhana	1	UTTARAPADA	sukha
prā@pti-vrata	1	UTTARAPADA	bhartṛ
prā@rthanā-stotra	1	UTTARAPADA	śiva
prā@rthitam	1	UTTARAPADA	yathā
prā@sin	1	UTTARAPADA	amṛta
prā@vya	1	UTTARAPADA	su
prā@vṛta	1	UTTARAPADA	ku
prā@yaś-citta	1	UTTARAPADA	pūrva
prā@yaścitta-paddhati	1	UTTARAPADA	smārta
prā@yaścitta-saṃgraha	1	UTTARAPADA	sādhāraṇa
prā@yaścitta-vinirṇaya	1	UTTARAPADA	smārta
prā@yaścitta-vivaraṇa	1	UTTARAPADA	yajña
prā@yaścitta-vājapeya	1	UTTARAPADA	śata
prā@yaścitti	1	UTTARAPADA	sarva
prā@yaścitti-vidhi	1	UTTARAPADA	vandhyā
prā@yaścitto@ddhāra	1	UTTARAPADA	smārta
prā@yaścittya	1	UTTARAPADA	sarva
prā@yaṇa	1	UTTARAPADA	su
prā@yaṇīya	1	UTTARAPADA	punaḥ
prā@śanī	1	UTTARAPADA	rasa
prā@śu	1	UTTARAPADA	yathā
prā@ṃśu	1	UTTARAPADA	śāla
prā@ṃśu-bāhu	1	UTTARAPADA	parigha
prā@ṇa-kara	1	UTTARAPADA	sadyaḥ
prā@ṇa-nātha	1	UTTARAPADA	pārvatī
prā@ṇam	1	UTTARAPADA	yathā
prā@ṇe@śa	1	UTTARAPADA	menakā
prā@ṇena	1	UTTARAPADA	yathā
prā@ṇā	1	UTTARAPADA	pati
prābandha	1	UTTARAPADA	prā
prābandhā	1	UTTARAPADA	kesara
prābhṛta	1	UTTARAPADA	cikitsā
prācī-māhātmya	1	UTTARAPADA	nandā
prādheya	1	UTTARAPADA	karṇa
prādhānya-saṃkara	1	UTTARAPADA	sama
prādurbhāva-nāṭaka	1	UTTARAPADA	bhairava
prāg-agra	1	UTTARAPADA	dakṣiṇā
prāg-bhāra	1	UTTARAPADA	prācīna
prāgalbhī	1	UTTARAPADA	buddhi
prāghuṇika	1	UTTARAPADA	śravaṇa
prājña	1	UTTARAPADA	mahā
prāk-pravaṇa	1	UTTARAPADA	dakṣiṇa
prākārā	1	UTTARAPADA	hiraṇya
prākṛta	1	UTTARAPADA	su
prākṛta-dhuṇḍikā	1	UTTARAPADA	haima
prālamba	1	UTTARAPADA	muktā
prāmāṇya-khaṇḍana	1	UTTARAPADA	śabda
prāmāṇya-vāda	1	UTTARAPADA	śabda
prāmāṇyatas	1	UTTARAPADA	śruti
prāmāṇyā@rtha-vāda	1	UTTARAPADA	smṛti
prārthanā	1	UTTARAPADA	anujñā
prāsaha	1	UTTARAPADA	phalgu
prāsthānika	1	UTTARAPADA	mahā
prāsādika	1	UTTARAPADA	samanta
prāsāha	1	UTTARAPADA	jagat
prāta	1	UTTARAPADA	su
prātarāśika	1	UTTARAPADA	prāk
prātaḥ-stotra	1	UTTARAPADA	hanumat
prātihārya-sampanna	1	UTTARAPADA	tri
prātiveśmika	1	UTTARAPADA	su
prātyika	1	UTTARAPADA	parṇa
prāvara	1	UTTARAPADA	mahī
prāvarga	1	UTTARAPADA	su
prāveya	1	UTTARAPADA	karṇa
prāvrājya	1	UTTARAPADA	mahā
prāvṛta	1	UTTARAPADA	kaṇṭha
prāvṛtā	1	UTTARAPADA	kaṇṭaka
prāvṛṣika	1	UTTARAPADA	śarat
prāyā	1	UTTARAPADA	jāla
prāñc	1	UTTARAPADA	su
prāśita	1	UTTARAPADA	prati
prāśitra	1	UTTARAPADA	iḍā
prāśnika	1	UTTARAPADA	bahu
prāśū	1	UTTARAPADA	satya
prāṇa-bhāva	1	UTTARAPADA	eka
prāṇa-yoga	1	UTTARAPADA	eka
prīti-harṣā	1	UTTARAPADA	mahā
prīti-vardhana	1	UTTARAPADA	prakaṭa
prīti-vega-sambhava-mudrā	1	UTTARAPADA	mahā
prītika	1	UTTARAPADA	niṣ
prū	1	UTTARAPADA	kaṭa
psan	1	UTTARAPADA	viśva
psara	1	UTTARAPADA	sa
psnu	1	UTTARAPADA	sthira
psnya	1	UTTARAPADA	viśva
pta	1	UTTARAPADA	su
pti	1	UTTARAPADA	śiro
pu	1	UTTARAPADA	su
pucchi	1	UTTARAPADA	saṃhata
pucchika	1	UTTARAPADA	vakra
pucchā	1	UTTARAPADA	kuḍya
pucchā@gra	1	UTTARAPADA	go
pudgala	1	UTTARAPADA	niṣ
pula	1	UTTARAPADA	vi
pulastya	1	UTTARAPADA	laghu
pulika	1	UTTARAPADA	vindhya
pulina	1	UTTARAPADA	śyāna
pulinda	1	UTTARAPADA	sindhu
pulinā@mburuha	1	UTTARAPADA	vi
puliśa-siddhā@nta	1	UTTARAPADA	mūla
pulāyita	1	UTTARAPADA	ardha
pulī	1	UTTARAPADA	tṛṇa
punar-navā	1	UTTARAPADA	nīla
punar-ātta	1	UTTARAPADA	samāpta
punar-āttaka	1	UTTARAPADA	samāpta
punarukta	1	UTTARAPADA	artha
punarukta-tva	1	UTTARAPADA	saṃdigdha
punarvasu	1	UTTARAPADA	tiṣya
punarvaṇya	1	UTTARAPADA	ajīta
punaḥ-svi-kṛta	1	UTTARAPADA	tyakta
punika	1	UTTARAPADA	paunaḥ
punya	1	UTTARAPADA	paunaḥ
puppuṭaka	1	UTTARAPADA	danta
pura-cara	1	UTTARAPADA	antaḥ
pura-cārikā	1	UTTARAPADA	antaḥ
pura-jana	1	UTTARAPADA	antaḥ
pura-pracāra	1	UTTARAPADA	antaḥ
pura-praveśa	1	UTTARAPADA	para
pura-rakṣaka	1	UTTARAPADA	antaḥ
pura-sahāya	1	UTTARAPADA	antaḥ
pura-svāmin	1	UTTARAPADA	raṇa
pura-tīrtha	1	UTTARAPADA	yodhana
pura-vartin	1	UTTARAPADA	antaḥ
pura-vṛddhā	1	UTTARAPADA	antaḥ
puraga	1	UTTARAPADA	prasāda
puramāhātmya	1	UTTARAPADA	śaraṇya
puras	1	UTTARAPADA	sva
puraskāra	1	UTTARAPADA	dharma
purastāt	1	UTTARAPADA	uttara
puraś-caraṇa-prayoga	1	UTTARAPADA	mahā
puraścaraṇa-prakāra	1	UTTARAPADA	mantra
puraḥ-sara	1	UTTARAPADA	buddhi
puraḥsaram	1	UTTARAPADA	māna
puraṃ-dara	1	UTTARAPADA	bhūmi
puraṃdhi	1	UTTARAPADA	smat
puraṃdhri-varga	1	UTTARAPADA	vyagra
puraṃdhrī	1	UTTARAPADA	rajani
puraṇa	1	UTTARAPADA	gaṇa
purevāsa	1	UTTARAPADA	antaḥ
puri	1	UTTARAPADA	sārathi
purika	1	UTTARAPADA	antaḥ
puro'nuvākya	1	UTTARAPADA	sa
puro-gava	1	UTTARAPADA	go
puro-māruta	1	UTTARAPADA	paścāt
puroga	1	UTTARAPADA	prīti
purohitā	1	UTTARAPADA	indra
purolāsa	1	UTTARAPADA	sa
puroḍāśam	1	UTTARAPADA	yathā
puru-hūta	1	UTTARAPADA	kṣiti
puru-hūti	1	UTTARAPADA	su
puruhūta	1	UTTARAPADA	akṣaya
purustāt	1	UTTARAPADA	brahma
puruṣa-vivaraṇa	1	UTTARAPADA	śaka
puruṣa-śarīra	1	UTTARAPADA	mṛta
puruṣaka	1	UTTARAPADA	tṛṇa
puruṣo@ttama-nāṭaka	1	UTTARAPADA	bhāvanā
puruṣo@ttama-siddhā@nto@paniṣad	1	UTTARAPADA	kṛṣṇa
puruṣo@ttama-tattva	1	UTTARAPADA	śrī
puruṣo@ttama-vākya	1	UTTARAPADA	sākṣāt
puruṣya	1	UTTARAPADA	naiṣ
puruṣā@rtha-candra	1	UTTARAPADA	pūrṇa
puruṣīya	1	UTTARAPADA	ardha
puruṣīṇa	1	UTTARAPADA	alaṃ
purā@dhipatya	1	UTTARAPADA	antaḥ
purā@dhyakṣa	1	UTTARAPADA	antaḥ
purā@vacara	1	UTTARAPADA	antaḥ
purāṇa-samuccaya	1	UTTARAPADA	sakala
purāṇa-sāra	1	UTTARAPADA	sarva
purāṇa-tātparya-sāra	1	UTTARAPADA	sakala
purāṇa-vibhāga	1	UTTARAPADA	sāttvika
purāṇā@rtha-saṃgraha	1	UTTARAPADA	sarva
purī-viṣaya-gadya	1	UTTARAPADA	vella
purīya	1	UTTARAPADA	vardhamāna
purīṣakā	1	UTTARAPADA	kṛmi
purīṣya	1	UTTARAPADA	naiṣ
pustikā	1	UTTARAPADA	mantra
putra-karaṇa	1	UTTARAPADA	poṣya
putra-vat	1	UTTARAPADA	sva
putri	1	UTTARAPADA	māhā
putrin	1	UTTARAPADA	sa
putrāya	1	UTTARAPADA	vāyu
puttalikā	1	UTTARAPADA	kāṣṭha
puñja-phalā	1	UTTARAPADA	nakha
puñjaka	1	UTTARAPADA	hema
puñjīla	1	UTTARAPADA	darbha
puṃ-dharma	1	UTTARAPADA	strī
puṃ-napuṃsaka	1	UTTARAPADA	strī
puṃ-niyata	1	UTTARAPADA	prati
puṃ-yoga	1	UTTARAPADA	strī
puṃnāga	1	UTTARAPADA	sura
puṃsam	1	UTTARAPADA	yathā
puṃskā	1	UTTARAPADA	aniyata
puṃsā	1	UTTARAPADA	paraḥ
puṅkhikā	1	UTTARAPADA	kaṇṭa
puṇa	1	UTTARAPADA	nai
puṇya-jana	1	UTTARAPADA	sarpa
puṇya-kośa	1	UTTARAPADA	uru
puṇya-leśa	1	UTTARAPADA	kṣata
puṇya-mahiman	1	UTTARAPADA	sampūrṇa
puṇya-prabhava	1	UTTARAPADA	prāk
puṇya-tīrtha	1	UTTARAPADA	saṃyama
puṇyatā	1	UTTARAPADA	puṇya
puṇyā@ha	1	UTTARAPADA	vāsudeva
puṇyā@ha-ghoṣa	1	UTTARAPADA	sukha
puṇḍarīka-paddhati	1	UTTARAPADA	samūḍha
puṇḍhra	1	UTTARAPADA	tri
puṇḍrin	1	UTTARAPADA	tri
puṇḍrā	1	UTTARAPADA	catuṣ
puṣa	1	UTTARAPADA	graha
puṣkariṇī	1	UTTARAPADA	cakra
puṣkarā	1	UTTARAPADA	netra
puṣpa-bhañjikā	1	UTTARAPADA	uddālaka
puṣpa-dhūpa-dīpa	1	UTTARAPADA	gandha
puṣpa-māla	1	UTTARAPADA	bandhu
puṣpa-mālikā	1	UTTARAPADA	mātṛkā
puṣpa-palāśa-vat	1	UTTARAPADA	śākhā
puṣpa-pattrin	1	UTTARAPADA	pelava
puṣpa-puṭa	1	UTTARAPADA	tala
puṣpa-pūjo@dyāpana	1	UTTARAPADA	lakṣa
puṣpa-vrata	1	UTTARAPADA	lakṣa
puṣpalikā	1	UTTARAPADA	adhri
puṣpamaya	1	UTTARAPADA	pañca
puṣpau@ṣadhi	1	UTTARAPADA	caura
puṣpavrato@dyāpana-vidhi	1	UTTARAPADA	lakṣa
puṣpe@śvara	1	UTTARAPADA	maṇi
puṣpika	1	UTTARAPADA	sita
puṣpin	1	UTTARAPADA	sthira
puṣpita-śuddhi	1	UTTARAPADA	śubha
puṣpiṇī	1	UTTARAPADA	rodhra
puṣpo@dgama	1	UTTARAPADA	viśrānta
puṣpo@dhyāpana	1	UTTARAPADA	lakṣa
puṣpo@ttara	1	UTTARAPADA	arka
puṣpā@dya	1	UTTARAPADA	arka
puṣya	1	UTTARAPADA	su
puṣyam	1	UTTARAPADA	prati
puṭakī	1	UTTARAPADA	latā
puṭika	1	UTTARAPADA	go
puṭikā	1	UTTARAPADA	pattra
puṭin	1	UTTARAPADA	tri
puṭā	1	UTTARAPADA	go
pā-vat	1	UTTARAPADA	go
pā@dri	1	UTTARAPADA	go
pā@sala	1	UTTARAPADA	go
pācin	1	UTTARAPADA	āma
pācya	1	UTTARAPADA	avaśya
pād-deśa	1	UTTARAPADA	lohita
pāda-bhūṣaṇa	1	UTTARAPADA	śaṃkara
pāda-dhāvana	1	UTTARAPADA	pāda
pāda-dvaya	1	UTTARAPADA	devī
pāda-dviguṇa	1	UTTARAPADA	paścāt
pāda-kṣapā@ṭana	1	UTTARAPADA	tanu
pāda-lekhā	1	UTTARAPADA	savya
pāda-mahiman	1	UTTARAPADA	rudra
pāda-rāmā@yaṇa	1	UTTARAPADA	veda
pāda-stotra	1	UTTARAPADA	veda
pāda-vrata	1	UTTARAPADA	aṅka
pāda-vyākhyā	1	UTTARAPADA	saṃjñā
pāda-śiro-grīva	1	UTTARAPADA	viśva
pāda-śiva-stotra	1	UTTARAPADA	veda
pāda-śuddha	1	UTTARAPADA	viriñci
pādapam	1	UTTARAPADA	prati
pādarkṣa	1	UTTARAPADA	bhagna
pādayamaka	1	UTTARAPADA	ayugma
pādi	1	UTTARAPADA	tagara
pāduka	1	UTTARAPADA	sa
pādyā	1	UTTARAPADA	dīrgha
pādā@bhāṣaṇa	1	UTTARAPADA	bhagavat
pādā@cārya	1	UTTARAPADA	bhagavat
pādā@di-keśā@nta-stuti	1	UTTARAPADA	viṣṇu
pādā@di-keśā@nta-varṇana-stotra	1	UTTARAPADA	śiva
pādā@śraya	1	UTTARAPADA	guru
pādā@ḍhya	1	UTTARAPADA	khara
pādāta	1	UTTARAPADA	bhūri
pāja-vat	1	UTTARAPADA	pṛthu
pājasya	1	UTTARAPADA	tri
pāka-ja	1	UTTARAPADA	rasa
pāka-jānī	1	UTTARAPADA	mahā
pāka-saṃsthā-vidhi	1	UTTARAPADA	sapta
pāka-yajña-bhāṣya	1	UTTARAPADA	sapta
pāka-yajña-śeṣa	1	UTTARAPADA	sapta
pāka-śāstra	1	UTTARAPADA	nala
pākaka	1	UTTARAPADA	su
pākala	1	UTTARAPADA	kūṭa
pāko@pajīvin	1	UTTARAPADA	eka
pākā	1	UTTARAPADA	madhu
pākṣika	1	UTTARAPADA	māgha
pāla-bhaṭṭa	1	UTTARAPADA	hari
pāla-puruṣa	1	UTTARAPADA	yama
pāla-rāja-kathā	1	UTTARAPADA	puṇya
pāla-trilakṣa	1	UTTARAPADA	sthira
pāleya	1	UTTARAPADA	bhālla
pāli-tṛtīyā-vrata	1	UTTARAPADA	megha
pālīya	1	UTTARAPADA	āśā
pāman	1	UTTARAPADA	su
pāmana	1	UTTARAPADA	śva
pānaka	1	UTTARAPADA	saha
pāni	1	UTTARAPADA	vaktra
pānta-sū@kta	1	UTTARAPADA	haviṣ
pānthika	1	UTTARAPADA	pāri
pāntīya	1	UTTARAPADA	haviṣ
pānīya-gocara	1	UTTARAPADA	dūre
pānīya-śālikā	1	UTTARAPADA	pakṣi
pāpa-hara	1	UTTARAPADA	sarva
pāpa-roga-hara-śata-māna-dāna	1	UTTARAPADA	sarva
pāpa-tīrtha	1	UTTARAPADA	dhūta
pāpe@kṣitṛ	1	UTTARAPADA	puṇya
pāpe@śvara-tīrtha	1	UTTARAPADA	dhūta
pāpin	1	UTTARAPADA	prati
pāra-bhūta	1	UTTARAPADA	para
pāra-dā	1	UTTARAPADA	karma
pāra-dṛśvan	1	UTTARAPADA	śruta
pāra-ja	1	UTTARAPADA	sindhu
pāraka	1	UTTARAPADA	udra
pāram	1	UTTARAPADA	utpāra
pārame@śvara	1	UTTARAPADA	mataṃga
pāramitā-dhara	1	UTTARAPADA	daśa
pāramitā-nirdeśa	1	UTTARAPADA	ṣaṭ
pāramitā-paripūrṇa	1	UTTARAPADA	ṣaṭ
pāramparya-pratipādika-śruti-smṛty-udāharaṇa	1	UTTARAPADA	śiva
pāramya	1	UTTARAPADA	devatā
pāraśava	1	UTTARAPADA	sarva
pāraṃ-ga	1	UTTARAPADA	yoga
pāraṇa-vrata	1	UTTARAPADA	dhāraṇā
pāraṇika	1	UTTARAPADA	mahā
pāre@śvara-tīrtha	1	UTTARAPADA	go
pārijāta-saurabha	1	UTTARAPADA	vedānta
pāriṣad	1	UTTARAPADA	mahā
pārthava	1	UTTARAPADA	sauśruta
pārthiva-liṅga-vrato@dyāpana	1	UTTARAPADA	lakṣa
pāruṣaka	1	UTTARAPADA	mahā
pārvataka	1	UTTARAPADA	pṛthivī
pārvatī-saṃvāda	1	UTTARAPADA	śiva
pārya	1	UTTARAPADA	loka
pārā@vara	1	UTTARAPADA	payaḥ
pārāyaṇa	1	UTTARAPADA	dhātu
pārāyaṇa-vṛtti	1	UTTARAPADA	dhātu
pārāyaṇika	1	UTTARAPADA	dvai
pārāyaṇīya	1	UTTARAPADA	dhātu
pārāśarīya	1	UTTARAPADA	vṛddha
pārī	1	UTTARAPADA	madhu
pārīṇa	1	UTTARAPADA	avāra
pārśva-ga	1	UTTARAPADA	yuga
pārśva-mukha	1	UTTARAPADA	sarva
pārśvaga	1	UTTARAPADA	virala
pārśvatas	1	UTTARAPADA	ubhaya
pārśvya	1	UTTARAPADA	antaḥ
pārṣada	1	UTTARAPADA	sarva
pārṣadya	1	UTTARAPADA	brahma
pārṣṇi-graha	1	UTTARAPADA	duṣ
pārṣṇi-grāha	1	UTTARAPADA	duṣ
pārṣṇitā	1	UTTARAPADA	āyata
pāsaka	1	UTTARAPADA	mahā
pāt-tva	1	UTTARAPADA	dvi
pāt-tā	1	UTTARAPADA	dvi
pāta-jāta	1	UTTARAPADA	akāṇḍa
pātakin	1	UTTARAPADA	mahā
pātama	1	UTTARAPADA	indra
pātañjala	1	UTTARAPADA	yoga
pāthaka	1	UTTARAPADA	madana
pāthas	1	UTTARAPADA	sahasra
pātheya	1	UTTARAPADA	gṛhīta
pāthin	1	UTTARAPADA	soma
pātika	1	UTTARAPADA	nai
pātinī	1	UTTARAPADA	garbha
pātita	1	UTTARAPADA	antaḥ
pātra-hasta	1	UTTARAPADA	sākṣata
pātra-nirhāraka	1	UTTARAPADA	piṇḍa
pātra-stana-vatī	1	UTTARAPADA	ghṛta
pātram	1	UTTARAPADA	prati
pātrika	1	UTTARAPADA	kāla
pātrin	1	UTTARAPADA	deva
pātrā@tman	1	UTTARAPADA	śoka
pātrīṇa	1	UTTARAPADA	sarva
pātā	1	UTTARAPADA	dāṇḍa
pātāla	1	UTTARAPADA	sapta
pāvamānī	1	UTTARAPADA	āgneya
pāyaka	1	UTTARAPADA	stana
pāyana	1	UTTARAPADA	dāṇḍa
pāyikā	1	UTTARAPADA	payaḥ
pāñcarātra	1	UTTARAPADA	śrī
pāñcarātrā@rādhana	1	UTTARAPADA	śrī
pāñcālikā	1	UTTARAPADA	danta
pāñcālī	1	UTTARAPADA	prācya
pāś	1	UTTARAPADA	vi
pāśa-dāraka	1	UTTARAPADA	go
pāśa-vyavahāra	1	UTTARAPADA	aṅka
pāśakā	1	UTTARAPADA	bhūmi
pāśi	1	UTTARAPADA	vāra
pāśya	1	UTTARAPADA	vāra
pāśā	1	UTTARAPADA	sraughnī
pāśā@dhyāya	1	UTTARAPADA	aṅka
pāḍikā	1	UTTARAPADA	kīṭa
pāṃsana	1	UTTARAPADA	kula
pāṃsin	1	UTTARAPADA	kula
pāṃsu-kila	1	UTTARAPADA	saha
pāṃsu-krīḍana	1	UTTARAPADA	saha
pāṃsu-krīḍita	1	UTTARAPADA	saha
pāṃsukā	1	UTTARAPADA	kula
pāṃsulā	1	UTTARAPADA	sura
pāṇaka	1	UTTARAPADA	vīra
pāṇavika	1	UTTARAPADA	mārdaṃgika
pāṇi-dvaya	1	UTTARAPADA	uttāna
pāṇi-ja	1	UTTARAPADA	vyāla
pāṇi-lekha	1	UTTARAPADA	anupūrva
pāṇi-pādā	1	UTTARAPADA	sravat
pāṇi-tva	1	UTTARAPADA	kapāla
pāṇipāda	1	UTTARAPADA	sarvataḥ
pāṇḍavīya	1	UTTARAPADA	rāghava
pāṇḍya-deva	1	UTTARAPADA	sundara
pāṣaṇḍa	1	UTTARAPADA	ghana
pāṣāṇa-bhedaka	1	UTTARAPADA	kṣudra
pāṣāṇa-bhedā	1	UTTARAPADA	kṣudra
pāṣāṇa-bhedī	1	UTTARAPADA	kṣudra
pāṣāṇa-darbha-śayana-saṃkalpa	1	UTTARAPADA	nava
pāṣāṇa-ja-mala	1	UTTARAPADA	toya
pāṣāṇa-kuṇḍa	1	UTTARAPADA	tapta
pāṣāṇa-vāsas	1	UTTARAPADA	kāṣṭha
pāṭala-netra	1	UTTARAPADA	vi
pāṭali-putra	1	UTTARAPADA	pūrva
pāṭalī	1	UTTARAPADA	bhū
pāṭhya	1	UTTARAPADA	sthita
pāṭhā@nukrama	1	UTTARAPADA	sūtra
pāṭika	1	UTTARAPADA	akṣa
pāṭya	1	UTTARAPADA	pāri
pīna-vakṣas	1	UTTARAPADA	pṛthu
pīnasa	1	UTTARAPADA	āma
pīta-sarga	1	UTTARAPADA	jīva
pītala	1	UTTARAPADA	śveta
pītikā	1	UTTARAPADA	taruṇa
pītilaka	1	UTTARAPADA	go
pītin	1	UTTARAPADA	soma
pītā@sita-śyeta	1	UTTARAPADA	rakta
pīvan	1	UTTARAPADA	su
pīvas	1	UTTARAPADA	su
pīvin	1	UTTARAPADA	soma
pīya	1	UTTARAPADA	prāti
pīyu	1	UTTARAPADA	deva
pīyūṣa	1	UTTARAPADA	siddhānta
pīyūṣa-latā-kartarī	1	UTTARAPADA	prema
pīḍaka	1	UTTARAPADA	tālu
pīḍam	1	UTTARAPADA	vi
pīḍā-viśārada	1	UTTARAPADA	paṇḍita
pīṭha-lakṣaṇa	1	UTTARAPADA	bali
pīṭhā	1	UTTARAPADA	ratna
pīṭhā@dhi-devatā	1	UTTARAPADA	hema
pūjana-bhāskara	1	UTTARAPADA	devī
pūjana-paddhati	1	UTTARAPADA	vāstu
pūjana-prakaraṇa	1	UTTARAPADA	śāstra
pūjana-prakāra	1	UTTARAPADA	yantra
pūjana-saṃhitā	1	UTTARAPADA	vyāsa
pūjana-vidhi	1	UTTARAPADA	hari
pūjanā	1	UTTARAPADA	holikā
pūjya-rāj	1	UTTARAPADA	vasu
pūjā-khaṇḍa	1	UTTARAPADA	lalitā
pūjā-mahā-paddhati	1	UTTARAPADA	śrī
pūjā-māhātmya	1	UTTARAPADA	lakṣa
pūjā-phala	1	UTTARAPADA	liṅga
pūjā-prakaraṇa	1	UTTARAPADA	devī
pūjā-prakāra	1	UTTARAPADA	laghu
pūjā-prayoga	1	UTTARAPADA	maṅgala
pūjā-ratna	1	UTTARAPADA	sundarī
pūjā-vilāsa	1	UTTARAPADA	jyeṣṭhā
pūjā-yantra	1	UTTARAPADA	taritā
pūlaka	1	UTTARAPADA	tṛṇa
pūlika	1	UTTARAPADA	tṛṇa
pūlāsa	1	UTTARAPADA	sthūla
pūpaka	1	UTTARAPADA	dadhi
pūr-dasyu	1	UTTARAPADA	mukti
pūraṇa-vidhi	1	UTTARAPADA	samasyā
pūraṇā@ḍhaka	1	UTTARAPADA	kusūla
pūraṇī	1	UTTARAPADA	hasti
pūraṇīya	1	UTTARAPADA	prapā
pūrti-kara-stava	1	UTTARAPADA	sarva
pūrti-śānti	1	UTTARAPADA	ṣaṣṭi
pūruṣa-deha	1	UTTARAPADA	mṛta
pūrva-daśaka	1	UTTARAPADA	kṣāra
pūrva-ga	1	UTTARAPADA	kula
pūrva-ja	1	UTTARAPADA	bhīma
pūrva-mukha	1	UTTARAPADA	dadhi
pūrva-pakṣa-grantha-kroḍa	1	UTTARAPADA	bādha
pūrva-pakṣa-grantha-prakāśa	1	UTTARAPADA	bādha
pūrva-pakṣa-grantha-vivecana	1	UTTARAPADA	bādha
pūrva-pakṣa-granthā@loka	1	UTTARAPADA	viruddha
pūrva-pakṣa-granthā@nugama	1	UTTARAPADA	bādha
pūrva-pakṣa-prakāśa	1	UTTARAPADA	vyāpti
pūrva-putra	1	UTTARAPADA	putrikā
pūrva-ratha	1	UTTARAPADA	daśa
pūrva-samaya	1	UTTARAPADA	phalgunī
pūrva-saṃskāra	1	UTTARAPADA	vismṛta
pūrva-tva	1	UTTARAPADA	para
pūrva-tāpanīya	1	UTTARAPADA	rāma
pūrva-tāpanīyo@paniṣad	1	UTTARAPADA	gāṇapatya
pūrvo@kta-śāpa-bhī	1	UTTARAPADA	datta
pūrvā@hṇam	1	UTTARAPADA	prati
pūrvā@rdha-kāya-tā	1	UTTARAPADA	siṃha
pūrvāhṇam	1	UTTARAPADA	saha
pūrṇa-koṣṭha	1	UTTARAPADA	stabdha
pūrṇa-māsa	1	UTTARAPADA	phalgunī
pūrṇa-māsī	1	UTTARAPADA	pūrva
pūrṇa-randhra	1	UTTARAPADA	māruta
pūrṇa-tilakā	1	UTTARAPADA	yāminī
pūrṇa-tīrtha	1	UTTARAPADA	satya
pūrṇa-vaktra	1	UTTARAPADA	harṣa
pūrṇa-śitā@ṃśu	1	UTTARAPADA	viṣuvat
pūrṇaka	1	UTTARAPADA	ghṛta
pūrṇamāsa	1	UTTARAPADA	darśa
pūrṇatā	1	UTTARAPADA	parva
pūrṇā@rya	1	UTTARAPADA	śaila
pūrṇā@rṇava	1	UTTARAPADA	lālā
pūrṇī	1	UTTARAPADA	vāri
pūta-pā	1	UTTARAPADA	śukra
pūtanā-śānti	1	UTTARAPADA	nara
pūti	1	UTTARAPADA	ugra
pūti-gandhika	1	UTTARAPADA	niṣ
pūtika	1	UTTARAPADA	darbha
pūtīka	1	UTTARAPADA	darbha
pūya-vaha	1	UTTARAPADA	kṛmi
pūṇa	1	UTTARAPADA	śaka
pṛcchā	1	UTTARAPADA	gautama
pṛch	1	UTTARAPADA	bandhu
pṛkkā	1	UTTARAPADA	latā
pṛkṣ	1	UTTARAPADA	su
pṛtha	1	UTTARAPADA	viśvatas
pṛthaktva-nivartin	1	UTTARAPADA	ceṣṭā
pṛthivyau	1	UTTARAPADA	divas
pṛthu	1	UTTARAPADA	vi
pṛthukā	1	UTTARAPADA	guḍa
pṛthvī-dāna-vidhi	1	UTTARAPADA	suvarṇa
pṛthvī-maya	1	UTTARAPADA	sarva
pṛthvīdhara	1	UTTARAPADA	bodha
pṛthā-pati	1	UTTARAPADA	mādrī
pṛśnī	1	UTTARAPADA	vāri
pṛṇa	1	UTTARAPADA	sadā
pṛṇākā	1	UTTARAPADA	hariṇa
pṛṣad-ājya	1	UTTARAPADA	sa
pṛṣatka	1	UTTARAPADA	aparāddha
pṛṣatī	1	UTTARAPADA	kṣudra
pṛṣātaka	1	UTTARAPADA	dadhi
pṛṣṭha-ja	1	UTTARAPADA	pānīya
pṛṣṭha-jā	1	UTTARAPADA	jala
pṛṣṭham	1	UTTARAPADA	madhye
pṛṣṭhā	1	UTTARAPADA	prati
pṛṣṭā	1	UTTARAPADA	jīva
r-ād-aic-sūtra-vicāra	1	UTTARAPADA	vṛddhi
r-āpaka	1	UTTARAPADA	devī
r-āpasaka	1	UTTARAPADA	devī
rabha	1	UTTARAPADA	sama
rabhas	1	UTTARAPADA	soma
rabhi	1	UTTARAPADA	su
rabhita	1	UTTARAPADA	su
racita	1	UTTARAPADA	śāka
rada-gāmin	1	UTTARAPADA	dvi
rada-maya	1	UTTARAPADA	dvi
raghu-nandana	1	UTTARAPADA	saṃgīta
rahas	1	UTTARAPADA	su
rahas-kāma	1	UTTARAPADA	strī
rahasa	1	UTTARAPADA	tapta
rahasya-kāvya	1	UTTARAPADA	rādhā
rahasya-paddhati	1	UTTARAPADA	vaidya
rahasya-prakāśa	1	UTTARAPADA	śulba
rahasya-prakāśikā	1	UTTARAPADA	mantra
rahasya-saṃhitā	1	UTTARAPADA	brahma
rahasya-sāmānya	1	UTTARAPADA	bhāva
rahasya-sāra-saṃgraha	1	UTTARAPADA	ramala
rahasya-vidhi	1	UTTARAPADA	bhairavī
raja-ghoṣa	1	UTTARAPADA	giri
rajani	1	UTTARAPADA	prati
rajas-tamaska	1	UTTARAPADA	aspṛṣṭa
rajaska	1	UTTARAPADA	sa
rajaskā	1	UTTARAPADA	dṛṣṭa
rajasvalā	1	UTTARAPADA	gupta
rajaḥ-sattva-tamo-mala	1	UTTARAPADA	dhvasta
rajo-darśana-śānti	1	UTTARAPADA	duṣṭa
rakta-daṃśī	1	UTTARAPADA	deva
rakta-gaura	1	UTTARAPADA	sa
rakta-pitta	1	UTTARAPADA	nāsā
raktā@nta-nayana	1	UTTARAPADA	prakaṭa
rakṣ	1	UTTARAPADA	go
rakṣasa	1	UTTARAPADA	asura
rakṣaṇī	1	UTTARAPADA	aṅga
rakṣika	1	UTTARAPADA	pāri
rakṣiṇī	1	UTTARAPADA	aṅga
rakṣā-ratna	1	UTTARAPADA	śiśu
rakṣā@dhikṛta	1	UTTARAPADA	nagara
rakṣāmaṇi	1	UTTARAPADA	nyāya
rakṣī	1	UTTARAPADA	pratihāra
rama	1	UTTARAPADA	mano
rama-candra-vilāsa	1	UTTARAPADA	jānakī
rama-tā	1	UTTARAPADA	amano
ramā	1	UTTARAPADA	mano
randhaka	1	UTTARAPADA	su
randhi	1	UTTARAPADA	garbha
randhin	1	UTTARAPADA	sādhu
randhra-kara	1	UTTARAPADA	naga
randhraka	1	UTTARAPADA	kukṣi
randhrakā	1	UTTARAPADA	saṃdhi
randhrikā	1	UTTARAPADA	bahu
randhrā	1	UTTARAPADA	māna
randhrī	1	UTTARAPADA	māna
ranti	1	UTTARAPADA	kāka
rasa-daṇḍa	1	UTTARAPADA	siddhi
rasa-dīpikā	1	UTTARAPADA	viśuddha
rasa-gandha-sparśa-vat	1	UTTARAPADA	rūpa
rasa-kavi	1	UTTARAPADA	hari
rasa-krama-stotra	1	UTTARAPADA	līlā
rasa-maya	1	UTTARAPADA	pṛthag
rasa-nirdeśa	1	UTTARAPADA	bhayānaka
rasa-palvala	1	UTTARAPADA	mīmāṃsā
rasa-prayoga	1	UTTARAPADA	raśmi
rasa-ratna	1	UTTARAPADA	vaidya
rasa-rāgā@sava-yojana	1	UTTARAPADA	pānaka
rasa-sparśavat	1	UTTARAPADA	rūpa
rasa-sudhā-nidhi	1	UTTARAPADA	rādhā
rasa-vivaraṇa	1	UTTARAPADA	gopī
rasa-śloka	1	UTTARAPADA	ādi
rasakaṇā	1	UTTARAPADA	ujjvala
rasam	1	UTTARAPADA	yathā
rasikā	1	UTTARAPADA	vilāsa
raso@daya	1	UTTARAPADA	nāma
rasā@mṛta	1	UTTARAPADA	rāma
rasā@rṇava	1	UTTARAPADA	rasa
rasā@sava-rāga-yojana	1	UTTARAPADA	pānaka
rasā@sāra	1	UTTARAPADA	roma
rasā@yana-dūṣaṇa	1	UTTARAPADA	vidhi
rasā@yana-sukho@pajīvinī	1	UTTARAPADA	vidhi
rasā@yana-sukho@payoginī	1	UTTARAPADA	vidhi
rasā@yana-vyākhyā	1	UTTARAPADA	vidhi
rasā@yanā@nurāga	1	UTTARAPADA	prema
rasā@yanī	1	UTTARAPADA	tāmra
rasā@śraya	1	UTTARAPADA	aṣṭa
rasā@ḍhyā	1	UTTARAPADA	kapi
rasāla	1	UTTARAPADA	baddha
rasālaka	1	UTTARAPADA	elā
rasātala	1	UTTARAPADA	krīḍā
rasī-karaṇa	1	UTTARAPADA	sama
ratha-dāna	1	UTTARAPADA	aśva
ratha-vāhani	1	UTTARAPADA	sāpta
rathaka	1	UTTARAPADA	go
rathakāra	1	UTTARAPADA	takṣa
ratham	1	UTTARAPADA	nānā
rathantara	1	UTTARAPADA	aho
rathapura	1	UTTARAPADA	gaja
rathaṃ-bhāvuka	1	UTTARAPADA	aśama
rathika	1	UTTARAPADA	bhūmi
rathin	1	UTTARAPADA	sa
rathāyani	1	UTTARAPADA	daiva
rathī	1	UTTARAPADA	pāda
rathī-tantra	1	UTTARAPADA	dāśa
rathīya	1	UTTARAPADA	āśu
ratna-bhāṇḍa	1	UTTARAPADA	svara
ratna-caya	1	UTTARAPADA	rahita
ratna-caṣaka	1	UTTARAPADA	cid
ratna-dhanā@gama	1	UTTARAPADA	pracura
ratna-dīpikā	1	UTTARAPADA	varṇa
ratna-giri	1	UTTARAPADA	śrī
ratna-kārikā	1	UTTARAPADA	bṛhad
ratna-kāvya	1	UTTARAPADA	ṣaḍ
ratna-maho@dadhi	1	UTTARAPADA	smṛti
ratna-mañjari	1	UTTARAPADA	dhātu
ratna-mañjarī	1	UTTARAPADA	dhātu
ratna-muni	1	UTTARAPADA	mati
ratna-parikṣā	1	UTTARAPADA	bhīṣma
ratna-parī@kṣā	1	UTTARAPADA	rūpya
ratna-prabhā	1	UTTARAPADA	bhāṣya
ratna-pradīpikā	1	UTTARAPADA	rati
ratna-prakāśikā	1	UTTARAPADA	bhāṣya
ratna-puruṣo@ttama-miśra	1	UTTARAPADA	kavi
ratna-samuccaya	1	UTTARAPADA	kriyā
ratna-saṃskāra	1	UTTARAPADA	prayoga
ratna-sāgara	1	UTTARAPADA	praśna
ratna-sūri	1	UTTARAPADA	sādhu
ratna-vat	1	UTTARAPADA	hema
ratna-vivaraṇa	1	UTTARAPADA	nāma
ratna-viveka	1	UTTARAPADA	smṛti
ratna-śākhā-prabha	1	UTTARAPADA	druma
ratnakośa	1	UTTARAPADA	smṛti
ratnasvara	1	UTTARAPADA	yuddha
ratni	1	UTTARAPADA	aṣṭa
ratnā	1	UTTARAPADA	dhruva
ratnā@kara-cchattra-ketu	1	UTTARAPADA	suvarṇa
ratnā@kara-cchattra-kūṭa	1	UTTARAPADA	suvarṇa
ratnā@kara-vat	1	UTTARAPADA	nānā
ratnā@valī-vyākhyā	1	UTTARAPADA	śiva
ratnāyana	1	UTTARAPADA	vāja
ratā	1	UTTARAPADA	gandha
ratā@dhāra	1	UTTARAPADA	roma
raudra-karman	1	UTTARAPADA	prati
raudrī	1	UTTARAPADA	dīdhiti
raugika	1	UTTARAPADA	sārva
rauhiṇa	1	UTTARAPADA	mahā
raurava	1	UTTARAPADA	mahā
rauḍhīya	1	UTTARAPADA	ghṛta
ravi-varman	1	UTTARAPADA	vīra
rayasa	1	UTTARAPADA	amūrta
rayiṣṭhīya	1	UTTARAPADA	saho
rañja	1	UTTARAPADA	jala
rañjaka-mṛttikā	1	UTTARAPADA	bhāṇḍa
rañjanaka	1	UTTARAPADA	paṭṭa
rañjanikā	1	UTTARAPADA	dhīra
rañjita	1	UTTARAPADA	sama
rañjiṇī	1	UTTARAPADA	budha
raśman	1	UTTARAPADA	sthā
raśmi-jālā@vabhāsa-garbha	1	UTTARAPADA	mahā
raśmi-prabha	1	UTTARAPADA	śuddha
raśmi-pratimaṇḍita	1	UTTARAPADA	vairocana
raśmi-rāga-prabha	1	UTTARAPADA	apratihata
raśmi-śata	1	UTTARAPADA	daśa
raṃha	1	UTTARAPADA	vāta
raṅga-dā	1	UTTARAPADA	sāraṅga
raṅga-kalpa	1	UTTARAPADA	siddha
raṅga-nātha	1	UTTARAPADA	uddaṇḍa
raṅgiṇī	1	UTTARAPADA	sphuṭa
raṅgāla	1	UTTARAPADA	rāya
raṇa-dhīra	1	UTTARAPADA	rati
raṇaka	1	UTTARAPADA	raṇa
raṇam	1	UTTARAPADA	madhye
raṇaraṇikam	1	UTTARAPADA	sa
raṇva	1	UTTARAPADA	vasu
raṇāyita	1	UTTARAPADA	raṇa
raṇḍā	1	UTTARAPADA	trapā
raṭṭa	1	UTTARAPADA	nāga
rc	1	UTTARAPADA	sūrya
rcam	1	UTTARAPADA	yatha
rcas	1	UTTARAPADA	śata
rci	1	UTTARAPADA	dhana
rcin	1	UTTARAPADA	śata
rcya	1	UTTARAPADA	ardha
rddha	1	UTTARAPADA	guṇa
rddhi-rūpa-vat	1	UTTARAPADA	yoga
rebha	1	UTTARAPADA	su
recaka	1	UTTARAPADA	vāta
recana	1	UTTARAPADA	bīja
recanaka	1	UTTARAPADA	tāla
recita	1	UTTARAPADA	uttāna
regin	1	UTTARAPADA	manda
reka-bhū	1	UTTARAPADA	sneha
rekhaka	1	UTTARAPADA	bindu
rekṇas	1	UTTARAPADA	su
repas	1	UTTARAPADA	vi
repha-saṃdhi	1	UTTARAPADA	sparśa
rephas	1	UTTARAPADA	vi
reta	1	UTTARAPADA	ūrdhva
reto-ja	1	UTTARAPADA	arka
reva	1	UTTARAPADA	gaja
reṇu-jāla	1	UTTARAPADA	aṇu
reṇu-suvarṇa	1	UTTARAPADA	vāta
reṇuka	1	UTTARAPADA	nī
reṣa	1	UTTARAPADA	ratha
reṣin	1	UTTARAPADA	puruṣa
rip	1	UTTARAPADA	pati
riphita	1	UTTARAPADA	vi
ripu-phalā	1	UTTARAPADA	kaca
riṣyat	1	UTTARAPADA	na
rocaka	1	UTTARAPADA	kajjala
rocanikā	1	UTTARAPADA	śuṇḍā
rocas	1	UTTARAPADA	sva
roci	1	UTTARAPADA	sva
rocin	1	UTTARAPADA	mita
rociṣa	1	UTTARAPADA	sva
rodam	1	UTTARAPADA	putra
rodana	1	UTTARAPADA	rudra
rodanā@di-prā@yaścitta-vidhi	1	UTTARAPADA	pratimā
rodaḥ-kuhara	1	UTTARAPADA	svarga
rodha-virodha-sampraśamana	1	UTTARAPADA	sarva
rodhaka	1	UTTARAPADA	aśva
rodhana	1	UTTARAPADA	mala
rodhinī	1	UTTARAPADA	asra
rodho-nitamba	1	UTTARAPADA	mukta
rodhra	1	UTTARAPADA	valka
rodhraka	1	UTTARAPADA	hasti
roga-parihāra-prayoga	1	UTTARAPADA	pavitra
roga-yuta	1	UTTARAPADA	arśo
rohaṇa-paddhati	1	UTTARAPADA	dolā
rohaṇaka	1	UTTARAPADA	hasti
rohi	1	UTTARAPADA	mahā
rohin	1	UTTARAPADA	āgata
rohitikā	1	UTTARAPADA	su
rohiṇi	1	UTTARAPADA	apada
rohiṇika	1	UTTARAPADA	piṇḍa
rohiṣaka	1	UTTARAPADA	dīrgha
rohī	1	UTTARAPADA	māṃsa
rola	1	UTTARAPADA	kaṅka
roma-ja	1	UTTARAPADA	mṛga
roma-kūpa	1	UTTARAPADA	stabdha
roma-latā	1	UTTARAPADA	kapi
roma-maya	1	UTTARAPADA	chāga
roma-phalā	1	UTTARAPADA	kapi
roma-vat	1	UTTARAPADA	mṛdu
romantha	1	UTTARAPADA	gagana
romanthāyita	1	UTTARAPADA	gagana
romapaṭṭana	1	UTTARAPADA	bṛhad
romo@dgama-tva	1	UTTARAPADA	vyakta
romā	1	UTTARAPADA	keśa
romā@śraya-phalā	1	UTTARAPADA	huḍa
romā@ṅga	1	UTTARAPADA	saṃhṛṣṭa
ropaka	1	UTTARAPADA	vṛkṣa
ropayitṛ	1	UTTARAPADA	vṛkṣa
ropaṇī	1	UTTARAPADA	dvija
ropin	1	UTTARAPADA	vṛkṣa
ropya	1	UTTARAPADA	pramada
rotsikā	1	UTTARAPADA	siṃha
roṇa	1	UTTARAPADA	ājaka
roṣa-samāviṣṭa	1	UTTARAPADA	tīvra
roṣā	1	UTTARAPADA	vāyu
roṭa	1	UTTARAPADA	pūga
roṭī	1	UTTARAPADA	phiraṅga
rta	1	UTTARAPADA	yajña
rtu-niśā	1	UTTARAPADA	ṣoḍaśa
rtvik-kratu	1	UTTARAPADA	ṣoḍaśa
rtvik-tva	1	UTTARAPADA	maha
rucam	1	UTTARAPADA	yathā
ruci-deva	1	UTTARAPADA	paura
rucidattīya	1	UTTARAPADA	pratyakṣa
rucikā	1	UTTARAPADA	cela
rucira-kalāpa	1	UTTARAPADA	ghana
rucī	1	UTTARAPADA	viśva
rudha	1	UTTARAPADA	go
rudra-datta	1	UTTARAPADA	mada
rudra-hṛdayo@paniṣad	1	UTTARAPADA	śrī
rudra-saṃvāda	1	UTTARAPADA	kāka
rudre@śvara-tīrtha	1	UTTARAPADA	siddha
rudrikā	1	UTTARAPADA	caṇḍa
rudriya	1	UTTARAPADA	śata
rudro@paniṣad	1	UTTARAPADA	nīla
rudrā@kṣa-dhāraṇa-vidhi	1	UTTARAPADA	bhasma
rudrā@kṣa-māhātmya	1	UTTARAPADA	bhasma
rudrīya	1	UTTARAPADA	śata
ruja-siddhā@cārya	1	UTTARAPADA	sa
ruka	1	UTTARAPADA	nāga
rukka	1	UTTARAPADA	puro
rukman	1	UTTARAPADA	pṛthu
rukmat	1	UTTARAPADA	vi
rupati-māhātmya	1	UTTARAPADA	navati
ruta-jñāna	1	UTTARAPADA	śakuna
ruta-kauśalya	1	UTTARAPADA	sarva
ruta-praveśa	1	UTTARAPADA	saṃketa
ruta-saṃgrahiṇi-lipi	1	UTTARAPADA	sarva
ruṇḍa	1	UTTARAPADA	jala
ruṇḍī	1	UTTARAPADA	bhū
ruṣa	1	UTTARAPADA	kṛta
ruṭ-stoma	1	UTTARAPADA	chando
rā	1	UTTARAPADA	śata
rā@ja	1	UTTARAPADA	jñāna
rādhi	1	UTTARAPADA	kṛṣṭa
rādhā-vallabha	1	UTTARAPADA	śrī
rāga-candro@daya	1	UTTARAPADA	ṣaḍ
rāga-lakṣaṇa	1	UTTARAPADA	saṃgīta
rāga-pravāla	1	UTTARAPADA	rūḍha
rāga-tāmra	1	UTTARAPADA	pallava
rāgaka	1	UTTARAPADA	haridrā
rāghava-nāṭaka	1	UTTARAPADA	sītā
rāghava-pāṇḍavīya	1	UTTARAPADA	yādava
rāghava-saṃvāda	1	UTTARAPADA	śiva
rāgin	1	UTTARAPADA	adveṣa
rāgiṇī-svarūpa-velā-varṇana	1	UTTARAPADA	rāga
rāgo@daya	1	UTTARAPADA	uṣā
rāgā@dhyāya	1	UTTARAPADA	saṃkīrṇa
rāgā@nugā	1	UTTARAPADA	saṃkṣipta
rāja-carita	1	UTTARAPADA	deśa
rāja-catuṣṭaya	1	UTTARAPADA	śrīraṅga
rāja-cūḍāmaṇi-dīkṣita	1	UTTARAPADA	śrī
rāja-dīkṣita	1	UTTARAPADA	vraja
rāja-gosvāmin	1	UTTARAPADA	vraja
rāja-ketana	1	UTTARAPADA	vṛṣa
rāja-kumāra	1	UTTARAPADA	giri
rāja-mantrin	1	UTTARAPADA	amara
rāja-miśra	1	UTTARAPADA	bhiṣag
rāja-parājaya	1	UTTARAPADA	moha
rāja-prabhāsa	1	UTTARAPADA	guṇa
rāja-siṃha	1	UTTARAPADA	raghu
rāja-stava	1	UTTARAPADA	śrīraṅga
rāja-stotra	1	UTTARAPADA	śrīraṅga
rāja-vaṃśa-krama	1	UTTARAPADA	puru
rāja-vilāsa	1	UTTARAPADA	śarabha
rāja-yaśo-bhūṣaṇa	1	UTTARAPADA	pāṇḍa
rāja-śatru	1	UTTARAPADA	amara
rāja-śukla	1	UTTARAPADA	vraja
rājadhānī	1	UTTARAPADA	kula
rājaka-vivarga	1	UTTARAPADA	bhoja
rājam	1	UTTARAPADA	prati
rājam-bhava	1	UTTARAPADA	su
rājarṣi-caritra	1	UTTARAPADA	nemi
rājaśekhara-kośa	1	UTTARAPADA	deśīya
rāje@ndra	1	UTTARAPADA	sarva
rājinī	1	UTTARAPADA	mṛga
rājita	1	UTTARAPADA	gārdhra
rājya-da	1	UTTARAPADA	prāṇa
rājya-dhara	1	UTTARAPADA	vaṃśa
rājyam	1	UTTARAPADA	yāvad
rājyā@paharaṇa	1	UTTARAPADA	bhartṛ
rājā	1	UTTARAPADA	bahu
rājā@ṣṭaka	1	UTTARAPADA	prayāga
rājī-phala	1	UTTARAPADA	pañca
rājīvana	1	UTTARAPADA	śṛṅgāra
rākṣa	1	UTTARAPADA	hala
rāma-bharata	1	UTTARAPADA	bāla
rāma-campū	1	UTTARAPADA	uttara
rāma-candra	1	UTTARAPADA	śeṣa
rāma-carita	1	UTTARAPADA	uttara
rāma-caritra	1	UTTARAPADA	uttara
rāma-kṛṣṇa	1	UTTARAPADA	bhāva
rāma-nāma-lekhana-vrata	1	UTTARAPADA	lakṣa
rāma-praśna	1	UTTARAPADA	haṃsa
rāma-siddhā@nta-vāg-īśa	1	UTTARAPADA	viṣṇu
rāma-stotra	1	UTTARAPADA	saṃtāna
rāman	1	UTTARAPADA	su
rāmin	1	UTTARAPADA	kṣaṇa
rāmā@nanda-sarasvatī	1	UTTARAPADA	mādhava
rāmā@nuja	1	UTTARAPADA	raṅga
rāmā@yaṇa-pāṭha-prayoga	1	UTTARAPADA	saṃkṣipta
rāmāyaṇa-kāvya	1	UTTARAPADA	gadya
rāsabhakā@maya	1	UTTARAPADA	jvālā
rāsaka	1	UTTARAPADA	nāṭya
rāsana	1	UTTARAPADA	ghora
rāsin	1	UTTARAPADA	ghora
rāsya	1	UTTARAPADA	go
rātiṣac	1	UTTARAPADA	smad
rātre	1	UTTARAPADA	jaghanya
rātrikā	1	UTTARAPADA	sukha
rātriṃ-diva	1	UTTARAPADA	vyasta
rātrīṇā	1	UTTARAPADA	tri
rāvaka	1	UTTARAPADA	śveta
rāvita	1	UTTARAPADA	śaṅkha
rāvā	1	UTTARAPADA	cāru
rāya-śarman	1	UTTARAPADA	hari
rāyaspoṣa	1	UTTARAPADA	bahu
rāyā@cārya	1	UTTARAPADA	bodha
rāśi-pa	1	UTTARAPADA	tri
rāśi-phala	1	UTTARAPADA	dvādaśa
rāḍhā	1	UTTARAPADA	dakṣiṇa
rāṇaka	1	UTTARAPADA	rāja
rāṇāyanīya	1	UTTARAPADA	su
rāṣṭra-mitrā@yuṣ-kāma	1	UTTARAPADA	śrī
rāṣṭri	1	UTTARAPADA	dhārta
rāṣṭriya	1	UTTARAPADA	anya
rāṣṭrā@dhipa	1	UTTARAPADA	pāṇḍya
rāṭ-chandas	1	UTTARAPADA	raṅga
rāṭī	1	UTTARAPADA	go
rī	1	UTTARAPADA	ṛdhad
rīḍham	1	UTTARAPADA	sa
rūhaka	1	UTTARAPADA	su
rūpa-bhṛt	1	UTTARAPADA	brāhmaṇa
rūpa-dhārin	1	UTTARAPADA	śva
rūpa-dhṛk	1	UTTARAPADA	nāga
rūpa-dhṛt	1	UTTARAPADA	vividha
rūpa-dhṛṣ	1	UTTARAPADA	kāla
rūpa-kathā	1	UTTARAPADA	aprati
rūpa-kośa	1	UTTARAPADA	pañca
rūpa-kāra	1	UTTARAPADA	khāta
rūpa-nirūpaṇa	1	UTTARAPADA	vidhi
rūpa-svayambhū	1	UTTARAPADA	jyotī
rūpa-tva	1	UTTARAPADA	sad
rūpa-tā	1	UTTARAPADA	ulūkhala
rūpa-vat	1	UTTARAPADA	sparśa
rūpa-vicāra	1	UTTARAPADA	yad
rūpe@śvara	1	UTTARAPADA	jyotī
rūpeṇa	1	UTTARAPADA	chadma
rūpi-stotra	1	UTTARAPADA	bhīma
rūpika	1	UTTARAPADA	prāti
rūpya-maya	1	UTTARAPADA	suvarṇa
rūpyaka	1	UTTARAPADA	suvarṇa
rūpā@darśa	1	UTTARAPADA	dhātu
rūpā@valī	1	UTTARAPADA	dhātu
rūpīya-nibandha	1	UTTARAPADA	kāma
rūra	1	UTTARAPADA	śīta
rūḍha-bhāva	1	UTTARAPADA	raha
rūḍhi-vicāra	1	UTTARAPADA	yoga
rūḍhi-vāda	1	UTTARAPADA	yoga
rūṣa	1	UTTARAPADA	vāta
rṇika	1	UTTARAPADA	adhama
rṣaba	1	UTTARAPADA	nara
rṣika	1	UTTARAPADA	sapta
rṣin	1	UTTARAPADA	rāja
s-tu-ghna	1	UTTARAPADA	kiṃ
s-tāt	1	UTTARAPADA	avara
s-tṛṇa	1	UTTARAPADA	bhū
sa-sneha	1	UTTARAPADA	jāta
sabandhu	1	UTTARAPADA	yāvat
sabhakṣam	1	UTTARAPADA	yathā
sabham	1	UTTARAPADA	madhye
sabhe@śā@nanda-tīrtha	1	UTTARAPADA	cit
sabheya	1	UTTARAPADA	su
sabhā-nātha-māhātmya	1	UTTARAPADA	hema
sabhāga	1	UTTARAPADA	vi
sabhājita	1	UTTARAPADA	su
sabhīya	1	UTTARAPADA	yama
saca	1	UTTARAPADA	prā
sad-artha-saṃgraha	1	UTTARAPADA	nyāya
sad-bhāva	1	UTTARAPADA	svāmi
sad-rūpa-saṃgraha	1	UTTARAPADA	śabda
sadanam	1	UTTARAPADA	prati
sadanī	1	UTTARAPADA	ṛta
sadbhāva	1	UTTARAPADA	sa
sadeśa	1	UTTARAPADA	madra
sadhastha	1	UTTARAPADA	ṛta
sadvan	1	UTTARAPADA	adma
sadā-phalā	1	UTTARAPADA	laghu
sadā@nandajī	1	UTTARAPADA	vyāsa
sadācāra	1	UTTARAPADA	bahu
sadācāra-nirṇaya	1	UTTARAPADA	vaiṣṇava
sadāśiva-pūjā-vidhi	1	UTTARAPADA	sāvaraṇa
sadṛśa-keśa-tā	1	UTTARAPADA	bhramara
sadṛśa-sukumāra-pāṇitā	1	UTTARAPADA	tūla
sagandhin	1	UTTARAPADA	matsya
saguṇa	1	UTTARAPADA	sarva
saha-ja	1	UTTARAPADA	lakṣmī
saha-vacana	1	UTTARAPADA	triḥ
saha-śaya	1	UTTARAPADA	digdha
sahacarī	1	UTTARAPADA	priya
sahacāra	1	UTTARAPADA	sāmagrī
sahagamana-niṣedha-nirāsa-prakāśa	1	UTTARAPADA	pati
sahai@ka	1	UTTARAPADA	daśa
sahakāra	1	UTTARAPADA	samīpa
sahana	1	UTTARAPADA	bhrātṛvya
sahas	1	UTTARAPADA	satya
sahasra-nāmā@vali	1	UTTARAPADA	śiva
sahasra-nāmā@valī	1	UTTARAPADA	sūrya
sahasra-parī@kṣā	1	UTTARAPADA	pādukā
sahasra-pramardana	1	UTTARAPADA	mahā
sahasra-pramardinī	1	UTTARAPADA	mahā
sahasra-śakti	1	UTTARAPADA	atarkya
sahasranāma-stotra	1	UTTARAPADA	lakṣmī
sahasranāman	1	UTTARAPADA	lakṣmī
sahasrī	1	UTTARAPADA	pañca
sahasrī-mahākāla-saṃhitā	1	UTTARAPADA	pañcāśat
sahavāsin	1	UTTARAPADA	baka
sahiṣṇu	1	UTTARAPADA	vyaya
sahiṣṇu-tva	1	UTTARAPADA	dvaṃdva
sahiṣṇu-tā	1	UTTARAPADA	dvaṃdva
sahyā@dri	1	UTTARAPADA	vrata
sahā@yinī	1	UTTARAPADA	saṃgīta
sahāyin	1	UTTARAPADA	devatā
saindhavī	1	UTTARAPADA	su
saindhukṣita	1	UTTARAPADA	aiḍa
sainyau@gha	1	UTTARAPADA	sambaddha
saireyaka	1	UTTARAPADA	kṛṣṇa
sajja	1	UTTARAPADA	samit
sajjikā	1	UTTARAPADA	vāsaka
sakhyam	1	UTTARAPADA	yathā
sakhī-gaṇā	1	UTTARAPADA	sa
sakhīkā	1	UTTARAPADA	sa
sakta	1	UTTARAPADA	ramaṇī
sakti	1	UTTARAPADA	ati
sakti-mat	1	UTTARAPADA	ati
sakāśe	1	UTTARAPADA	mat
salile-śaya	1	UTTARAPADA	samudra
sallaka	1	UTTARAPADA	dru
salya	1	UTTARAPADA	vi
salyaka	1	UTTARAPADA	vi
sama-danta	1	UTTARAPADA	kunda
sama-lamba	1	UTTARAPADA	āyata
sama-prabha	1	UTTARAPADA	ravi
sama-rasa	1	UTTARAPADA	śiva
sama-tva	1	UTTARAPADA	mat
sama-vikrama	1	UTTARAPADA	śārdūla
samabhihāra	1	UTTARAPADA	kriyā
samagra	1	UTTARAPADA	jagat
samaka	1	UTTARAPADA	mātrā
samakṣa-rūpa	1	UTTARAPADA	sādhu
samakṣam	1	UTTARAPADA	mat
samam	1	UTTARAPADA	āyatī
samanantaram	1	UTTARAPADA	tat
samandī	1	UTTARAPADA	tarat
samandīya	1	UTTARAPADA	tarat
samantam	1	UTTARAPADA	prati
samarpaṇa-stotra	1	UTTARAPADA	sarva
samarpita	1	UTTARAPADA	ālekhya
samarthitam	1	UTTARAPADA	yathā
samaryāda	1	UTTARAPADA	madra
samasta	1	UTTARAPADA	yāvat
samasta-mantra	1	UTTARAPADA	kālī
samasthāna	1	UTTARAPADA	strī
samasyā	1	UTTARAPADA	ardha
samatikrama	1	UTTARAPADA	duḥ
samave@ta-samavā@ya	1	UTTARAPADA	saṃyukta
samaya-vartin	1	UTTARAPADA	sama
samayam	1	UTTARAPADA	yathā
samaye	1	UTTARAPADA	iha
samañjarī	1	UTTARAPADA	paṭha
samaṅgā	1	UTTARAPADA	mahā
samaṣṭi-tā	1	UTTARAPADA	vyaṣṭi
sambandha-paddhati	1	UTTARAPADA	sāra
sambandham	1	UTTARAPADA	yathā
sambandhana	1	UTTARAPADA	samāna
sambandhanīya	1	UTTARAPADA	viruddha
sambandhin	1	UTTARAPADA	artha
sambandho@kti-saṃkṣepa	1	UTTARAPADA	śārīraka
sambhalā	1	UTTARAPADA	saha
sambhavau@ṣadhi	1	UTTARAPADA	sthala
sambhavin	1	UTTARAPADA	yathā
sambhavā@dhikāra	1	UTTARAPADA	grahaṇa
sambheda	1	UTTARAPADA	dṛṣṭi
sambhoga-kāra	1	UTTARAPADA	yuvatī
sambhogin	1	UTTARAPADA	astrī
sambhramat	1	UTTARAPADA	su
sambhrānta	1	UTTARAPADA	su
sambhāra-yajuṣka	1	UTTARAPADA	sa
sambhārā	1	UTTARAPADA	phala
sambhāvanā	1	UTTARAPADA	ātma
sambhāvin	1	UTTARAPADA	anyathā
sambhāvya	1	UTTARAPADA	su
sambhāṣā	1	UTTARAPADA	saṃdhāya
sambhū	1	UTTARAPADA	phala
sambhūti	1	UTTARAPADA	garbha
sambhṛt	1	UTTARAPADA	su
sambhṛti	1	UTTARAPADA	su
sambodha	1	UTTARAPADA	samyak
sambodhi	1	UTTARAPADA	samyak
sambodhy-aṅga	1	UTTARAPADA	prīti
sambodhya	1	UTTARAPADA	sukha
sambuddha	1	UTTARAPADA	samyak
sambuddhi	1	UTTARAPADA	samyak
samid-gaṇa	1	UTTARAPADA	sa
samiddha	1	UTTARAPADA	su
samidh	1	UTTARAPADA	su
samika	1	UTTARAPADA	dvai
samit-ka	1	UTTARAPADA	āhita
samita	1	UTTARAPADA	pātre
samitā@bhiyukta	1	UTTARAPADA	satata
samiṣṭa-yajus	1	UTTARAPADA	adhvara
samkḷpta	1	UTTARAPADA	preta
sammada	1	UTTARAPADA	hata
sammarda	1	UTTARAPADA	jana
sammardinī	1	UTTARAPADA	vakṣaḥ
sammata-karma-tattva	1	UTTARAPADA	vedānta
sammata-śikṣā	1	UTTARAPADA	sarva
sammati	1	UTTARAPADA	mauna
sammatīya	1	UTTARAPADA	mahā
sammiśra	1	UTTARAPADA	madhu
sammohana-tantra	1	UTTARAPADA	mahā
sammud	1	UTTARAPADA	svādu
sammukha	1	UTTARAPADA	sva
sammukham	1	UTTARAPADA	śatru
sammāna	1	UTTARAPADA	vedi
sammārjana	1	UTTARAPADA	sruk
sammṛṣṭa	1	UTTARAPADA	su
sampiṣṭa	1	UTTARAPADA	su
sampradāya	1	UTTARAPADA	sat
sampradāya-dīpikā	1	UTTARAPADA	dharma
sampradāyam	1	UTTARAPADA	yathā
sampradāyin	1	UTTARAPADA	rudra
sampradāyā@bheda-siddhā@nta	1	UTTARAPADA	sarva
samprahṛṣṭa	1	UTTARAPADA	su
samprai@ṣa	1	UTTARAPADA	sa
samprajña	1	UTTARAPADA	su
samprakīrṇam	1	UTTARAPADA	yathā
samprakḷpta	1	UTTARAPADA	ruci
samprasthita	1	UTTARAPADA	su
sampratapta	1	UTTARAPADA	su
sampratyaya	1	UTTARAPADA	eka
sampratyayam	1	UTTARAPADA	yathā
sampraveśa	1	UTTARAPADA	vana
sampre@ṣaṇa	1	UTTARAPADA	dūta
samprā@pti	1	UTTARAPADA	mitra
samprīta	1	UTTARAPADA	su
sampāda	1	UTTARAPADA	duḥ
sampādana-krama	1	UTTARAPADA	līlā
sampādin	1	UTTARAPADA	ājñā
sampādya	1	UTTARAPADA	duḥ
sampātin	1	UTTARAPADA	sa
sampṛkta	1	UTTARAPADA	bhūta
samubdha	1	UTTARAPADA	su
samuccaya-śāstra	1	UTTARAPADA	riṣṭa
samuccaye	1	UTTARAPADA	bhāgavata
samucchraya	1	UTTARAPADA	dhvaja
samucita	1	UTTARAPADA	priya
samuddeśa	1	UTTARAPADA	dravya
samuddeśīya	1	UTTARAPADA	vyādhi
samudga	1	UTTARAPADA	arka
samudgala	1	UTTARAPADA	ratna
samuditam	1	UTTARAPADA	yathā
samudra-saṃgama	1	UTTARAPADA	sindhu
samudra-vat	1	UTTARAPADA	sapta
samudra-vācakā	1	UTTARAPADA	plakṣa
samudram	1	UTTARAPADA	madhye
samudrā@nta	1	UTTARAPADA	sapta
samudācāra	1	UTTARAPADA	bahu
samudācāra-tā	1	UTTARAPADA	śuci
samudīraṇa	1	UTTARAPADA	laghu
samujjhita	1	UTTARAPADA	bhukta
samuta	1	UTTARAPADA	tardma
samutkīrṇa	1	UTTARAPADA	vajra
samā-veśana	1	UTTARAPADA	ṛtu
samādhi-pariṣkāra-dāyaka	1	UTTARAPADA	sapta
samādhi-yoga	1	UTTARAPADA	adhirūḍha
samādhi-śuci	1	UTTARAPADA	stimita
samādāna	1	UTTARAPADA	śīla
samāhara	1	UTTARAPADA	sarva
samāhartṛ	1	UTTARAPADA	artha
samāhvaya-prakaraṇa	1	UTTARAPADA	dyūta
samāhvayā	1	UTTARAPADA	lakṣmī
samākhya	1	UTTARAPADA	siddha
samākhyāyam	1	UTTARAPADA	aṅga
samākṛta	1	UTTARAPADA	su
samālambhana	1	UTTARAPADA	maṅgala
samāna-lakṣaṇa	1	UTTARAPADA	saṃhitā
samāna-sāra	1	UTTARAPADA	vajra
samānatā	1	UTTARAPADA	samādhi
samānnātam	1	UTTARAPADA	yathā
samārabdha	1	UTTARAPADA	su
samāropaṇa-prātar-aupāsana-prayoga	1	UTTARAPADA	samit
samāropaṇa-vidhāna	1	UTTARAPADA	samit
samāsana	1	UTTARAPADA	padma
samāsīna	1	UTTARAPADA	su
samāsīya	1	UTTARAPADA	pañca
samāviṣṭa	1	UTTARAPADA	sattva
samāvṛtta	1	UTTARAPADA	prathama
samāyana	1	UTTARAPADA	vrata
samāśrita	1	UTTARAPADA	su
samīkṣya	1	UTTARAPADA	duḥ
samīna	1	UTTARAPADA	dvi
samīra	1	UTTARAPADA	malaya
samūhana	1	UTTARAPADA	pāṃsu
samṛddha-tva	1	UTTARAPADA	triḥ
samṛti	1	UTTARAPADA	pāraskara
sanatkumāra	1	UTTARAPADA	vāstu
sandhyā	1	UTTARAPADA	agra
saneya	1	UTTARAPADA	vāja
sanitṛ	1	UTTARAPADA	su
sanna-ka	1	UTTARAPADA	gata
sanna-kaṇṭha	1	UTTARAPADA	hrī
sanni	1	UTTARAPADA	mahā
sannibha	1	UTTARAPADA	asatya
sanātana	1	UTTARAPADA	rūpa
sanīḍa	1	UTTARAPADA	madra
saparyā-krama	1	UTTARAPADA	śyāmā
saparyā-paddhati	1	UTTARAPADA	lalitā
saparyā-sopāna	1	UTTARAPADA	rāma
saparyā-sāra	1	UTTARAPADA	lakṣmī
sapatna-vaktra	1	UTTARAPADA	rāhu
sapatnikā	1	UTTARAPADA	kṛta
sapta-daśa	1	UTTARAPADA	nava
sapta-dhā	1	UTTARAPADA	dvi
sapta-dvīpa	1	UTTARAPADA	sa
sapta-hautra-prayoga	1	UTTARAPADA	soma
sapta-prākāra-pradakṣiṇa-vidhi	1	UTTARAPADA	śrīraṅga
sapta-ratna	1	UTTARAPADA	rāma
sapta-rātra	1	UTTARAPADA	janaka
sapta-sahasra	1	UTTARAPADA	nāradīya
sapta-sūtra	1	UTTARAPADA	vedānta
sapta-śata	1	UTTARAPADA	ardha
sapta-śataka	1	UTTARAPADA	hāla
sapta-śatikā-stava	1	UTTARAPADA	laghu
sapta-śatikā-stotra	1	UTTARAPADA	laghu
sapta-śatī-stotra	1	UTTARAPADA	laghu
saptadaśa	1	UTTARAPADA	ardha
saptatitama	1	UTTARAPADA	aṣṭa
saptin	1	UTTARAPADA	sapta
saptā	1	UTTARAPADA	daśa
saptā@hā@nukramaṇikā	1	UTTARAPADA	bhāgavata
saptā@ryā	1	UTTARAPADA	sūrya
saptā@tman	1	UTTARAPADA	catuḥ
sarala	1	UTTARAPADA	su
saralā	1	UTTARAPADA	laghu
saras-tīrtha	1	UTTARAPADA	viṣṇu
sarasvatī-māhātmya	1	UTTARAPADA	prācī
sarasī	1	UTTARAPADA	śṛṅgāra
saraṇī-vyākhyā	1	UTTARAPADA	sāhitya
sargya	1	UTTARAPADA	pāṇi
sarid-varā	1	UTTARAPADA	svarga
sarid-āśrita	1	UTTARAPADA	arṇava
sarika	1	UTTARAPADA	agre
sarit-sāgara	1	UTTARAPADA	kathā
sarjana	1	UTTARAPADA	skambha
sarjanī	1	UTTARAPADA	skambha
saroja-sundara	1	UTTARAPADA	smṛti
sarojinī	1	UTTARAPADA	vana
sarpa-vat	1	UTTARAPADA	krūra
sarpaka	1	UTTARAPADA	prā
sarpikā	1	UTTARAPADA	toya
sarpā	1	UTTARAPADA	yoṣit
sarpī	1	UTTARAPADA	vṛkṣa
sartu	1	UTTARAPADA	su
sarva-guṇa	1	UTTARAPADA	sama
sarva-yodha	1	UTTARAPADA	hata
sarvajana	1	UTTARAPADA	viṣṇu
sarvam	1	UTTARAPADA	yathā
sarvasva-saṃgraha	1	UTTARAPADA	śilpa
sarvasva-sāra	1	UTTARAPADA	śaiva
sarvatra	1	UTTARAPADA	parama
sarve@ndriya-śakti	1	UTTARAPADA	sarvataḥ
sarve@ndriyā@rtha	1	UTTARAPADA	vyāvṛtta
sarvā@nukramaṇī	1	UTTARAPADA	bṛhat
sarvā@sti-vāda	1	UTTARAPADA	mūla
sarvā@sti-vādin	1	UTTARAPADA	mūla
saryā	1	UTTARAPADA	parī
sarā	1	UTTARAPADA	vadhū
sarājīya	1	UTTARAPADA	nara
sarārī	1	UTTARAPADA	kṛmi
sarūpin	1	UTTARAPADA	strī
sarṣapaka	1	UTTARAPADA	sura
sasthāna	1	UTTARAPADA	para
sasya-yuta	1	UTTARAPADA	virala
sasyo@pamo@nnati	1	UTTARAPADA	pakva
sat-tva	1	UTTARAPADA	mahā
sat-tā	1	UTTARAPADA	mahā
sata	1	UTTARAPADA	dvaya
satkṛta	1	UTTARAPADA	su
sato-bṛhatī	1	UTTARAPADA	mahā
sato-mukhā	1	UTTARAPADA	mahā
satsaru	1	UTTARAPADA	soma
sattamā	1	UTTARAPADA	brāhmaṇī
sattra-prayoga	1	UTTARAPADA	svarga
sattva-lakṣaṇa	1	UTTARAPADA	dvi
sattva-pradhāna	1	UTTARAPADA	viśuddha
sattva-priya-darśana	1	UTTARAPADA	sarva
sattva-pāpa-jahana	1	UTTARAPADA	sarva
sattva-svara-nābhi	1	UTTARAPADA	gambhīra
sattva-trātṛ	1	UTTARAPADA	sarva
sattva-vijñāna	1	UTTARAPADA	viśuddha
sattvam	1	UTTARAPADA	yāvat
sattvau@jo-hārī	1	UTTARAPADA	sarva
sattvavat	1	UTTARAPADA	pṛthu
sattā	1	UTTARAPADA	sva
satvanam	1	UTTARAPADA	prāti
satvarā	1	UTTARAPADA	rati
satya-vrata	1	UTTARAPADA	dharma
satya-vrateyu	1	UTTARAPADA	dharma
satyam	1	UTTARAPADA	yathā
saubhāgya-kavala	1	UTTARAPADA	strī
saubhāgya-vat	1	UTTARAPADA	rūpa
saudāminī	1	UTTARAPADA	vilasat
saugandha	1	UTTARAPADA	pūrṇa
saugandhi	1	UTTARAPADA	paurṇa
saugandhika-vat	1	UTTARAPADA	haima
saugandhya	1	UTTARAPADA	tri
sauhitya	1	UTTARAPADA	ati
saukarya	1	UTTARAPADA	śabda
saumika	1	UTTARAPADA	prāk
saumitri	1	UTTARAPADA	saha
saundarya-bhaṭṭa	1	UTTARAPADA	navara
saundarya-mañjarī	1	UTTARAPADA	rādhā
saupāka	1	UTTARAPADA	pāṇḍu
saupāna	1	UTTARAPADA	maṇi
saura	1	UTTARAPADA	mahā
saurabhā	1	UTTARAPADA	puṣpa
saurāṣṭra	1	UTTARAPADA	sa
sauvarcala	1	UTTARAPADA	kāca
sauvarṇaka	1	UTTARAPADA	catuḥ
sauvīra	1	UTTARAPADA	sindhu
sauvīraka	1	UTTARAPADA	sindhu
sauśrava	1	UTTARAPADA	śālaṅkāyana
sauśruta	1	UTTARAPADA	bhāryā
sauṣira	1	UTTARAPADA	mahā
sauṣṭhava	1	UTTARAPADA	śabda
savam	1	UTTARAPADA	yathā
savanam	1	UTTARAPADA	yathā
savanīya-paśu	1	UTTARAPADA	atirātra
savarṇana	1	UTTARAPADA	aṃśa
savas	1	UTTARAPADA	satya
saveśa	1	UTTARAPADA	madra
savidha	1	UTTARAPADA	madra
savitra	1	UTTARAPADA	vāyu
savitṛ	1	UTTARAPADA	vāyu
sañjana	1	UTTARAPADA	kaṇṭha
saṃ-skṛta	1	UTTARAPADA	loka
saṃ-sṛṣṭa	1	UTTARAPADA	mahā
saṃbandha	1	UTTARAPADA	strī
saṃcaya-piṭaka	1	UTTARAPADA	saṃyukta
saṃcayika	1	UTTARAPADA	māsa
saṃcayin	1	UTTARAPADA	dhana
saṃcayā	1	UTTARAPADA	svarṇa
saṃcetanā@hāra	1	UTTARAPADA	manaḥ
saṃcintya	1	UTTARAPADA	duḥ
saṃcāraka	1	UTTARAPADA	para
saṃdarbha-prabhāsa	1	UTTARAPADA	krama
saṃdarbha-sindhu	1	UTTARAPADA	śabda
saṃdaṃśikā	1	UTTARAPADA	rakta
saṃdeha-bhañjana	1	UTTARAPADA	vaidya
saṃdeha-bhedikā	1	UTTARAPADA	durgā
saṃdeha-vivāda	1	UTTARAPADA	svara
saṃdeśa-hārin	1	UTTARAPADA	lekha
saṃdeśa-kāvya	1	UTTARAPADA	bhramara
saṃdeśa-pada	1	UTTARAPADA	laghu
saṃdeśa-vivaraṇa	1	UTTARAPADA	rahasya
saṃdeśa-vyākhyā	1	UTTARAPADA	śuka
saṃdhi-vigraha	1	UTTARAPADA	mahā
saṃdhukṣaṇa	1	UTTARAPADA	kopa
saṃdhunakam	1	UTTARAPADA	hasta
saṃdhyaka	1	UTTARAPADA	rakta
saṃdhā	1	UTTARAPADA	indra
saṃdhānī	1	UTTARAPADA	agra
saṃdhāraṇa	1	UTTARAPADA	prāṇa
saṃdhī	1	UTTARAPADA	tri
saṃdiṣṭa	1	UTTARAPADA	yathā
saṃdohyā	1	UTTARAPADA	sukha
saṃduhyā	1	UTTARAPADA	sukha
saṃdāna	1	UTTARAPADA	rajju
saṃdāya	1	UTTARAPADA	go
saṃdīpta	1	UTTARAPADA	su
saṃdṛśa	1	UTTARAPADA	madhu
saṃgama-tantra	1	UTTARAPADA	śakti
saṃgamana	1	UTTARAPADA	priya
saṃgamā@mṛta	1	UTTARAPADA	śakti
saṃgataka	1	UTTARAPADA	bhrū
saṃgha-vimardana	1	UTTARAPADA	vyādhi
saṃgha-śas	1	UTTARAPADA	śata
saṃgharṣa	1	UTTARAPADA	danta
saṃghaṭita-lakṣaṇa	1	UTTARAPADA	kūṭa
saṃghaṭṭa	1	UTTARAPADA	hṛdaya
saṃghaṭṭana	1	UTTARAPADA	pāṇi
saṃghika	1	UTTARAPADA	mahā
saṃghāta-ja	1	UTTARAPADA	śleṣma
saṃghāta-vat	1	UTTARAPADA	bhrātṛ
saṃghāṭī	1	UTTARAPADA	bhikṣu
saṃgraha-dīpikā	1	UTTARAPADA	bhārata
saṃgraha-nighaṇṭu	1	UTTARAPADA	śabda
saṃgraha-nāma-mālā	1	UTTARAPADA	śeṣa
saṃgraha-sāro@ddhāra	1	UTTARAPADA	śeṣa
saṃgraha-viveka	1	UTTARAPADA	prayoga
saṃgraha-vivṛti	1	UTTARAPADA	śauca
saṃgraha-vyākhyā	1	UTTARAPADA	rati
saṃgraha-ṭīkā	1	UTTARAPADA	siddhānta
saṃgrahaṇī-sūtra	1	UTTARAPADA	laghu
saṃgrahaṇīya	1	UTTARAPADA	purīṣa
saṃgrahin	1	UTTARAPADA	artha
saṃgrāhin	1	UTTARAPADA	loka
saṃgrāhī	1	UTTARAPADA	rasa
saṃgrāma	1	UTTARAPADA	śrī
saṃgupta	1	UTTARAPADA	su
saṃgāyaka	1	UTTARAPADA	sāma
saṃgīta-yonin	1	UTTARAPADA	deva
saṃgṛhīta	1	UTTARAPADA	su
saṃhanana-kavaca	1	UTTARAPADA	śatru
saṃharaṇa	1	UTTARAPADA	veṇī
saṃharṣaṇa	1	UTTARAPADA	loma
saṃhitam	1	UTTARAPADA	yathā
saṃhitā-homa	1	UTTARAPADA	kaṇvīya
saṃhitā-pariśiṣṭa	1	UTTARAPADA	śākalya
saṃhitā-sāra-samuccaya	1	UTTARAPADA	siddhānta
saṃhāraka	1	UTTARAPADA	asthi
saṃhārin	1	UTTARAPADA	sarva
saṃhārī	1	UTTARAPADA	asthi
saṃhāta	1	UTTARAPADA	akṣara
saṃhṛti-mat	1	UTTARAPADA	bīja
saṃhṛṣṭa-roman	1	UTTARAPADA	bhaya
saṃjalpa	1	UTTARAPADA	pūrva
saṃjaya	1	UTTARAPADA	indra
saṃjvara-vat	1	UTTARAPADA	sneha
saṃjñapana	1	UTTARAPADA	akāma
saṃjñi-nai@vā@-saṃjñin	1	UTTARAPADA	naiva
saṃjñā-prakaraṇa	1	UTTARAPADA	vijñāna
saṃjñā-samādhi	1	UTTARAPADA	naiva
saṃjñāna	1	UTTARAPADA	nāḍī
saṃjñānā@saṃjñānā@yatana	1	UTTARAPADA	naiva
saṃjāta-sasya	1	UTTARAPADA	ardha
saṃjāta-vṛddha	1	UTTARAPADA	saha
saṃjīvaka	1	UTTARAPADA	mrita
saṃjīvin	1	UTTARAPADA	mṛta
saṃjīvinī	1	UTTARAPADA	rasika
saṃkakṣa	1	UTTARAPADA	niḥ
saṃkalanā	1	UTTARAPADA	mantra
saṃkalita	1	UTTARAPADA	bhinna
saṃkalpa-kaumudī	1	UTTARAPADA	mīmāṃsā
saṃkalpa-vidhi	1	UTTARAPADA	śrāddha
saṃkalpam	1	UTTARAPADA	yathā
saṃkalpita	1	UTTARAPADA	yathā
saṃkaluṣa	1	UTTARAPADA	yoni
saṃkara-jāta	1	UTTARAPADA	vṛthā
saṃkarin	1	UTTARAPADA	putra
saṃkarita	1	UTTARAPADA	garbha
saṃkarṣin	1	UTTARAPADA	kāla
saṃkarṣā	1	UTTARAPADA	kāla
saṃketa-candrikā	1	UTTARAPADA	haṭha
saṃkhyeya	1	UTTARAPADA	saṃkhyāta
saṃkhyāna	1	UTTARAPADA	guṇa
saṃkhyāta	1	UTTARAPADA	sama
saṃkhyātṛ	1	UTTARAPADA	go
saṃkhāta	1	UTTARAPADA	hima
saṃkoca	1	UTTARAPADA	rakta
saṃkocaka	1	UTTARAPADA	rakta
saṃkocana	1	UTTARAPADA	netra
saṃkocanī	1	UTTARAPADA	gātra
saṃkrandana	1	UTTARAPADA	ahalyā
saṃkruddha	1	UTTARAPADA	su
saṃkrāmin	1	UTTARAPADA	bhūta
saṃkrānti-vidhi	1	UTTARAPADA	bhoga
saṃkāśin	1	UTTARAPADA	cāru
saṃkīrṇa-nirūpaṇa	1	UTTARAPADA	śabda
saṃkṣepa-vyākhyā	1	UTTARAPADA	bhāgavata
saṃkṣipta-sāra	1	UTTARAPADA	vaidya
saṃkṣipta-varṇana	1	UTTARAPADA	śruti
saṃkṣobha	1	UTTARAPADA	niḥ
saṃlagnikā	1	UTTARAPADA	hasta
saṃlakṣya	1	UTTARAPADA	duḥ
saṃnaddha	1	UTTARAPADA	tredhā
saṃnahanā@rthaka	1	UTTARAPADA	sarva
saṃnata	1	UTTARAPADA	su
saṃnayana	1	UTTARAPADA	sabhā
saṃnicaya	1	UTTARAPADA	alpa
saṃnihita	1	UTTARAPADA	hṛdaya
saṃnipātita	1	UTTARAPADA	su
saṃnirodha	1	UTTARAPADA	parvata
saṃniveśana	1	UTTARAPADA	samāja
saṃnivāsin	1	UTTARAPADA	vana
saṃnivṛtti	1	UTTARAPADA	bhūyaḥ
saṃniśraya	1	UTTARAPADA	kiṃ
saṃnyasta	1	UTTARAPADA	vāja
saṃnyāsa-lakṣaṇa	1	UTTARAPADA	vidvat
saṃnyāsa-nirṇaya-vivaraṇa	1	UTTARAPADA	bhakti
saṃpanna	1	UTTARAPADA	utsāha
saṃpradāna	1	UTTARAPADA	kanyā
saṃprahāra	1	UTTARAPADA	upasthita
saṃpre@ṣitam	1	UTTARAPADA	yathā
saṃpādana	1	UTTARAPADA	svarga
saṃpādin	1	UTTARAPADA	iṣṭa
saṃrabdha	1	UTTARAPADA	su
saṃrakta-locana	1	UTTARAPADA	dhūmra
saṃrakṣikā	1	UTTARAPADA	śāli
saṃrakṣin	1	UTTARAPADA	satya
saṃrakṣya	1	UTTARAPADA	duḥ
saṃrohaṇa	1	UTTARAPADA	vraṇa
saṃrāga	1	UTTARAPADA	ucca
saṃrāva	1	UTTARAPADA	yodha
saṃsarpa	1	UTTARAPADA	vasiṣṭha
saṃsarpin	1	UTTARAPADA	vi
saṃsevya	1	UTTARAPADA	sukha
saṃskartṛ	1	UTTARAPADA	anna
saṃskāram	1	UTTARAPADA	prati
saṃskārā@rtha-tva	1	UTTARAPADA	tat
saṃskṛti	1	UTTARAPADA	cyuta
saṃsmṛti	1	UTTARAPADA	naṣṭa
saṃspṛṣṭa	1	UTTARAPADA	surā
saṃsravaṇa	1	UTTARAPADA	garbha
saṃsrāva	1	UTTARAPADA	karṇa
saṃstarika	1	UTTARAPADA	yāthā
saṃstava	1	UTTARAPADA	maṅgala
saṃsthiti	1	UTTARAPADA	duḥkha
saṃsthula	1	UTTARAPADA	vi
saṃsthā-japa	1	UTTARAPADA	hotṛ
saṃsthā-prayoga	1	UTTARAPADA	sapta
saṃsthāpaka	1	UTTARAPADA	khaṇḍa
saṃsthāpana	1	UTTARAPADA	argha
saṃsvāra-vat	1	UTTARAPADA	svara
saṃsāra	1	UTTARAPADA	bhūta
saṃsāram	1	UTTARAPADA	yāvat
saṃsṛta	1	UTTARAPADA	dharma
saṃsṛti	1	UTTARAPADA	loka
saṃtaraṇa	1	UTTARAPADA	kali
saṃtarjana	1	UTTARAPADA	akṣi
saṃtarpaṇa	1	UTTARAPADA	brāhmaṇa
saṃtatika	1	UTTARAPADA	sa
saṃtrasta	1	UTTARAPADA	su
saṃtrasta-mānasa	1	UTTARAPADA	bhaya
saṃtuṣṭa-tīrtha	1	UTTARAPADA	satya
saṃtyāga	1	UTTARAPADA	prāṇa
saṃtāna-candrikā	1	UTTARAPADA	sampat
saṃtāna-sū	1	UTTARAPADA	dharma
saṃtānika	1	UTTARAPADA	matsya
saṃtānikā	1	UTTARAPADA	kṣīra
saṃtāpa-karṣita	1	UTTARAPADA	śrama
saṃtāpana	1	UTTARAPADA	bhūta
saṃtāra	1	UTTARAPADA	nadī
saṃvardhana	1	UTTARAPADA	keśa
saṃvardhana-śataka	1	UTTARAPADA	bhakti
saṃvardhita	1	UTTARAPADA	duḥkha
saṃvarta	1	UTTARAPADA	bṛhat
saṃvartanīya	1	UTTARAPADA	apāya
saṃvartikā	1	UTTARAPADA	nalinī
saṃvatsaram	1	UTTARAPADA	prati
saṃvatsarā	1	UTTARAPADA	jāta
saṃvatsarīṇa	1	UTTARAPADA	dvi
saṃvedam	1	UTTARAPADA	yathā
saṃvega	1	UTTARAPADA	saha
saṃveśa	1	UTTARAPADA	sukha
saṃveśaka	1	UTTARAPADA	gṛha
saṃveśana	1	UTTARAPADA	sthaṇḍila
saṃviddha	1	UTTARAPADA	svayaṃ
saṃvigna	1	UTTARAPADA	su
saṃvigna-mānasa	1	UTTARAPADA	śoka
saṃvikta	1	UTTARAPADA	huta
saṃvin-maya	1	UTTARAPADA	sat
saṃvitti	1	UTTARAPADA	sukha
saṃvyavahāra	1	UTTARAPADA	loka
saṃvāda-bhū	1	UTTARAPADA	vivāda
saṃvāda-sundara	1	UTTARAPADA	nara
saṃvādam	1	UTTARAPADA	yathā
saṃvāha	1	UTTARAPADA	tṛṇa
saṃvāhya	1	UTTARAPADA	sukha
saṃvārya	1	UTTARAPADA	saṃvṛta
saṃvṛtta	1	UTTARAPADA	su
saṃvṛttam	1	UTTARAPADA	yathā
saṃyamana	1	UTTARAPADA	mṛtyu
saṃyatta	1	UTTARAPADA	su
saṃyavana	1	UTTARAPADA	piṣṭa
saṃyoddhṛ	1	UTTARAPADA	prati
saṃyojana-visaṃyojanaka	1	UTTARAPADA	nava
saṃyāja	1	UTTARAPADA	patnī
saṃyājana	1	UTTARAPADA	patnī
saṃyājya	1	UTTARAPADA	ayājya
saṃśamana	1	UTTARAPADA	pāpa
saṃśamanīya	1	UTTARAPADA	vāstu
saṃśleṣaka	1	UTTARAPADA	loha
saṃśodhana	1	UTTARAPADA	bhava
saṃśoṣaṇa	1	UTTARAPADA	avīci
saṃśrita	1	UTTARAPADA	su
saṃśvāyin	1	UTTARAPADA	ubhayataḥ
saṃśās	1	UTTARAPADA	su
saṃṣṭhula	1	UTTARAPADA	vi
saṅga-parityāga	1	UTTARAPADA	sarva
saṅgakṣikā	1	UTTARAPADA	prati
saṅgha	1	UTTARAPADA	mūla
saṅgika	1	UTTARAPADA	prā
saṅgā	1	UTTARAPADA	sarva
saṅkhyā	1	UTTARAPADA	anuvāka
secanī	1	UTTARAPADA	ambu
sena-deva	1	UTTARAPADA	ballāla
senajitī	1	UTTARAPADA	prā
senam	1	UTTARAPADA	antaḥ
senikā	1	UTTARAPADA	śaura
senā-rājan	1	UTTARAPADA	mādhava
senānī	1	UTTARAPADA	ugra
senīya	1	UTTARAPADA	sārva
setu-bandha	1	UTTARAPADA	pāṣāṇa
setu-pradīpa	1	UTTARAPADA	śama
setu-vārita	1	UTTARAPADA	samaya
setukā	1	UTTARAPADA	siddhānta
seva	1	UTTARAPADA	prā
sevaka-miśra	1	UTTARAPADA	hari
sevakau	1	UTTARAPADA	sevya
sevanī	1	UTTARAPADA	tunna
sevā@hnika	1	UTTARAPADA	kṛṣṇa
seya	1	UTTARAPADA	śata
seṭa	1	UTTARAPADA	jagat
sicaya	1	UTTARAPADA	cīna
sicya	1	UTTARAPADA	retaḥ
siddha-tva	1	UTTARAPADA	anyathā
siddhaka	1	UTTARAPADA	artha
siddhau@ṣadhika	1	UTTARAPADA	pañca
siddhau@ṣadhī	1	UTTARAPADA	pañca
siddhi-dīpikā	1	UTTARAPADA	saṃskāra
siddhi-pradā	1	UTTARAPADA	hara
siddhi-sādhana	1	UTTARAPADA	deha
siddhi-vyavasthā	1	UTTARAPADA	saṃkṣepa
siddhidā	1	UTTARAPADA	sāmrājya
siddhā	1	UTTARAPADA	sarva
siddhā@nta-bhūṣaṇa	1	UTTARAPADA	vaiyākaraṇa
siddhā@nta-bhūṣaṇa-sāra	1	UTTARAPADA	vaiyākaraṇa
siddhā@nta-grantha	1	UTTARAPADA	upādhi
siddhā@nta-grantha-kroḍa	1	UTTARAPADA	bādha
siddhā@nta-grantha-prakāśa	1	UTTARAPADA	bādha
siddhā@nta-grantha-rahasya	1	UTTARAPADA	viruddha
siddhā@nta-grantha-vivecana	1	UTTARAPADA	bādha
siddhā@nta-granthā@loka	1	UTTARAPADA	viruddha
siddhā@nta-granthānugama	1	UTTARAPADA	bādha
siddhā@nta-līlā-vatī	1	UTTARAPADA	viṣṇu
siddhā@nta-mañjūṣā	1	UTTARAPADA	vaiyākaraṇa
siddhā@nta-mañjūṣā-sāra	1	UTTARAPADA	vaiyākaraṇa
siddhā@nta-mārtaṇḍa	1	UTTARAPADA	sat
siddhā@nta-ratnā@kara	1	UTTARAPADA	vaiyākaraṇa
siddhā@nta-sindhu	1	UTTARAPADA	siṃha
siddhā@nta-stotra	1	UTTARAPADA	vākya
siddhā@nta-sāgara	1	UTTARAPADA	rasa
siddhā@nta-sārā@valī	1	UTTARAPADA	śaiva
siddhā@nta-tattva	1	UTTARAPADA	vaiṣṇava
siddhā@nta-vaijayantī	1	UTTARAPADA	vaiṣṇava
siddhā@nta-vigraha	1	UTTARAPADA	yajña
siddhā@nta-śataka	1	UTTARAPADA	sātvata
siddhā@nta-śekhara	1	UTTARAPADA	śaiva
siddhā@nta-ṭīkā	1	UTTARAPADA	vallabha
siddhā@ntikā	1	UTTARAPADA	pañca
siddhā@ntā@ryā	1	UTTARAPADA	mīmāṃsā
siddhā@rthaka	1	UTTARAPADA	sita
siktā	1	UTTARAPADA	ramala
silā	1	UTTARAPADA	manaḥ
sina	1	UTTARAPADA	tat
sindhuka	1	UTTARAPADA	nīla
sindhura	1	UTTARAPADA	vana
sitaka	1	UTTARAPADA	sthaṇḍila
sitā@sita-roga	1	UTTARAPADA	saṃdhi
sitā@ṅga-vihaṃga	1	UTTARAPADA	ati
siva	1	UTTARAPADA	sita
siṃha-paṇḍita	1	UTTARAPADA	bhīma
siṃhaka	1	UTTARAPADA	mṛga
siṃho@tsava	1	UTTARAPADA	rāya
siṃhānikā	1	UTTARAPADA	loha
skanda-svāmin	1	UTTARAPADA	rudra
skandha-maya	1	UTTARAPADA	buddhi
skandha-saṃghaṭṭa-janman	1	UTTARAPADA	sarala
skandhā	1	UTTARAPADA	nīla
skandhī	1	UTTARAPADA	pañca
skandin	1	UTTARAPADA	megha
skandā	1	UTTARAPADA	nīla
skavana	1	UTTARAPADA	danta
skaṇva	1	UTTARAPADA	prā
skhalana	1	UTTARAPADA	retaḥ
skhalita	1	UTTARAPADA	bhāva
skāra-śaṃkara	1	UTTARAPADA	skanda
skṛt	1	UTTARAPADA	kośa
smaraṇa-darpaṇa	1	UTTARAPADA	śrī
smarya	1	UTTARAPADA	smara
smayin	1	UTTARAPADA	antaḥ
smera	1	UTTARAPADA	antaḥ
smeram	1	UTTARAPADA	sa
smitā	1	UTTARAPADA	deva
smārta-dharma	1	UTTARAPADA	śrauta
smārta-karma-paddhati	1	UTTARAPADA	śrauta
smārta-kriyā	1	UTTARAPADA	śrauta
smārta-vidhi	1	UTTARAPADA	śrauta
smṛti-durga-bhañjana	1	UTTARAPADA	saṃkalpa
smṛti-maya	1	UTTARAPADA	yathā
smṛti-saṃgraha	1	UTTARAPADA	sarva
smṛtā	1	UTTARAPADA	veda
smṛtī	1	UTTARAPADA	veda
snapana-caturthī	1	UTTARAPADA	vināyaka
snasā	1	UTTARAPADA	dala
sneha-prapūraṇī	1	UTTARAPADA	yukti
snehaka	1	UTTARAPADA	asthi
snehana	1	UTTARAPADA	sadyaḥ
snuhī	1	UTTARAPADA	dhārā
snuṣa	1	UTTARAPADA	su
snā	1	UTTARAPADA	ghṛta
snākā	1	UTTARAPADA	vīra
snāna-gṛha	1	UTTARAPADA	soṣma
snānīya	1	UTTARAPADA	śiraḥ
snātā	1	UTTARAPADA	ṛtu
solla	1	UTTARAPADA	khara
soma-paddhati	1	UTTARAPADA	sapta
soma-pūrva	1	UTTARAPADA	pīta
soma-saṃsthā-paddhati	1	UTTARAPADA	sapta
soma-yajña	1	UTTARAPADA	pavamāna
soma-yājin	1	UTTARAPADA	mādhava
somapa	1	UTTARAPADA	paścā
somapīthīya	1	UTTARAPADA	ātta
some@śvara	1	UTTARAPADA	bhaṭṭa
somo@daka-dvijam	1	UTTARAPADA	prati
somā@rka	1	UTTARAPADA	atyagni
somā@ṅgiras	1	UTTARAPADA	tṛṇa
sonda	1	UTTARAPADA	khara
soni	1	UTTARAPADA	khara
sopāka	1	UTTARAPADA	pāṇḍu
soḍha	1	UTTARAPADA	avi
soṇa	1	UTTARAPADA	maha
spandya	1	UTTARAPADA	antaḥ
sparaṇa	1	UTTARAPADA	ātma
sparśa-rasa	1	UTTARAPADA	śabda
sphañja	1	UTTARAPADA	narma
sphic	1	UTTARAPADA	lamba
sphij	1	UTTARAPADA	bṛhat
sphira	1	UTTARAPADA	ati
sphiñja	1	UTTARAPADA	narma
sphoṭam	1	UTTARAPADA	lāja
sphoṭana	1	UTTARAPADA	aṅguli
sphurat	1	UTTARAPADA	puraḥ
sphuraṇa	1	UTTARAPADA	go
sphuraṇa-vicāra	1	UTTARAPADA	aṅga
sphuṭa-pratisaṃskaraṇa	1	UTTARAPADA	khaṇḍa
sphuṭa-siddhā@nta	1	UTTARAPADA	brahma
sphyā	1	UTTARAPADA	eka
sphāna	1	UTTARAPADA	gaya
sphāra	1	UTTARAPADA	sphāra
sphāraṇa-mukha-darśana	1	UTTARAPADA	samanta
sphārṇi	1	UTTARAPADA	viśva
sphāyana	1	UTTARAPADA	gaya
sphāṇi	1	UTTARAPADA	viśva
sphāṭi	1	UTTARAPADA	viśva
sphīta	1	UTTARAPADA	su
sphīṇi	1	UTTARAPADA	viśva
sphūrji	1	UTTARAPADA	viśva
sphūrti	1	UTTARAPADA	viśva
spārha	1	UTTARAPADA	puru
spṛdhya	1	UTTARAPADA	mitha
spṛg-vṛtta	1	UTTARAPADA	koṇa
spṛhya	1	UTTARAPADA	naiḥ
spṛkka	1	UTTARAPADA	vi
spṛśat	1	UTTARAPADA	divi
spṛṣṭi	1	UTTARAPADA	ubhaya
spṛṣṭin	1	UTTARAPADA	tat
srag-dāma-vat	1	UTTARAPADA	gandha
srag-rajo-hīna	1	UTTARAPADA	hṛṣita
srag-vibhūṣaṇa	1	UTTARAPADA	visrasta
srag-ākula	1	UTTARAPADA	lulita
sragvin	1	UTTARAPADA	mahā
srajā@kṣa	1	UTTARAPADA	vāja
srasta	1	UTTARAPADA	svayaṃ
sraṃsa	1	UTTARAPADA	asthi
sraṃsana	1	UTTARAPADA	śalya
srotam	1	UTTARAPADA	prati
srotasa	1	UTTARAPADA	varuṇa
srotasvinī	1	UTTARAPADA	sura
srotasī	1	UTTARAPADA	tri
sroṇi	1	UTTARAPADA	su
srāṇa	1	UTTARAPADA	arus
srī-vṛkṣa	1	UTTARAPADA	sa
stainya	1	UTTARAPADA	suvarṇa
stamba-bhramara	1	UTTARAPADA	raṇa
stambaka	1	UTTARAPADA	vīraṇa
stamberama	1	UTTARAPADA	yāma
stambha-devatā-pūjā	1	UTTARAPADA	dīpa
stambha-kara	1	UTTARAPADA	puṇya
stambha-nirṇaya	1	UTTARAPADA	mūla
stambhaka	1	UTTARAPADA	śāli
stambhi	1	UTTARAPADA	skandha
stambhin	1	UTTARAPADA	salila
stambāyana	1	UTTARAPADA	rāja
stana-vatī	1	UTTARAPADA	phala
staraṇa	1	UTTARAPADA	veda
stari	1	UTTARAPADA	sahasra
stava-kapāla-mocana	1	UTTARAPADA	sūrya
stava-vyākhyā	1	UTTARAPADA	vaikuṇṭha
stava-śataka	1	UTTARAPADA	bhavānī
stava-ṭippaṇaka	1	UTTARAPADA	laghu
stavana	1	UTTARAPADA	sūrya
stavaratna	1	UTTARAPADA	lalitā
stavā@vali	1	UTTARAPADA	bahu
stavī	1	UTTARAPADA	pañca
steya-kṛt	1	UTTARAPADA	sarva
steyin	1	UTTARAPADA	suvarṇa
stha-mudgara	1	UTTARAPADA	antaḥ
stha-pada	1	UTTARAPADA	asthāna
stha-samāsa	1	UTTARAPADA	asthāna
stha-svaro@daya	1	UTTARAPADA	deha
stha-vṛtta	1	UTTARAPADA	lekhā
sthairya	1	UTTARAPADA	manaḥ
sthala-cara	1	UTTARAPADA	salila
sthala-mahima-varṇana	1	UTTARAPADA	śiva
sthala-mahiman	1	UTTARAPADA	ṣaṭ
sthala-nirṇaya	1	UTTARAPADA	ṣaṭ
sthala-pura	1	UTTARAPADA	ku
sthali	1	UTTARAPADA	deva
sthalika	1	UTTARAPADA	mauni
sthalā@nubhava	1	UTTARAPADA	ṣaṭ
sthalī-pāka-prayoga	1	UTTARAPADA	prājāpatya
sthapati	1	UTTARAPADA	puṣkara
stharāja	1	UTTARAPADA	gaṇi
sthavila	1	UTTARAPADA	vaṃśa
sthaṇḍila	1	UTTARAPADA	su
sthaṇḍilaka	1	UTTARAPADA	sa
sthika	1	UTTARAPADA	prā
sthikā	1	UTTARAPADA	kāya
sthiraka	1	UTTARAPADA	pītvā
sthirā@dara	1	UTTARAPADA	asu
sthirī-karaṇa	1	UTTARAPADA	manaḥ
sthiti-sarga	1	UTTARAPADA	pralaya
sthiti-tā	1	UTTARAPADA	dharma
sthiti-varṇana	1	UTTARAPADA	graha
sthitika	1	UTTARAPADA	cira
sthity-ardha	1	UTTARAPADA	madhya
sthā-chandas	1	UTTARAPADA	antaḥ
sthālin	1	UTTARAPADA	kara
sthālīpāka-prayoga	1	UTTARAPADA	putrīya
sthāma	1	UTTARAPADA	yathā
sthāma-prā@pta	1	UTTARAPADA	mahā
sthāna-bheda	1	UTTARAPADA	karaṇa
sthāna-gavāṭa	1	UTTARAPADA	sarva
sthāna-prakaraṇa	1	UTTARAPADA	guṇa
sthāna-stha	1	UTTARAPADA	sabhā
sthāna-tā	1	UTTARAPADA	laghu
sthānaka-vicāra	1	UTTARAPADA	kriyā
sthānaka-vṛtti	1	UTTARAPADA	ṣaṭ
sthānam	1	UTTARAPADA	prati
sthāne	1	UTTARAPADA	vyañjana
sthāni	1	UTTARAPADA	daiva
sthānika	1	UTTARAPADA	prā
sthānā	1	UTTARAPADA	virāṭ
sthānā@dhikāra	1	UTTARAPADA	rāja
sthānā@sana	1	UTTARAPADA	adhaḥ
sthānā@śraya	1	UTTARAPADA	eka
sthāpaka	1	UTTARAPADA	sthiti
sthāpana-paddhati	1	UTTARAPADA	śilā
sthāpana-vidhi	1	UTTARAPADA	devatā
sthāpita	1	UTTARAPADA	dṛśya
sthāsnu-cārin	1	UTTARAPADA	sa
sthātra	1	UTTARAPADA	bhūri
sthātṛ	1	UTTARAPADA	puraḥ
sthāvan	1	UTTARAPADA	sa
sthāvatī	1	UTTARAPADA	su
sthāya	1	UTTARAPADA	jala
sthāyi-bhāva	1	UTTARAPADA	hāsya
sthāyika	1	UTTARAPADA	ādi
sthāṇa	1	UTTARAPADA	vinoda
sthāṇu-jaṅgama	1	UTTARAPADA	sa
sthī-bhāva	1	UTTARAPADA	antaḥ
sthūlā@valokana	1	UTTARAPADA	samanta
sthūṇā-rāja	1	UTTARAPADA	dharma
sthūṇā-virohaṇa	1	UTTARAPADA	agāra
stimita-locana	1	UTTARAPADA	dhyāna
sto	1	UTTARAPADA	ghṛta
stokaka	1	UTTARAPADA	nāga
stoma-mahānidhi	1	UTTARAPADA	śabda
stomam	1	UTTARAPADA	yathā
stomīya	1	UTTARAPADA	aśva
stomīyā	1	UTTARAPADA	akṣṇayā
stotra-baṭuka	1	UTTARAPADA	vijaya
stotriyam	1	UTTARAPADA	yathā
stra	1	UTTARAPADA	dauḥ
straiṇeya	1	UTTARAPADA	pāra
stri	1	UTTARAPADA	yathā
strī-ga	1	UTTARAPADA	anya
strī-gamanīya	1	UTTARAPADA	guru
strī-ka	1	UTTARAPADA	ku
strī-saṃgrahaṇa	1	UTTARAPADA	uttama
stunda	1	UTTARAPADA	aja
stupa	1	UTTARAPADA	viṣita
stuta	1	UTTARAPADA	su
stuta-śastra	1	UTTARAPADA	sa
stutam	1	UTTARAPADA	yathā
stuti-ṭīkā	1	UTTARAPADA	yāmuna
stuṣa	1	UTTARAPADA	akṣa
stāraka	1	UTTARAPADA	tṛṇa
stārika	1	UTTARAPADA	prā
stāvi	1	UTTARAPADA	prā
stāvika	1	UTTARAPADA	prā
su-bhikṣa	1	UTTARAPADA	mahā
su-bodhinī	1	UTTARAPADA	vaidika
su-gandha	1	UTTARAPADA	mahā
su-gandhi	1	UTTARAPADA	mahā
su-gandhā	1	UTTARAPADA	sarpa
su-kṛta	1	UTTARAPADA	prathama
su-mukha	1	UTTARAPADA	prasāda
su-sambhava	1	UTTARAPADA	meru
su-vid	1	UTTARAPADA	viśva
sub-anta-caya	1	UTTARAPADA	tiṅ
subhagā	1	UTTARAPADA	samudra
subhikṣa	1	UTTARAPADA	su
subhāṣitā@valī	1	UTTARAPADA	prākṛta
sudarśa	1	UTTARAPADA	mahā
sudarśana	1	UTTARAPADA	sa
suddhi-pūjā	1	UTTARAPADA	vimāna
sudhā-rahasya	1	UTTARAPADA	vedānta
sudhā-samudra	1	UTTARAPADA	sāhitya
sudhā-ṭīkā-ratnā@valī	1	UTTARAPADA	vāda
sudhā@mbhodhi	1	UTTARAPADA	rasa
sudhā@rṇava	1	UTTARAPADA	vicāra
sudhānidhi	1	UTTARAPADA	siddhānta
sudṛś	1	UTTARAPADA	dik
sugandhaka	1	UTTARAPADA	pañca
sugandhika	1	UTTARAPADA	tri
sugandhā	1	UTTARAPADA	nāga
sugrīva	1	UTTARAPADA	niḥ
suhaya	1	UTTARAPADA	mahā
sujana	1	UTTARAPADA	ati
sujayanta	1	UTTARAPADA	śyāma
sujā	1	UTTARAPADA	sāhi
sukalpa	1	UTTARAPADA	vi
sukara	1	UTTARAPADA	na
sukha-duḥkha	1	UTTARAPADA	samāna
sukha-duḥkha-nirabhinandin	1	UTTARAPADA	sarva
sukha-kṛt	1	UTTARAPADA	sarva
sukha-vedanā	1	UTTARAPADA	aduḥkha
sukhai@ṣin	1	UTTARAPADA	paraspara
sukham	1	UTTARAPADA	kadalī
sukhena	1	UTTARAPADA	sukha
sukhin	1	UTTARAPADA	su
sukhā@nubhava	1	UTTARAPADA	sat
sukhī	1	UTTARAPADA	gandha
sukumāra	1	UTTARAPADA	atyanta
sukumāra-caritra	1	UTTARAPADA	gaja
sukṛt	1	UTTARAPADA	vi
sumantu	1	UTTARAPADA	aśmaka
sumati-saṃvāda	1	UTTARAPADA	pitā
sumāvali	1	UTTARAPADA	nīti
suna	1	UTTARAPADA	śva
sunda	1	UTTARAPADA	deva
sundara-mahākāvya	1	UTTARAPADA	rāsa
sundara-rasa	1	UTTARAPADA	ravi
sundara-setu	1	UTTARAPADA	saṃgīta
sundaraka	1	UTTARAPADA	grīṣma
sundarikā	1	UTTARAPADA	kari
sundarī-rāsa	1	UTTARAPADA	narmadā
sundarī-tantra	1	UTTARAPADA	mahā
sundarī-tīrtha	1	UTTARAPADA	saubhāgya
sundarī-vrata-kathā	1	UTTARAPADA	saubhāgya
sundarīka	1	UTTARAPADA	sa
supta-buddhi	1	UTTARAPADA	cira
suptika	1	UTTARAPADA	saukha
suptikā	1	UTTARAPADA	sukha
sura-lalanā-lalāma-yūtha-pati	1	UTTARAPADA	saha
sura-priyā	1	UTTARAPADA	su
surabhi-pattra	1	UTTARAPADA	ājanma
surasā	1	UTTARAPADA	śveta
suratā	1	UTTARAPADA	bṛhaspati
suraṅgā	1	UTTARAPADA	sarit
surisa	1	UTTARAPADA	indra
surya-prakāśa	1	UTTARAPADA	soma
surā-kuṇḍa	1	UTTARAPADA	tapta
susiddha	1	UTTARAPADA	siddha
sutama	1	UTTARAPADA	su
sutrāman	1	UTTARAPADA	dharitrī
sutā-pariṇaya	1	UTTARAPADA	mātula
suvana	1	UTTARAPADA	puṃ
suvarcaka	1	UTTARAPADA	tri
suvarcalā	1	UTTARAPADA	brahma
suvega-dhvaja	1	UTTARAPADA	āloka
suvrata	1	UTTARAPADA	muni
suvāc	1	UTTARAPADA	sadaḥ
suvāsinī	1	UTTARAPADA	rajaḥ
suśruta	1	UTTARAPADA	vṛddha
suṣi	1	UTTARAPADA	deva
suṣirin	1	UTTARAPADA	antaḥ
suṣṭhu	1	UTTARAPADA	yathā
sva-cchanda	1	UTTARAPADA	lalita
sva-kāla	1	UTTARAPADA	sva
sva-mat	1	UTTARAPADA	alpa
sva-moktṛ	1	UTTARAPADA	mṛta
sva-prā@ṇa	1	UTTARAPADA	sva
sva-ruci	1	UTTARAPADA	sva
sva-rūpa-dhyānā@di-varṇana	1	UTTARAPADA	viṣṇu
sva-stara	1	UTTARAPADA	nava
svabhāvya	1	UTTARAPADA	naiḥ
svadharma-bhikṣā-vidhi	1	UTTARAPADA	yati
svadharman	1	UTTARAPADA	parama
svadita	1	UTTARAPADA	saṃvatsara
svaira	1	UTTARAPADA	yathā
svaka	1	UTTARAPADA	karma
svalakṣaṇa	1	UTTARAPADA	dvitīya
svana-mahā-svanā	1	UTTARAPADA	bherī
svanika	1	UTTARAPADA	pāṇi
svanā	1	UTTARAPADA	megha
svapana	1	UTTARAPADA	divā
svapnaj	1	UTTARAPADA	vi
svapnā@vabodha	1	UTTARAPADA	yukta
svara-nirghoṣā	1	UTTARAPADA	viśuddha
svaras	1	UTTARAPADA	gharma
svarga-prā@pti-prakāra-varṇana	1	UTTARAPADA	naraka
svarga-vidhāna	1	UTTARAPADA	vṛṣabha
svaro@daya	1	UTTARAPADA	yoga
svaro@ttara	1	UTTARAPADA	homa
svaru	1	UTTARAPADA	su
svarā@ṣṭaka	1	UTTARAPADA	śaunakīya
svarāja	1	UTTARAPADA	virāṭ
svarūpa-mantra	1	UTTARAPADA	śiva
svarūpa-nirūpaṇa	1	UTTARAPADA	nyāya
svarūpa-pūjā	1	UTTARAPADA	śiva
svarūpa-pūjā-vidhi	1	UTTARAPADA	śiva
svarūpa-stuti	1	UTTARAPADA	devī
svarūpa-vat	1	UTTARAPADA	strī
svarūpa-viṣaya-śaṅkā-nirāsa	1	UTTARAPADA	bhagavat
svarūpa-vādā@rtha	1	UTTARAPADA	vidhi
svarūpin	1	UTTARAPADA	strī
svarūpā@cārya	1	UTTARAPADA	anubhūti
svarṇa-lakṣa-mūlya	1	UTTARAPADA	bahu
svarṇa-maya	1	UTTARAPADA	sarva
svarṇa-maṇi-maya	1	UTTARAPADA	rūpya
svaseyā	1	UTTARAPADA	mātṛ
svasrīya	1	UTTARAPADA	pitṛ
svastha	1	UTTARAPADA	ati
svastika-nandy-āvarta	1	UTTARAPADA	cakra
svastika-vrata-kalpa	1	UTTARAPADA	lakṣa
svastika-vrato@dyāpana	1	UTTARAPADA	lakṣa
svasty-ayana	1	UTTARAPADA	kṛta
svastyayana	1	UTTARAPADA	pañca
svatantratā	1	UTTARAPADA	bhagavat
svayaṃvara-nāṭaka	1	UTTARAPADA	lakṣmī
svayaṃvara-varṇana	1	UTTARAPADA	pāñcālī
svecchā@hāra	1	UTTARAPADA	kṛta
sveda-jala	1	UTTARAPADA	sravat
svedam	1	UTTARAPADA	piṣṭa
svid	1	UTTARAPADA	bhṛśa
svika	1	UTTARAPADA	prāti
svit	1	UTTARAPADA	āho
sviṣṭakṛt	1	UTTARAPADA	iṣṭa
svā@dhyāya-vat	1	UTTARAPADA	vṛtta
svā@dhyāya-vaṣaṭ-kāra	1	UTTARAPADA	niḥ
svā@dhyāyin	1	UTTARAPADA	nitya
svā@nta	1	UTTARAPADA	su
svā@nubhūti-prakāśikā	1	UTTARAPADA	siddhānta
svā@paharaṇa	1	UTTARAPADA	deva
svā@tma-priya	1	UTTARAPADA	līlā
svādhyāya	1	UTTARAPADA	ṛṣi
svādu-phala	1	UTTARAPADA	rūkṣa
svādvī	1	UTTARAPADA	tvak
svāhākāram	1	UTTARAPADA	prati
svāmi-bhāva	1	UTTARAPADA	sva
svāmi-keśava	1	UTTARAPADA	kalyāṇa
svāmi-kṣetra	1	UTTARAPADA	stuta
svāmi-sambandha	1	UTTARAPADA	sva
svāmikā	1	UTTARAPADA	niḥ
svānam	1	UTTARAPADA	sāsthi
svāra	1	UTTARAPADA	sarva
svārthā	1	UTTARAPADA	ajahat
svāsthya	1	UTTARAPADA	manaḥ
svātantrya-vāda	1	UTTARAPADA	śabda
svāti-karṇa	1	UTTARAPADA	kuntala
svātta	1	UTTARAPADA	agni
svī-bhūta	1	UTTARAPADA	niḥ
svī-kṛta	1	UTTARAPADA	niḥ
svīkāra	1	UTTARAPADA	putra
syamantaka	1	UTTARAPADA	vedānta
syandana	1	UTTARAPADA	svaḥ
sā@dhyavasānā	1	UTTARAPADA	śuddha
sā@dhāraṇa	1	UTTARAPADA	loka
sā@kṣika	1	UTTARAPADA	sa
sā@kṣya	1	UTTARAPADA	kauṭa
sā@lasā@ṅga	1	UTTARAPADA	vihvala
sā@pekṣa	1	UTTARAPADA	anyonya
sā@ropā	1	UTTARAPADA	śuddha
sā@rtha-prayāta	1	UTTARAPADA	eka
sā@rtha-vāha	1	UTTARAPADA	su
sā@tmya	1	UTTARAPADA	bāla
sāci	1	UTTARAPADA	haṃsa
sācivya	1	UTTARAPADA	narma
sādana	1	UTTARAPADA	yama
sādh	1	UTTARAPADA	yajña
sādhana-bhāga	1	UTTARAPADA	mahā
sādhana-candrikā	1	UTTARAPADA	hari
sādhana-prakāra	1	UTTARAPADA	vedi
sādhana-tantra	1	UTTARAPADA	gupta
sādhana-yantra	1	UTTARAPADA	dik
sādhanika	1	UTTARAPADA	mahā
sādhas	1	UTTARAPADA	kṣetra
sādhin	1	UTTARAPADA	bhāra
sādhu-kārin	1	UTTARAPADA	tat
sādhutva-mālikā	1	UTTARAPADA	sūkti
sādhvīka	1	UTTARAPADA	sa
sādhy-avasānā	1	UTTARAPADA	gauṇa
sādhya-prayoga	1	UTTARAPADA	śabda
sādhya-tva	1	UTTARAPADA	kṛti
sādṛśya	1	UTTARAPADA	mat
sāgara-gaṇi	1	UTTARAPADA	deva
sāgara-prabhā-gambhīra-dhara	1	UTTARAPADA	mahā
sāgara-saṃgraha	1	UTTARAPADA	smṛti
sāgara-sāra	1	UTTARAPADA	smṛti
sāgaraka	1	UTTARAPADA	sapta
sāhasika	1	UTTARAPADA	mahā
sāhasin	1	UTTARAPADA	mahā
sāhaso@nnati-mat	1	UTTARAPADA	naya
sāhasā@ṅka-carita	1	UTTARAPADA	nava
sāhitya	1	UTTARAPADA	sāvadhāna
sāhitya-ratnā@kara	1	UTTARAPADA	prākṛta
sāhvan	1	UTTARAPADA	viśva
sāhya	1	UTTARAPADA	pṛtanā
sāhīya	1	UTTARAPADA	satrā
sākṣika-maryāda	1	UTTARAPADA	agni
sākṣikam	1	UTTARAPADA	vahni
sāla-vana	1	UTTARAPADA	bhadra
sālaka	1	UTTARAPADA	priya
sālokya	1	UTTARAPADA	candra
sālā	1	UTTARAPADA	madirā
sāma-prayoga	1	UTTARAPADA	putra
sāma-vat	1	UTTARAPADA	nānā
sāmantatā	1	UTTARAPADA	śakya
sāmarthyam	1	UTTARAPADA	yathā
sāmarāja	1	UTTARAPADA	dīkṣita
sāmi	1	UTTARAPADA	bahu
sāmidheni	1	UTTARAPADA	yāvat
sāmika	1	UTTARAPADA	antaḥ
sāmprata	1	UTTARAPADA	sarva
sāmrājya-medha-sahasra-nāman	1	UTTARAPADA	sarva
sāmrājya-siddhi	1	UTTARAPADA	mokṣa
sāmudrika-lakṣaṇa	1	UTTARAPADA	puruṣa
sāmānya-karma-prakāśa	1	UTTARAPADA	vraṇa
sāmānya-nirūpaṇa	1	UTTARAPADA	bhakti
sāmāyika-nirṇaya	1	UTTARAPADA	maraṇa
sāna	1	UTTARAPADA	ūrdhva
sāntapana	1	UTTARAPADA	ati
sāntvayamana	1	UTTARAPADA	su
sāntvita	1	UTTARAPADA	su
sānūra	1	UTTARAPADA	suvarṇa
sāpatnikā	1	UTTARAPADA	kṛta
sāpatnī	1	UTTARAPADA	kṛta
sāpatnīkā	1	UTTARAPADA	kṛta
sāra-bhāṣya	1	UTTARAPADA	śānti
sāra-bhūta-varṇa-krama	1	UTTARAPADA	varṇa
sāra-candana	1	UTTARAPADA	uraga
sāra-gāthā	1	UTTARAPADA	pravacana
sāra-ja	1	UTTARAPADA	amṛta
sāra-maṇi	1	UTTARAPADA	varṇa
sāra-nidhi	1	UTTARAPADA	dhanvantari
sāra-prakāśikā	1	UTTARAPADA	pramāṇa
sāra-samudra	1	UTTARAPADA	praśna
sāra-saṃcaya	1	UTTARAPADA	vyavasthā
sāra-sindhu	1	UTTARAPADA	viveka
sāra-sudhā-nidhi	1	UTTARAPADA	horā
sāra-susaṃgraha	1	UTTARAPADA	sārāt
sāra-taila	1	UTTARAPADA	pṛthvī
sāra-tantra	1	UTTARAPADA	kālī
sāra-tattva	1	UTTARAPADA	sārāt
sāra-tattva-saṃgraha	1	UTTARAPADA	sārāt
sāra-varṇana	1	UTTARAPADA	viveka
sāra-vyavasthā	1	UTTARAPADA	smṛti
sāra-vyākhyā	1	UTTARAPADA	vārttika
sāra-yantra	1	UTTARAPADA	bāla
sārathya	1	UTTARAPADA	aśva
sāraṃga	1	UTTARAPADA	jagdha
sāraṅgī	1	UTTARAPADA	gauḍa
sāraṇikā	1	UTTARAPADA	tithi
sāri	1	UTTARAPADA	pīta
sārikā-pralāpana	1	UTTARAPADA	śuka
sāro@ddhara	1	UTTARAPADA	nāma
sāropā	1	UTTARAPADA	gauṇa
sārā@mnāya	1	UTTARAPADA	praśna
sārā@mṛta	1	UTTARAPADA	saṃgīta
sārā@mṛta-saṃhitā	1	UTTARAPADA	bhaiṣajya
sārā@rṇava	1	UTTARAPADA	vivāda
sārā@vali	1	UTTARAPADA	śāstra
sārṣṭitā	1	UTTARAPADA	brahma
sāsasana	1	UTTARAPADA	śiva
sāt-kṛta	1	UTTARAPADA	brahma
sātana	1	UTTARAPADA	loma
sātmya	1	UTTARAPADA	ṛtu
sātyaka	1	UTTARAPADA	sa
sāvetasa	1	UTTARAPADA	mahā
sāvitrī-caritra	1	UTTARAPADA	vara
sāvitrī-pūjā	1	UTTARAPADA	vaṭa
sāvitrī-stotra	1	UTTARAPADA	bhārata
sāvitrī-vrata	1	UTTARAPADA	vaṭa
sāvitrī-vrata-kāla-nirṇaya	1	UTTARAPADA	vaṭa
sāvitrīka	1	UTTARAPADA	patita
sāvya	1	UTTARAPADA	sahasra
sāya	1	UTTARAPADA	su
sāyaka-lakṣya	1	UTTARAPADA	smara
sāyakā	1	UTTARAPADA	sita
sāyam-pratiśraya	1	UTTARAPADA	yatra
sāyasī	1	UTTARAPADA	dala
sāyaṃ-gṛha	1	UTTARAPADA	yatra
sāṃdhivigrahika	1	UTTARAPADA	mahā
sāṃghika	1	UTTARAPADA	mahā
sāṃkarya	1	UTTARAPADA	jāti
sāṃkarya-khaṇḍana	1	UTTARAPADA	phala
sāṃkathya	1	UTTARAPADA	dharma
sāṃkhya	1	UTTARAPADA	seśvara
sāṃkhya-pravacana	1	UTTARAPADA	kapila
sāṃkhya-sūtra-vṛtti	1	UTTARAPADA	laghu
sāṃkhya-vṛtti	1	UTTARAPADA	laghu
sāṃkhyāyana	1	UTTARAPADA	mahā
sāṃnāyyaka	1	UTTARAPADA	sa
sāṃvatsara	1	UTTARAPADA	tri
sāṃvatsarī	1	UTTARAPADA	ṣaṣṭi
sī	1	UTTARAPADA	gṛdhra
sīha	1	UTTARAPADA	rudra
sīla	1	UTTARAPADA	jaya
sīmaka	1	UTTARAPADA	sa
sīmanta	1	UTTARAPADA	grāma
sīmā@nta	1	UTTARAPADA	vikṛṣṭa
sīmā@nurodhin	1	UTTARAPADA	loka
sīmā@tivartin	1	UTTARAPADA	loka
sīra	1	UTTARAPADA	hala
sīrin	1	UTTARAPADA	ardha
sīrya	1	UTTARAPADA	pāri
sīrā	1	UTTARAPADA	prati
sū@kta-mañjarī	1	UTTARAPADA	siddhānta
sū@kta-muktā@valī	1	UTTARAPADA	prajñā
sū@kta-vāka	1	UTTARAPADA	saha
sū@ktam	1	UTTARAPADA	yathā
sū@kti	1	UTTARAPADA	havya
sū@kti-sudhā@kara	1	UTTARAPADA	śuka
sū@kti-vyākhyā	1	UTTARAPADA	prabodha
sū@ktin	1	UTTARAPADA	aśva
sūcanī	1	UTTARAPADA	śubha
sūcika	1	UTTARAPADA	cañcu
sūcikā	1	UTTARAPADA	ūrdhva
sūd	1	UTTARAPADA	havya
sūdana-rasa	1	UTTARAPADA	pāṇḍu
sūdana-tīrtha	1	UTTARAPADA	pāpa
sūdanī	1	UTTARAPADA	mahiṣa
sūka-kṣetra	1	UTTARAPADA	deva
sūkarikā	1	UTTARAPADA	kāla
sūkṣma-saraṇi	1	UTTARAPADA	sāhitya
sūkṣman	1	UTTARAPADA	soma
sūna	1	UTTARAPADA	iṭa
sūnu-jyeṣṭha	1	UTTARAPADA	kaśyapa
sūnṛta	1	UTTARAPADA	aśva
sūrmi	1	UTTARAPADA	tapta
sūrya-gati	1	UTTARAPADA	sphuṭa
sūrya-maṇi	1	UTTARAPADA	rakta
sūrya-siddhā@nta	1	UTTARAPADA	bṛhat
sūryā	1	UTTARAPADA	mukta
sūta-karaṇa	1	UTTARAPADA	bhasma
sūtika	1	UTTARAPADA	prā
sūtra-bhāṣya-vyakhyā	1	UTTARAPADA	pātañjala
sūtra-bhāṣya-ṭīkā	1	UTTARAPADA	siddhānta
sūtra-dhṛk	1	UTTARAPADA	viśva
sūtra-dīpikā	1	UTTARAPADA	rāmāyaṇa
sūtra-ga	1	UTTARAPADA	sama
sūtra-nipāta	1	UTTARAPADA	samāna
sūtra-pravacana	1	UTTARAPADA	saṃdhyā
sūtra-saṃnyāsa-paddhati	1	UTTARAPADA	sapta
sūtra-stha	1	UTTARAPADA	sama
sūtra-sthāna	1	UTTARAPADA	rasa
sūtra-sāra-kośa	1	UTTARAPADA	pāṇinīya
sūtra-tātparyā@mṛta	1	UTTARAPADA	śruti
sūtra-vivṛti	1	UTTARAPADA	samanvaya
sūtra-vṛtti-bhāṣya-cchāyā-vyākhyā	1	UTTARAPADA	pātañjala
sūtra-vṛtti-sāra	1	UTTARAPADA	sāṃkhya
sūtra-vṛtty-artha-saṃgraha	1	UTTARAPADA	pāṇini
sūtra-ṭīkā	1	UTTARAPADA	vaidya
sūtram	1	UTTARAPADA	yathā
sūtrika	1	UTTARAPADA	vārttika
sūtro@panyāsa	1	UTTARAPADA	vaiyāsika
sūtrā@rtha-vāda	1	UTTARAPADA	nañ
sūtrā@valoka	1	UTTARAPADA	hautra
sūtrī	1	UTTARAPADA	śata
sūtā	1	UTTARAPADA	cira
sūya	1	UTTARAPADA	rāja
sūyika	1	UTTARAPADA	rāja
sūyī	1	UTTARAPADA	gandha
sūḍaka	1	UTTARAPADA	sālaga
sṛgālikā	1	UTTARAPADA	aśva
sṛka	1	UTTARAPADA	eka
sṛkkin	1	UTTARAPADA	vṛṣa
sṛkvan	1	UTTARAPADA	viṣa
sṛti	1	UTTARAPADA	ku
sṛtvan	1	UTTARAPADA	bāḍha
sṛtya	1	UTTARAPADA	sindhu
sṛñjaya	1	UTTARAPADA	ghaṭa
ta	1	UTTARAPADA	dvai
tad-deśīya	1	UTTARAPADA	tat
tadbhāva	1	UTTARAPADA	abhūta
tadbhāṣaṇa	1	UTTARAPADA	vi
taddhita	1	UTTARAPADA	bāhya
tagara	1	UTTARAPADA	piṇḍī
tagaraka	1	UTTARAPADA	piṇḍī
taijasa	1	UTTARAPADA	veda
taila-pūra	1	UTTARAPADA	apavarjita
taila-vidhi	1	UTTARAPADA	hanumat
taka	1	UTTARAPADA	iyat
takra-taila	1	UTTARAPADA	ṣaṭ
takta	1	UTTARAPADA	sarga
takṣan	1	UTTARAPADA	yantra
takṣī	1	UTTARAPADA	pañca
tala-gata	1	UTTARAPADA	śayana
tala-saṃcāra	1	UTTARAPADA	agra
talatra	1	UTTARAPADA	sa
tale	1	UTTARAPADA	khaṭvā
talikā	1	UTTARAPADA	bhū
tallaja	1	UTTARAPADA	go
talpa-ga	1	UTTARAPADA	phaṇi
talpana	1	UTTARAPADA	pṛṣṭha
talā@mra	1	UTTARAPADA	cakra
talāsikā	1	UTTARAPADA	kaṇṭha
talī-kṛta	1	UTTARAPADA	kara
tama-tas	1	UTTARAPADA	tara
tamais	1	UTTARAPADA	neṣa
tamanī	1	UTTARAPADA	nāga
tamasā	1	UTTARAPADA	sa
tambha	1	UTTARAPADA	nis
tamisrā	1	UTTARAPADA	su
tamo-maya	1	UTTARAPADA	rajas
tamo-nuda	1	UTTARAPADA	sarva
tamāla	1	UTTARAPADA	kha
tamāt	1	UTTARAPADA	pratyakṣa
tanais	1	UTTARAPADA	muhus
tandritā	1	UTTARAPADA	svapna
tantavya	1	UTTARAPADA	māna
tantra-capeṭā-pradīpa	1	UTTARAPADA	madhva
tantra-dūṣaṇa	1	UTTARAPADA	madhva
tantra-kavi	1	UTTARAPADA	kāla
tantra-meru-ratnā@valī	1	UTTARAPADA	mantra
tantra-mālā	1	UTTARAPADA	varṇa
tantra-pati	1	UTTARAPADA	bṛhat
tantra-pārāyaṇa-vidhi	1	UTTARAPADA	saubhāgya
tantra-rāja	1	UTTARAPADA	saṃgama
tantra-sarvasva	1	UTTARAPADA	śābara
tantra-vidhi	1	UTTARAPADA	parva
tantra-vārttika	1	UTTARAPADA	mīmāṃsā
tantram	1	UTTARAPADA	prati
tantri	1	UTTARAPADA	su
tantrikā	1	UTTARAPADA	tri
tantrin	1	UTTARAPADA	sva
tantrita	1	UTTARAPADA	vighna
tantrya	1	UTTARAPADA	pāra
tantu-jāla	1	UTTARAPADA	kṛmi
tantura	1	UTTARAPADA	kalmāṣa
tanu-trāṇa	1	UTTARAPADA	kṛta
tanuja	1	UTTARAPADA	su
tanva	1	UTTARAPADA	bahis
tanāt	1	UTTARAPADA	tvat
tapasī	1	UTTARAPADA	adhyayana
tapaḥ-śīla	1	UTTARAPADA	tāmasa
tapo-maya	1	UTTARAPADA	sarva
tapodhana	1	UTTARAPADA	vyāja
tapovana	1	UTTARAPADA	badarī
tara-paṇya	1	UTTARAPADA	gulma
tara-tva	1	UTTARAPADA	saṃnihita
tara-tā	1	UTTARAPADA	ādeya
taras	1	UTTARAPADA	deva
tarasa	1	UTTARAPADA	daiva
tarasam	1	UTTARAPADA	yāvat
taratha	1	UTTARAPADA	deva
taratā	1	UTTARAPADA	ucca
taraṃga-jihva	1	UTTARAPADA	sphurat
taraṃga-nyāya	1	UTTARAPADA	vīci
taraṃgin	1	UTTARAPADA	samuddhata
taraṃgiṇi	1	UTTARAPADA	pāre
taraṅga	1	UTTARAPADA	kāla
taraṅgiṇī	1	UTTARAPADA	amṛta
tare	1	UTTARAPADA	sāya
tareya	1	UTTARAPADA	daiva
tarha	1	UTTARAPADA	śata
tarham	1	UTTARAPADA	śata
tarhaṇa	1	UTTARAPADA	dasyu
tariṇī	1	UTTARAPADA	durga
tarjaka	1	UTTARAPADA	bhairava
tarjana	1	UTTARAPADA	vādi
tarka-stava	1	UTTARAPADA	brahma
tarka-taraṃgiṇī	1	UTTARAPADA	bṛhat
tarkuka	1	UTTARAPADA	para
tarkuṭī	1	UTTARAPADA	sūtra
tarkā@laṃkāra	1	UTTARAPADA	kṛṣṇa
tarkārī	1	UTTARAPADA	su
tarman	1	UTTARAPADA	su
tarpayat	1	UTTARAPADA	su
taru-vana	1	UTTARAPADA	bhuja
taruṇa	1	UTTARAPADA	kaṭīka
taruṇa-husta-pāda-tala-tā	1	UTTARAPADA	mṛdu
taruṇaka	1	UTTARAPADA	darbha
tarīka	1	UTTARAPADA	nis
tarīpa	1	UTTARAPADA	nis
tarṇaka	1	UTTARAPADA	varṇa
tarṇaka-vatī	1	UTTARAPADA	saṃtuṣṭa
tarṇikā	1	UTTARAPADA	varṇa
taskara-pārthiva	1	UTTARAPADA	vahni
taskara-sevita	1	UTTARAPADA	mleccha
tat-puruṣa	1	UTTARAPADA	ṣaṣṭhī
tatas	1	UTTARAPADA	itas
tatham	1	UTTARAPADA	ayathā
tathya	1	UTTARAPADA	yāthā
tathyam	1	UTTARAPADA	yathā
tathyena	1	UTTARAPADA	yathā
tathyā	1	UTTARAPADA	pāri
tathā	1	UTTARAPADA	ayathā
tathāgata	1	UTTARAPADA	sarva
tatkaraṇa	1	UTTARAPADA	vi
tatra-śaya	1	UTTARAPADA	yatra
tattva-bindu	1	UTTARAPADA	sat
tattva-bodhikā	1	UTTARAPADA	vāsanā
tattva-camatkāra	1	UTTARAPADA	svara
tattva-cintāmaṇi	1	UTTARAPADA	gaṇita
tattva-darpaṇa	1	UTTARAPADA	rāmāyaṇa
tattva-dipa-prakāśā@varaṇa-bhaṅga	1	UTTARAPADA	bhāgavata
tattva-dāsa-vijñapti	1	UTTARAPADA	śuddha
tattva-jñāna	1	UTTARAPADA	cikitsā
tattva-mañjarī	1	UTTARAPADA	bhagavat
tattva-muktā@vali	1	UTTARAPADA	hari
tattva-muktā@valī	1	UTTARAPADA	hari
tattva-nidhi	1	UTTARAPADA	śrī
tattva-nirṇaya	1	UTTARAPADA	śruti
tattva-pradīpa	1	UTTARAPADA	sāṃkhya
tattva-prakāśinī	1	UTTARAPADA	piṅgala
tattva-rasā@yana	1	UTTARAPADA	bhakti
tattva-ratnamālā	1	UTTARAPADA	sat
tattva-saṃgraha	1	UTTARAPADA	āgama
tattva-vibodha	1	UTTARAPADA	rāga
tattva-vicāra	1	UTTARAPADA	vibhāga
tattva-vid	1	UTTARAPADA	kula
tattva-vidhi	1	UTTARAPADA	homa
tattva-vilāsa	1	UTTARAPADA	sāṃkhya
tattva-vāda	1	UTTARAPADA	nārāyaṇa
tattvam	1	UTTARAPADA	yathā
tattvo@daya	1	UTTARAPADA	svara
tattvā@nusaṃdhāna	1	UTTARAPADA	śambhu
tattvā@nusmaraṇa	1	UTTARAPADA	mṛti
tattvā@rtha	1	UTTARAPADA	veda
tattvā@rṇava	1	UTTARAPADA	kāla
tatā	1	UTTARAPADA	samudra
tavas	1	UTTARAPADA	sva
taviṣi	1	UTTARAPADA	anibhṛṣṭa
taṅgaṇa	1	UTTARAPADA	para
taṅkaṭā	1	UTTARAPADA	laṅka
taṇḍulaka	1	UTTARAPADA	tila
taṭa-cumbita	1	UTTARAPADA	niṭila
taṭa-deśa	1	UTTARAPADA	narmadā
taṭi	1	UTTARAPADA	sūnā
taṭā@bhimukhya	1	UTTARAPADA	ruddha
taṭā@ghāta	1	UTTARAPADA	vakṣas
teja	1	UTTARAPADA	mahā
tejasa	1	UTTARAPADA	bhūri
tejaḥ-svara	1	UTTARAPADA	virajas
tejita	1	UTTARAPADA	su
tejo'mbara-bhūṣaṇa	1	UTTARAPADA	virajas
tejo-'bhyudgata-rāja	1	UTTARAPADA	ratna
tejā	1	UTTARAPADA	su
tejā@hvā	1	UTTARAPADA	tila
temiṣa	1	UTTARAPADA	rāja
tha	1	TADDHITA_SUFFIX_EXT	iti
thuḍā	1	UTTARAPADA	vāta
tikta-kaṣāyaka	1	UTTARAPADA	śukta
tila-dāna	1	UTTARAPADA	ṣaṭ
tilaka-svāmin	1	UTTARAPADA	mārtaṇḍa
tilin	1	UTTARAPADA	ṣaṭ
timiṃ-gila	1	UTTARAPADA	timi
timiṣa	1	UTTARAPADA	rāja
timiṣā	1	UTTARAPADA	dīrgha
tintiḍā	1	UTTARAPADA	su
tintiḍī	1	UTTARAPADA	su
tiraskṛta-vācya-dhvani	1	UTTARAPADA	atyanta
tiryak-saṃśodhana	1	UTTARAPADA	naraka
tiryañc	1	UTTARAPADA	śvabhra
titha	1	UTTARAPADA	bahu
titheyī	1	UTTARAPADA	prā
tithi-nirṇaya-sāra	1	UTTARAPADA	saṃkṣepa
tithitattva	1	UTTARAPADA	gauḍa
titikṣā-vat	1	UTTARAPADA	satya
tiṅ-anta	1	UTTARAPADA	sup
tiṭibha	1	UTTARAPADA	mahā
tman	1	UTTARAPADA	puru
tmūtam	1	UTTARAPADA	yāvat
to-bila	1	UTTARAPADA	tvak
tokī	1	UTTARAPADA	jīvat
tola	1	UTTARAPADA	ghana
tomarin	1	UTTARAPADA	sthūla
toraṇa-vat	1	UTTARAPADA	kapāṭa
toraṇā@rgala	1	UTTARAPADA	dṛḍha
toyadhi	1	UTTARAPADA	kṣīra
toyaka	1	UTTARAPADA	kāla
toyinī	1	UTTARAPADA	kara
tośa	1	UTTARAPADA	nai
toḍala-tantra	1	UTTARAPADA	bṛhat
toḍī	1	UTTARAPADA	chāyā
toṣaka	1	UTTARAPADA	sura
toṣayitṛ	1	UTTARAPADA	para
toṣaṇī	1	UTTARAPADA	hṛt
toṣika	1	UTTARAPADA	pāri
traigartaka	1	UTTARAPADA	pūrva
traiguṇya	1	UTTARAPADA	nis
trailokya-mohana-kavaca	1	UTTARAPADA	rāma
traiyalinda	1	UTTARAPADA	pūrva
traiṣṭubha	1	UTTARAPADA	sarva
trapu-ja	1	UTTARAPADA	tāmra
trasareṇu	1	UTTARAPADA	vīta
trasnu	1	UTTARAPADA	ati
trasta	1	UTTARAPADA	bhaya
traya-bheda-nirūpaṇa	1	UTTARAPADA	mukti
traya-bhāṣya	1	UTTARAPADA	prasthāna
traya-culuka	1	UTTARAPADA	sāra
traya-paritrāṇa	1	UTTARAPADA	vidhi
traya-patha	1	UTTARAPADA	locana
traya-sammite	1	UTTARAPADA	hasta
traya-vaiyarthya	1	UTTARAPADA	viśeṣaṇa
trayas-triṃśat	1	UTTARAPADA	dvi
trayodaśa	1	UTTARAPADA	ardha
trayodaśā@kṣarī	1	UTTARAPADA	rāma
trayodaśī-vrata	1	UTTARAPADA	śani
trayī-vyākhyāna	1	UTTARAPADA	padya
traṃśa	1	UTTARAPADA	nis
traṭ-iti	1	UTTARAPADA	traṭat
tretā	1	UTTARAPADA	agni
tri-bhaṅga	1	UTTARAPADA	lalita
tri-bhaṅgī	1	UTTARAPADA	bhāva
tri-dvy-eka-bhāga	1	UTTARAPADA	catus
tri-kakud	1	UTTARAPADA	chandoma
tri-kaṭuka-vihāra	1	UTTARAPADA	śrī
tri-koṇa	1	UTTARAPADA	tri
tri-pāṭhin	1	UTTARAPADA	rudra
tri-sūtrī-vārttika	1	UTTARAPADA	nyāya
tri-vargā	1	UTTARAPADA	prātas
tri-vikrama	1	UTTARAPADA	vaidya
tribhāga-brahma-yaśasvin	1	UTTARAPADA	netra
tribhāgaka	1	UTTARAPADA	tat
trijātaka	1	UTTARAPADA	sa
trikakubh	1	UTTARAPADA	mahā
trikakud	1	UTTARAPADA	mahā
trikoṇa	1	UTTARAPADA	mūla
trikūṭa	1	UTTARAPADA	sa
tripura-sundary-uttara-tāpanī	1	UTTARAPADA	mahā
tripura-sundarī-kavaca	1	UTTARAPADA	mahā
tripura-sundarī-mantra-nāma-sahasra	1	UTTARAPADA	mahā
tripura-sundarī-tāpanīyo@paniṣad	1	UTTARAPADA	mahā
tripuṭā	1	UTTARAPADA	karāla
tris	1	UTTARAPADA	dvi
trisauparṇa	1	UTTARAPADA	prathama
trivarṣa	1	UTTARAPADA	bahu
triveṇikā	1	UTTARAPADA	śabda
triveṇu	1	UTTARAPADA	dvi
trivṛt	1	UTTARAPADA	rakta
trivṛtā	1	UTTARAPADA	kṛṣṇa
triyāma	1	UTTARAPADA	ahas
triyāmā	1	UTTARAPADA	śarat
triśata	1	UTTARAPADA	ṣaṣṭi
triśatī	1	UTTARAPADA	viṣṇu
triśūla	1	UTTARAPADA	mahā
triṃśacchatya	1	UTTARAPADA	ṣaṭ
triṃśad	1	UTTARAPADA	ṣaṭ
triṃśaka	1	UTTARAPADA	eka
triṃśan	1	UTTARAPADA	ṣaṭ
triṃśan-nāma-stotra	1	UTTARAPADA	rāma
triṃśatikā	1	UTTARAPADA	dvā
triṃśatka	1	UTTARAPADA	ṣaṭ
triṃśatkā	1	UTTARAPADA	dvā
triṃśaṭ-ṭīkā	1	UTTARAPADA	vaidya
triṃśin	1	UTTARAPADA	trayas
troṭa	1	UTTARAPADA	kaṅka
troṭakā@cārya	1	UTTARAPADA	nara
troṭi	1	UTTARAPADA	kaṅka
truṭī	1	UTTARAPADA	nis
try-aha	1	UTTARAPADA	garga
try-ambaka	1	UTTARAPADA	vyāsa
try-arcas	1	UTTARAPADA	viśva
try-ādi	1	UTTARAPADA	kat
trya	1	UTTARAPADA	pāra
tryaham	1	UTTARAPADA	prati
tryalinda	1	UTTARAPADA	pūrva
tryambaka	1	UTTARAPADA	nāsika
tryaṃśa	1	UTTARAPADA	sama
trāman	1	UTTARAPADA	su
trātra	1	UTTARAPADA	su
trāvan	1	UTTARAPADA	su
trāṇā	1	UTTARAPADA	kṛta
tthāma	1	UTTARAPADA	aśva
tthāman	1	UTTARAPADA	aśva
tu-ghna	1	UTTARAPADA	kiṃ
tubarī	1	UTTARAPADA	phulla
tuda	1	UTTARAPADA	prā
tuhina	1	UTTARAPADA	sa
tuhina-śarkara	1	UTTARAPADA	bṛhat
tuka	1	UTTARAPADA	su
tukana	1	UTTARAPADA	su
tula	1	UTTARAPADA	nis
tula-parṇī	1	UTTARAPADA	khala
tulasy-udyāpana-vidhi	1	UTTARAPADA	lakṣa
tulasī-vrato@dyāpana	1	UTTARAPADA	lakṣa
tulita	1	UTTARAPADA	sama
tulya-parākrama	1	UTTARAPADA	viṣṇu
tulyā	1	UTTARAPADA	ikṣu
tulā-koṭi	1	UTTARAPADA	maṇi
tumba	1	UTTARAPADA	eka
tumbikā-nyāya	1	UTTARAPADA	jala
tumbinī	1	UTTARAPADA	kaṭu
tumbuka	1	UTTARAPADA	ku
tumburu	1	UTTARAPADA	ku
turagīya	1	UTTARAPADA	khara
turaṃga-vilasita	1	UTTARAPADA	gaja
turaṃgama	1	UTTARAPADA	hari
turā-ṣah	1	UTTARAPADA	viśva
turāṣāh	1	UTTARAPADA	dharā
tus	1	UTTARAPADA	su
tuṅga-bhāga	1	UTTARAPADA	vi
tuṇḍa-phala	1	UTTARAPADA	dhvāṅkṣa
tuṇḍi	1	UTTARAPADA	nai
tuṇḍā	1	UTTARAPADA	dhvāṅkṣa
tuṣita	1	UTTARAPADA	mahā
tuṣṭi	1	UTTARAPADA	manas
tuṣṭi-jñāna-mudrā	1	UTTARAPADA	mahā
tva-bodhi	1	UTTARAPADA	prabhu
tva-cihna	1	UTTARAPADA	pramā
tva-nirukti	1	UTTARAPADA	śaṅka
tva-tā	1	UTTARAPADA	pūruṣa
tva-śakti	1	UTTARAPADA	vaktṛ
tvak-pakṣa	1	UTTARAPADA	nis
tvakṣas	1	UTTARAPADA	bhā
tvan	1	UTTARAPADA	bṛhat
tvaritam	1	UTTARAPADA	sa
tvarā	1	UTTARAPADA	pada
tvatā	1	UTTARAPADA	iṣita
tvin	1	UTTARAPADA	apṛthak
tviṣa	1	UTTARAPADA	vāk
tviṭka	1	UTTARAPADA	hata
tvo@ta	1	UTTARAPADA	indra
tvā	1	UTTARAPADA	yūtha
tvā-siñcāmi-prayoga	1	UTTARAPADA	sa
tvā@kṣepa	1	UTTARAPADA	prabhu
tvāṣṭrī	1	UTTARAPADA	anta
tyaja	1	UTTARAPADA	su
tyajya	1	UTTARAPADA	dus
tyakta	1	UTTARAPADA	svayaṃ
tyāga-vidhi	1	UTTARAPADA	patita
tyājya	1	UTTARAPADA	dus
tā-vāda	1	UTTARAPADA	saṃnikarṣa
tādita	1	UTTARAPADA	vṛṣṭi
tāka	1	UTTARAPADA	sat
tākṣa	1	UTTARAPADA	varī
tāla-kharjūra-harītakī-vibhītaka	1	UTTARAPADA	priyāla
tāla-viśārada	1	UTTARAPADA	sāmya
tālavṛnta	1	UTTARAPADA	sa
tāle@śvara	1	UTTARAPADA	mahā
tālukin	1	UTTARAPADA	kāka
tālā	1	UTTARAPADA	māsa
tālā@bha	1	UTTARAPADA	kanaka
tālā@khya	1	UTTARAPADA	siṃha
tāmarasa	1	UTTARAPADA	līlā
tāmbūla	1	UTTARAPADA	vāsa
tāmisra	1	UTTARAPADA	andha
tāmrā@rdha	1	UTTARAPADA	sāsthi
tāmrī	1	UTTARAPADA	daṇḍa
tānta	1	UTTARAPADA	dhūma
tānuka-roga	1	UTTARAPADA	strī
tānūnaptrin	1	UTTARAPADA	sa
tāpa-maya	1	UTTARAPADA	smara
tāpano@paniṣad	1	UTTARAPADA	rāma
tāpany-upaniṣad	1	UTTARAPADA	śyāmā
tāpasī	1	UTTARAPADA	kumāra
tāpaścita	1	UTTARAPADA	mahā
tāpaścitta	1	UTTARAPADA	kṣullaka
tāpika	1	UTTARAPADA	jala
tāpiny-upaniṣad	1	UTTARAPADA	vīra
tāraka-brahmo@paniṣad	1	UTTARAPADA	rāma
tāraka-mantra-ṭīkā	1	UTTARAPADA	rāma
tāraka-nātha	1	UTTARAPADA	kaṭhina
tārakā	1	UTTARAPADA	yoga
tāraṇī	1	UTTARAPADA	loha
tāriṇī	1	UTTARAPADA	loha
tārkika	1	UTTARAPADA	ku
tārkika-siṃha	1	UTTARAPADA	kavi
tārya	1	UTTARAPADA	nau
tārā-rājā@ditya	1	UTTARAPADA	nakṣatra
tārā-sarasvatī-stotra	1	UTTARAPADA	nīla
tārā@dhipa	1	UTTARAPADA	kaṭhora
tārā@valī	1	UTTARAPADA	vijñāna
tās	1	UTTARAPADA	lābha
tātaka	1	UTTARAPADA	kṣulla
tātparya-darśana	1	UTTARAPADA	gṛhya
tātparya-prakāśa	1	UTTARAPADA	vāsiṣṭha
tātparya-ratnā@vali	1	UTTARAPADA	śuka
tātparya-taraṇi	1	UTTARAPADA	vālmīki
tātparya-śuddhi	1	UTTARAPADA	vārttika
tātparya-ṭīkā	1	UTTARAPADA	vārttika
tāvat-kalpana	1	UTTARAPADA	yāvat
tāḍam	1	UTTARAPADA	udara
tāḍitaka	1	UTTARAPADA	mukuṭa
tāṇḍava-paṇḍita	1	UTTARAPADA	līlā
tāṇḍava-pura	1	UTTARAPADA	ānanda
tīkṣṇa-mukha	1	UTTARAPADA	dīrgha
tīkṣṇaka	1	UTTARAPADA	su
tīkṣṇā@gra	1	UTTARAPADA	ślakṣṇa
tīra-gamana	1	UTTARAPADA	narmadā
tīra-sambhava	1	UTTARAPADA	sindhu
tīraja	1	UTTARAPADA	nīra
tīrtha-kṛt	1	UTTARAPADA	ananta
tīrtha-mahātmya	1	UTTARAPADA	mathurā
tīrtha-nātha	1	UTTARAPADA	vaṭa
tīrthin	1	UTTARAPADA	eka
tīrthā	1	UTTARAPADA	bhūti
tīrthā@cārya	1	UTTARAPADA	īśvara
tīrthī	1	UTTARAPADA	pañca
tīrthīya-vyākhyāna	1	UTTARAPADA	viṣṇu
tīrīya	1	UTTARAPADA	samudra
tīrṇa	1	UTTARAPADA	dus
tūlaka	1	UTTARAPADA	indra
tūli	1	UTTARAPADA	varṇa
tūr	1	UTTARAPADA	vṛtra
tūra	1	UTTARAPADA	ardha
tūrti	1	UTTARAPADA	viśva
tūrya-ninādin	1	UTTARAPADA	sarva
tūṇava	1	UTTARAPADA	vīṇā
tūṇī	1	UTTARAPADA	prati
tūṇīra	1	UTTARAPADA	baddha
tṛ	1	UTTARAPADA	kavi
tṛda	1	UTTARAPADA	prā
tṛna	1	UTTARAPADA	kat
tṛpa	1	UTTARAPADA	asu
tṛtīyā-vrata	1	UTTARAPADA	ananta
tṛḍ-udbhava	1	UTTARAPADA	kṣut
tṛṃśa	1	UTTARAPADA	eka
tṛṇa-kaṇṭaka	1	UTTARAPADA	nis
tṛṇa-maṇi-loṣṭa-kāñcana	1	UTTARAPADA	sama
tṛṇā	1	UTTARAPADA	rakta
tṛṇā@khya	1	UTTARAPADA	mauñjī
tṛṇṇa	1	UTTARAPADA	ati
tṛṣā	1	UTTARAPADA	mṛga
tṛṣā@nvita	1	UTTARAPADA	kṣut
tṛṣṇi	1	UTTARAPADA	mṛga
tṛṣṇikā	1	UTTARAPADA	mṛga
tṛṣṇo@papīḍita	1	UTTARAPADA	kṣut
tṛṭparī@ta	1	UTTARAPADA	kṣut
ubhaya	1	UTTARAPADA	sarid
ucca	1	UTTARAPADA	purastād
uccheda	1	UTTARAPADA	dur
ucchiṣṭa	1	UTTARAPADA	havir
ucchvāsa	1	UTTARAPADA	nir
uccārita	1	UTTARAPADA	dvir
udadhi	1	UTTARAPADA	praty
udak	1	UTTARAPADA	pratyag
udaya	1	UTTARAPADA	dur
udañc	1	UTTARAPADA	prāg
uddeśam	1	UTTARAPADA	nir
uddhati	1	UTTARAPADA	nir
uddhi	1	UTTARAPADA	try
uddhāra-saṃgraha	1	UTTARAPADA	prāg
uddrāva	1	UTTARAPADA	nir
uddyota	1	UTTARAPADA	śānty
udgamana	1	UTTARAPADA	jyotir
udghāṭita	1	UTTARAPADA	svayam
udgīrṇa	1	UTTARAPADA	svayam
udhan	1	UTTARAPADA	try
udvaha	1	UTTARAPADA	dur
udvega	1	UTTARAPADA	nir
udvigna	1	UTTARAPADA	nir
udvāsā	1	UTTARAPADA	raja
udyama	1	UTTARAPADA	nir
udyama-nāṭaka	1	UTTARAPADA	bhagavad
udyata	1	UTTARAPADA	svayam
udyoga	1	UTTARAPADA	nir
udyāma	1	UTTARAPADA	ṣaḍ
udā@ya	1	UTTARAPADA	try
udā@śaya	1	UTTARAPADA	śarad
udāhara	1	UTTARAPADA	dur
udāsa	1	UTTARAPADA	dvy
ujjvala	1	UTTARAPADA	svayam
ukta-gṛhītā@rtha	1	UTTARAPADA	sakṛd
ukthi	1	UTTARAPADA	bṛhad
ukthya	1	UTTARAPADA	ubhayata
uktika	1	UTTARAPADA	paunar
uktya	1	UTTARAPADA	paunar
ukṣa	1	UTTARAPADA	bṛhad
ukṣan	1	UTTARAPADA	bṛhad
ulkā	1	UTTARAPADA	sphurad
ullāsa	1	UTTARAPADA	cid
ulūka	1	UTTARAPADA	praty
ulūkaka	1	UTTARAPADA	praty
ulūkhalya	1	UTTARAPADA	pāry
unmeṣa	1	UTTARAPADA	vidyud
unmāda	1	UTTARAPADA	nir
unnayana-mahā-tantra	1	UTTARAPADA	ṣaḍ
upa-śabdas	1	UTTARAPADA	dūra
upabhoga	1	UTTARAPADA	nir
upadeśa	1	UTTARAPADA	dur
upadhi	1	UTTARAPADA	nir
upadiṣṭa	1	UTTARAPADA	dur
upadāna	1	UTTARAPADA	īṣad
upagamana	1	UTTARAPADA	punar
upaghātam	1	UTTARAPADA	pāṇy
upahata	1	UTTARAPADA	nir
upahita	1	UTTARAPADA	nir
upahāra-ratnā@kara	1	UTTARAPADA	sad
upajīvitā	1	UTTARAPADA	nir
upakarṣam	1	UTTARAPADA	pāṇy
upakriya	1	UTTARAPADA	nir
upakāraka	1	UTTARAPADA	svāmy
upakārin	1	UTTARAPADA	nir
upalabdhi	1	UTTARAPADA	punar
upalakṣa	1	UTTARAPADA	dur
upalepa	1	UTTARAPADA	nir
upama	1	UTTARAPADA	nir
upamathita	1	UTTARAPADA	sakṛd
upamāna	1	UTTARAPADA	praty
upapada	1	UTTARAPADA	nir
upapatti	1	UTTARAPADA	nir
upaplava	1	UTTARAPADA	nir
upapāda	1	UTTARAPADA	dur
uparodha	1	UTTARAPADA	vṛtty
uparāga-candro@daya	1	UTTARAPADA	sad
upasada	1	UTTARAPADA	dur
upasadam	1	UTTARAPADA	praty
upasadana	1	UTTARAPADA	punar
upasarga	1	UTTARAPADA	nir
upasarpin	1	UTTARAPADA	dur
upasat-ka	1	UTTARAPADA	try
upasatka	1	UTTARAPADA	ṣaḍ
upasaṃkramaṇā	1	UTTARAPADA	pṛthivy
upaskara	1	UTTARAPADA	vy
upaskṛta	1	UTTARAPADA	nir
upasthita	1	UTTARAPADA	svayam
upasthāyaka	1	UTTARAPADA	nir
upasṛṣṭa	1	UTTARAPADA	nir
upavīta	1	UTTARAPADA	vy
upayoga	1	UTTARAPADA	nir
upayukta	1	UTTARAPADA	dur
upe@kṣa	1	UTTARAPADA	nir
upe@ta	1	UTTARAPADA	svayam
upo@ḍhā	1	UTTARAPADA	punar
upo@ṣaṇa	1	UTTARAPADA	vedy
upā@dhi	1	UTTARAPADA	nir
upā@dhika	1	UTTARAPADA	nir
upā@gama	1	UTTARAPADA	punar
upā@gata	1	UTTARAPADA	svayam
upā@karaṇa	1	UTTARAPADA	punar
upā@khya	1	UTTARAPADA	nir
upā@khyāna	1	UTTARAPADA	sāvitry
upā@khyāna-stotra	1	UTTARAPADA	ṣaṣṭhy
upā@pa	1	UTTARAPADA	dur
upā@sana-vidhi	1	UTTARAPADA	sāyam
upā@sanam	1	UTTARAPADA	praty
urasa	1	UTTARAPADA	praty
uraṇa	1	UTTARAPADA	dvy
uru	1	UTTARAPADA	para
urvarā	1	UTTARAPADA	vrīhy
utkara	1	UTTARAPADA	kṣity
utkarṣa	1	UTTARAPADA	jāty
utkaṇṭha	1	UTTARAPADA	nir
utkleda	1	UTTARAPADA	hṛd
utkleśa	1	UTTARAPADA	hṛd
utpala	1	UTTARAPADA	jāty
utpādana	1	UTTARAPADA	punar
utpāta	1	UTTARAPADA	nir
utsaha	1	UTTARAPADA	dur
utsava	1	UTTARAPADA	nir
utsedha	1	UTTARAPADA	kim
utsuka	1	UTTARAPADA	nir
utsyūta	1	UTTARAPADA	punar
utsṛṣṭa	1	UTTARAPADA	punar
uttamam	1	UTTARAPADA	yāvad
uttara-tāpinī	1	UTTARAPADA	bṛhad
uttaram	1	UTTARAPADA	bhavad
uttarā@saṅga-vat	1	UTTARAPADA	tvag
uttarī-bhāva	1	UTTARAPADA	try
utthā	1	UTTARAPADA	tvag
uṣaṇa	1	UTTARAPADA	try
uṣman	1	UTTARAPADA	nir
uṣya	1	UTTARAPADA	antar
uṣṇatā	1	UTTARAPADA	nir
uṣṇīṣa	1	UTTARAPADA	nir
va	1	TADDHITA_SUFFIX_EXT	vi
vacaka	1	UTTARAPADA	dur
vacana-bhūṣaṇa-mīmāṃsā	1	UTTARAPADA	śrī
vacana-saṃgraha	1	UTTARAPADA	śrāddha
vacanika	1	UTTARAPADA	prā
vacanā	1	UTTARAPADA	deva
vacasa	1	UTTARAPADA	ācārya
vacasya	1	UTTARAPADA	daur
vacasyā	1	UTTARAPADA	su
vacaḥ-pratī@ta	1	UTTARAPADA	tad
vacchikā	1	UTTARAPADA	dīrgha
vad-ādi	1	UTTARAPADA	ghoṣa
vadaka	1	UTTARAPADA	dur
vadana-stotra	1	UTTARAPADA	pañca
vadanta	1	UTTARAPADA	kiṃ
vadanti	1	UTTARAPADA	kiṃ
vadanā@śvāsa	1	UTTARAPADA	saṃsakta
vadhri	1	UTTARAPADA	sapta
vadhrā	1	UTTARAPADA	guccha
vadhrī	1	UTTARAPADA	varāha
vadhyacihna	1	UTTARAPADA	kṛta
vadhyā@nukīrtana	1	UTTARAPADA	mithyā
vadhā@jīva	1	UTTARAPADA	mṛga
vadhā@jīvin	1	UTTARAPADA	mṛga
vadhū-gala-ratna-mālā	1	UTTARAPADA	ruci
vadhū-vara	1	UTTARAPADA	kumudinī
vadhūka	1	UTTARAPADA	sa
vadhūṭī	1	UTTARAPADA	gopa
vadi	1	UTTARAPADA	vaiśākha
vadāla	1	UTTARAPADA	citra
vadānya	1	UTTARAPADA	dāha
vadānya-tā	1	UTTARAPADA	dāha
vahana-prayoga	1	UTTARAPADA	pratyag
vahaṇi	1	UTTARAPADA	prā
vahita	1	UTTARAPADA	sva
vahman	1	UTTARAPADA	su
vahni-pradakṣiṇam	1	UTTARAPADA	prati
vahni-prakāśa	1	UTTARAPADA	soma
vahni-śikhā@valī	1	UTTARAPADA	madana
vaibhava-khaṇḍa	1	UTTARAPADA	yajña
vaibhavika	1	UTTARAPADA	śakti
vaicakṣaṇya	1	UTTARAPADA	ati
vaicitrya	1	UTTARAPADA	guṇa
vaidagdhya-śīla-vat	1	UTTARAPADA	tejo
vaidala	1	UTTARAPADA	veṇu
vaidalya-saṃgraha	1	UTTARAPADA	sarva
vaidarbha	1	UTTARAPADA	danta
vaidhavya	1	UTTARAPADA	bāla
vaidya-nātha-māhātmya	1	UTTARAPADA	śrī
vaidyaka-śāstra	1	UTTARAPADA	vaiṣṇava
vaidyanāthīya	1	UTTARAPADA	saṃgraha
vaidūrya	1	UTTARAPADA	indra
vaikalya-prā@yaścitta	1	UTTARAPADA	pūjā
vaikharī	1	UTTARAPADA	śvāna
vaiklavya	1	UTTARAPADA	citta
vaiklavyam	1	UTTARAPADA	sa
vaikuṇṭha	1	UTTARAPADA	nitya
vaikālika	1	UTTARAPADA	daśa
vaila-stha	1	UTTARAPADA	mahā
vailarī	1	UTTARAPADA	utkalikā
vaināśikā	1	UTTARAPADA	veda
vaipulya	1	UTTARAPADA	mahā
vairi-vaibhava-dīpikā	1	UTTARAPADA	śaṭha
vairi-vaibhava-prabhākara	1	UTTARAPADA	śaṭha
vairitā	1	UTTARAPADA	sva
vairiṇī	1	UTTARAPADA	viṣa
vairya	1	UTTARAPADA	sāma
vairāgya-taraṃgiṇī	1	UTTARAPADA	śṛṅgāra
vairāgyam	1	UTTARAPADA	sa
vairāja	1	UTTARAPADA	mahā
vairūpya	1	UTTARAPADA	roga
vairūpya-tā	1	UTTARAPADA	gātra
vaitathyo@paniṣad	1	UTTARAPADA	dvaita
vaitālika	1	UTTARAPADA	taṇḍula
vaivarta	1	UTTARAPADA	brahma
vaivartaka	1	UTTARAPADA	brahma
vaiyākaraṇa-bhūṣaṇa-siddhā@nta-mañjūṣā	1	UTTARAPADA	laghu
vaiyākhya	1	UTTARAPADA	sa
vaiśamya	1	UTTARAPADA	mala
vaiśeṣika	1	UTTARAPADA	rasa
vaiśeṣya	1	UTTARAPADA	guṇa
vaiśikya	1	UTTARAPADA	saha
vaiśiṣṭya	1	UTTARAPADA	viśiṣṭa
vaiśiṣṭya-bodha	1	UTTARAPADA	viśiṣṭa
vaiśiṣṭya-bodha-rahasya	1	UTTARAPADA	viśiṣṭa
vaiśiṣṭya-bodha-vicāra	1	UTTARAPADA	viśiṣṭa
vaiśiṣṭya-bodha-vicāra-rahasya	1	UTTARAPADA	viśiṣṭa
vaiśiṣṭya-jñāna-vādā@rtha	1	UTTARAPADA	viśiṣṭa
vaiśiṣṭyā@vagāhi-vādā@rtha	1	UTTARAPADA	viśiṣṭa
vaiśvāmitra	1	UTTARAPADA	mahā
vaiśvānara-vrata	1	UTTARAPADA	mahā
vaiśāradya-viśārada	1	UTTARAPADA	catur
vaiḍūrya-nirbhāsa	1	UTTARAPADA	uttapta
vaiṇika	1	UTTARAPADA	mṛga
vaiṣamya	1	UTTARAPADA	bhāgya
vaiṣṇava-khaṇḍana	1	UTTARAPADA	bhraṣṭa
vaiṣṇavā@gama	1	UTTARAPADA	vaikhānasa
vajra-maṇi	1	UTTARAPADA	bhūmi
vajra-pañjara	1	UTTARAPADA	sūrya
vajra-pañjara-kavaca	1	UTTARAPADA	rāma
vajra-saṃghāta	1	UTTARAPADA	sa
vajra-sūci	1	UTTARAPADA	āpta
vajraka-rasa	1	UTTARAPADA	pāṣāṇa
vajrin	1	UTTARAPADA	su
vajrī	1	UTTARAPADA	gandha
vaka-yantra	1	UTTARAPADA	kāca
vakra-karma-prakāśa	1	UTTARAPADA	paṅgu
vakra-saṃstha	1	UTTARAPADA	dig
vakro@kti	1	UTTARAPADA	kāku
vaktavya-hṛdaya	1	UTTARAPADA	kāma
vaktra-tā	1	UTTARAPADA	kaṣāya
vaktraka	1	UTTARAPADA	eka
vaktram	1	UTTARAPADA	prati
vaktrā@vartin	1	UTTARAPADA	hṛd
vakṣojo@pama	1	UTTARAPADA	rāmā
valabhī	1	UTTARAPADA	harmya
valadhi	1	UTTARAPADA	daṇḍa
valana-pañca-taraṃgiṇī-māhātmya	1	UTTARAPADA	vāyu
valaya-bhūmi	1	UTTARAPADA	drākṣā
valaya-subhaga	1	UTTARAPADA	śiñjad
valayā	1	UTTARAPADA	citra
valg	1	UTTARAPADA	su
valga	1	UTTARAPADA	sa
valimīka	1	UTTARAPADA	pāda
valina	1	UTTARAPADA	yuva
valkalin	1	UTTARAPADA	jaṭā
valkalī	1	UTTARAPADA	sphuṭa
valki	1	UTTARAPADA	pārṇa
valkika	1	UTTARAPADA	pāñca
valkā	1	UTTARAPADA	śilā
valkīya	1	UTTARAPADA	yājña
vallabha-tā	1	UTTARAPADA	bhartṛ
vallakī	1	UTTARAPADA	caṇḍāla
vallara	1	UTTARAPADA	tittira
vallari	1	UTTARAPADA	soma
vallika	1	UTTARAPADA	citra
vallī-pariṇaya	1	UTTARAPADA	marakata
vallīja	1	UTTARAPADA	sita
vallūra	1	UTTARAPADA	bhū
vamana-prā@yaścitta	1	UTTARAPADA	śrāddha
vamatā	1	UTTARAPADA	khādata
vami	1	UTTARAPADA	antar
vana-bāndhava	1	UTTARAPADA	padma
vana-giri	1	UTTARAPADA	buddha
vana-ja	1	UTTARAPADA	jambu
vana-mahātmya	1	UTTARAPADA	puṇḍarīka
vana-maya	1	UTTARAPADA	kunta
vana-mā@hātmya	1	UTTARAPADA	bilva
vana-nandana	1	UTTARAPADA	bhāṇḍīra
vana-vāsin	1	UTTARAPADA	bhāṇḍīra
vanam	1	UTTARAPADA	prati
vanas	1	UTTARAPADA	yajña
vanasyā	1	UTTARAPADA	sajāta
vanau@kas	1	UTTARAPADA	sthāṇu
vanda	1	UTTARAPADA	deva
vandana-niṣedha	1	UTTARAPADA	yati
vandana-samarthana	1	UTTARAPADA	yati
vandana-śata-dūṣaṇī	1	UTTARAPADA	yati
vandanā	1	UTTARAPADA	vaiṣṇava
vandanī	1	UTTARAPADA	go
vandhya	1	UTTARAPADA	phala
vandinī	1	UTTARAPADA	rāsabha
vaneya	1	UTTARAPADA	śāta
vanikā	1	UTTARAPADA	aśoka
vanikā-nyāya	1	UTTARAPADA	aśoka
vano@papanna	1	UTTARAPADA	śaila
vanta	1	UTTARAPADA	ṛkṣa
vantīya	1	UTTARAPADA	vāra
vapa	1	UTTARAPADA	mahā
vapari	1	UTTARAPADA	viśva
vapnya	1	UTTARAPADA	duṣ
vapur-dhārin	1	UTTARAPADA	buddha
vapā	1	UTTARAPADA	valmīka
vara-candra	1	UTTARAPADA	vajra
vara-dhara	1	UTTARAPADA	sāgara
vara-dāyaka	1	UTTARAPADA	sadā
vara-muni	1	UTTARAPADA	vara
vara-prasāda	1	UTTARAPADA	kauśikī
vara-vadanā	1	UTTARAPADA	kiṭi
vara-varman	1	UTTARAPADA	śānti
varadā@cārya	1	UTTARAPADA	vatsa
varayitrī	1	UTTARAPADA	svayaṃ
varaṇṭa	1	UTTARAPADA	jala
varaṭi	1	UTTARAPADA	rakta
varbara	1	UTTARAPADA	vana
varbarikā	1	UTTARAPADA	vana
varcala	1	UTTARAPADA	su
varcasin	1	UTTARAPADA	su
varcaska	1	UTTARAPADA	su
varchikā	1	UTTARAPADA	dīrgha
varcin	1	UTTARAPADA	su
varco-ghna	1	UTTARAPADA	guru
vardhaki	1	UTTARAPADA	deva
vardhamānaka	1	UTTARAPADA	pippalī
vardhana-gaṇi	1	UTTARAPADA	ravi
vardhana-stotra	1	UTTARAPADA	prajñā
vardhanikā	1	UTTARAPADA	cakṣur
vardhanā	1	UTTARAPADA	cāru
vardhayitṛ	1	UTTARAPADA	su
vardhman	1	UTTARAPADA	antra
vardhra	1	UTTARAPADA	mitra
vardhraka	1	UTTARAPADA	maitra
vardhāpana-vidhāna	1	UTTARAPADA	varṣa
vareya	1	UTTARAPADA	prā
vareṇya	1	UTTARAPADA	vṛṣṇi
varga-prayoga	1	UTTARAPADA	putrīya
vargam	1	UTTARAPADA	prati
vargika	1	UTTARAPADA	ṣaḍ
varhiṇa	1	UTTARAPADA	vana
varikā	1	UTTARAPADA	nava
varivasyā-rahasya	1	UTTARAPADA	pañcamī
variṣṭha	1	UTTARAPADA	tapo
varjaka	1	UTTARAPADA	māna
varjikā	1	UTTARAPADA	su
varjita-tailapūra	1	UTTARAPADA	apavarjana
varjitā	1	UTTARAPADA	śiśu
varjya	1	UTTARAPADA	kali
varma-bhṛt	1	UTTARAPADA	divya
varma-dhara	1	UTTARAPADA	vasu
varma-gaṇa	1	UTTARAPADA	śarma
varmaka	1	UTTARAPADA	yaśo
varmaṇa	1	UTTARAPADA	bhādra
varmika	1	UTTARAPADA	sārva
vartamāna	1	UTTARAPADA	samyag
vartavya	1	UTTARAPADA	śoka
varti-dīpa-vrata-kalpa	1	UTTARAPADA	lakṣa
varti-kathā	1	UTTARAPADA	lakṣa
varti-vrata	1	UTTARAPADA	lakṣa
vartiko@dyāpana-vidhi	1	UTTARAPADA	lakṣa
vartinī	1	UTTARAPADA	antar
vartita	1	UTTARAPADA	su
vartiṇī	1	UTTARAPADA	citra
vartma-ga	1	UTTARAPADA	nalva
vartma-kṛt	1	UTTARAPADA	sthūla
vartma-rodha	1	UTTARAPADA	mūtra
vartmaka	1	UTTARAPADA	rakta
varty-udyāpana	1	UTTARAPADA	lakṣa
varty-udyāpana-vidhāna	1	UTTARAPADA	lakṣa
vartā	1	UTTARAPADA	sukha
varuṇam	1	UTTARAPADA	nir
varuṇā@laya	1	UTTARAPADA	karuṇa
varvaṇā	1	UTTARAPADA	kṣudra
varvurika	1	UTTARAPADA	jāla
varvūraka	1	UTTARAPADA	jāla
varya-tīrtha	1	UTTARAPADA	raghu
varyā@rya	1	UTTARAPADA	satya
varāha-kula	1	UTTARAPADA	druta
varāha-saṃvāda	1	UTTARAPADA	pṛthvī
varāhatīrtha	1	UTTARAPADA	udīrṇa
varāhikā	1	UTTARAPADA	śvā
varāṭikā	1	UTTARAPADA	naṭṭa
varīyas	1	UTTARAPADA	paro
varūthinī	1	UTTARAPADA	virodha
varūthinī-bhañjinī	1	UTTARAPADA	virodha
varūthinī-nirodha	1	UTTARAPADA	virodha
varūtrī	1	UTTARAPADA	tṛṣṇā
varṇa-bala-prada	1	UTTARAPADA	mṛjā
varṇa-ja	1	UTTARAPADA	avara
varṇa-mālā	1	UTTARAPADA	nava
varṇa-pakṣa	1	UTTARAPADA	khadira
varṇa-parṇa	1	UTTARAPADA	khadira
varṇa-prayoga	1	UTTARAPADA	samyag
varṇa-suślakṣṇa	1	UTTARAPADA	ākāra
varṇa-vādin	1	UTTARAPADA	kṣānti
varṇam	1	UTTARAPADA	yathā
varṇanadhyānā@di	1	UTTARAPADA	viṣṇu
varṇatā	1	UTTARAPADA	ūna
varṇavatī	1	UTTARAPADA	piṅga
varṇi-liṅgin	1	UTTARAPADA	sa
varṇinī	1	UTTARAPADA	deva
varṇī-karaṇa	1	UTTARAPADA	sa
varṇīya	1	UTTARAPADA	hiraṇya
varṣa-deva	1	UTTARAPADA	nitya
varṣa-deśīya	1	UTTARAPADA	viṃśati
varṣa-maho@tsava	1	UTTARAPADA	nava
varṣa-phala	1	UTTARAPADA	maṇittha
varṣa-sahasrika	1	UTTARAPADA	bahu
varṣa-sahasrin	1	UTTARAPADA	bahu
varṣa-śatā@yus	1	UTTARAPADA	catur
varṣam	1	UTTARAPADA	prati
varṣavat	1	UTTARAPADA	aśma
varṣi-tā	1	UTTARAPADA	kaṅkaṇa
varṣman	1	UTTARAPADA	śata
varṣuka	1	UTTARAPADA	ratna
varṣya	1	UTTARAPADA	ātapa
varṣā	1	UTTARAPADA	apara
varṣā-bhū	1	UTTARAPADA	dīrgha
varṣīṇa	1	UTTARAPADA	dvi
vasanta	1	UTTARAPADA	su
vasanā	1	UTTARAPADA	āhara
vasat	1	UTTARAPADA	antar
vasatha	1	UTTARAPADA	sad
vasatīvarīka	1	UTTARAPADA	gṛhīta
vasava	1	UTTARAPADA	paunar
vasika	1	UTTARAPADA	māyā
vasiṣṭha-siddhā@nta	1	UTTARAPADA	laghu
vaskarā	1	UTTARAPADA	suta
vasti-tā	1	UTTARAPADA	ānaddha
vastra-bhṛt	1	UTTARAPADA	mṛta
vastra-saṃvīta	1	UTTARAPADA	ardha
vastra-tā	1	UTTARAPADA	ārdra
vastraka	1	UTTARAPADA	dūra
vastrikā	1	UTTARAPADA	mukha
vastrā	1	UTTARAPADA	abdhi
vastrā@di	1	UTTARAPADA	suvarṇa
vastrā@haraṇa	1	UTTARAPADA	draupadī
vastu-sampad	1	UTTARAPADA	su
vastu-sāra	1	UTTARAPADA	nyāya
vastu-viṣaya	1	UTTARAPADA	samasta
vastuka	1	UTTARAPADA	anūna
vasu-prada	1	UTTARAPADA	dharma
vasudha	1	UTTARAPADA	ruddha
vasukra	1	UTTARAPADA	śrī
vasya	1	UTTARAPADA	snāta
vasyā	1	UTTARAPADA	amā
vasā-maya	1	UTTARAPADA	piśita
vasāna	1	UTTARAPADA	niśā
vasī	1	UTTARAPADA	amā
vasīya	1	UTTARAPADA	śvo
vat-tā	1	UTTARAPADA	artha
vataṇḍa	1	UTTARAPADA	taṇḍa
vateya	1	UTTARAPADA	sātya
vati	1	UTTARAPADA	bhāga
vatman	1	UTTARAPADA	nāga
vatnī	1	UTTARAPADA	pati
vatsa-rāja	1	UTTARAPADA	vīṇā
vatsa-śiśu-puṃgava	1	UTTARAPADA	nir
vatsaka	1	UTTARAPADA	go
vatsakin	1	UTTARAPADA	śrī
vatsakā	1	UTTARAPADA	mṛta
vatsala-tīrtha	1	UTTARAPADA	go
vatsarāja	1	UTTARAPADA	tāpasa
vatsarī	1	UTTARAPADA	dvādaśa
vatsikā	1	UTTARAPADA	mṛta
vatsā@jīva	1	UTTARAPADA	piṅgala
vattu	1	UTTARAPADA	krama
vatīya	1	UTTARAPADA	marut
vavri	1	UTTARAPADA	vi
vayasam	1	UTTARAPADA	yathā
vayasana	1	UTTARAPADA	bala
vayasya	1	UTTARAPADA	priya
vayo-vṛddha	1	UTTARAPADA	vidyā
vañca	1	UTTARAPADA	dur
vañcana	1	UTTARAPADA	mṛtyu
vañcika	1	UTTARAPADA	vṛka
vañcin	1	UTTARAPADA	āgata
vañcita	1	UTTARAPADA	bhrū
vañcitaka	1	UTTARAPADA	pakṣa
vaśa-ga	1	UTTARAPADA	madirā
vaśa-kara	1	UTTARAPADA	sabhā
vaśam	1	UTTARAPADA	yathā
vaśas	1	UTTARAPADA	mana
vaśin	1	UTTARAPADA	tanū
vaśinī	1	UTTARAPADA	sva
vaśā@gata	1	UTTARAPADA	mārga
vaśā@nuga	1	UTTARAPADA	mārga
vaśā@yāta	1	UTTARAPADA	mārga
vaśī-bhūta	1	UTTARAPADA	rāja
vaśī-kara-stotra	1	UTTARAPADA	svāmi
vaḍava	1	UTTARAPADA	aśva
vaṃsika	1	UTTARAPADA	prāg
vaṃsya	1	UTTARAPADA	pati
vaṃśa-nṛpa-muktā@valī	1	UTTARAPADA	śāla
vaṃśa-śalākā	1	UTTARAPADA	vīṇā
vaṃśika	1	UTTARAPADA	antar
vaṃśikā	1	UTTARAPADA	laguḍa
vaṃśīya	1	UTTARAPADA	soma
vaṅga-malla	1	UTTARAPADA	raṇa
vaṅgāla	1	UTTARAPADA	rāya
vaṅka	1	UTTARAPADA	nadī
vaṅkola	1	UTTARAPADA	rāya
vaṅkā	1	UTTARAPADA	kapota
vaṇa-saṃjñikā	1	UTTARAPADA	tri
vaṇas	1	UTTARAPADA	gir
vaṇasyu	1	UTTARAPADA	gir
vaṇig-dhana	1	UTTARAPADA	mūla
vaṇijā	1	UTTARAPADA	prehi
vaṇya	1	UTTARAPADA	punar
vaṇī	1	UTTARAPADA	tri
vaṇṭaka	1	UTTARAPADA	hṛd
vaṣaṭ-kāra	1	UTTARAPADA	prathama
vaṣaṭkāra-maṅgala	1	UTTARAPADA	nir
vaṭikā	1	UTTARAPADA	gandha
vaṭu	1	UTTARAPADA	cāṭu
vaṭva	1	UTTARAPADA	viśvā
vaṭī-rasa	1	UTTARAPADA	śaṅkha
vaṭūrin	1	UTTARAPADA	mahā
vaṭṭa	1	UTTARAPADA	nāga
vecanaka	1	UTTARAPADA	tāla
veda-campū	1	UTTARAPADA	māna
veda-mantra	1	UTTARAPADA	pādma
veda-pārāyaṇa-pramāṇa	1	UTTARAPADA	drāviḍa
veda-vrata-snāta	1	UTTARAPADA	vidyā
veda-vrata-vat	1	UTTARAPADA	vidyā
veda-vādin	1	UTTARAPADA	pauruṣeya
veda-śiras	1	UTTARAPADA	mano
vedanam	1	UTTARAPADA	sa
vedanīya	1	UTTARAPADA	apara
vedasin	1	UTTARAPADA	sarva
vedha-vicāra	1	UTTARAPADA	yantra
vedhanikā	1	UTTARAPADA	karṇa
vedhas	1	UTTARAPADA	ku
vedhi-tā	1	UTTARAPADA	amarma
vedhika	1	UTTARAPADA	nair
vedhinī	1	UTTARAPADA	veṇi
vedhya	1	UTTARAPADA	śabda
vedhyā	1	UTTARAPADA	brahma
vedi-tva	1	UTTARAPADA	karuṇa
vedi-tā	1	UTTARAPADA	marma
vedikā	1	UTTARAPADA	āpaṇa
vedinī	1	UTTARAPADA	garbha
vedo@ddhāra	1	UTTARAPADA	mārtaṇḍa
vedo@paniṣat-sāro@padeśa-sāhasrī	1	UTTARAPADA	sakala
vedā@dhyāyin	1	UTTARAPADA	sakala
vedā@nta-sāra	1	UTTARAPADA	śikhaṇḍī
vedā@nta-tattva-sāre	1	UTTARAPADA	veda
vedā@nta-śāstra-prakriyā	1	UTTARAPADA	saṃkṣipta
vedā@nta-ṣaṭka	1	UTTARAPADA	mahā
vedā@ntam	1	UTTARAPADA	prati
vedā@ntin	1	UTTARAPADA	navīna
vedā@rtha-prakāśa	1	UTTARAPADA	mādhavīya
vedānta	1	UTTARAPADA	aṇu
vedīya	1	UTTARAPADA	yajur
vega-vat	1	UTTARAPADA	saṃhāra
vega-vaśa	1	UTTARAPADA	sama
vega-śrī	1	UTTARAPADA	vimala
vegaka	1	UTTARAPADA	vāyu
vegika	1	UTTARAPADA	citra
vegitā	1	UTTARAPADA	marma
vehat	1	UTTARAPADA	ukṣa
velā-yoga	1	UTTARAPADA	kāla
velāyām	1	UTTARAPADA	avasara
vema	1	UTTARAPADA	su
vepa	1	UTTARAPADA	prā
vepana	1	UTTARAPADA	nir
vepitam	1	UTTARAPADA	sa
vera	1	UTTARAPADA	śṛṅga
veraṇi	1	UTTARAPADA	kāma
vesarā	1	UTTARAPADA	dvi
vetanin	1	UTTARAPADA	kupya
vetra	1	UTTARAPADA	kṛṣṇa
vetra-bāṇa-vikalpa	1	UTTARAPADA	paṭṭikā
vetra-vāna-vikalpa	1	UTTARAPADA	paṭikā
vetrin	1	UTTARAPADA	rāja
vettrya	1	UTTARAPADA	pāri
vetāla-sādhana	1	UTTARAPADA	yakṣiṇī
vetālī	1	UTTARAPADA	uṣṇa
veśa-kavaca	1	UTTARAPADA	śālu
veśana	1	UTTARAPADA	prā
veśasa	1	UTTARAPADA	yajña
veśma	1	UTTARAPADA	prati
veśmaka	1	UTTARAPADA	prāti
veśmā@lī	1	UTTARAPADA	haṭṭa
veśyā	1	UTTARAPADA	svar
veśīya	1	UTTARAPADA	sa
veṇa	1	UTTARAPADA	su
veṇu-triveṇu-mat	1	UTTARAPADA	śubha
veṇu-vīṇam	1	UTTARAPADA	sa
veṇuka	1	UTTARAPADA	harṣa
veṇvā	1	UTTARAPADA	kṛṣṇa
veṇya	1	UTTARAPADA	prā
veṇyā	1	UTTARAPADA	kṛṣṇa
veṇī-dhara	1	UTTARAPADA	ūrdhva
veṇṇā	1	UTTARAPADA	kṛṣṇa
veṣa-dhāraka	1	UTTARAPADA	strī
veṣaṇa	1	UTTARAPADA	sindhu
veṣikā	1	UTTARAPADA	chinna
veṣā@bharaṇa	1	UTTARAPADA	vinīta
veṣā@kṛti-mat	1	UTTARAPADA	nānā
veṣī	1	UTTARAPADA	bhūta
veṣṭana-śānti-prayoga	1	UTTARAPADA	nāla
veṣṭanika	1	UTTARAPADA	pāda
veṣṭitaka	1	UTTARAPADA	latā
veṭaka	1	UTTARAPADA	vāta
vi-bandhana	1	UTTARAPADA	paraspara
vi-bhāvin	1	UTTARAPADA	varṇa
vibandha-ghna	1	UTTARAPADA	mūtra
vibandhaka	1	UTTARAPADA	vartma
vibhakti-nirṇaya	1	UTTARAPADA	sapta
vibhakty-arthaviveka	1	UTTARAPADA	sub
vibhavam	1	UTTARAPADA	yathā
vibhavānasa	1	UTTARAPADA	vilāsa
vibhaṅga	1	UTTARAPADA	vinaya
vibhedaka	1	UTTARAPADA	aṅguṣṭha
vibhedin	1	UTTARAPADA	marma
vibhoka	1	UTTARAPADA	su
vibhrānti	1	UTTARAPADA	mati
vibhu	1	UTTARAPADA	su
vibhuja	1	UTTARAPADA	mūla
vibhukta	1	UTTARAPADA	bhukta
vibhā	1	UTTARAPADA	pala
vibhāgam	1	UTTARAPADA	yathā
vibhāgin	1	UTTARAPADA	soddhāra
vibhājaka	1	UTTARAPADA	bādha
vibhāsa	1	UTTARAPADA	sa
vibhāva	1	UTTARAPADA	dur
vibhāvanā	1	UTTARAPADA	vedānta
vibhāvarī	1	UTTARAPADA	rākā
vibhāvinī	1	UTTARAPADA	bhāva
vibhāvita	1	UTTARAPADA	dig
vibhāvya	1	UTTARAPADA	dur
vibhāṣa	1	UTTARAPADA	dur
vibhāṣā-śāstra	1	UTTARAPADA	vinaya
vibhītaka	1	UTTARAPADA	vṛddha
vibhīṣaṇa	1	UTTARAPADA	su
vibhīṣikā	1	UTTARAPADA	bheda
vibhūta	1	UTTARAPADA	mahā
vibhūti-garbha	1	UTTARAPADA	jñāna
vibhūṣaṇa-ketana	1	UTTARAPADA	makara
vibhūṣita	1	UTTARAPADA	su
vibodha	1	UTTARAPADA	rāga
vibodha-viveka	1	UTTARAPADA	rāga
vibudhī	1	UTTARAPADA	tri
vicarcikā	1	UTTARAPADA	gharma
vicchandas	1	UTTARAPADA	sva
vicikitsa	1	UTTARAPADA	nir
vicikitsitam	1	UTTARAPADA	sa
vicintita	1	UTTARAPADA	dur
vicintya	1	UTTARAPADA	dur
vicita	1	UTTARAPADA	su
viciti	1	UTTARAPADA	chando
vicitrā	1	UTTARAPADA	puṣpa
vicāraṇa	1	UTTARAPADA	sthairya
vicārita	1	UTTARAPADA	su
vicārya	1	UTTARAPADA	su
vid-vatka-vipramodaka	1	UTTARAPADA	śābdika
vidagdhaka	1	UTTARAPADA	uṣṇa
vidalita	1	UTTARAPADA	dara
vidalla	1	UTTARAPADA	su
vidalā	1	UTTARAPADA	mayūra
vidambana	1	UTTARAPADA	jīvana
vidaraṇa	1	UTTARAPADA	madhya
vidarśanā	1	UTTARAPADA	śukla
vidat	1	UTTARAPADA	su
vidatriya	1	UTTARAPADA	su
vidh	1	UTTARAPADA	śvā
vidhamā	1	UTTARAPADA	uddhama
vidharman	1	UTTARAPADA	dharma
vidheya-bodha-sthalīya-vicāra	1	UTTARAPADA	uddeśya
vidheya-vicāra	1	UTTARAPADA	uddeśa
vidhi-bhūṣaṇa	1	UTTARAPADA	mīmāṃsā
vidhi-prayoga-saṃgraha	1	UTTARAPADA	vividha
vidhika	1	UTTARAPADA	pauruṣa
vidhitsa	1	UTTARAPADA	nir
vidhitsu	1	UTTARAPADA	nir
vidhitsā	1	UTTARAPADA	ātma
vidhu	1	UTTARAPADA	ardha
vidhvaṃsa	1	UTTARAPADA	roma
vidhvaṃsa-bhāskara	1	UTTARAPADA	madhu
vidhvaṃsaka	1	UTTARAPADA	buddhi
vidhyādhara	1	UTTARAPADA	sāhitya
vidhā@kāra	1	UTTARAPADA	bahu
vidhāna-dṛṣṭa	1	UTTARAPADA	śilpa
vidhāna-sāra	1	UTTARAPADA	muhūrta
vidhāna-sūtra	1	UTTARAPADA	mātrā
vidhānam	1	UTTARAPADA	yathā
vidhānena	1	UTTARAPADA	yathā
vidhāraṇa	1	UTTARAPADA	vega
vidhṛti	1	UTTARAPADA	kāla
vidik-saṃdhāna	1	UTTARAPADA	ṣaḍ
vidik-stha	1	UTTARAPADA	dig
vidiś	1	UTTARAPADA	sa
vidiśā-lakṣaṇa	1	UTTARAPADA	prathita
vidrāvana	1	UTTARAPADA	vyāmoha
vidrāvaṇakarī	1	UTTARAPADA	kaṃsa
vidrāviṇī	1	UTTARAPADA	vajra
vidveṣa	1	UTTARAPADA	anna
vidviṣṭa	1	UTTARAPADA	loka
vidye@śvara	1	UTTARAPADA	bhāva
vidye@śvara-stotra	1	UTTARAPADA	saubhāgya
vidyika	1	UTTARAPADA	sārpa
vidyut-prabha	1	UTTARAPADA	mahā
vidyuta	1	UTTARAPADA	sa
vidyutta	1	UTTARAPADA	sakṛd
vidyā-darpaṇa	1	UTTARAPADA	nyāsa
vidyā-dhara	1	UTTARAPADA	raṅga
vidyā-maya	1	UTTARAPADA	sakala
vidyā-veda	1	UTTARAPADA	piśāca
vidyā-vilāsa	1	UTTARAPADA	nyāsa
vidyā-vinoda	1	UTTARAPADA	viśrānta
vidyā@gama	1	UTTARAPADA	ṣaḍ
vidyā@gama-sāṃkhyāyana-tantra	1	UTTARAPADA	ṣaḍ
vidyādhara	1	UTTARAPADA	viśrānta
vidāha	1	UTTARAPADA	hṛd
vidāritā@nana	1	UTTARAPADA	dūra
vidāru	1	UTTARAPADA	sapta
vidārī	1	UTTARAPADA	kṣīra
vidīrṇa	1	UTTARAPADA	su
vidūṣita	1	UTTARAPADA	mātṛ
vigata	1	UTTARAPADA	vidūra
vighana	1	UTTARAPADA	pūrṇa
vigharṣaṇa	1	UTTARAPADA	gātra
vighaṭṭam	1	UTTARAPADA	nir
vighaṭṭaṇa	1	UTTARAPADA	bāhu
vighaṭṭita	1	UTTARAPADA	bāhu
vighna-kṛt	1	UTTARAPADA	śīla
vighne@śa	1	UTTARAPADA	mūrti
vighnita	1	UTTARAPADA	kṣaṇa
vigraha-katha	1	UTTARAPADA	viśrānta
vigraha-rāja	1	UTTARAPADA	lalita
vigraha-śaṃsana-stotra	1	UTTARAPADA	viṣṇu
vigrahaka	1	UTTARAPADA	saṃdhi
vigrahika	1	UTTARAPADA	saṃdhi
vigrahā	1	UTTARAPADA	tantu
vigrāham	1	UTTARAPADA	pañca
vigāha	1	UTTARAPADA	dur
vigāhana	1	UTTARAPADA	antar
vihaga	1	UTTARAPADA	ghāti
vihantṛ	1	UTTARAPADA	kāma
vihata	1	UTTARAPADA	vajra
vihati	1	UTTARAPADA	praṇaya
vihaṃgama-nāma-bhṛt	1	UTTARAPADA	paṅkti
vihita-dravya-vicāra	1	UTTARAPADA	sāmānya
vihitā	1	UTTARAPADA	dakṣa
vihiṃsana-vrata-nirṇaya	1	UTTARAPADA	rāga
vihvalita	1	UTTARAPADA	mada
vihārīya-yantra	1	UTTARAPADA	sarva
vihāyaka-vrata	1	UTTARAPADA	dūrvā
vijaya-campū	1	UTTARAPADA	sītā
vijaya-gaṇi	1	UTTARAPADA	deva
vijaya-stuti	1	UTTARAPADA	śakti
vijaya-svāmi-stotra	1	UTTARAPADA	śakti
vijaya-tīrtha	1	UTTARAPADA	satya
vijaya-vāda	1	UTTARAPADA	viśiṣṭādvaita
vijaya-śiṣya	1	UTTARAPADA	satya
vijaya-ḍiṇḍima	1	UTTARAPADA	śaṃkarācārya
vijayā	1	UTTARAPADA	trailokya
vijitin	1	UTTARAPADA	gehe
vijñāna-phalā@deśa	1	UTTARAPADA	vāstu
vijñāna-ratna-kośa	1	UTTARAPADA	vastu
vijñānavat	1	UTTARAPADA	divya
vijñānin	1	UTTARAPADA	sarva
vijñānīya	1	UTTARAPADA	nāḍī
vijñāpaka	1	UTTARAPADA	su
vijñāpana-stotra	1	UTTARAPADA	rāma
vijñāya	1	UTTARAPADA	bala
vijṛmbha	1	UTTARAPADA	bhrū
vijṛmbhaṇa	1	UTTARAPADA	bhrū
vikalatā	1	UTTARAPADA	indriya
vikalpaka	1	UTTARAPADA	nir
vikarta	1	UTTARAPADA	go
vikarttṛ	1	UTTARAPADA	go
vikarṇikā	1	UTTARAPADA	bala
vikarṇī	1	UTTARAPADA	kala
vikarṣaṇa	1	UTTARAPADA	pāṃsu
vikasat	1	UTTARAPADA	prakāma
vikasvara	1	UTTARAPADA	prātar
vikaṭa	1	UTTARAPADA	ati
viklaba	1	UTTARAPADA	bāṣpa
viklava-gati	1	UTTARAPADA	prasthāna
viklavam	1	UTTARAPADA	sa
vikrama-kāla	1	UTTARAPADA	cālukya
vikrama-ruci	1	UTTARAPADA	viśeṣa
vikramo@dyama	1	UTTARAPADA	hata
vikrayiṇī	1	UTTARAPADA	phala
vikriya	1	UTTARAPADA	kṛta
vikrośam	1	UTTARAPADA	sa
vikruṣṭa	1	UTTARAPADA	loka
vikrānta-gamitā	1	UTTARAPADA	nāga
vikrānta-gāmitā	1	UTTARAPADA	haṃsa
vikrīta	1	UTTARAPADA	svayaṃ
vikāram	1	UTTARAPADA	ṣaḍ
vikāsa	1	UTTARAPADA	nir
vikāsin	1	UTTARAPADA	sūrya
vikāśa	1	UTTARAPADA	sa
vikāśī	1	UTTARAPADA	gaja
vikūjana	1	UTTARAPADA	antra
vikūṇita	1	UTTARAPADA	akṣi
vikṣata	1	UTTARAPADA	kṣata
vikṣepatā	1	UTTARAPADA	sarva
vikṣipta	1	UTTARAPADA	mada
vikṣobhiṇī	1	UTTARAPADA	rakṣo
vila	1	UTTARAPADA	śakaṭa
vilagna	1	UTTARAPADA	tīra
vilakṣam	1	UTTARAPADA	sa
vilambita	1	UTTARAPADA	druta
vilambitam	1	UTTARAPADA	mā
vilasitā	1	UTTARAPADA	gaja
vilaya-tīrtha	1	UTTARAPADA	asthi
vilekhā	1	UTTARAPADA	nakha
vilipta	1	UTTARAPADA	abhra
villa	1	UTTARAPADA	kendu
villāsa	1	UTTARAPADA	gaṅgā
vilokitā	1	UTTARAPADA	samanta
vilopin	1	UTTARAPADA	saubhāgya
viloḍaka	1	UTTARAPADA	varṇa
viloḍana	1	UTTARAPADA	śatru
vilupta-cchada	1	UTTARAPADA	viṣvag
viluṇṭhikā	1	UTTARAPADA	mukha
vilvā	1	UTTARAPADA	uru
vilāpa-nāṭaka	1	UTTARAPADA	raghu
vilāpanī	1	UTTARAPADA	ājya
vilāsa-campū	1	UTTARAPADA	śiva
vilāsa-kavya	1	UTTARAPADA	nārada
vilāsa-ratnā@valī	1	UTTARAPADA	bhagavad
vilāsa-saṃvāda	1	UTTARAPADA	bhāsa
vilāsa-stava	1	UTTARAPADA	vraja
vilāsa-tantra	1	UTTARAPADA	kālī
vimala-garbha	1	UTTARAPADA	śubha
vimala-gaṇi	1	UTTARAPADA	deva
vimalā	1	UTTARAPADA	tāra
vimardita	1	UTTARAPADA	sneha
vimarśinī	1	UTTARAPADA	laghu
vimarśā@dhiroha	1	UTTARAPADA	saṃkṣepa
vimocana-stotra	1	UTTARAPADA	bandha
vimocanīya	1	UTTARAPADA	dundubhi
vimokṣa	1	UTTARAPADA	naddha
vimuc	1	UTTARAPADA	su
vimuktā@tman	1	UTTARAPADA	viṣa
vimāna-stotra	1	UTTARAPADA	śrīraṅga
vinamrā@nana	1	UTTARAPADA	lajjā
vinaśana	1	UTTARAPADA	sarasvatī
vinaśvara	1	UTTARAPADA	svapna
vinaṣṭaka	1	UTTARAPADA	bāla
vindaka	1	UTTARAPADA	śāka
vindhyā@ntar	1	UTTARAPADA	madhye
vindhyā@ṭavi	1	UTTARAPADA	madhye
vindā	1	UTTARAPADA	śruta
vindī	1	UTTARAPADA	vāri
vindū@paniṣad	1	UTTARAPADA	amṛta
vineya	1	UTTARAPADA	su
vinidraka	1	UTTARAPADA	supta
vinirmala	1	UTTARAPADA	su
vinivṛtti	1	UTTARAPADA	prasaṅga
viniyoga-sūtrā@rtha	1	UTTARAPADA	sautrāmaṇī
viniyogam	1	UTTARAPADA	yathā
viniścayā@dhikāra	1	UTTARAPADA	śarīra
viniścita	1	UTTARAPADA	su
viniḥsṛta	1	UTTARAPADA	vāg
vinoda-kṛt	1	UTTARAPADA	mano
vinoda-mañjūṣā	1	UTTARAPADA	vidvad
vinodana	1	UTTARAPADA	mārga
vinode	1	UTTARAPADA	saṃgīta
vinodinī	1	UTTARAPADA	bāla
vinodinī-ṭīkā	1	UTTARAPADA	vijñāna
vinyasta	1	UTTARAPADA	su
vinyaya	1	UTTARAPADA	karaṇa
vinā-kṛta	1	UTTARAPADA	priya
vināśa-kṛt	1	UTTARAPADA	śleṣma
vipada	1	UTTARAPADA	sampad
viparilopa	1	UTTARAPADA	vaco
viparī@ta	1	UTTARAPADA	samaya
vipaśyanā-vihārin	1	UTTARAPADA	śamatha
vipaṇā@paṇa	1	UTTARAPADA	vidhvasta
viprakarṣa	1	UTTARAPADA	kāla
viprakramaṇa	1	UTTARAPADA	tūṣṇīṃ
vipramukta	1	UTTARAPADA	guṇa
vipratipanna	1	UTTARAPADA	śruti
vipratipatti	1	UTTARAPADA	indriya
vipratiṣiddha	1	UTTARAPADA	śāstra
vipro@ṣita	1	UTTARAPADA	cira
vipruṣ	1	UTTARAPADA	sveda
vipruṣa	1	UTTARAPADA	vāg
vipula	1	UTTARAPADA	su
vipula-hetu-mati	1	UTTARAPADA	bala
vipuṣṭa	1	UTTARAPADA	puṣṭa
vipāśam	1	UTTARAPADA	prati
vira	1	UTTARAPADA	dāya
viraha-nāma	1	UTTARAPADA	bhavad
viraha-tantre	1	UTTARAPADA	meru
virahin	1	UTTARAPADA	yāminī
viraja	1	UTTARAPADA	su
virajas	1	UTTARAPADA	pāda
virasā	1	UTTARAPADA	prabala
virathya	1	UTTARAPADA	rathya
virañjanīya	1	UTTARAPADA	purīṣa
virecya	1	UTTARAPADA	dur
vireka	1	UTTARAPADA	śiro
virikta	1	UTTARAPADA	manda
virikta-manas	1	UTTARAPADA	rajo
virocana	1	UTTARAPADA	dur
virodha-vat	1	UTTARAPADA	dharma
virodhana	1	UTTARAPADA	avaṭa
viroha	1	UTTARAPADA	punar
viroka	1	UTTARAPADA	nāsā
viropaṇa	1	UTTARAPADA	vraṇa
viruda	1	UTTARAPADA	vīra
viruddha-buddhi	1	UTTARAPADA	vīta
viruta	1	UTTARAPADA	ali
virāga	1	UTTARAPADA	citta
virāḍ-ṛṣabha	1	UTTARAPADA	śuddha
virūḍha	1	UTTARAPADA	su
visarga-tā	1	UTTARAPADA	āhata
visargika	1	UTTARAPADA	loka
visargin	1	UTTARAPADA	loka
visarjanīyo@payoga	1	UTTARAPADA	vrata
visarpin	1	UTTARAPADA	manda
visaṃkulam	1	UTTARAPADA	sa
visaṃsarpin	1	UTTARAPADA	tiryag
visiṣṭā@ntarā@ghaṭita-tva	1	UTTARAPADA	sajātīya
vismṛta	1	UTTARAPADA	śruta
vismṛti	1	UTTARAPADA	nāma
vispaṣṭa	1	UTTARAPADA	su
visphuraṇa	1	UTTARAPADA	buddhi
visphūrjathu	1	UTTARAPADA	vipāka
visphūrjita	1	UTTARAPADA	megha
vistara-purāṇa	1	UTTARAPADA	lalita
vistā	1	UTTARAPADA	viśva
vistāra-pāṇḍu	1	UTTARAPADA	śeṣa
vistāratas	1	UTTARAPADA	utsedha
visārin	1	UTTARAPADA	viśva
visṛṣṭi	1	UTTARAPADA	śukra
vitanā	1	UTTARAPADA	āhara
vitarkya	1	UTTARAPADA	dur
vitasta	1	UTTARAPADA	tri
vitati	1	UTTARAPADA	vaṃśa
vitrasta	1	UTTARAPADA	nitya
vittaka	1	UTTARAPADA	prasāda
vittam	1	UTTARAPADA	yathā
vittika	1	UTTARAPADA	bhāga
vittya	1	UTTARAPADA	pāri
vittā	1	UTTARAPADA	prathama
vittāyana	1	UTTARAPADA	bhāga
vitānam	1	UTTARAPADA	yathā
vitṛṇṇī	1	UTTARAPADA	kṣetra
vivaratva	1	UTTARAPADA	laghu
vivaraṇa-pañjikā	1	UTTARAPADA	kāśikā
vivaraṇa-ratna-mālā	1	UTTARAPADA	mīmāṃsā
vivaraṇa-vyākhyā	1	UTTARAPADA	saugandhikā
vivardhin	1	UTTARAPADA	vitta
vivartita	1	UTTARAPADA	su
vivayana	1	UTTARAPADA	muñja
vivaśā	1	UTTARAPADA	krodha
viveka-bhāskara	1	UTTARAPADA	vrata
viveka-dīpikā	1	UTTARAPADA	nava
vivekinī	1	UTTARAPADA	bāla
viveko@ddyota	1	UTTARAPADA	śuddhi
vivekā@vali	1	UTTARAPADA	saṃtāna
vivikṣu	1	UTTARAPADA	nir
vivācana	1	UTTARAPADA	tvad
vivāha-kathana	1	UTTARAPADA	pāñcālī
vivāha-paddhati	1	UTTARAPADA	yajur
vivāha-prayoga	1	UTTARAPADA	śiva
vivāhapaṭala	1	UTTARAPADA	bṛhad
vivāhin	1	UTTARAPADA	dvi
vivāhita	1	UTTARAPADA	pratijñā
vivāka	1	UTTARAPADA	praśna
vivāna	1	UTTARAPADA	mauñja
vivṛddha-sattva	1	UTTARAPADA	harṣa
vivṛddhy-upā@ya-grantha	1	UTTARAPADA	bhakti
vivṛt	1	UTTARAPADA	su
vivṛti-gītā	1	UTTARAPADA	bhāṣā
viśeṣa-citta-paripṛcchā	1	UTTARAPADA	brahma
viśeṣa-guṇa-vicāra	1	UTTARAPADA	yogya
viśeṣa-vidhi	1	UTTARAPADA	liṅga
viśeṣatas	1	UTTARAPADA	sa
viśeṣo@kti	1	UTTARAPADA	hetu
viśeṣya-bhāva	1	UTTARAPADA	viśeṣaṇa
viśeṣya-tā	1	UTTARAPADA	viśeṣaṇa
viśleṣa	1	UTTARAPADA	citta
viśleṣa-gāmin	1	UTTARAPADA	rātri
viśodhaka	1	UTTARAPADA	su
viśodhinī	1	UTTARAPADA	bhāva
viśokam	1	UTTARAPADA	pāre
viśoṣaṇa	1	UTTARAPADA	tālu
viśrabdha	1	UTTARAPADA	su
viśrabdha-navo@ḍhā	1	UTTARAPADA	ati
viśrambha-bhājana	1	UTTARAPADA	prīti
viśrambhin	1	UTTARAPADA	sarva
viśruti	1	UTTARAPADA	loka
viśrā@nta	1	UTTARAPADA	viveka
viśrāma	1	UTTARAPADA	śukla
viśuddha-netra	1	UTTARAPADA	śīla
viśuddhi	1	UTTARAPADA	vaira
viśuddhi-dīpikā	1	UTTARAPADA	piṇḍa
viśva-rūpa-stotra	1	UTTARAPADA	rāma
viśva-vedasa-kaivalya-dīpikā	1	UTTARAPADA	dīrgha
viśvasta	1	UTTARAPADA	su
viśvavayasau	1	UTTARAPADA	lambā
viśve@śvara	1	UTTARAPADA	bhaṭṭa
viśvāsa-bhūmi	1	UTTARAPADA	prema
viśvāsam	1	UTTARAPADA	sa
viśya	1	UTTARAPADA	nānā
viśīrṇa	1	UTTARAPADA	svayaṃ
viśīya	1	UTTARAPADA	sado
viḍamba	1	UTTARAPADA	nṛ
viḍambin	1	UTTARAPADA	ṛkṣa
viḍāla	1	UTTARAPADA	vana
viṃśaka-stotra	1	UTTARAPADA	mokṣa
viṃśati-cchadi	1	UTTARAPADA	eka
viṃśati-koṭi	1	UTTARAPADA	śruta
viṃśati-varṣa	1	UTTARAPADA	pūrṇa
viṃśaty-akṣara	1	UTTARAPADA	catur
viṃśin	1	UTTARAPADA	sapta
viṃśinī	1	UTTARAPADA	eka
viṇā	1	UTTARAPADA	śūrpa
viṣa-bhṛt	1	UTTARAPADA	virāga
viṣa-hara-mantra	1	UTTARAPADA	sarpa
viṣa-hā	1	UTTARAPADA	ākhu
viṣa-pratiṣedha	1	UTTARAPADA	sarpa
viṣa-vṛkṣa	1	UTTARAPADA	saṃsāra
viṣaha	1	UTTARAPADA	dur
viṣauṣadhi	1	UTTARAPADA	saṃdeha
viṣaya-mantra	1	UTTARAPADA	hanumad
viṣaya-vākya-dīpikā	1	UTTARAPADA	bhāṣya
viṣayam	1	UTTARAPADA	yathā
viṣayatā-vicāra	1	UTTARAPADA	laukika
viṣayatā-vāda	1	UTTARAPADA	laukika
viṣaye	1	UTTARAPADA	vidyā
viṣayika	1	UTTARAPADA	samasta
viṣayin	1	UTTARAPADA	viṣaya
viṣayā@bhilāṣa	1	UTTARAPADA	uparata
viṣayā@tman	1	UTTARAPADA	ananya
viṣayī-kṛta	1	UTTARAPADA	karṇa
viṣaṅga	1	UTTARAPADA	nir
viṣaṇikā	1	UTTARAPADA	meṣa
viṣaṇṇa	1	UTTARAPADA	su
viṣkambhita	1	UTTARAPADA	siṃha
viṣvaṇa	1	UTTARAPADA	nara
viṣā	1	UTTARAPADA	vi
viṣāda-vat	1	UTTARAPADA	vismaya
viṣāṇaka	1	UTTARAPADA	bhagna
viṣāṇin	1	UTTARAPADA	hema
viṣāṇā	1	UTTARAPADA	kṛṣṇa
viṣāṇī	1	UTTARAPADA	hasti
viṣūka	1	UTTARAPADA	tri
viṣṇu-mahe@śvara-dāna	1	UTTARAPADA	brahma
viṣṇu-padī	1	UTTARAPADA	śrī
viṣṇu-stotra	1	UTTARAPADA	śiva
viṣṇu-vardhana	1	UTTARAPADA	kali
viṣṇuka	1	UTTARAPADA	prati
viṣṇv-arkavat	1	UTTARAPADA	brahma
viṣṇū	1	UTTARAPADA	agnā
viṣṭa	1	UTTARAPADA	śipi
viṣṭabdha	1	UTTARAPADA	tri
viṣṭabdhaka	1	UTTARAPADA	tri
viṣṭaka	1	UTTARAPADA	śipi
viṣṭambhin	1	UTTARAPADA	su
viṣṭapa	1	UTTARAPADA	tri
viṣṭhita	1	UTTARAPADA	su
viṣṭi	1	UTTARAPADA	tri
viṣṭuti-prayoga	1	UTTARAPADA	sarva
viṭa	1	UTTARAPADA	vṛddha
viṭapam	1	UTTARAPADA	prati
viṭapā@ṅkura	1	UTTARAPADA	saṃsāra
voḍhave	1	UTTARAPADA	yajña
voṭa	1	UTTARAPADA	pūga
vrajita	1	UTTARAPADA	dur
vrajya	1	UTTARAPADA	pāri
vraska	1	UTTARAPADA	yūpa
vrata-bhṛt	1	UTTARAPADA	samāna
vrata-kathā	1	UTTARAPADA	dūrvā
vrata-pramati	1	UTTARAPADA	adabdha
vrata-pratiṣṭhā-prayoga	1	UTTARAPADA	sādhāraṇa
vrata-sthā	1	UTTARAPADA	kanyā
vrataka	1	UTTARAPADA	sāvitrī
vrati	1	UTTARAPADA	baiḍāla
vrato@dyāpana-vidhi	1	UTTARAPADA	vaitaraṇī
vratya	1	UTTARAPADA	daur
vratī	1	UTTARAPADA	māhā
vratīya	1	UTTARAPADA	mahā
vraścana	1	UTTARAPADA	idhma
vraṇa-maya	1	UTTARAPADA	śastra
vraṇīya	1	UTTARAPADA	dvi
vrājaka	1	UTTARAPADA	pāri
vrājin	1	UTTARAPADA	viṣṭhā
vrājya	1	UTTARAPADA	prā
vrāta-saṃtoṣika	1	UTTARAPADA	bhakta
vrātya	1	UTTARAPADA	eka
vrīḍā	1	UTTARAPADA	dara
vyabhicaraṇa	1	UTTARAPADA	sa
vyabhicārin	1	UTTARAPADA	samaya
vyaccha	1	UTTARAPADA	go
vyakta-sthala-stotra	1	UTTARAPADA	svayaṃ
vyapadeśa	1	UTTARAPADA	sainya
vyaparopaṇa	1	UTTARAPADA	keśa
vyape@ta	1	UTTARAPADA	ācāra
vyasana-kathā	1	UTTARAPADA	sapta
vyasana-pīḍita	1	UTTARAPADA	bhartṛ
vyasana-saptaka	1	UTTARAPADA	mahā
vyasana-vāraka	1	UTTARAPADA	māri
vyasana-vṛtti-mat	1	UTTARAPADA	mūla
vyasani-nāyaka	1	UTTARAPADA	mūrkha
vyasta-rūpaka	1	UTTARAPADA	samasta
vyathis	1	UTTARAPADA	kṛṣṇa
vyatihāra	1	UTTARAPADA	karma
vyatikrāntā	1	UTTARAPADA	varṇa
vyatyaya	1	UTTARAPADA	krama
vyatyāsa	1	UTTARAPADA	dāna
vyatyāsam	1	UTTARAPADA	ahar
vyatīpāta-saṃkrānti-janana-śānti	1	UTTARAPADA	vaidhṛti
vyavadhāna	1	UTTARAPADA	nir
vyavadhāyaka	1	UTTARAPADA	kriyā
vyavahāra-kośa	1	UTTARAPADA	rāja
vyavahāra-nirṇaya	1	UTTARAPADA	gauḍa
vyavahāra-sūtra	1	UTTARAPADA	jīta
vyavahāram	1	UTTARAPADA	yathā
vyavahāri-kathā	1	UTTARAPADA	campaka
vyavakalita	1	UTTARAPADA	bhinna
vyavasita-yamaka	1	UTTARAPADA	catur
vyavasitam	1	UTTARAPADA	yathā
vyavastha	1	UTTARAPADA	nir
vyavasthita	1	UTTARAPADA	su
vyavasthiti	1	UTTARAPADA	varṇa
vyavasthā-nirṇaya	1	UTTARAPADA	saṃkrānti
vyavasthā-vikāśa	1	UTTARAPADA	sambandha
vyavasthā@rṇava	1	UTTARAPADA	smārta
vyavasthāpaka	1	UTTARAPADA	dur
vyavasāya	1	UTTARAPADA	vidyā
vyavasāyin	1	UTTARAPADA	eka
vyaya-dhvaja	1	UTTARAPADA	vaidika
vyañc	1	UTTARAPADA	uru
vyaṃsa	1	UTTARAPADA	pṛthu
vyaṅga	1	UTTARAPADA	catur
vyoman	1	UTTARAPADA	prati
vyomnika	1	UTTARAPADA	parama
vyudāharaṇa	1	UTTARAPADA	keśa
vyudāsa	1	UTTARAPADA	kṣiti
vyukta	1	UTTARAPADA	asamaya
vyuta	1	UTTARAPADA	vardhra
vyutpatti-lakṣaṇa	1	UTTARAPADA	siddhānta
vyuṣṭa	1	UTTARAPADA	su
vyā-vat	1	UTTARAPADA	yuga
vyā@karaṇa	1	UTTARAPADA	candra
vyābhāṣita	1	UTTARAPADA	duḥkha
vyādhi-nirṇaya	1	UTTARAPADA	nāga
vyādhi-śoka	1	UTTARAPADA	maraṇa
vyādhīya	1	UTTARAPADA	mṛga
vyādāna	1	UTTARAPADA	mukha
vyāghra-gomāyu	1	UTTARAPADA	kāka
vyāghrīya	1	UTTARAPADA	siṃha
vyāghāraṇa	1	UTTARAPADA	dig
vyākaraṇa-bhūṣaṇa	1	UTTARAPADA	bṛhad
vyākaraṇa-bhūṣaṇa-sāra	1	UTTARAPADA	laghu
vyākaraṇa-dīpikā	1	UTTARAPADA	pāṇini
vyākhyāna-maṇḍapa	1	UTTARAPADA	vidyā
vyākhyāta	1	UTTARAPADA	su
vyākośa	1	UTTARAPADA	padma
vyākṣepin	1	UTTARAPADA	para
vyāpta	1	UTTARAPADA	ati
vyāpti-vicāra	1	UTTARAPADA	sāmagrī
vyāpādana	1	UTTARAPADA	sarpa
vyāpāra-vat	1	UTTARAPADA	kīdṛg
vyāpāra-vicāra	1	UTTARAPADA	śabda
vyāsa-dala	1	UTTARAPADA	dina
vyāsa-deva	1	UTTARAPADA	hari
vyāsa-miśra	1	UTTARAPADA	hari
vyāsa-muni	1	UTTARAPADA	hari
vyāsa-yoga-tas	1	UTTARAPADA	samāsa
vyāsakta-hasta	1	UTTARAPADA	vetra
vyāvahārika	1	UTTARAPADA	eka
vyāvartanī	1	UTTARAPADA	vigraha
vyāyacchana	1	UTTARAPADA	prāṇa
vyāyata-bāhu	1	UTTARAPADA	yuga
vyāḍa	1	UTTARAPADA	gehe
vyūha-garbha	1	UTTARAPADA	sāgara
vyūha-mukhā	1	UTTARAPADA	su
vyūha-rati-svabhāva-naya-saṃdarśana	1	UTTARAPADA	sarva
vyūha-sāgara-carya-vyavalokana	1	UTTARAPADA	samanta
vyūha-vināśana	1	UTTARAPADA	para
vyūhā	1	UTTARAPADA	su
vyṛddha-paśu-vyṛddha	1	UTTARAPADA	prajā
vā@hana	1	UTTARAPADA	jīmūta
vā@hin	1	UTTARAPADA	jīmūta
vābhi	1	UTTARAPADA	ūrṇa
vābhū	1	UTTARAPADA	naḍ
vāca	1	UTTARAPADA	koka
vācaka-bhāva	1	UTTARAPADA	vācya
vācaka-tva	1	UTTARAPADA	vācya
vācaka-tā	1	UTTARAPADA	vācya
vācaka-yoga	1	UTTARAPADA	dur
vācanaka	1	UTTARAPADA	svasti
vācaspatya	1	UTTARAPADA	yoga
vācī	1	UTTARAPADA	ambu
vāda-grantha	1	UTTARAPADA	vyākaraṇa
vāda-khaṇḍa	1	UTTARAPADA	mālā
vāda-mālikā	1	UTTARAPADA	nakṣatra
vāda-mīmāṃsā	1	UTTARAPADA	mokṣa
vāda-parākrama	1	UTTARAPADA	dṛḍha
vāda-saṃgraha-grantha	1	UTTARAPADA	nānā
vāda-sāra	1	UTTARAPADA	samāsa
vāda-sūri	1	UTTARAPADA	vṛddha
vāda-vicāra	1	UTTARAPADA	devatā
vāda-vivāda	1	UTTARAPADA	śuṣka
vāda-śīla	1	UTTARAPADA	alīka
vādaka-sāmagrī	1	UTTARAPADA	vādya
vādhavya	1	UTTARAPADA	rāja
vādhin	1	UTTARAPADA	loka
vādi-toṣiṇī	1	UTTARAPADA	bhāgavata
vādikā	1	UTTARAPADA	priya
vādinī	1	UTTARAPADA	vāg
vāditra	1	UTTARAPADA	su
vāduka	1	UTTARAPADA	prā
vādyā	1	UTTARAPADA	eka
vādā@vali	1	UTTARAPADA	nakṣatra
vāg-bhaṭa	1	UTTARAPADA	vṛddha
vāg-buddhi-karmin	1	UTTARAPADA	puṇya
vāg-deha-ja	1	UTTARAPADA	mano
vāg-dvāra	1	UTTARAPADA	kṛta
vāg-īśvara	1	UTTARAPADA	vādi
vāg-īśvare@śvara	1	UTTARAPADA	sarva
vāg-īśvarī-mantra-vidhāna	1	UTTARAPADA	nakulī
vāghala	1	UTTARAPADA	hari
vāgmin	1	UTTARAPADA	su
vāguro@cchrāya-maya	1	UTTARAPADA	vicitra
vāgurā	1	UTTARAPADA	vyasana
vāgīśa-bhaṭṭā@cārya	1	UTTARAPADA	vidyā
vāha-tīrtha	1	UTTARAPADA	gaṅgā
vāhalā	1	UTTARAPADA	jhara
vāham	1	UTTARAPADA	puruṣa
vāhaṇi	1	UTTARAPADA	prā
vāhi-srotas	1	UTTARAPADA	anna
vāhiṣṭhīya	1	UTTARAPADA	yad
vāhlīka	1	UTTARAPADA	vara
vāhyā@lī	1	UTTARAPADA	aśva
vāhī	1	UTTARAPADA	śata
vāja-dāvarī	1	UTTARAPADA	yadā
vājaka	1	UTTARAPADA	bharad
vājīya	1	UTTARAPADA	rāyo
vāk-chala	1	UTTARAPADA	sa
vāk-kala	1	UTTARAPADA	saṃhata
vāk-karman	1	UTTARAPADA	mano
vāk-para	1	UTTARAPADA	pitṛ
vāk-pāṇi-mat	1	UTTARAPADA	aṅga
vāk-sāra-saṃgraha	1	UTTARAPADA	śruti
vāk-tva	1	UTTARAPADA	yata
vāku	1	UTTARAPADA	sthūra
vākya-dīpikā	1	UTTARAPADA	viṣaya
vākya-paddhati	1	UTTARAPADA	svarita
vākya-palāśā-ṭīkā	1	UTTARAPADA	śambhu
vākya-paṭutā	1	UTTARAPADA	vicitra
vākya-prabodha	1	UTTARAPADA	durga
vākya-ratnā@kara	1	UTTARAPADA	pada
vākya-ratnā@valī	1	UTTARAPADA	saṃskṛta
vākya-saṃgraha	1	UTTARAPADA	viṣaya
vākya-vṛtti	1	UTTARAPADA	laghu
vākya-vṛtti-prakāśikā	1	UTTARAPADA	laghu
vākyam	1	UTTARAPADA	prati
vākyo@kti	1	UTTARAPADA	adhika
vākyā@pe@ta	1	UTTARAPADA	smṛti
vākyā@rtha-candrikā	1	UTTARAPADA	śeṣa
vākyā@rtha-pañjikā	1	UTTARAPADA	pada
vākyā@valī	1	UTTARAPADA	gaṅgā
vākyā@ṅkuśa-prakṣuṇṇa	1	UTTARAPADA	strī
vāla-bhid	1	UTTARAPADA	mahā
vālakhilya	1	UTTARAPADA	sa
vāli	1	UTTARAPADA	kara
vālika	1	UTTARAPADA	prā
vālī	1	UTTARAPADA	khale
vāmadevya	1	UTTARAPADA	mahā
vāmi	1	UTTARAPADA	uṣṭra
vāmin	1	UTTARAPADA	soma
vāmā	1	UTTARAPADA	su
vāmā@varta	1	UTTARAPADA	nāsā
vāmī-śata	1	UTTARAPADA	uṣṭra
vāmīka	1	UTTARAPADA	pada
vāna-karman	1	UTTARAPADA	sūcī
vāpaka	1	UTTARAPADA	paṭṭikā
vāpana	1	UTTARAPADA	kṛta
vāpikā	1	UTTARAPADA	śṛṅgāra
vāpya	1	UTTARAPADA	parī
vāra-yoga	1	UTTARAPADA	tithi
vārakam	1	UTTARAPADA	śata
vāralaka	1	UTTARAPADA	nandi
vāraṅga	1	UTTARAPADA	śalya
vāraṇa-gāminī	1	UTTARAPADA	haṃsa
vāraṇa-śālā	1	UTTARAPADA	vāji
vāraṇīya	1	UTTARAPADA	matta
vārdhi	1	UTTARAPADA	madhye
vāre	1	UTTARAPADA	eka
vārgika	1	UTTARAPADA	ṣaḍ
vāri-dhārā	1	UTTARAPADA	kumāra
vāri-nidhi	1	UTTARAPADA	bhava
vāri-pūjā	1	UTTARAPADA	devatā
vāri-ruha	1	UTTARAPADA	kṛmi
vārikā	1	UTTARAPADA	sindhu
vāriṇī	1	UTTARAPADA	kāṇḍa
vārtākinī	1	UTTARAPADA	kṣudra
vārtākī	1	UTTARAPADA	kṣudra
vāruṇikā	1	UTTARAPADA	indra
vāruṇīyo@paniṣad-bhāṣya	1	UTTARAPADA	bhṛgu
vāry-amāvāsyā-vrata	1	UTTARAPADA	soma
vārya	1	UTTARAPADA	viśva
vārā	1	UTTARAPADA	nī
vārā@ṅganā	1	UTTARAPADA	raṅga
vārāha-prayoga-vidhi	1	UTTARAPADA	bhū
vārāha-suta	1	UTTARAPADA	lalla
vārāha-tīrtha	1	UTTARAPADA	jaya
vārāha-yantra-māhātmya	1	UTTARAPADA	bṛhad
vārāhī	1	UTTARAPADA	vajra
vārāhī-kalpa	1	UTTARAPADA	svapna
vārāṇasi	1	UTTARAPADA	nir
vārāṇasī	1	UTTARAPADA	kaṭaka
vārṣika-parvan	1	UTTARAPADA	sarva
vārṣṇeya-bāhuka	1	UTTARAPADA	saha
vārṣṇeya-jīvala	1	UTTARAPADA	saha
vārṣṇeya-sārathi	1	UTTARAPADA	saha
vāsa-gṛha	1	UTTARAPADA	jāta
vāsanā	1	UTTARAPADA	dur
vāsara-ja	1	UTTARAPADA	ṣaṣṭi
vāsaram	1	UTTARAPADA	prati
vāsarika	1	UTTARAPADA	prati
vāsarā	1	UTTARAPADA	su
vāsasa	1	UTTARAPADA	daur
vāsavadattā-nāṭaka	1	UTTARAPADA	svapna
vāsitā	1	UTTARAPADA	paṭṭa
vāsiṣṭha-siddhā@nta	1	UTTARAPADA	laghu
vāsiṣṭhīya	1	UTTARAPADA	yoga
vāstava	1	UTTARAPADA	mālla
vāstavya	1	UTTARAPADA	grāma
vāstu-lakṣaṇa	1	UTTARAPADA	mānava
vāstukī	1	UTTARAPADA	kṣudra
vāstva	1	UTTARAPADA	nava
vāsudevasye@tipadya-vyākhyā	1	UTTARAPADA	vāsanā
vāsuka	1	UTTARAPADA	hari
vāsya-niketa	1	UTTARAPADA	vṛkṣa
vāsyaka	1	UTTARAPADA	amā
vāta-saha	1	UTTARAPADA	sarva
vāta-sevā	1	UTTARAPADA	tiryag
vātaka	1	UTTARAPADA	śītala
vātatama	1	UTTARAPADA	indra
vātavata	1	UTTARAPADA	dṛti
vātiṅgaṇa	1	UTTARAPADA	hasti
vāto@ṣṇa-vetālī	1	UTTARAPADA	śīta
vātra	1	UTTARAPADA	su
vātā@yana	1	UTTARAPADA	vilāsa
vātāyana	1	UTTARAPADA	nai
vātṛ	1	UTTARAPADA	sa
vāvat	1	UTTARAPADA	antar
vāyaka	1	UTTARAPADA	paṭṭikā
vāyana	1	UTTARAPADA	saubhāgya
vāyavya	1	UTTARAPADA	soma
vāyavīya-purāṇa	1	UTTARAPADA	śaiva
vāñche@śvara-māhātmya	1	UTTARAPADA	śrī
vāśa	1	UTTARAPADA	vi
vāśana	1	UTTARAPADA	ghora
vāśika	1	UTTARAPADA	kāka
vāśinī	1	UTTARAPADA	vṛddha
vāśī	1	UTTARAPADA	hiraṇya
vāṅ-mauna-mūlikā	1	UTTARAPADA	matta
vāṅ-maya	1	UTTARAPADA	sarva
vāṅ-mālā	1	UTTARAPADA	siddhānta
vāṅ-nidhana	1	UTTARAPADA	sarva
vāṇaka	1	UTTARAPADA	śāla
vāṇijaka	1	UTTARAPADA	dharma
vāṇijika	1	UTTARAPADA	dharma
vāṇijyaka	1	UTTARAPADA	dharma
vāṇijā	1	UTTARAPADA	apehi
vāṇika	1	UTTARAPADA	nair
vāṇī-mantra	1	UTTARAPADA	yajur
vāṭa-kula	1	UTTARAPADA	prāg
vāṭi	1	UTTARAPADA	paśu
vāṭīya	1	UTTARAPADA	brahma
vī@kṣaṇa	1	UTTARAPADA	ardha
vī@kṣita	1	UTTARAPADA	sva
vījaka	1	UTTARAPADA	vajra
vījakā	1	UTTARAPADA	rakta
vījin	1	UTTARAPADA	rāja
vīra-deśike@ndra	1	UTTARAPADA	śānta
vīra-goṣṭha	1	UTTARAPADA	pañca
vīra-han	1	UTTARAPADA	para
vīra-mukhya	1	UTTARAPADA	yadu
vīra-māhātmya	1	UTTARAPADA	vānara
vīra-pāṇḍya	1	UTTARAPADA	sundara
vīra-tantra	1	UTTARAPADA	kalla
vīra-tīrtha	1	UTTARAPADA	satya
vīriṇa-vat	1	UTTARAPADA	karṣū
vīrya-parākrama	1	UTTARAPADA	bala
vīrya-prabha	1	UTTARAPADA	ati
vīrya-sū	1	UTTARAPADA	vicitra
vīrya-tas	1	UTTARAPADA	sva
vīrya-vidvas	1	UTTARAPADA	tad
vīryin	1	UTTARAPADA	vaicitra
vīrā	1	UTTARAPADA	kuśa
vīrā@sana	1	UTTARAPADA	sthāna
vīsarpin	1	UTTARAPADA	granthi
vīta	1	UTTARAPADA	kṛtsna
vīthika	1	UTTARAPADA	āpaṇa
vīthī-patha	1	UTTARAPADA	su
vīvadhā	1	UTTARAPADA	vṛddha
vīśa	1	UTTARAPADA	paḍ
vīṇya	1	UTTARAPADA	prā
vīṇā-dharā	1	UTTARAPADA	veṇu
vīṇākā	1	UTTARAPADA	godhā
vīṭaka	1	UTTARAPADA	dala
vūrya	1	UTTARAPADA	hotṛ
vṛddham	1	UTTARAPADA	yathā
vṛddhi-da	1	UTTARAPADA	dhī
vṛddhi-kṣaya-bhāva	1	UTTARAPADA	saha
vṛddhi-lābha	1	UTTARAPADA	samṛddhi
vṛddhi-vardhana	1	UTTARAPADA	soma
vṛddhin	1	UTTARAPADA	kṣema
vṛddhy-adhikāra	1	UTTARAPADA	vardhma
vṛddhī	1	UTTARAPADA	guṇa
vṛj	1	UTTARAPADA	sva
vṛjana	1	UTTARAPADA	su
vṛkeya	1	UTTARAPADA	sālā
vṛkta	1	UTTARAPADA	bāhu
vṛkīya	1	UTTARAPADA	sālā
vṛkṣa-kṣupa-lata	1	UTTARAPADA	sa
vṛkṣa-phala	1	UTTARAPADA	sthūla
vṛkṣa-vāṭikā	1	UTTARAPADA	gṛha
vṛnda-bhaṭṭa	1	UTTARAPADA	vīra
vṛndin	1	UTTARAPADA	aśva
vṛntāka	1	UTTARAPADA	phalgu
vṛta-soma	1	UTTARAPADA	sa
vṛta-yajña	1	UTTARAPADA	sa
vṛtam	1	UTTARAPADA	pañca
vṛtra	1	UTTARAPADA	bala
vṛtra-han	1	UTTARAPADA	śambara
vṛtta-maya	1	UTTARAPADA	nānā
vṛtta-ratnā@kara	1	UTTARAPADA	saṃgīta
vṛtta-śata	1	UTTARAPADA	muhūrta
vṛtti-bheda	1	UTTARAPADA	vyañjita
vṛtti-kṛt	1	UTTARAPADA	ku
vṛtti-lakṣaṇa	1	UTTARAPADA	rīti
vṛtti-mat	1	UTTARAPADA	kṣiti
vṛtti-prakāśikā	1	UTTARAPADA	vākya
vṛtti-saṃgraha	1	UTTARAPADA	yoga
vṛtti-tva	1	UTTARAPADA	āśu
vṛtti-tā	1	UTTARAPADA	anāyatta
vṛtti-vivaraṇa	1	UTTARAPADA	śulba
vṛtti-vyākhyā	1	UTTARAPADA	vākya
vṛttin	1	UTTARAPADA	śva
vṛtto@ru	1	UTTARAPADA	saṃhata
vṛtty-artha-vṛtti	1	UTTARAPADA	bhāṣā
vṛttā@ntam	1	UTTARAPADA	prati
vṛttā@rtha-pada	1	UTTARAPADA	udāra
vṛttā@ṣṭaka	1	UTTARAPADA	nara
vṛśc	1	UTTARAPADA	su
vṛścika-roma-vat	1	UTTARAPADA	sarpa
vṛḍhi	1	UTTARAPADA	pāri
vṛṣa-han	1	UTTARAPADA	bali
vṛṣabha-vikrāmin	1	UTTARAPADA	padma
vṛṣaka	1	UTTARAPADA	śyena
vṛṣalīka	1	UTTARAPADA	su
vṛṣe@ndra	1	UTTARAPADA	puro
vṛṣty-abhiprakīrṇa	1	UTTARAPADA	kusuma
vṛṣā@ṅka	1	UTTARAPADA	umā
vṛṣṇa	1	UTTARAPADA	vṛddha
vṛṣṇi	1	UTTARAPADA	andhaka
vṛṣṇiya	1	UTTARAPADA	vṛddha
vṛṣṇya	1	UTTARAPADA	śata
vṛṣṇī	1	UTTARAPADA	hata
vṛṣṭa	1	UTTARAPADA	su
vṛṣṭi-hata	1	UTTARAPADA	ati
vṛṣṭi-prapāta	1	UTTARAPADA	caṇḍa
vṛṣṭika	1	UTTARAPADA	sa
ya	1	TADDHITA_SUFFIX	anyā
ya-va	1	UTTARAPADA	sa
yabhyā	1	UTTARAPADA	su
yajati-kriyā	1	UTTARAPADA	juhoti
yaji	1	UTTARAPADA	deva
yajur-vedā@dhyetṛ-praśaṃsā	1	UTTARAPADA	śukla
yajuḥ-sāma-veda	1	UTTARAPADA	ṛg
yajuṣa	1	UTTARAPADA	ṛg
yajvin	1	UTTARAPADA	ku
yajvā	1	UTTARAPADA	bahu
yajya	1	UTTARAPADA	deva
yajyā	1	UTTARAPADA	deva
yajña-darśa-paurṇamāsika-prayoga	1	UTTARAPADA	śrauta
yajña-kalpa	1	UTTARAPADA	jina
yajña-kratu	1	UTTARAPADA	āhṛta
yajña-maya	1	UTTARAPADA	sakala
yajña-piṇḍa-sūrya	1	UTTARAPADA	daiva
yajña-pātra	1	UTTARAPADA	sa
yajñadatta	1	UTTARAPADA	dīkṣita
yajño@pavīta	1	UTTARAPADA	nāga
yajño@pavītaka	1	UTTARAPADA	bāla
yajñā@gni	1	UTTARAPADA	mataṃga
yajñīya	1	UTTARAPADA	paitṛ
yajūṃṣi	1	UTTARAPADA	avabhṛtha
yakāra	1	UTTARAPADA	eka
yakṣiṇī	1	UTTARAPADA	sambhoga
yakṣiṇī-tīrtha	1	UTTARAPADA	vaṭa
yakṣā	1	UTTARAPADA	pañca
yamika	1	UTTARAPADA	nai
yamunam	1	UTTARAPADA	dvi
yamune	1	UTTARAPADA	gaṅgā
yamunā	1	UTTARAPADA	divya
yamānikā	1	UTTARAPADA	kṣetra
yamānī	1	UTTARAPADA	vana
yantra-ghaṭikā-nyāya	1	UTTARAPADA	kūpa
yantra-gṛha	1	UTTARAPADA	pīḍā
yantra-kalpa	1	UTTARAPADA	vijaya
yantra-prakaraṇa	1	UTTARAPADA	viṣṇu
yantra-vat	1	UTTARAPADA	asthi
yantrikā	1	UTTARAPADA	ramala
yantrin	1	UTTARAPADA	sarva
yantrī	1	UTTARAPADA	keśa
yantu	1	UTTARAPADA	su
yatha	1	UTTARAPADA	śaila
yatham	1	UTTARAPADA	yathā
yatin	1	UTTARAPADA	bhāva
yatrā	1	UTTARAPADA	jagad
yaudhājaya	1	UTTARAPADA	mahā
yaugapadya	1	UTTARAPADA	krama
yaugaṃdharāyaṇa	1	UTTARAPADA	saha
yaugika	1	UTTARAPADA	sārva
yauna	1	UTTARAPADA	agni
yauvana-vat	1	UTTARAPADA	rūpa
yauvana-śālin	1	UTTARAPADA	dhana
yauvano@dgama	1	UTTARAPADA	bhagavad
yauvano@tsāhin	1	UTTARAPADA	rūpa
yauvanā	1	UTTARAPADA	ślāghya
yauvanīya	1	UTTARAPADA	śaiśava
yauvaṇa	1	UTTARAPADA	nava
yavanam	1	UTTARAPADA	dur
yavasa	1	UTTARAPADA	su
yavase@ndhana	1	UTTARAPADA	prabhūta
yavasu	1	UTTARAPADA	su
yavo@dara	1	UTTARAPADA	tiryag
yavā	1	UTTARAPADA	tikta
yavāsa	1	UTTARAPADA	dhanva
yavāsaka	1	UTTARAPADA	dhanva
yayāti	1	UTTARAPADA	śarmiṣṭhā
yaśo-'rtha-vṛddhi-kara	1	UTTARAPADA	sukha
yaśo-bhūṣaṇa	1	UTTARAPADA	nañjarāja
yaśo-miśra	1	UTTARAPADA	hari
yaśo-vidhvaṃsana	1	UTTARAPADA	śakra
yaṣṭavya	1	UTTARAPADA	su
yaṣṭi-ketu	1	UTTARAPADA	madana
yin	1	UTTARAPADA	dhanvā
yodhika	1	UTTARAPADA	stana
yoga-bhaṅga	1	UTTARAPADA	daśa
yoga-candrikā	1	UTTARAPADA	vaidyaka
yoga-cikitsā	1	UTTARAPADA	sahasra
yoga-kallola	1	UTTARAPADA	nava
yoga-karaṇa	1	UTTARAPADA	pṛthag
yoga-mañjarī	1	UTTARAPADA	śata
yoga-muktā@valī	1	UTTARAPADA	sad
yoga-nidrā	1	UTTARAPADA	sukha
yoga-pañcaratne	1	UTTARAPADA	mahā
yoga-rddhi-tapo-vidyā-virakti-mat	1	UTTARAPADA	samādhi
yoga-saha	1	UTTARAPADA	vīra
yoga-tantra	1	UTTARAPADA	anuttara
yoga-taraṃgiṇī	1	UTTARAPADA	vṛddha
yoga-vaha	1	UTTARAPADA	vīra
yoga-vāsiṣṭha	1	UTTARAPADA	saṃkṣepa
yoga-śataka	1	UTTARAPADA	vṛddha
yoga-śāstra	1	UTTARAPADA	sparśa
yogena	1	UTTARAPADA	yathā
yogi	1	UTTARAPADA	prā
yogi-tā	1	UTTARAPADA	tulya
yogi-yājñavalkya-smṛti	1	UTTARAPADA	bṛhad
yogika	1	UTTARAPADA	prā
yogo@pamā	1	UTTARAPADA	tulya
yogyā	1	UTTARAPADA	dhanur
yogā@cārya	1	UTTARAPADA	ādi
yogā@dhyāya	1	UTTARAPADA	nābhasa
yogā@vali	1	UTTARAPADA	triṃśad
yogī-putra	1	UTTARAPADA	prācīna
yogī@śa	1	UTTARAPADA	mata
yojanikā	1	UTTARAPADA	pada
yojita	1	UTTARAPADA	su
yojya	1	UTTARAPADA	prā
yokta	1	UTTARAPADA	aśma
yona	1	UTTARAPADA	tiryag
yoni-ja	1	UTTARAPADA	ajana
yoni-prā@pti-vicāra	1	UTTARAPADA	duṣṭa
yonika	1	UTTARAPADA	vara
yonin	1	UTTARAPADA	nīca
yor-vāka	1	UTTARAPADA	śaṃ
yos	1	UTTARAPADA	śaṃ
yoṣaṇa	1	UTTARAPADA	sa
yoṣika	1	UTTARAPADA	stana
yu-vāka	1	UTTARAPADA	śaṃ
yuddha-nirṇaya	1	UTTARAPADA	koṭa
yuddha-vijayin	1	UTTARAPADA	aneka
yudhi-ṣṭhira	1	UTTARAPADA	sa
yudhiṣṭhira-dharma-goṣṭhī	1	UTTARAPADA	kṛṣṇa
yuge	1	UTTARAPADA	bhagna
yugin	1	UTTARAPADA	vastra
yugma-tīrtha	1	UTTARAPADA	ratna
yugya	1	UTTARAPADA	dakṣiṇā
yugīna	1	UTTARAPADA	sāma
yugīṇa	1	UTTARAPADA	pāra
yujya	1	UTTARAPADA	sa
yuktam	1	UTTARAPADA	kṣema
yukti-tas	1	UTTARAPADA	yathā
yuktva	1	UTTARAPADA	sa
yuktā	1	UTTARAPADA	bhū
yus	1	UTTARAPADA	prā
yutā	1	UTTARAPADA	garbha
yuvaka	1	UTTARAPADA	bhūti
yuvam	1	UTTARAPADA	prati
yuvati-ga	1	UTTARAPADA	para
yuvatī	1	UTTARAPADA	vara
yv-anta	1	UTTARAPADA	śaṃ
yācanā	1	UTTARAPADA	abhaya
yācita	1	UTTARAPADA	yathā
yācita-putra	1	UTTARAPADA	strī
yācña	1	UTTARAPADA	bhagna
yādas	1	UTTARAPADA	kari
yādava	1	UTTARAPADA	nir
yādava-pāṇḍavīya	1	UTTARAPADA	rāghava
yādava-rāghava-pāṇḍavīya	1	UTTARAPADA	nala
yādavīya	1	UTTARAPADA	rāghava
yādāvīya-carita	1	UTTARAPADA	rāghava
yāga-prayoga	1	UTTARAPADA	viṣṇu
yāga-pujā	1	UTTARAPADA	bahir
yāga-ratna	1	UTTARAPADA	bahir
yāgika	1	UTTARAPADA	mahā
yāj	1	UTTARAPADA	sahasra
yājam	1	UTTARAPADA	śata
yājamāna	1	UTTARAPADA	soma
yājamāna-prayoga	1	UTTARAPADA	soma
yājuka	1	UTTARAPADA	iṣṭi
yājya	1	UTTARAPADA	bahu
yājña	1	UTTARAPADA	tri
yājñavalkya-gītā	1	UTTARAPADA	yoga
yājñavalkya-smṛti	1	UTTARAPADA	yoga
yājñika	1	UTTARAPADA	deva
yāma-graha	1	UTTARAPADA	antar
yāmaka	1	UTTARAPADA	tri
yāmin	1	UTTARAPADA	antar
yāmini	1	UTTARAPADA	prati
yāmuna	1	UTTARAPADA	su
yāmī	1	UTTARAPADA	dvi
yāna-vid	1	UTTARAPADA	gaja
yāneya	1	UTTARAPADA	daiva
yānā	1	UTTARAPADA	siṃha
yānī	1	UTTARAPADA	antarikṣa
yānīya	1	UTTARAPADA	deva
yāpa	1	UTTARAPADA	kāla
yāpana	1	UTTARAPADA	kāla
yāpya	1	UTTARAPADA	mañca
yāsaka	1	UTTARAPADA	dhanva
yāt	1	UTTARAPADA	ṛṇa
yātaka	1	UTTARAPADA	ratha
yātana	1	UTTARAPADA	tigma
yātava	1	UTTARAPADA	daiva
yātavyatā	1	UTTARAPADA	avaśya
yātha	1	UTTARAPADA	dīrgha
yāthārthya-nirṇaya	1	UTTARAPADA	nāma
yātra	1	UTTARAPADA	pāri
yātrin	1	UTTARAPADA	deva
yātrā-tattva	1	UTTARAPADA	dvādaśa
yātṛ	1	UTTARAPADA	svar
yāva-nāla	1	UTTARAPADA	kaṣāya
yāvana	1	UTTARAPADA	śapatha
yāvarī	1	UTTARAPADA	śveta
yāyi-graha	1	UTTARAPADA	nāgara
yāyāta	1	UTTARAPADA	pūrva
yūkā	1	UTTARAPADA	pakṣma
yūpīyā	1	UTTARAPADA	hari
yūta	1	UTTARAPADA	gav
yūtha-parivṛta	1	UTTARAPADA	sakala
yūtham	1	UTTARAPADA	yathā
yūthapa	1	UTTARAPADA	prati
ā-cchid	1	UTTARAPADA	praty
ā-vāsya	1	UTTARAPADA	īś
ā@kna	1	UTTARAPADA	jānv
ā@yana	1	UTTARAPADA	punar
ābharaṇa	1	UTTARAPADA	jagad
ābhūta-samplavam	1	UTTARAPADA	yāvad
ācara	1	UTTARAPADA	dur
ācaraṇa	1	UTTARAPADA	sad
ācchinna	1	UTTARAPADA	sakṛd
ācita	1	UTTARAPADA	dvy
ācitika	1	UTTARAPADA	dvy
ācitīna	1	UTTARAPADA	dvy
ācāra-saptarṣi-pūjā	1	UTTARAPADA	yaty
ācāra-saṃgrahīya-yati-saṃskāra-prayoga	1	UTTARAPADA	yaty
ādara	1	UTTARAPADA	nir
ādeya	1	UTTARAPADA	dur
ādeśa-sūtra	1	UTTARAPADA	yaṇ
ādhana	1	UTTARAPADA	dur
ādhara	1	UTTARAPADA	dur
ādharṣa	1	UTTARAPADA	dur
ādheya	1	UTTARAPADA	punar
ādheyaka	1	UTTARAPADA	punar
ādhyāyika	1	UTTARAPADA	catur
ādhyāyikā	1	UTTARAPADA	catur
ādhyāyī	1	UTTARAPADA	catur
ādi-devatā-pūjā-prakāra	1	UTTARAPADA	viṣṇv
ādi-ja	1	UTTARAPADA	jagad
ādi-kalpa-bodhana	1	UTTARAPADA	ṣaṣṭhy
ādi-pitrya	1	UTTARAPADA	vāg
ādi-pūjana-vidhi	1	UTTARAPADA	yoginy
ādi-vyatyāsam	1	UTTARAPADA	stry
ādin	1	UTTARAPADA	bahv
āditya	1	UTTARAPADA	praty
ādiś	1	UTTARAPADA	dūra
ādiṣṭa	1	UTTARAPADA	yāvad
ādy-anta	1	UTTARAPADA	pitr
ādya	1	UTTARAPADA	evam
ādyuḍumbarā@hvā	1	UTTARAPADA	laghv
ādāyam	1	UTTARAPADA	punar
ādīpana	1	UTTARAPADA	sakṛd
ādṛṣṭi	1	UTTARAPADA	dur
āgamana-tantra	1	UTTARAPADA	devy
āgas	1	UTTARAPADA	nir
āghāṭa	1	UTTARAPADA	cārv
āgrantham	1	UTTARAPADA	punar
āgrayaṇa	1	UTTARAPADA	vrīhy
āha	1	UTTARAPADA	praty
āhala	1	UTTARAPADA	try
āhanasya	1	UTTARAPADA	vy
āhara	1	UTTARAPADA	dur
āharaṇa	1	UTTARAPADA	samid
āhulya	1	UTTARAPADA	bhūmy
āhutika	1	UTTARAPADA	ṣaḍ
āhvayā	1	UTTARAPADA	mṛd
āhvā	1	UTTARAPADA	yaṣṭy
āhā	1	UTTARAPADA	dur
āhārā@rtham	1	UTTARAPADA	bhavad
āhūta-samplavam	1	UTTARAPADA	yāvad
āhṛtya-bhojin	1	UTTARAPADA	svayam
ājñā	1	UTTARAPADA	samyag
ājāti	1	UTTARAPADA	punar
ājīvin	1	UTTARAPADA	vṛddhy
ājīvya	1	UTTARAPADA	nir
ākara-gupta	1	UTTARAPADA	śānty
ākrama	1	UTTARAPADA	dur
ākramaṇa	1	UTTARAPADA	dur
ākrośa	1	UTTARAPADA	nir
ākrośam	1	UTTARAPADA	dur
ākrāma	1	UTTARAPADA	dur
ākārin	1	UTTARAPADA	sad
ākāṅkṣa	1	UTTARAPADA	nir
ākāṅkṣya	1	UTTARAPADA	nair
ākūṭa	1	UTTARAPADA	antar
ākṛtin	1	UTTARAPADA	nir
ākṣāyaṇa	1	UTTARAPADA	dvy
āla	1	UTTARAPADA	antar
ālabha	1	UTTARAPADA	dur
ālaka	1	UTTARAPADA	antar
ālakṣya	1	UTTARAPADA	dur
ālasya	1	UTTARAPADA	nir
ālaya	1	UTTARAPADA	pṛthag
ālaya-tīrtha	1	UTTARAPADA	muny
ālayam	1	UTTARAPADA	praty
ālikhita	1	UTTARAPADA	try
ālocana	1	UTTARAPADA	dhvany
āmalaka	1	UTTARAPADA	vāry
āmalakī	1	UTTARAPADA	bhūmy
āmalī	1	UTTARAPADA	bhūmy
āmarda	1	UTTARAPADA	nir
āmayāvin	1	UTTARAPADA	jyog
āmitra	1	UTTARAPADA	nir
āmiṣa	1	UTTARAPADA	nir
āmnāna	1	UTTARAPADA	punar
āmnāta	1	UTTARAPADA	dvy
āmnāyam	1	UTTARAPADA	praty
āmoda	1	UTTARAPADA	dur
āmra	1	UTTARAPADA	madhv
āmukha	1	UTTARAPADA	tad
āmuṣyāyaṇaka	1	UTTARAPADA	dvy
ānama	1	UTTARAPADA	dur
ānanda-cid-ātmaka	1	UTTARAPADA	sad
ānarthakya	1	UTTARAPADA	śruty
ānayana	1	UTTARAPADA	punar
āndhya	1	UTTARAPADA	rātry
āndola	1	UTTARAPADA	marud
āndolana	1	UTTARAPADA	dor
āneya	1	UTTARAPADA	dur
āntra	1	UTTARAPADA	nir
ānīka	1	UTTARAPADA	praty
ānīta	1	UTTARAPADA	svayam
āpad	1	UTTARAPADA	nir
āpagā	1	UTTARAPADA	svar
āpana	1	UTTARAPADA	dur
āpanna	1	UTTARAPADA	srota
āpatti	1	UTTARAPADA	srota
āpaṇa	1	UTTARAPADA	antar
āpi	1	UTTARAPADA	sumna
āptika	1	UTTARAPADA	pāry
āpādana	1	UTTARAPADA	dur
āpāta	1	UTTARAPADA	madhv
āpūra	1	UTTARAPADA	dur
ārakṣa	1	UTTARAPADA	dur
ārakṣya	1	UTTARAPADA	dur
ārambha	1	UTTARAPADA	nir
āraṇya	1	UTTARAPADA	bṛhad
ārddhi	1	UTTARAPADA	daur
ārdhapura	1	UTTARAPADA	praty
ārdra	1	UTTARAPADA	praty
ārdrā	1	UTTARAPADA	praty
āri-han	1	UTTARAPADA	dur
āropa	1	UTTARAPADA	dur
ārti	1	UTTARAPADA	pāṇḍv
ārtnī	1	UTTARAPADA	dhanur
āruha	1	UTTARAPADA	dur
āruṇi	1	UTTARAPADA	try
ārya	1	UTTARAPADA	alam
āryabhaṭa-siddhā@nta	1	UTTARAPADA	laghv
āryā-śataka	1	UTTARAPADA	devy
ārādha	1	UTTARAPADA	dur
ārādhana	1	UTTARAPADA	bhagavad
ārādhya	1	UTTARAPADA	dur
āsada	1	UTTARAPADA	dur
āsaha	1	UTTARAPADA	dur
āsana-ḍhaukana	1	UTTARAPADA	svayam
āsandī	1	UTTARAPADA	samrāḍ
āsava	1	UTTARAPADA	madhv
āsavanika	1	UTTARAPADA	madhv
āsaṅga	1	UTTARAPADA	nir
āseva	1	UTTARAPADA	dur
āsita	1	UTTARAPADA	dur
āsitva	1	UTTARAPADA	nir
āsrava	1	UTTARAPADA	nir
āstaraṇa	1	UTTARAPADA	vedy
āstha	1	UTTARAPADA	nir
āsu	1	UTTARAPADA	nir
āsvādya	1	UTTARAPADA	nir
āsādana	1	UTTARAPADA	srug
āsṛta	1	UTTARAPADA	punar
ātapa	1	UTTARAPADA	nir
ātapatra	1	UTTARAPADA	nir
ātardana	1	UTTARAPADA	alam
ātañcana	1	UTTARAPADA	havir
ātaṅka	1	UTTARAPADA	nir
ātharvaṇa-śīrṣo@paniṣad	1	UTTARAPADA	devy
ātithya	1	UTTARAPADA	nir
ātme@ṣṭakam	1	UTTARAPADA	antar
ātmika	1	UTTARAPADA	praty
ātmikā	1	UTTARAPADA	yakṛd
ātta	1	UTTARAPADA	punar
ātāpa	1	UTTARAPADA	praty
ātṛṇṇa	1	UTTARAPADA	svayam
āvaha	1	UTTARAPADA	dur
āvara	1	UTTARAPADA	dur
āvaraṇa	1	UTTARAPADA	nir
āvartaka	1	UTTARAPADA	punar
āvartin	1	UTTARAPADA	punar
āvarṣa	1	UTTARAPADA	nir
āvānam	1	UTTARAPADA	ṛg
āvāra	1	UTTARAPADA	dur
āvāsakam	1	UTTARAPADA	praty
āvāsam	1	UTTARAPADA	praty
āvāsin	1	UTTARAPADA	dur
āvī	1	UTTARAPADA	dur
āvītin	1	UTTARAPADA	prācīna
āvṛt	1	UTTARAPADA	try
āvṛta	1	UTTARAPADA	vy
āyat	1	UTTARAPADA	viṣvag
āyati	1	UTTARAPADA	nir
āyatta	1	UTTARAPADA	yuṣmad
āyojana	1	UTTARAPADA	muṣṭy
āyu	1	UTTARAPADA	jagad
āyurveda	1	UTTARAPADA	hasty
āyuṣam	1	UTTARAPADA	yāvad
āyya	1	UTTARAPADA	dur
āyāsa	1	UTTARAPADA	nir
āśam	1	UTTARAPADA	praty
āśauca	1	UTTARAPADA	sūty
āśaṃsin	1	UTTARAPADA	dur
āśaṅka	1	UTTARAPADA	nir
āścarya	1	UTTARAPADA	bahv
āścaryam	1	UTTARAPADA	mahad
āśrama	1	UTTARAPADA	nir
āśrama-mahātmya	1	UTTARAPADA	sthāṇv
āśramin	1	UTTARAPADA	catur
āśramya	1	UTTARAPADA	catur
āśraya-bhūta	1	UTTARAPADA	bhagavad
āśraya-kośa-vṛtti	1	UTTARAPADA	dvy
āśrayā	1	UTTARAPADA	bahv
āśya	1	UTTARAPADA	nair
āśā-pati	1	UTTARAPADA	pratyag
āśīrdatta	1	UTTARAPADA	vāg
āḍhaka	1	UTTARAPADA	dvy
āḍhakika	1	UTTARAPADA	dvy
āḍhakīna	1	UTTARAPADA	dvy
āḍhya	1	UTTARAPADA	dur
āḍhyaṃ-bhava	1	UTTARAPADA	īṣad
āḍhyaṃ-kara	1	UTTARAPADA	īṣad
āṅgam	1	UTTARAPADA	prāg
āṣāḍha	1	UTTARAPADA	dvir
āṭa	1	UTTARAPADA	cārv
īdṛk-tā	1	UTTARAPADA	īdṛś
īhita-labdha	1	UTTARAPADA	svayam
īkṣaṇa	1	UTTARAPADA	prāṅ
īpa	1	UTTARAPADA	antar
īpsitam	1	UTTARAPADA	yāvad
īti	1	UTTARAPADA	nir
īśa-mānin	1	UTTARAPADA	pṛthag
īśvara-dīkṣitīya	1	UTTARAPADA	bṛhad
īśvara-purāṇa	1	UTTARAPADA	bṛhad
īśvara-tīrtha	1	UTTARAPADA	bhṛgv
īṅkhaya	1	UTTARAPADA	vācam
īṣava	1	UTTARAPADA	bārhad
īṣaṇā	1	UTTARAPADA	dur
śabala-tva	1	UTTARAPADA	bhāva
śabalatā	1	UTTARAPADA	bhāva
śabalā	1	UTTARAPADA	bhāva
śabda-ga	1	UTTARAPADA	sarva
śabda-khaṇḍa	1	UTTARAPADA	śiva
śabda-maya	1	UTTARAPADA	nabhaḥ
śabda-pariccheda	1	UTTARAPADA	bhāṭṭa
śabda-ratna	1	UTTARAPADA	laghu
śabda-ratnaśekhara	1	UTTARAPADA	vṛddha
śabda-saraṇi	1	UTTARAPADA	sarasa
śabda-sāraṇi-nighaṇṭu	1	UTTARAPADA	rasa
śabda-vat	1	UTTARAPADA	sparśa
śabda-vādā@rtha	1	UTTARAPADA	nārāyaṇa
śabda-śeṣa	1	UTTARAPADA	prabhu
śabdaka	1	UTTARAPADA	sāmānya
śabdau	1	UTTARAPADA	artha
śabde@ndu-śekhara	1	UTTARAPADA	laghu
śabde@nduśekhara	1	UTTARAPADA	bhāṭṭa
śabdā	1	UTTARAPADA	samāna
śabdā@rtha	1	UTTARAPADA	nārāyaṇa
śabdā@rtha-mañjūṣā	1	UTTARAPADA	śabda
śabdā@rtha-samuccaya	1	UTTARAPADA	śruta
śabdā@ṅkura-ja	1	UTTARAPADA	kha
śabdī	1	UTTARAPADA	nāga
śacī-pati	1	UTTARAPADA	kṣiti
śada	1	UTTARAPADA	parṇa
śadya	1	UTTARAPADA	talpa
śagma	1	UTTARAPADA	tuvi
śaikyā@yasa	1	UTTARAPADA	sarva
śaila-dāna	1	UTTARAPADA	dhānya
śaila-jātā	1	UTTARAPADA	kalinda
śaila-māhātmya	1	UTTARAPADA	svāmi
śaila-vana-kānana	1	UTTARAPADA	sa
śailaja	1	UTTARAPADA	antaḥ
śailaka	1	UTTARAPADA	kṛmi
śailamaya	1	UTTARAPADA	dāru
śairīṣa	1	UTTARAPADA	mahā
śairīṣaka	1	UTTARAPADA	pañca
śairṣika	1	UTTARAPADA	carama
śaiva	1	UTTARAPADA	vīra
śaiva-dīkṣā-vidhi	1	UTTARAPADA	pūrva
śaiva-tantra	1	UTTARAPADA	mahā
śaiśira	1	UTTARAPADA	phala
śak	1	UTTARAPADA	sarva
śakalin	1	UTTARAPADA	puṣpa
śakaṭi	1	UTTARAPADA	aṅgāra
śakaṭika	1	UTTARAPADA	grāma
śakkarī	1	UTTARAPADA	arṇava
śakla	1	UTTARAPADA	hiraṇya
śakti-bhāj	1	UTTARAPADA	ati
śakti-dāna-stotra	1	UTTARAPADA	sundarī
śakti-hara	1	UTTARAPADA	sadyaḥ
śakti-hasta	1	UTTARAPADA	kapāla
śakti-kara	1	UTTARAPADA	sadyaḥ
śakti-mat	1	UTTARAPADA	icchā
śakti-nirṇaya	1	UTTARAPADA	pīṭha
śakti-rāja	1	UTTARAPADA	bhānu
śakti-stotra	1	UTTARAPADA	sapta
śaktika	1	UTTARAPADA	dṛḍha
śaktimat	1	UTTARAPADA	dravya
śaktyā	1	UTTARAPADA	yathā
śakunta	1	UTTARAPADA	krīḍā
śakuntala	1	UTTARAPADA	abhijñāna
śalabha	1	UTTARAPADA	indra
śalabha-marut	1	UTTARAPADA	vi
śalaṅkaṭa	1	UTTARAPADA	uttara
śaleya	1	UTTARAPADA	dauḥ
śalin	1	UTTARAPADA	saṃhati
śalkaka	1	UTTARAPADA	niḥ
śalkalin	1	UTTARAPADA	mahā
śalkin	1	UTTARAPADA	kṛṣṇa
śalmalī-bhāṇḍa-tīrtha	1	UTTARAPADA	śrī
śalya-carita	1	UTTARAPADA	śatru
śalāka-cakra	1	UTTARAPADA	sapta
śamala	1	UTTARAPADA	yajña
śambara	1	UTTARAPADA	kāla
śambha	1	UTTARAPADA	soma
śambhu-muni	1	UTTARAPADA	viśva
śambhū	1	UTTARAPADA	viśva
śami	1	UTTARAPADA	su
śanivāra-vrata	1	UTTARAPADA	śrāvaṇa
śanna	1	UTTARAPADA	haviṣya
śanta	1	UTTARAPADA	giri
śanti	1	UTTARAPADA	alāta
śapatha	1	UTTARAPADA	satya
śapatham	1	UTTARAPADA	sa
śapha-gati-mukha	1	UTTARAPADA	su
śapta	1	UTTARAPADA	dvija
śar	1	UTTARAPADA	parṇa
śara-maya	1	UTTARAPADA	smara
śara-puṅkhā	1	UTTARAPADA	śveta
śara-pāta-tva	1	UTTARAPADA	vicchinna
śarada	1	UTTARAPADA	vi
śaram	1	UTTARAPADA	yuga
śaraṇya	1	UTTARAPADA	su
śaraṇā@gati	1	UTTARAPADA	vaiṣṇava
śaraṭa	1	UTTARAPADA	pallī
śardhas	1	UTTARAPADA	viśva
śardhin	1	UTTARAPADA	bāhu
śarkaraka	1	UTTARAPADA	parva
śarkarikā	1	UTTARAPADA	kṣudra
śarkaṭaka	1	UTTARAPADA	śālā
śarma-pada	1	UTTARAPADA	droṇa
śarmilā	1	UTTARAPADA	pāṇḍu
śarmā@rya	1	UTTARAPADA	hari
śarvara	1	UTTARAPADA	ati
śarvarī	1	UTTARAPADA	śārada
śarya	1	UTTARAPADA	go
śarā@vāpa	1	UTTARAPADA	gṛhīta
śarāvi	1	UTTARAPADA	māṣa
śarīra-kārin	1	UTTARAPADA	saṃśliṣṭa
śarīra-saṃdhi	1	UTTARAPADA	srasta
śarīry-ātman	1	UTTARAPADA	sarva
śarīrā@veśa	1	UTTARAPADA	para
śasa	1	UTTARAPADA	uktha
śastama	1	UTTARAPADA	śubhra
śasti	1	UTTARAPADA	su
śastra-niḥśrama	1	UTTARAPADA	kṛta
śastrin	1	UTTARAPADA	sarva
śastya	1	UTTARAPADA	prā
śata-bhāṣya	1	UTTARAPADA	deva
śata-dakṣiṇa	1	UTTARAPADA	sahasra
śata-dvayī	1	UTTARAPADA	soma
śata-koṭi	1	UTTARAPADA	mahā
śata-kratu	1	UTTARAPADA	kṣiti
śata-maya	1	UTTARAPADA	śava
śata-māna	1	UTTARAPADA	rūpya
śata-pañjikā	1	UTTARAPADA	jina
śata-pāṭha	1	UTTARAPADA	adhyāya
śata-sahasra-paripūrṇa-dhvaja	1	UTTARAPADA	raśmi
śata-sūtrī-bhāṣya	1	UTTARAPADA	saṃdhyā
śata-śatā@rdha	1	UTTARAPADA	trayaḥ
śata-ślokī	1	UTTARAPADA	vedānta
śatahrada	1	UTTARAPADA	sphurita
śataka-saṃgraha	1	UTTARAPADA	śānti
śataka-vyākhyāna	1	UTTARAPADA	yoga
śatakā@khyāna	1	UTTARAPADA	yoga
śatamāna	1	UTTARAPADA	adhyardha
śatra	1	UTTARAPADA	śotha
śatru-ghna	1	UTTARAPADA	nitya
śatya	1	UTTARAPADA	adhyardha
śatā	1	UTTARAPADA	mahā
śatāvarī	1	UTTARAPADA	mahā
śauca-vastra	1	UTTARAPADA	agni
śaurpika	1	UTTARAPADA	dvi
śaurya-dhana-sāhasa-vat	1	UTTARAPADA	utsāha
śauṇḍaka	1	UTTARAPADA	mada
śauṇḍikā	1	UTTARAPADA	tṛṇa
śauṣira	1	UTTARAPADA	mahā
śauṭīratā	1	UTTARAPADA	yuddha
śava	1	UTTARAPADA	antaḥ
śava-hū	1	UTTARAPADA	vāk
śayana-bodha-dina	1	UTTARAPADA	viṣṇu
śayana-vrata	1	UTTARAPADA	saubhāgya
śayanā@sana-bhakta	1	UTTARAPADA	prānta
śayanā@sana-vārika	1	UTTARAPADA	muṇḍa
śayatā	1	UTTARAPADA	divā
śayita	1	UTTARAPADA	sukha
śayu	1	UTTARAPADA	alpa
śayyika	1	UTTARAPADA	saukha
śayyā-gṛha	1	UTTARAPADA	vrata
śayyā-śayāna	1	UTTARAPADA	bhasma
śayā	1	UTTARAPADA	sukha
śayāna	1	UTTARAPADA	utpāda
śaśi-bhṛt	1	UTTARAPADA	nava
śaśi-śatru	1	UTTARAPADA	arka
śaśā@ṅka-dhavala	1	UTTARAPADA	sudhā
śaṃkara-jaya	1	UTTARAPADA	saṃkṣepa
śaṃkara-śarman	1	UTTARAPADA	kṛṣṇa
śaṃsa-han	1	UTTARAPADA	agha
śaṃsā	1	UTTARAPADA	priya
śaṅkaṭa	1	UTTARAPADA	vi
śaṅkha-vāda	1	UTTARAPADA	bherī
śaṅkha-śarkara	1	UTTARAPADA	maṇi
śaṅkhā	1	UTTARAPADA	sthūla
śaṅkin	1	UTTARAPADA	nitya
śaṅku-karṇa	1	UTTARAPADA	sthira
śaṅku-taru	1	UTTARAPADA	latā
śaṅkuka	1	UTTARAPADA	tri
śaṇa	1	UTTARAPADA	rāja
śaṣkulikā	1	UTTARAPADA	karṇa
śaṭī	1	UTTARAPADA	gandha
ścyuta	1	UTTARAPADA	madhu
śe	1	UTTARAPADA	go
śekhara-deva	1	UTTARAPADA	kula
śekhara-vijaya	1	UTTARAPADA	kusuma
śekharā@khya-nibandha	1	UTTARAPADA	soma
śekikin	1	UTTARAPADA	kāka
śelu	1	UTTARAPADA	bhū
śepha	1	UTTARAPADA	śunaḥ
śephas	1	UTTARAPADA	pracaṇḍa
śephālikā	1	UTTARAPADA	svarṇa
śepya	1	UTTARAPADA	mayūra
śetavatī	1	UTTARAPADA	mahā
śevas	1	UTTARAPADA	su
śevya	1	UTTARAPADA	su
śeyya	1	UTTARAPADA	saha
śeṇā	1	UTTARAPADA	ratna
śeṣa-karaṇa	1	UTTARAPADA	keśa
śeṣa-mātra	1	UTTARAPADA	bīja
śeṣas	1	UTTARAPADA	varuṇa
śeṣaṇīya	1	UTTARAPADA	viśeṣaṇa
śeṣin	1	UTTARAPADA	śeṣa
śeṣita	1	UTTARAPADA	vipra
śeṣya	1	UTTARAPADA	pāri
śibi	1	UTTARAPADA	kāla
śibikā	1	UTTARAPADA	śava
śikhara-tāla	1	UTTARAPADA	laghu
śikhara-vāsin	1	UTTARAPADA	kailāsa
śikharadhara-kumāra-bhūta	1	UTTARAPADA	meru
śikhariṇī-stuti	1	UTTARAPADA	śiva
śikhaṇḍa-dhara	1	UTTARAPADA	citra
śikhi-dalā	1	UTTARAPADA	tri
śikhi-pīḍā	1	UTTARAPADA	madana
śikho@paniṣad	1	UTTARAPADA	yoga
śikhā-maṇi	1	UTTARAPADA	śaśi
śikṣa	1	UTTARAPADA	samāpta
śikṣaka	1	UTTARAPADA	hasti
śikṣā-vāda	1	UTTARAPADA	śiṣya
śile@śvara-tīrtha	1	UTTARAPADA	suvarṇa
śilpa-śāstra	1	UTTARAPADA	sārasvatīya
śilā-māhātmya	1	UTTARAPADA	rāma
śilā-yuddha	1	UTTARAPADA	malla
śilā-śakala	1	UTTARAPADA	saindhava
śilī-mukha	1	UTTARAPADA	puṣpa
śimba	1	UTTARAPADA	pṛthu
śipha	1	UTTARAPADA	kṣamā
śiprin	1	UTTARAPADA	su
śipriya	1	UTTARAPADA	vi
śiraskatā	1	UTTARAPADA	uṣṇīṣa
śiro-maṇi	1	UTTARAPADA	nañ
śirodhara	1	UTTARAPADA	uṣṭra
śiroruha	1	UTTARAPADA	viprakīrṇa
śiroruhā@mbara	1	UTTARAPADA	visrasta
śirāṭikā	1	UTTARAPADA	hiṅgu
śirīṣikā	1	UTTARAPADA	ambu
śis	1	UTTARAPADA	mitra
śisira	1	UTTARAPADA	manda
śithila	1	UTTARAPADA	su
śiti-bāhu	1	UTTARAPADA	samanta
śiti-pad	1	UTTARAPADA	eka
śiti-randhra	1	UTTARAPADA	samanta
śitya	1	UTTARAPADA	nai
śiva-purāṇa	1	UTTARAPADA	laghu
śiva-pūjā	1	UTTARAPADA	pradoṣa
śiva-rātri-vrata-kalpa	1	UTTARAPADA	māsa
śiva-rātry-udyāpana	1	UTTARAPADA	māsa
śiva-stuti	1	UTTARAPADA	prācīna
śivā@cārya	1	UTTARAPADA	vyoma
śivāṭikā	1	UTTARAPADA	hiṅgu
śiśira	1	UTTARAPADA	hemanta
śiśna	1	UTTARAPADA	aśva
śiśno@dara	1	UTTARAPADA	jita
śiśnyā	1	UTTARAPADA	vi
śiśnā	1	UTTARAPADA	vi
śiśu-sṛta	1	UTTARAPADA	bhujaga
śiśvi	1	UTTARAPADA	su
śiṣya-saṃvāda	1	UTTARAPADA	guru
śiṣyā	1	UTTARAPADA	priya
śiṣyā@cārya	1	UTTARAPADA	vaikuṇṭha
ślakṣṇā	1	UTTARAPADA	mahā
śleṣma-jvara	1	UTTARAPADA	vāta
śleṣmala	1	UTTARAPADA	pitta
śleṣmā@ntaka	1	UTTARAPADA	kṣudra
śloka-paddhati	1	UTTARAPADA	śrī
śloka-vyavahāraka	1	UTTARAPADA	śata
śloka-vyākhyā	1	UTTARAPADA	viṣama
śloka-vārttika	1	UTTARAPADA	mīmāṃsā
śloka-ṭīkā	1	UTTARAPADA	viṣama
śloki	1	UTTARAPADA	śata
ślokya	1	UTTARAPADA	su
ślokā@valī	1	UTTARAPADA	praśna
ślokī-candra-kalā	1	UTTARAPADA	śata
ślokī-vyākhyā	1	UTTARAPADA	śata
ślāgha	1	UTTARAPADA	ātma
ślāgham	1	UTTARAPADA	sa
ślāghya	1	UTTARAPADA	kalā
śmaśru-loma-nakha	1	UTTARAPADA	keśa
śmaśāru	1	UTTARAPADA	hari
śnuṣṭi	1	UTTARAPADA	eka
śobham	1	UTTARAPADA	yathā
śobhamāna	1	UTTARAPADA	su
śobhita	1	UTTARAPADA	su
śobhā@rtham	1	UTTARAPADA	sukha
śoca	1	UTTARAPADA	śukra
śocani	1	UTTARAPADA	āmitra
śocā	1	UTTARAPADA	uda
śodha	1	UTTARAPADA	duḥ
śodhaka	1	UTTARAPADA	mārga
śodhana-kāraka	1	UTTARAPADA	ghaṭa
śodhana-vidhāna	1	UTTARAPADA	dravya
śodhanī	1	UTTARAPADA	vānti
śodhita	1	UTTARAPADA	su
śodhya	1	UTTARAPADA	niḥ
śoka-paritrāṇa	1	UTTARAPADA	duḥkha
śoka-prahāra	1	UTTARAPADA	gāḍha
śoka-samanvita	1	UTTARAPADA	duḥkha
śoka-vardhana	1	UTTARAPADA	bhṛśa
śoka-vat	1	UTTARAPADA	duḥkha
śoka-vināśin	1	UTTARAPADA	sarva
śoka-ṭīkā	1	UTTARAPADA	dodhaka
śokas	1	UTTARAPADA	sahasra
śokā@nala	1	UTTARAPADA	guru
śokā@rta	1	UTTARAPADA	tīvra
śoṇitā	1	UTTARAPADA	uparata
śoṇitīya	1	UTTARAPADA	vidhi
śoṣaka	1	UTTARAPADA	tṛṇa
śoṣam	1	UTTARAPADA	ūrdhva
śoṣita	1	UTTARAPADA	su
śraddha	1	UTTARAPADA	sa
śraddham	1	UTTARAPADA	yathā
śraddhā-jñāna-bala	1	UTTARAPADA	viśva
śraddhāna	1	UTTARAPADA	samyak
śraiṣṭhya	1	UTTARAPADA	prakṛti
śraj	1	UTTARAPADA	varaṇa
śramaṇa-nyāya	1	UTTARAPADA	brāhmaṇa
śramaṇaka	1	UTTARAPADA	śākya
śramaṇā	1	UTTARAPADA	kumāra
śranthana	1	UTTARAPADA	hima
śrapa	1	UTTARAPADA	su
śrapaṇī	1	UTTARAPADA	vapā
śratha	1	UTTARAPADA	hima
śrathana	1	UTTARAPADA	hima
śrauta-prayoga-sāra	1	UTTARAPADA	baudhāyana
śravas-tama	1	UTTARAPADA	citra
śravasyā	1	UTTARAPADA	su
śravaṇa-darśana	1	UTTARAPADA	ugra
śravaṇa-vidhi	1	UTTARAPADA	bhārata
śravaṇī	1	UTTARAPADA	vapā
śravya-karṇaka	1	UTTARAPADA	uccaiḥ
śraya	1	UTTARAPADA	bhadra
śrayaṇī	1	UTTARAPADA	niḥ
śreyasī	1	UTTARAPADA	bahu
śreyaṇī	1	UTTARAPADA	niḥ
śreṇika	1	UTTARAPADA	upari
śreṇya	1	UTTARAPADA	bhadra
śreṣṭhaka	1	UTTARAPADA	bhūri
śreṣṭham	1	UTTARAPADA	yathā
śreṣṭhika	1	UTTARAPADA	bhūri
śreṣṭhikā	1	UTTARAPADA	ahaṃ
śrita	1	UTTARAPADA	kaṣṭa
śriya	1	UTTARAPADA	bhadra
śriṣ	1	UTTARAPADA	hṛdaya
śrotra-manaś-cakṣus	1	UTTARAPADA	baddha
śrotu	1	UTTARAPADA	su
śroṇi-payodhara	1	UTTARAPADA	pīna
śroṇā	1	UTTARAPADA	su
śroṇī-bhara	1	UTTARAPADA	vipula
śru	1	UTTARAPADA	go
śruk	1	UTTARAPADA	su
śruta-dhara	1	UTTARAPADA	eka
śruta-sampanna	1	UTTARAPADA	vidyā
śruti-gītā	1	UTTARAPADA	bhāgavata
śruti-gītā-vyākhyā	1	UTTARAPADA	nūtana
śruti-mat	1	UTTARAPADA	sarvataḥ
śruti-purāṇa-sāra-saṃgraha	1	UTTARAPADA	sarva
śruti-sāra-saṃgraha	1	UTTARAPADA	vedānta
śrutka	1	UTTARAPADA	prāti
śrutīya	1	UTTARAPADA	bahu
śruvas	1	UTTARAPADA	śruta
śruṇa	1	UTTARAPADA	su
śrāddha-kalpa	1	UTTARAPADA	vasiṣṭha
śrāddha-kāṇḍa-vyākhyā	1	UTTARAPADA	bhāradvāja
śrāddha-paddhati	1	UTTARAPADA	viṣṇu
śrāddham	1	UTTARAPADA	yathā
śrāddhin	1	UTTARAPADA	sadyaḥ
śrāma	1	UTTARAPADA	kṛta
śrānta	1	UTTARAPADA	su
śrānta-citta	1	UTTARAPADA	saṃsāra
śrāta	1	UTTARAPADA	su
śrāvaṇikā	1	UTTARAPADA	mahā
śrāvaṇī	1	UTTARAPADA	mahā
śrāvin	1	UTTARAPADA	karṇa
śrāvya	1	UTTARAPADA	sarva
śrāvā	1	UTTARAPADA	hari
śrāya	1	UTTARAPADA	yama
śrī-datta	1	UTTARAPADA	maithila
śrī-dhara	1	UTTARAPADA	śaṅkha
śrī-jñāna	1	UTTARAPADA	saṃgama
śrī-ka	1	UTTARAPADA	gata
śrī-krama-candrikā	1	UTTARAPADA	rāma
śrī-lābha	1	UTTARAPADA	bhadanta
śrī-nṛsiṃha	1	UTTARAPADA	bhāratī
śrī-pati-tīrtha	1	UTTARAPADA	mūla
śrī-pāda	1	UTTARAPADA	rāma
śrī-pādukā-pūjā	1	UTTARAPADA	guru
śrī-vallabha	1	UTTARAPADA	vādi
śrī-vara	1	UTTARAPADA	paṇḍita
śrī-vopadeva	1	UTTARAPADA	śrīla
śrī-śaṃkara	1	UTTARAPADA	bhaṭṭa
śrībhadra	1	UTTARAPADA	upāya
śrīdāma-carita	1	UTTARAPADA	dāma
śrīgarbha	1	UTTARAPADA	utpala
śrīpati-tīrtha	1	UTTARAPADA	caula
śrīta	1	UTTARAPADA	go
śrū	1	UTTARAPADA	deva
śubha-locana	1	UTTARAPADA	rājīva
śubhaṃkara	1	UTTARAPADA	sarva
śubho@daya	1	UTTARAPADA	saubhāgya
śubhā	1	UTTARAPADA	sarvataḥ
śubhā-śāstrin	1	UTTARAPADA	veṅkaṭa
śuci-bhasma-bhūṣita	1	UTTARAPADA	hima
śuddha-vāla	1	UTTARAPADA	sarva
śuddhi-kṛt	1	UTTARAPADA	tāra
śuddhi-lakṣaṇa	1	UTTARAPADA	bhū
śuddhi-prakaraṇa	1	UTTARAPADA	nakṣatra
śuddhi-tattva	1	UTTARAPADA	gauḍa
śuddhā	1	UTTARAPADA	sparśa
śuddhā@gama	1	UTTARAPADA	vātula
śuddhāśuddhīya	1	UTTARAPADA	aiḍa
śuka-saṃvāda	1	UTTARAPADA	vyāsa
śukla-kṛṣṇa	1	UTTARAPADA	lohita
śukla-mūtra	1	UTTARAPADA	madhura
śukra-budha	1	UTTARAPADA	prati
śukra-tva	1	UTTARAPADA	vāta
śukra-tā	1	UTTARAPADA	rakta
śukrala	1	UTTARAPADA	māṃsa
śukriya	1	UTTARAPADA	tri
śukti-puṭa	1	UTTARAPADA	śrotra
śukvan	1	UTTARAPADA	su
śukvani	1	UTTARAPADA	su
śula-paṭṭita-dhara	1	UTTARAPADA	tri
śulaka	1	UTTARAPADA	kiṃ
śulba	1	UTTARAPADA	śaṇa
śulbaja	1	UTTARAPADA	vaṅga
śulkā	1	UTTARAPADA	datta
śuluka	1	UTTARAPADA	kiṃ
śumbhita	1	UTTARAPADA	brahma
śunaka	1	UTTARAPADA	jala
śunī	1	UTTARAPADA	deva
śura	1	UTTARAPADA	daṇḍa
śuśruṣā	1	UTTARAPADA	pāda
śuśrūṣin	1	UTTARAPADA	guru
śuśrūṣu	1	UTTARAPADA	guru
śuṇḍa	1	UTTARAPADA	hasti
śuṇḍikā	1	UTTARAPADA	gala
śuṇḍinī	1	UTTARAPADA	gandha
śuṇṭhī	1	UTTARAPADA	saubhāgya
śuṣ	1	UTTARAPADA	parṇa
śuṣi	1	UTTARAPADA	keli
śuṣka-tva	1	UTTARAPADA	āśu
śuṣma-satvan	1	UTTARAPADA	ahi
śuṣmāyana	1	UTTARAPADA	sauma
śuṣī	1	UTTARAPADA	ūrdhva
śuṣṇa	1	UTTARAPADA	vṛṣa
śvaka	1	UTTARAPADA	mātari
śvarī	1	UTTARAPADA	mātari
śvasṛ	1	UTTARAPADA	śamana
śvaśrū	1	UTTARAPADA	jyeṣṭha
śvaśurīyā	1	UTTARAPADA	snuṣā
śvāsin	1	UTTARAPADA	hikkā
śvāsā	1	UTTARAPADA	madhu
śvīna	1	UTTARAPADA	adya
śyaita	1	UTTARAPADA	naudhasa
śyaita-yoni	1	UTTARAPADA	naudhasa
śyena	1	UTTARAPADA	kṣipra
śyenī	1	UTTARAPADA	kumuda
śyāmalo@pā@saka	1	UTTARAPADA	rāja
śyāmalā@mbā-stotra	1	UTTARAPADA	śrī
śyāmikā	1	UTTARAPADA	vadana
śyāmā-pūjā-paddhati	1	UTTARAPADA	saṃkṣipta
śyāparṇeya	1	UTTARAPADA	paila
śābdika	1	UTTARAPADA	ādi
śāda	1	UTTARAPADA	parṇa
śākaka	1	UTTARAPADA	su
śākalya	1	UTTARAPADA	vṛddha
śākam	1	UTTARAPADA	duḥ
śākaṇikā	1	UTTARAPADA	rāja
śākaṭa-potikā	1	UTTARAPADA	valli
śākaṭāyana	1	UTTARAPADA	abhinava
śākha-vat	1	UTTARAPADA	prati
śākhala	1	UTTARAPADA	vi
śākham	1	UTTARAPADA	prati
śākhila	1	UTTARAPADA	vi
śākho@paniṣad	1	UTTARAPADA	maitreyī
śākhoṭa	1	UTTARAPADA	aśva
śākhya	1	UTTARAPADA	prāti
śākhā-stha	1	UTTARAPADA	anya
śākhā-śipha	1	UTTARAPADA	hrasva
śākhī	1	UTTARAPADA	gardabha
śākhīya	1	UTTARAPADA	samāna
śākinī	1	UTTARAPADA	sthūla
śākiṇī	1	UTTARAPADA	rāja
śākuna	1	UTTARAPADA	sarva
śākya	1	UTTARAPADA	mahā
śākya-putrīya	1	UTTARAPADA	śramaṇa
śākā	1	UTTARAPADA	śāri
śākā@pūpa-bhakṣya-vikāra-kriyā	1	UTTARAPADA	citra
śākā@ṅka	1	UTTARAPADA	cūrṇa
śālaṅkāyana	1	UTTARAPADA	bābhrava
śāli-vaṭī	1	UTTARAPADA	sapta
śālmala	1	UTTARAPADA	sa
śālmali	1	UTTARAPADA	kūṭa
śālmalika	1	UTTARAPADA	kūṭa
śālvaṇa	1	UTTARAPADA	mahā
śālī	1	UTTARAPADA	karma
śālīya-pītā@mbara	1	UTTARAPADA	bhaṭṭa
śāmbavaka	1	UTTARAPADA	mahā
śāna	1	UTTARAPADA	tarku
śāntaka	1	UTTARAPADA	roga
śāntamukha	1	UTTARAPADA	laṅka
śānti-karman	1	UTTARAPADA	bṛhaspati
śānti-prayoga	1	UTTARAPADA	vināyaka
śānti-purāṇa	1	UTTARAPADA	laghu
śānti-saṃkalpa	1	UTTARAPADA	brāhmī
śānty-avadhāna-krama	1	UTTARAPADA	brāhmī
śānu	1	UTTARAPADA	tri
śāra	1	UTTARAPADA	nī
śāradīya	1	UTTARAPADA	pañca
śārijā	1	UTTARAPADA	pūti
śārika	1	UTTARAPADA	śuka
śāru	1	UTTARAPADA	kiṃ
śārīrako@paniṣad	1	UTTARAPADA	mahā
śāsaka	1	UTTARAPADA	mahī
śāsta	1	UTTARAPADA	agastya
śāstra-darpaṇa	1	UTTARAPADA	śārīraka
śāstra-goṣṭhī	1	UTTARAPADA	vividha
śāstra-jña	1	UTTARAPADA	bahu
śāstra-kārin	1	UTTARAPADA	ayathā
śāstra-sāra	1	UTTARAPADA	śākuna
śāstra-vaipulya	1	UTTARAPADA	śata
śāstra-vicāra	1	UTTARAPADA	ṣaṭ
śāstraka	1	UTTARAPADA	artha
śāstram	1	UTTARAPADA	yathā
śāstre	1	UTTARAPADA	yavana
śāstrā@rtha-paddhati	1	UTTARAPADA	saṃkṣipta
śāstrīya	1	UTTARAPADA	puruṣottama
śāsus	1	UTTARAPADA	duḥ
śāsya	1	UTTARAPADA	su
śāta	1	UTTARAPADA	ati
śātaka	1	UTTARAPADA	paṭa
śātamāna	1	UTTARAPADA	adhyardha
śātā@tapa	1	UTTARAPADA	vṛddha
śāvā@kṣī	1	UTTARAPADA	mṛga
śāyaka	1	UTTARAPADA	nava
śāyakā	1	UTTARAPADA	sita
śāyanika	1	UTTARAPADA	saukha
śāyi-tā	1	UTTARAPADA	abhyudita
śāyinī	1	UTTARAPADA	padma
śāśvato-nā@śāśvataś-ca	1	UTTARAPADA	naiva
śāḍava	1	UTTARAPADA	phala
śāṃśapa	1	UTTARAPADA	pūrva
śāṇika	1	UTTARAPADA	dvi
śāṇḍilya	1	UTTARAPADA	udara
śāṭa	1	UTTARAPADA	sthūla
śāṭa-praticchanna	1	UTTARAPADA	dharma
śāṭha	1	UTTARAPADA	kaṭha
śāṭhya	1	UTTARAPADA	vitta
śāṭikā	1	UTTARAPADA	sthūla
śāṭīya	1	UTTARAPADA	tāmra
śīkṣā	1	UTTARAPADA	pāṇinīya
śīla-vat	1	UTTARAPADA	saṃvibhāga
śīlam	1	UTTARAPADA	yathā
śīlika	1	UTTARAPADA	anyathā
śīlya	1	UTTARAPADA	dauḥ
śīrta-tanu	1	UTTARAPADA	duḥ
śīrṣin	1	UTTARAPADA	sarpa
śīrṣyā	1	UTTARAPADA	pailu
śīrṣā	1	UTTARAPADA	ananta
śīrṣī	1	UTTARAPADA	pratyak
śīta-rūkṣa	1	UTTARAPADA	snigdha
śīta-vatī	1	UTTARAPADA	mahā
śītkāra	1	UTTARAPADA	sa
śīto@ṣṇa	1	UTTARAPADA	yukta
śīvikā	1	UTTARAPADA	su
śū	1	UTTARAPADA	surā
śūdraka	1	UTTARAPADA	vikrānta
śūdrā@-dīnāṃ	1	UTTARAPADA	strī
śūdrā@di-dina-caryā-krama	1	UTTARAPADA	strī
śūka-ja	1	UTTARAPADA	yava
śūkaka	1	UTTARAPADA	dīrgha
śūkarī	1	UTTARAPADA	vana
śūla-vat	1	UTTARAPADA	saṃghāta
śūlam	1	UTTARAPADA	sa
śūlikā	1	UTTARAPADA	tri
śūlin	1	UTTARAPADA	tri
śūlinī-daṇḍaka	1	UTTARAPADA	su
śūlo@ttara	1	UTTARAPADA	moha
śūlya	1	UTTARAPADA	tṛṇa
śūlā	1	UTTARAPADA	bandi
śūnya-tā	1	UTTARAPADA	tvak
śṛñjaya	1	UTTARAPADA	pūti
śṛṅga-maya	1	UTTARAPADA	kanaka
śṛṅga-vat	1	UTTARAPADA	prāk
śṛṅgaka	1	UTTARAPADA	rakta
śṛṅgam	1	UTTARAPADA	antarā
śṛṅgeṇa	1	UTTARAPADA	prati
śṛṅgā@ṭa	1	UTTARAPADA	vana
śṛṅgā@ṭaka	1	UTTARAPADA	vana
śṛṅgārā	1	UTTARAPADA	hara
śṛṅgīya	1	UTTARAPADA	antarā
śṛṅkhalika	1	UTTARAPADA	muṇḍa
ūdaka	1	UTTARAPADA	nir
ūhika	1	UTTARAPADA	nair
ūpama	1	UTTARAPADA	nir
ūpā@khya	1	UTTARAPADA	nir
ūrdhva-bhāj	1	UTTARAPADA	vy
ūrdhva-pad	1	UTTARAPADA	catur
ūrdhvam	1	UTTARAPADA	praty
ūḍha	1	UTTARAPADA	nir
ūṣman	1	UTTARAPADA	nir
ḍa	1	UTTARAPADA	ṣo
ḍabha	1	UTTARAPADA	dū
ḍakara	1	UTTARAPADA	mahā
ḍamarū@dbhava-sūtra-vivaraṇa	1	UTTARAPADA	rudra
ḍanta	1	UTTARAPADA	ṣo
ḍat	1	UTTARAPADA	ṣo
ḍaśa	1	UTTARAPADA	ṣo
ḍha	1	UTTARAPADA	dvi
ḍhakka	1	UTTARAPADA	śrī
ḍhotṛ	1	UTTARAPADA	ṣaḍ
ḍhuṇḍhikā	1	UTTARAPADA	vyākaraṇa
ḍhya	1	UTTARAPADA	dū
ḍhā	1	UTTARAPADA	ṣaḍ
ḍhī	1	UTTARAPADA	dū
ḍoḍa-muṣṭi	1	UTTARAPADA	kṣupa
ḍumba	1	UTTARAPADA	go
ḍumbikā	1	UTTARAPADA	go
ḍā	1	UTTARAPADA	sindhu
ḍīnaka	1	UTTARAPADA	ḍīna
ḷabha	1	UTTARAPADA	dū
ḷaśan	1	UTTARAPADA	ṣo
ḷaśā@kṣara	1	UTTARAPADA	ṣo
ḷh+cchandas	1	UTTARAPADA	vyūḷha
ḷāś	1	UTTARAPADA	puro
ṃ-bhāva	1	UTTARAPADA	aśithila
ṃ-bhāvuka	1	UTTARAPADA	śubha
ṃ-carā	1	UTTARAPADA	śubha
ṃ-damana	1	UTTARAPADA	sarva
ṃ-dara	1	UTTARAPADA	bhaga
ṃ-daśin	1	UTTARAPADA	daśa
ṃ-dhami	1	UTTARAPADA	antra
ṃ-dharaṇa-caritra	1	UTTARAPADA	jīva
ṃ-dhareya	1	UTTARAPADA	vāsu
ṃ-dharāyaṇa	1	UTTARAPADA	yauga
ṃ-dhi	1	UTTARAPADA	śaka
ṃ-dhiyaka	1	UTTARAPADA	devī
ṃ-dhiṣa	1	UTTARAPADA	nara
ṃ-dina-pralaya	1	UTTARAPADA	daina
ṃ-dineya	1	UTTARAPADA	mādhya
ṃ-dini	1	UTTARAPADA	mādhya
ṃ-dināyana	1	UTTARAPADA	mādhya
ṃ-dinīya	1	UTTARAPADA	mādhya
ṃ-diva	1	UTTARAPADA	rātri
ṃ-divasa	1	UTTARAPADA	rātri
ṃ-gacchat	1	UTTARAPADA	asta
ṃ-gaka	1	UTTARAPADA	viha
ṃ-gamikā	1	UTTARAPADA	viha
ṃ-gamita	1	UTTARAPADA	asta
ṃ-gamā	1	UTTARAPADA	vibhūta
ṃ-gaṇa	1	UTTARAPADA	vātiga
ṃ-gila	1	UTTARAPADA	timi
ṃ-gin	1	UTTARAPADA	tura
ṃ-gira	1	UTTARAPADA	timi
ṃ-hara	1	UTTARAPADA	sarva
ṃ-hima	1	UTTARAPADA	śata
ṃ-hira	1	UTTARAPADA	pāli
ṃ-huvīyā	1	UTTARAPADA	śuna
ṃ-jaha	1	UTTARAPADA	śardha
ṃ-jambham	1	UTTARAPADA	jambha
ṃ-jayā	1	UTTARAPADA	śata
ṃ-jīvika	1	UTTARAPADA	jīva
ṃ-jīvin	1	UTTARAPADA	cira
ṃ-karin	1	UTTARAPADA	kṣema
ṃ-kartṛ	1	UTTARAPADA	bhaya
ṃ-kaṭa	1	UTTARAPADA	kaṭa
ṃ-kaṭerī	1	UTTARAPADA	kaṭa
ṃ-kula	1	UTTARAPADA	kula
ṃ-kuri	1	UTTARAPADA	śuna
ṃ-kāla	1	UTTARAPADA	maha
ṃ-kārya	1	UTTARAPADA	sātya
ṃ-kṛt	1	UTTARAPADA	abhaya
ṃ-manya	1	UTTARAPADA	jña
ṃ-rayiṣṭhīya	1	UTTARAPADA	suta
ṃ-ruja	1	UTTARAPADA	vala
ṃ-varā	1	UTTARAPADA	pati
ṃ-vihārin	1	UTTARAPADA	sārdha
ṃ-yat	1	UTTARAPADA	asta
ṃ-yāt	1	UTTARAPADA	asta
ṃjaya	1	UTTARAPADA	kṛta
ṃkara	1	UTTARAPADA	khaja
ṇaddha	1	UTTARAPADA	giri
ṇagarika	1	UTTARAPADA	ṣaṇ
ṇagarī	1	UTTARAPADA	ṣaṇ
ṇagnī	1	UTTARAPADA	mahā
ṇah	1	UTTARAPADA	parī
ṇaha	1	UTTARAPADA	dru
ṇakha	1	UTTARAPADA	giri
ṇara	1	UTTARAPADA	svar
ṇavati	1	UTTARAPADA	ṣaṇ
ṇaya	1	UTTARAPADA	dur
ṇaśe	1	UTTARAPADA	parī
ṇaṣṭa	1	UTTARAPADA	dur
ṇemi	1	UTTARAPADA	tri
ṇetṛ	1	UTTARAPADA	svar
ṇi	1	UTTARAPADA	grāma
ṇihitai@ṣin	1	UTTARAPADA	dur
ṇivartanī	1	UTTARAPADA	ṣaṇ
ṇābhi	1	UTTARAPADA	ṣaṇ
ṇābhika	1	UTTARAPADA	ṣaṇ
ṇāciketa	1	UTTARAPADA	tri
ṇādin	1	UTTARAPADA	prātar
ṇāhya	1	UTTARAPADA	pāri
ṇāka	1	UTTARAPADA	tri
ṇālika	1	UTTARAPADA	ṣaṇ
ṇāma	1	UTTARAPADA	parī
ṇāma-cātana	1	UTTARAPADA	dur
ṇāmika	1	UTTARAPADA	pāri
ṇāḍī-cakra	1	UTTARAPADA	ṣaṇ
ṇīthya	1	UTTARAPADA	grāma
ṇītya	1	UTTARAPADA	prā
ṇītā	1	UTTARAPADA	tri
ṇṛ	1	UTTARAPADA	svar
ṛcaka	1	UTTARAPADA	vāstu
ṛcam	1	UTTARAPADA	praty
ṛccha	1	UTTARAPADA	yad
ṛddhi-pāda-caraṇa-tala-supratiṣṭhita	1	UTTARAPADA	catur
ṛk-śata-gātha	1	UTTARAPADA	para
ṛta	1	UTTARAPADA	nair
ṛteya	1	UTTARAPADA	nair
ṛti	1	UTTARAPADA	nair
ṛtya	1	UTTARAPADA	nair
ṛṅ-mantra-dhyāna	1	UTTARAPADA	rudra
ṛṅga	1	UTTARAPADA	mana
ṛṇin	1	UTTARAPADA	nir
ṛṣabhā	1	UTTARAPADA	indra
ṛṣi-rājanya	1	UTTARAPADA	sa
ṛṣika	1	UTTARAPADA	sa
ṛṣīṇa	1	UTTARAPADA	sapta
ṣa-tama	1	UTTARAPADA	go
ṣadaka	1	UTTARAPADA	pāri
ṣadas	1	UTTARAPADA	apsu
ṣadhastha	1	UTTARAPADA	tri
ṣadi	1	UTTARAPADA	pathi
ṣadvara	1	UTTARAPADA	nṛ
ṣadyika	1	UTTARAPADA	nai
ṣahya	1	UTTARAPADA	nṛ
ṣahā	1	UTTARAPADA	parī
ṣak	1	UTTARAPADA	āyu
ṣakha	1	UTTARAPADA	strī
ṣaktha	1	UTTARAPADA	gauri
ṣamiddha	1	UTTARAPADA	su
ṣamidh	1	UTTARAPADA	su
ṣamṛddha	1	UTTARAPADA	triḥ
ṣan	1	UTTARAPADA	go
ṣanta	1	UTTARAPADA	duḥ
ṣapta	1	UTTARAPADA	tri
ṣatka	1	UTTARAPADA	pāri
ṣatya	1	UTTARAPADA	tri
ṣavaṇa	1	UTTARAPADA	tri
ṣavya	1	UTTARAPADA	su
ṣavāyaṇa	1	UTTARAPADA	śrī
ṣavī	1	UTTARAPADA	su
ṣaḍ-akṣara-mantra-rāja	1	UTTARAPADA	rāma
ṣaḍ-akṣara-stotra	1	UTTARAPADA	śiva
ṣaḍ-akṣara-vidhāna	1	UTTARAPADA	rāma
ṣaḍ-akṣarī	1	UTTARAPADA	sūrya
ṣaḍ-aśīti	1	UTTARAPADA	prācīna
ṣaḍ-bhāga	1	UTTARAPADA	bali
ṣaḍ-gava	1	UTTARAPADA	go
ṣaḍaṅghri	1	UTTARAPADA	śiñjad
ṣaḍgu	1	UTTARAPADA	nṛ
ṣaḍjā	1	UTTARAPADA	śuddha
ṣaṃhita	1	UTTARAPADA	dvi
ṣaṃsad	1	UTTARAPADA	svādu
ṣaṃsāda	1	UTTARAPADA	strī
ṣaṃvatsara	1	UTTARAPADA	tri
ṣaṃyukta	1	UTTARAPADA	tri
ṣaṇa	1	UTTARAPADA	su
ṣaṇana	1	UTTARAPADA	su
ṣaṇḍika	1	UTTARAPADA	dvi
ṣaṣṭhikā	1	UTTARAPADA	araṇya
ṣaṣṭhī-vrata	1	UTTARAPADA	kamala
ṣaṣṭika	1	UTTARAPADA	kṛṣṇa
ṣaṣṭikā	1	UTTARAPADA	kṛṣṇa
ṣaṣṭitama	1	UTTARAPADA	aṣṭa
ṣaṣṭy-upacāra-mānasa-pūjā-stotra-stotra	1	UTTARAPADA	catuḥ
ṣaṭ-cakry-upaniṣad	1	UTTARAPADA	nārasiṃha
ṣaṭ-caraṇa	1	UTTARAPADA	sūkṣma
ṣaṭ-ka	1	UTTARAPADA	kṣāra
ṣaṭ-pada	1	UTTARAPADA	tṛṇa
ṣaṭ-padī	1	UTTARAPADA	sūrya
ṣaṭ-pañcāśikā	1	UTTARAPADA	horā
ṣaṭ-sūtra	1	UTTARAPADA	śāṃtanava
ṣaṭ-takra-taila	1	UTTARAPADA	mahā
ṣaṭkā@tiga	1	UTTARAPADA	ūrmi
ṣaṭpadī	1	UTTARAPADA	viṣṇu
ṣedhikī	1	UTTARAPADA	nai
ṣedhā	1	UTTARAPADA	go
ṣeṇa-sūri	1	UTTARAPADA	malli
ṣeṇikā	1	UTTARAPADA	su
ṣikta	1	UTTARAPADA	su
ṣira	1	UTTARAPADA	su
ṣita	1	UTTARAPADA	su
ṣka	1	UTTARAPADA	prati
ṣkandha	1	UTTARAPADA	vi
ṣoḍaśa	1	UTTARAPADA	vṛṣabha
ṣoḍaśa-kāraṇa-pūjā	1	UTTARAPADA	bṛhat
ṣoḍaśa-nāman	1	UTTARAPADA	rāma
ṣoḍaśa-varṣa	1	UTTARAPADA	ūna
ṣoḍaśin	1	UTTARAPADA	ṣaṭ
ṣoḍaśī-ṭīkā	1	UTTARAPADA	rahasya
ṣoḍhā-nyāsa	1	UTTARAPADA	mahā
ṣpanda	1	UTTARAPADA	madhu
ṣparśa	1	UTTARAPADA	duḥ
ṣtambha	1	UTTARAPADA	vahni
ṣumat	1	UTTARAPADA	su
ṣumna	1	UTTARAPADA	su
ṣumṇa	1	UTTARAPADA	su
ṣupti	1	UTTARAPADA	su
ṣuti	1	UTTARAPADA	su
ṣuvarcaka	1	UTTARAPADA	tri
ṣvan	1	UTTARAPADA	tuvi
ṣvani	1	UTTARAPADA	mahi
ṣvanta	1	UTTARAPADA	duḥ
ṣvaseyī	1	UTTARAPADA	paitṛka
ṣvaṇas	1	UTTARAPADA	tuvi
ṣvaṇi	1	UTTARAPADA	tuvi
ṣyad	1	UTTARAPADA	raghu
ṣyanda	1	UTTARAPADA	madhu
ṣyandana	1	UTTARAPADA	niḥ
ṣāda	1	UTTARAPADA	nai
ṣādī	1	UTTARAPADA	go
ṣāmam	1	UTTARAPADA	niḥ
ṣārathi	1	UTTARAPADA	su
ṣāvin	1	UTTARAPADA	manyu
ṣāḍha	1	UTTARAPADA	su
ṣāṇa	1	UTTARAPADA	ṛṣi
ṣīma	1	UTTARAPADA	su
ṣūmā	1	UTTARAPADA	su
ṣūti	1	UTTARAPADA	su
ṣūya	1	UTTARAPADA	strī
ṣṇa	1	UTTARAPADA	nadī
ṣṇihya	1	UTTARAPADA	nai
ṣṭa	1	UTTARAPADA	go
ṣṭama	1	UTTARAPADA	surabhi
ṣṭambha	1	UTTARAPADA	divi
ṣṭarī	1	UTTARAPADA	dhenu
ṣṭarīman	1	UTTARAPADA	su
ṣṭha-gata	1	UTTARAPADA	go
ṣṭhava	1	UTTARAPADA	dauḥ
ṣṭhe	1	UTTARAPADA	go
ṣṭhika	1	UTTARAPADA	nai
ṣṭhikā	1	UTTARAPADA	agni
ṣṭhila	1	UTTARAPADA	gavi
ṣṭhin	1	UTTARAPADA	parame
ṣṭhina	1	UTTARAPADA	parame
ṣṭho@dumbara	1	UTTARAPADA	go
ṣṭhurya	1	UTTARAPADA	nai
ṣṭhya	1	UTTARAPADA	nai
ṣṭhāla	1	UTTARAPADA	madhu
ṣṭhāman	1	UTTARAPADA	su
ṣṭhī	1	UTTARAPADA	go
ṣṭhīvana-tā	1	UTTARAPADA	rakta
ṣṭhīvi	1	UTTARAPADA	suvarṇa
ṣṭhīvī	1	UTTARAPADA	rakta
ṣṭhṛ	1	UTTARAPADA	savye
ṣṭuk	1	UTTARAPADA	tri
ṣṭuka	1	UTTARAPADA	pṛthu
ṣṭup-chandas	1	UTTARAPADA	tri
ṣṭut	1	UTTARAPADA	agni
ṣṭā-varūtrī	1	UTTARAPADA	tri
ṣṭāva	1	UTTARAPADA	vi
ṣṭṛ	1	UTTARAPADA	savya
ṭamām	1	UTTARAPADA	dviṣ
ṭanu	1	UTTARAPADA	duṣ
ṭarām	1	UTTARAPADA	dviṣ
ṭaṅkaka	1	UTTARAPADA	śveta
ṭaṅkaṇa	1	UTTARAPADA	śveta
ṭha	1	UTTARAPADA	dvi
ṭika	1	UTTARAPADA	bṛhaṭ
ṭikka	1	UTTARAPADA	sūkṣma
ṭoma	1	UTTARAPADA	āyuṣ
ṭuta	1	UTTARAPADA	duṣ
ṭīkā-sarvasva	1	UTTARAPADA	daśa
ṭīra	1	UTTARAPADA	pātra
