uttarapada	n_left_members	left_members
tva	1246	abhedya abhidhāna abhidhāyaka abhihita abhijña abhinna abhirāma abhyātāna abhūta abuddha adakṣiṇa adbhuta adhika adhikṛta adhīna aditi aduṣṭa adya aghnya aguṇa ahaṃ ahetu ahārya aindriyaka aja ajña ajñāna ajāmi akartṛ akaruṇa akiñcana akṣaya alasa alaukika alolupa alpa alubdha amama amara amartya amedhya amita amā amṛta anaikāntika ananta ananya anaparādha anapekṣa anarghya anartha anavadya anavasthita andha aneka anekānta anitya aniṣpanna antarbhūta anunāsika anuvādya anyathā anādi anārabhya anārya anīśa anīśvara anūkti anṛṇa apakaṣāya apakṛṣṭa apara apaṭu aphala aprabhu apradhāna aprajana aprayukta apuṃs apāṇi apūrva arhat ari arka aroga arthi aruṇa arūpa asadṛśa asaha asahiṣṇu asama asamartha asat asaṃjña asaṃketita askanda askanna aspṛha aspṛśya astabdha asthira asti asura asuṣira asva asādhu asādhya asṛk atithi atiśreṣṭha audgrabhaṇa audumbara aupadeśika aupayika autsargika avacanīya avadhya avadhāna avaivartika avalipta avarjanīya avastu avibhakta avibhājya avidyamāna avijñāna avikriya avivakṣita aviśvasanīya avyatha avyaya avyāpaka avācya ayakṣma ayogya ayukta ayājya ayātayāma aśakya aśeṣa aśiṣṭa aślīla aśocya aśruti aśuci aśva aṅga aṇu aṣṭa badhira bahiṣ bahu bahula baka ballava balīyas bandhaka bandhu bandi bhadra bhagavadīya bhagavat bhairava bhakta bhaktṛ bharaga bharata bhartṛ bhaviṣyat bhayānaka bhaṇḍa bhinna bhiṣak bhoga bhogya bhojya bhoktṛ bhrama bhrātṛ bhujaga bhājana bhāryā bhāsaka bhāsura bhāsya bhāva bhāvi bhāvya bhīru bhīṣaṇa bhūmi bhūta bhūya bhūyas bhṛt bhṛtya boddhṛ bodhaka bradhna brahma brāhmaṇa brāhmaṇī budbuda buddha bādhaka bādhita bādhya bāhya bāla bālaka bāliśa bīja bṛhat bṛṃhaṇa cala candra catura cañcala cañcu caṇa caṇḍa caṇḍāla cetana chandas chāndasa cikkaṇa codita cākṣuṣa cāraṇa cāru cāturmāsya cūrṇa dahanīya daiṣṭika dakṣiṇa dakṣiṇā daridra dayālu daśa daṇḍa deha deva devatā devī deśī dhanya dharma dhavala dhenu dhruva dhvani dhārmika dhārya dhāryamāṇa dhīra dhūrta dhūsara dhṛṣṇu dhṛṣṭa divya doṣa drava dravya draṣṭṛ druta dugdha duhitṛ duṣṭa dveṣya dvi dvija dvitīya dviṣa dviṣṭa dvādaśa dvāra dāsa dāsī dātṛ dāśa dīkṣita dīpta dīrgha dūra dūta dūṣita dṛśya dṛḍha dṛṣṭa eka etāvat gadgada gahana gaja gamaka gambhīra gamya gandharva garbha garbhita garbhiṇī garīyas gaura gauṇa gaṇa ghana gharma ghaṭita ghora ghoṣṭṛ ghāti ghṛta ghṛṇi go gopa gopanīya graha grahaṇīya granthi grasta grāhaka grāhya grāma grāmya guru guṇa guṇya gārgya gāḍha gīs gūḍha ha hantṛ harita hañjikā haṃsa hetu heya hotṛ hrasva hāridra hāsya hīna hṛdya indra indriya iyat iṣṭa iṣṭi janaka jani janya jarjara jaḍa jaṅgama jaṅghāla jaṭhara jihma jugupsita juhū jvalat jyeṣṭha jyāyas jña jñeya jñāna jñāti jñātṛ jāmi jāmātṛ jāti jāyā jīrṇa jīva kabandha kala kalla kalpita kaluṣa kalya kamanīya kaniṣṭha kanyā kanīyas kapaṭa kapi karaṇa karkaśa karma kartavya kartṛ kartṛka kauśika kavi kaṣṭa kaṭhina kaṭhora kaṭu kaṭuka kevala khala khara khañja kilāsa kiṃ klinna kliṣṭa klība komala kovida krakara krīta krūra kulīna kumāra kuñjara kuśala kuṇi kuṇḍalikā kuṇṭha kuṭila kādācitka kāka kālika kālpanika kāmi kāmuka kāmya kānta kāpuruṣa kāraṇa kārmaṇa kārya kātara kāvya kāṇa kūṭa kṛkalāsa kṛpaṇa kṛta kṛtrima kṛtsna kṛśa kṛṣṇa kṣama kṣatriya kṣayi kṣaṇika kṣudra kṣāma kṣība kṣīṇa laghu laghīyas lakṣaṇa lakṣita lakṣmī lakṣya lampaṭa laukika lavaṇa lavitavya laṅghanīya likhita lipi liṅga lohita lola lolupa lubdha lākṣaṇika līna madhu madhura madhya mahas mahat mahi mahiṣa mala malina mama manas manda manmana mantri manu manuṣya martya masṛṇa matkuṇa mayūra maṇḍala medhya megha mithuna mithyā mitra miṇmiṇa mlāna mugdha mukhya mukta mumukṣu muni mādaka māduṣa māna mānasa māni mānuṣa mānya mārakata mātaṃga mātra māṃsa mūka mūla mūlaka mūlya mūrkha mūrta mūrti mūḍha mṛdu mṛga mṛgī mṛṣā nagna naimittika nakula namra nara nava nayana naśvara netṛ nimitta nimna nitya niśāda niṣṭhura nyāya nyāyya nyūna nābhi nānā nātha nāyaka nāśya nīca nūtana nṛpa pada padanīya pakṣa pakṣi para paridhūsara paridurbala parikṛśa paruṣa paryavadāta paryutsuka paryākula paryāya parāk parāsu parṇa pati patita patnī pauruṣa pauruṣeya pavitra pañca paśu paṅgu paṇa paṇḍaka paṇḍita paṭhita paṭhitavya paṭu peśala peśī phala phalaka phalgu picchila pitṛ piñjara piśaṅga piśāca piṅgala piṇḍa plakṣa plava pluta pota prabala prabhu prabhūta pracura pradhāna prahva prakṛti pralaya pralīna pramukha pramā pramātṛ pramāṇa prapañca prastuta prathita pratiṣṭhā pratyak pratyakṣa pratyaya pratyākṣepaka pratīka prauḍha pravīṇa prayata prayāja praśasta praśiṣya praṣṭha preraka preta preyas preḍaka priya prācīna prājāpatya prākṛta prāpta prāyaṇīya prāyika prāṇa prāṇi puruṣa putra puṃs puṇya puṣṭa pācaka pāntha pāpa pāpīyas pārada pāraśava pārthiva pātra pāvana pāśa pāṅkta pāṇḍu pīna pīta pīvara pīḍita pūjya pūrva pūrṇa pūtanā pṛthak pṛthivi pṛthivī pṛthu pṛśni pṛṣat racita rahita rakta rakṣas ramaka ramaṇīya ramya rasa rasika rañjana reṇu rodas rohiṇi rohiṇī ruci rudra rugṇa rāja rājamāna rājanya rājasa rākṣasa rāma rūkṣa rūkṣita rūpa sabhya saciva sadyas sadātana sadṛśa saha sahita sahiṣṇu sahāya sakhi sakta salila sama samartha samaveta samavāya samavāyi sambandhi sambhāra sambhūta samit sammita sammukhīna sammūḍha sampramugdha sampādaka sampādita sampṛkta samudra samutsuka samyak samādhi samākula samāna samāśrita samīcīna samīpa sapakṣa sapatna sapatnī sapha saphala sara sarala sarasa sarpa sarva sat sattra satya satī saubhaga saukṣmya saumya sautrāmaṇī sauvidalla saya saṃcāri saṃdeha saṃdhyā saṃdigdha saṃdṛbdha saṃhata saṃjñā saṃkhya saṃkṣipta saṃskāra saṃskāraka saṃskṛta saṃsthā saṃstuta saṃsṛṣṭa saṃvedya saṃvṛta saṃyat sendra sendriya sevi sevya siddha sikatā simā siṃha skanda skanna smara smartṛ smāraka snigdha snuṣā socchvāsa soma somaka sopādhika sopāna spara sparśa sphuṭa spṛhaṇīya sraṣṭṛ srāvaka stabdha stambhita sthira sthāna sthāvara sthāyi sthūla stimita stoka straiṇa strī stutya stāvaka suhṛt sukha sukhi sundara supta suta suṣira sva svaccha svarita svasṛ svedana svābhāvika svāmi sādhaka sādhana sādhanīya sādhu sādhya sādhāraṇa sādi sāgara sākāṅkṣa sākṣi sāma sāmayika sāmya sāmānya sāndra sāpekṣa sāra sārathi sāriṣṭha sārthaka sātma sāvakāśa sāvayava sāyujya sāṃgrāmika sāṃnāyya sāṃśayika sūda sūkṣma sūta sūtrita tadā taila tantra tantu tanu tapya tarala taraṇi taskara tat tata tathā tejas tiryak tittiri tretā tri triṃśat tuccha tulya tuṅga tāmra tānūnaptra tāraka tārkika tātkālika tāttvika tīkṣṇa tṛtīya tṛṇa ucca uccais ucchiṣṭa ucita udbhaṭa udbhūta uddhata udvāṣpa udāra udātta ugra ujjvala ujjvalita ukta unmatta unnata upabhogya upadeṣṭṛ upahāra upakāraka upalakṣaṇa upamāna uparama upasat upasaṃśliṣṭa upaśaya upādeya upādāna upāya upāṃśu uru utkṛṣṭa utpanna utpraveṣṭṛ utsuka uttama uttuṅga uṣṇa uṣṭra vacana vacanīya vadhya vadhū vaideśika vaidha vaidika vaikalpika vaikuṇṭha vaikṛta vaimānika vaira vairi vairodhaka vaisarjana vaiśya vaiṣṇava vajra vakra vaktavya vaktṛ vakṣyamāṇa vallabha vandhya vandhyā varayitavya vardhanīya vartamāna varti varuṇa varṇa vasiṣṭha vastu vasu vatsa vatsala vayasya vayasyaka vaśa vaśi vaśya vaśā vaṇik veda vedanīya vedi vedya vedāṅga vegi vettṛ veśa veśyā vibhakta vibhinna vibhāga vibhāva vibudha vicitra vidagdha viddha videha vidheya vidhi vidhu vidhura vidvat vidyamāna vidyā vidūra vigata vighana vigīta vihita vihvala vijña vijñeya vikala vikalpa vikaṭa vikāra vikṛta vilola vimala vimukha vimāna vinīta vipakṣa viparīta viphala vipra viprakṛṣṭa vipula virata virodhi viruddha virāṭ visra vistīrṇa vitata vivaktṛ vivecaka vivikta viśeṣa viśeṣaṇa viśeṣya viśiṣṭa viśrabdha viśuddha viśāla viṣa viṣakta viṣama viṣaya viṣayaka viṣaṇṇa viṣṇu viṣṭa vrātya vyabhicāra vyabhicāri vyagra vyakta vyakti vyartha vyasani vyasta vyatirikta vyavahriyamāṇa vyavahāra vyavasthita vyavasthāpaka vyaveta vyayi vyañjaka vyaṅga vyāghra vyāhata vyākula vyāla vyāpaka vyāpi vyāpya vyāsa vyāvahārika vyāvṛtta vyāyata vācaka vācya vācāla vādi vāha vāhaka vāhana vāhi vāhya vāji vākya vālukā vāma vāmana vāstava vāvadūka vāyu vīra vṛddha vṛkṣa vṛthā vṛtra vṛtta vṛtti vṛṣa vṛṣabha vṛṣala ya yajamāna yakṣa yakṣiṇī yakṣī yama yamaka yasya yati yaugika yaṣṭṛ yoga yogi yogya yoni yukta yuva yājaka yājya ābhāsa ācarita ācchādaka ācārya ādaraṇīya ādhāra ādhāyaka ādi ādima āditya āgata ākula ākīrṇa āmiśra āmiṣa āmuṣmika ānaddha ānumānika ānuṣaṅgika āpekṣika āpeya āpi āpyeya ārdra ārtha ārya āspada ātma āviṣṭa āyatana āyatta āścarya āśraya āśrayaṇīya āśrita āśu īśa īśvara śabala śabda śaila śakra śakti śakvarī śakya śalabha śara śarkara śarīra śatru śauca śauvastika śaṃ śaṭha śeṣa śilpa śilā śiraska śithila śiva śiśu śiṣya śiṣṭa ślatha śloka śoṇita śraddheya śravya śreyas śreṣṭha śrotriya śruta śrāddha śrāvaka śrāvaṇa śrāvikā śrūyamāṇa śubhra śuci śuddha śuka śukla śulka śuṣka śuṭīra śyāma śyāmala śābda śāli śālā śālīna śānta śāra śāstra śāstrīya śāstṛ śāva śāśvata śāṃtanu śīghra śīla śīrṇa śīta śītala śūdra śūna śūnya śūra śṛta śṛṅkhala ūna ūrdhva ūṣma ḍittha ḍiṇḍima ḍākinī ḍāmara ḍāmbhiṭṭa ṛju ṛṣi ṣa ṣaṇḍa ṣaṇḍha ṣaṭ ṣoḍaśa ṣoḍaśi
vat	1136	abaddha abala abhijana abhimāna abhirūpa abhukta abhyamana abhyucchraya abhyāsa abhīta adhikāra adhvara adri adṛṣṭa agha agni agra agriya aguṇa ahiraṇya aiśvarya akṣa akṣan akṣara alpa ama amantra amara amarṣa amu ananta anapatya anas anna anta antar anurāga anusvāra anuvākyā anuyāja anuśaya anvaya anāgata anātma anāyatana anīka apara aparyāpta aparādha apasavya apatya apidhāna aplava apnas apnavāna apramatta apratibodha apāṣṭha apūpa apūrva araṇya arci arcā arepha arka artha arūpa arṇas asahāya asaṃcaya asaṃtoṣa asaṅga asmad asneha asthan atana atharva atithi atiśaya atiṣṭhā atri autkaṇṭhya autsukya avadhāna avadya avaguṇṭhana avagāḍha avakāśa avaroha avas avidyamāna avijñāna avikāra aviśeṣa avrata avyabhicāra avyaya avāpta avīrya aya ayathā ayatna añjana aśana aśanāyā aśma aśman aśruta aśukla aśva aṃśa aṅgiras aṅkura bahu baka bala bandhu barha bhadra bhaga bhaikṣa bhargas bhastrā bhaṅga bhikṣā bhinna bhoga bhrājas bhrātṛvya bhukta bhuvad bhā bhāgya bhājana bhāna bhāra bhāratī bhāryā bhās bhāva bhāvita bhīta bhūta bila brahma brāhmaṇa buddha budhna bāhu bāṇa bīja bṛhad bṛhaspati cakra cakrī canasita candra candraka caraṇa caritra carma caṇḍa caṣāla ceṣṭā chandas chandoma chattra chinna chāyā cintā citi citra citta cātvāla cīvara cūḍā dadhan dadhi dahana dakṣiṇā danta darī darśita dat datta dattra dauhitra dayā daśā daṇḍa deha deva dhairya dhana dharma dhiṣṇya dhurya dhvaja dhvasman dhyāna dhāma dhānya dhānā dhāraṇā dhārā dhī dhūma dhūr dhṛta didṛkṣā doṣa drapsa draviṇa draviṇas dravya druma dukūla duvas dvitīya dvār dvāra dvīpa dyumna dāha dākṣiṇya dāman dāna dīpa dīrgha dūrvā dūta dṛṣad dṛṣṭa edha ehi eka enas etad gahana gaja gamana gandha garaṇa gata gaurava gaṇa gharma ghaṇṭā ghoṣa ghṛta ghṛṇā gnā grabhaṇa grahaṇa grāha grāhya grāma gulma guru guṇa gātra gīr gṛha gṛhya haras hari harit harṣa hasta hava haṃsa helā hema heṣas hima hiraṇya hita homa hārda hāta hūta hṛdaya hṛṣṭa icchā idhma iha indhana indra indriya irā iti iḍā iṣa iṣṭakā jaghni jala jana jani janma jarā java jaya jaṭā jihvā juhū juṣāṇa jyotsnā jyāyas jñāna jā jāgarita jāla jāmba jāmi jāta jīrṇa jīva jīvana jṛmbhā ka kad kakubh kakud kakuda kalaha kalatra kalyāṇa kalā kanda kandara kanyā kapāla kara karaṇa karaṇḍaka karma karṇa karṇaka kaupīna kautuka kaśā kaṇva kaṇṭaka kesara keśa khaḍa khaḍga khādita kiṃ kiṇa kleda kliśita klība kopa kośa koṣṭha koṭara krama krauñca kriyā krīḍā kula kulāla kumud kumāra kusuma kusumbha kutūhala kuśa kuśala kāka kāla kāma kāraka kāraṇa kārita kārya kāsa kāya kāṇḍa kāṣṭha kūla kṛpā kṛpāyita kṛta kṛtya kṣaita kṣama kṣamā kṣatra kṣema kṣud kṣudhā kṣuta kṣāma kṣīra kṣīṇa labdha lajjā lakṣaṇa lakṣmī lalāma laulya lava lipta liṅga lobhita loha lohita loka lolūyā loma loṣṭa lābha lāla lāvaṇya līlā mad madhu magha mahad mahas mahimā majjan makaranda makha mala manana manas manmatha manthi mantra mantri manu marta marut mata mati matsara mayūkha maṅgala medas medhā megha meha mehanā mekhalā mitra moha mokṣa mudga mudā mugdha mukha mukti mumuṣiṣu muñja muṣka mālya mālā māna māra mātrā mātṛ māya māyā māṃsa mīna mūka mūla mūrchā mūrdhan mūḍha mṛjā mṛta mṛṇāla mṛṣṭa nabhas nabhāka naga nakta namas nara nas navya naya nayana naḍ naṣṭa nirukta nirāhava nisṛṣṭa nitamba nyāya nāda nāga nāma nāsika nātha nīla nūpura nṛ odana ogha oman omyā pad padma pakva pakṣa palita para paribodha parva paryāpta parā parāga parṇa pastyā patnī pautrikeya pavamāna pavitra pavīra payas pañcama paśu paṅka paṇya paṇḍā peśas peṣaṇa phala phaṇa phaṇā phena phulla piccha piciṇḍa pipīlikā pitta pitṛ plakṣa plava pluta prabala prabhā pradeśa pradāna praharṣa prahā prajñā prajā prakāra prakṛti pramatta pramāda pramāṇa prasaṅga prastha prasthita prasthāna prasāda prathas prati pratihāra pratiṣṭhā pratna pratta pratyakṣa pratīka pravara pravat pravaṇa pravibhāga pravāla prayas prayojana prayāja praśraya praśākha praṇaya prekṣā prema preta preti priya prokta proṣita prāg prāpta prāṇa puccha punar puraṃdhi puro puruṣa purāṇa purīṣa putra puṃ puṃs puṃsa puṇya puṇḍarīka puṣpa pāda pājas pāka pāma pāna pātheya pāvaka pāśa pāṭha pīta pīvas pūjā pūrva pūṣaṇ pṛśni pṛṣad rabhas rakṣita rakṣā rasa rasita rata ratha ratna raya rayi raśmi rekṇas repha retas rocanā rodhas rohita roma rorudā rucita rudra rujā rukma rādhā rāga rāja rājan rājanya rūpa sa sabhā sad sahas sahasra sahāya saikata sajāta sakhi sakta salila samabhyuccaya samarthita samañjana sambheda sambhoga samid samiddha samidhyamāna sampāta samudācāra samupayukta samāsa samṛddhi sapta saras sarasvati sarasvatī sarit sarpiṣ sarva sasya sattva satya saubhāgya saugandhika saujanya saumanasya saurājya saṃcaya saṃdarbha saṃdiṣṭa saṃghāta saṃgraha saṃhanana saṃhitā saṃhṛṣṭa saṃjvara saṃjñā saṃkalpa saṃkhyā saṃnyāsa saṃrambha saṃsarga saṃskāra saṃskṛta saṃsthita saṃsthāna saṃsāra saṃtoṣa saṃtāna saṃtāpa saṃyama saṃyata saṃyāma saṃśapta saṃśrita siddha sidhma sidhrakā sikatā sina skandha skhalita sneha snuṣā snāta sodarya soma soḍha soṣma spardhā sparśa sphuliṅga spṛhā srag srotas srug stanayitnu sthairya sthita sthāma sthāna sthāni sthāpita sthāṇu stibhi stobha stotra stuta sudhā sukha sula surā suta suvar suvarṇa suṣira sva svadhā svana svapna svar svara svarga svarita svācāra sādhana sādhu sādhya sāgara sāhasa sāhasra sākṣi sāma sāman sāmarthya sāmānya sāra sārtha sāsnā sāvitra sāṃnāyya sīmanta sūci sūda sūna sūnṛtā sūra sūrya sṛga sṛka sṛṣṭa tad takṣa tamas tamo tapas tapo taras tardma taskara tata tavas taviṣī taḍit taḍāga tejas tejo tigma toka toya trapā tri tulya tulā tunda tvag tvarā tyakta tīrtha tūṇa tṛṇa ubhaya udaka udan udara udaya udbhāsa udgrāha udvāsa udātta ujjeṣa ujjhita ukta uktha unmatta unmāda upacāra upadeha upadeśana upagata upagūḍha upakaraṇa upamāna upasṛta upayāma upaśama upāya uras urvarī utsaṅga utsāha utsṛṣṭa utthāna uṣma vahni vaidagdhya vaikṛta vailakṣya vaira vaiśvānara vajri vala valaya valka valkala vapā varcas varma vartamāna vartita varāha varṇa varṇita varṣa varṣma vasana vasiṣṭha vastra vastu vasu vatsa vayas vayuna vayā vañcana veda vedi vega vetra veśa veṣa vi vibhava vibhāga vibhūṣaṇa vibādha vicāra vidhi vidyud vidyut vidyā vidāha vighna vigraha vihita vihāra vijaya vijita vijñāna vikalpa vikāra vilāsa vimarśa vimāna vinaya vindhya vinoda viparīta vipra vipratisāra vipīta virodha virāga vismaya vismṛta visṛṣṭa vitta vitāna viveka vivṛta viśaya viśeṣa viśeṣaṇa viśrambha viśruta viśva viśvasta viśvā viṣa viṣaya viṣkambha viṣu viṣāda viṣāṇa viṣū viṣṇu vrajyā vrata vraṇa vrīḍā vyabhicāra vyacas vyapadeśa vyasana vyathā vyatikara vyatiṣaṅga vyavadhāna vyavahāra vyavasāya vyaya vyāla vyāpāra vyāyāma vācya vāditra vāg vāja vājinī vāra vārdālī vāta vāyu vāṇa vāṇī vīra vīriṇa vīrya vīta vīṇā vṛjina vṛkṇa vṛkṣa vṛtta vṛṣa vṛṣaṇ vṛṣṭa yad yajña yama yantra yathā yatna yauvana yaviṣṭha yayāti yaśas yaśo yoga yuddha yukta yuvā yuṣmā yābha yāna yūpa yūpaka ācāra ācārya ādara āditya ādāna āgama āhuti ākopa ākāra ākāśa ālambana āliṅgita āloka ālāpa āpyāna āpyāyana āpīna ārambhaṇa ārogya ārūḍha ārṣeya āsan āsañjana āsecana āstaraṇa āsvāda ātapa ātithya ātma ātman āvṛt āyatana āyuṣya āyāma āśraya āśā āḍambara śabda śacī śaivala śakala śalya śalyaka śalākā śama śamī śapha śapta śara śarad śardha śarkarā śarma śarpaṇā śaryāṇa śarīra śastra śata śatru śatā śauca śaurya śayita śaṃ śaṅkha śaṣpa śepyā śeṣa śikhā śikya śikṣā śilpa śimī śipra śleṣma ślu śmaśru śoka śraddadhāna śraddhā śrama śrita śrotra śruta śrī śuddha śuka śukla śukra śuna śuṣka śuṣma śva śvabhra śvasana śvastana śādvala śālā śāstra śāṭhya śīla śīrṣaṇ śītikā śūka śūla śūna śūnya śṛṅga śṛṅgāra ūha ūrjas ūrṇā ūṣa ūṣma ṛghā ṛk ṛkṣa ṛta ṛtavya ṛtviya ṛṇa ṛṣabha ṛṣi ṣāḍguṇya ṭaṃkāra ṭaṅka
tā	1058	abhedya abhidheya abhihita abhijña abhijāta abhimata abhimukha abhimāna abhiniviṣṭa abhinna abhipāṇḍu abhirāma abhirūpa abhyamitrīṇa abhyarhaṇīya abhyarṇa abhyāsa abhīṣṭa aceṣṭa acākrika adhika adhimitra adhīna adhīra agni ago aguṇa agṛha ahata ahaṃ aja ajña ajñāna ajāmi ajīryat akalka akiñcana akula akāma akṣama akṣaya akṣuṇṇa alasa alaṅghanīya alokya alpa alīka amama amanuṣya amara amaraṇīya amartya amedhya amitra amla amogha amāna amātsarya amṛta anagna anaikāntika ananta ananubhāvaka ananya anapatya anavadhāna anavadya anaśana andha aneka anitya antika anubhāvaka anukūla anutsuka anutsāha anya anārya anīśvara anṛśaṃsa anṛṇa apakva apakāra apakṛṣṭa apakṣa apara apati apatuṣāra apatya apaśu apaśālīna apaṅka apaṭu aphala apradhāna aprajas aprakampa aprakḷpta apramāda apratidvandva apratyakṣa aprayukta aprājña aputra apūrva apūrṇa ari aroga arogya arthi aruṇa arūkṣa arūpa asahana asahiṣṇu asahāya asama asat asatya asaṃdheya asaṃkhyeya asmi astabdha asti asustha asva asādhya asāra asāvadhāna atirikta audumbara audārya aupayika avacanīya avadhya avadhāna avahita avahāsya avalipta avamāna avarjanīya avastra avastu avaśeṣa avibhājya avidyamāna avijña avipāka avitṛpta aviveka aviśrambha avyaṅga avyāpaka avācya avārya avīra ayogya ayukta ayātayāma aśakya aśeṣa aśiśira aśiṣṭa aślīla aśma aśocya aśuci aśānta aśūnya aṅga aṇu badhira bahala bahu bahula ballava bandhu bandi barbara bhadra bhagna bhakta bhartṛ bhasma bhavitavya bhaviṣyat bhavya bhayānaka bhaṅgura bhedanīya bheṣaja bhogya bhojya bhrājiṣṇu bhujiṣya bhājana bhānu bhāsa bhāvi bhāvya bhīma bhīru bhūri bhūta bhūṣaṇa bhṛtya bhṛśa brahma brahmaṇya brāhmaṇa bādha bādhaka bāhu bāhya bāla bāliśa bālya bāndhava bāṇa bībhatsa cala capala catura cañcala cañcu caṇḍa caṇḍāla cetana chala chidra chāndasa chāttra cikkaṇa cira cākrika cāru cūcuka cūrṇa dahana dahanīya daiṣṭika dakṣa daridra dayālu deva dhairya dhanika dhanya dharma dharmiṣṭha dhavala dhurya dhānuṣka dhānya dhārmika dhīra dhūma dhūrta dhṛṣṭa divya drava dugdha durga duḥkha duṣṭa dveṣya dvi dvitīya dviṣa dvādaśa dvāra dyūta dākṣiṇya dāruṇa dāsa dātṛ dīna dīrgha dūra dūṣaṇa dṛśya dṛḍha eka gadgada gaja gamaka gambhīra gamya garbha garbhita gaṇa ghana ghora ghurghura go gopa gopanīya graha grahaṇīya grāma grāmya guru guṇa guṇi gāḍha gūḍha gṛdhnu harṣaṇa haṃsa hetu hrasva hāsya hīna hṛdya indra iyat iṣṭa jala jana janaka janya japa jaḍa jighṛkṣu jigīṣu jihma jyeṣṭha jña jñeya jñāta jāra jāti jīrṇa jīvana kabandha kala kalatra kalla kalmāṣa kalpa kaluṣa kalya kamanīya kaniṣṭha kapaṭa karaṇa karma karmaṇya kartavya kartṛ karṇa kathaṃ kautuki kautūhala kauśika kavala kavi kavya kaṣāya kaṣṭa kaṭhina kaṭhora kaṭu kaṭuka khala khañja khaṇḍa kiṃ klība kola komala krīḍanaka krūra kubja kulīna kuśala kuḍmala kuṇṭha kuṭila kādācitka kāka kāla kālika kālpanika kāmi kāmya kāpuruṣa kāraṇa kāruṇika kārya kātara kāvya kūṭa kṛcchra kṛmi kṛpālu kṛtrima kṛtsna kṛtya kṛśa kṛṣṇa kṣama kṣatriya kṣayita kṣaṇika kṣetra kṣipta kṣubdha kṣudra kṣāma kṣība kṣīṇa laghu lakṣa lakṣya lampaṭa laulya lavaṇa laṅghanīya lohita loka lokya lola lolupa lubdha lupta luṇṭhāka lālasa lāñchana līna madhura madhya maha mahat mahi maitra malina mama manda manthara mantri manuṣya martya marāla mayūra medhya mitra miśra miṣṭa mleccha mlāna mogha mugdha mukhara mukhya mukta mumukṣu muni muṣṭi mādaka māna māni mānuṣa mārgaṇa mātra mātṛ mīna mūka mūla mūrkha mūḍha mṛdu nagna namra nara nava naṭa netra nibha nidhana nighna nimitta nimna nindya nipuṇa nitamba nitya niṣṭhura nyāya nyūna nāda nāgara nīca nīla nūtana nṛ pada padma pakva pakṣa pakṣati palāśa para parakīya parama parijana parimanda parimanthara parimaṇḍala parivihvala paryāpta paryāya parāsu pauruṣa pavitra pañca paśu paṅgu paṅka paṇa paṇya paṇḍita paṭaha paṭu phala phalgu phena piñjara piśaṅga piśuna piśāca piṇḍa prabala prabhu prabhūta pracaṇḍa pracura pradhāna prajña prakāra pralaghu pralamba pralaya pralīna pramatta pramukha pramātṛ pramāṇa prasupta pratyakṣa pravaṇa pravīṇa prayata praśasta praśaṭha preyas priya prācīna prāya prāñjala prāṃśu puruṣa putra puṇya puṣṭa pāpa pārthiva pārṣada pātra pāṅkta pāṇḍu pāṇḍura pāṣaṇḍa pīna pīta pīyūṣa pīḍita pūjya pūrva pūrṇa pṛthak pṛthu pṛṣat rakta ramaṇīya ramya rasa rasika rasyamāna raudra rikta ripu rogi roṣaṇa ruci rugṇa rābhasika rāgi rāja rākṣasa rūkṣa rūpa sabhya saciva sadhana sadyas sadṛśa saha sahiṣṇu sahya sahāya sajja sakhi sakta sama samakṣa samarpaka samartha samaṣṭi sambandhi sambhinna sammūḍha sampanna sampriya sampūrṇa samudānaya samutsuka samutsāha samyak samākula samāna samīcīna samīpa sapakṣa sapatna sapiṇḍa sapti sarala sarasa sarpa sarva sat sattva satya satī saumya saṃcāri saṃdaṣṭa saṃdigdha saṃdāna saṃhata saṃjña saṃkara saṃkhya saṃkīrṇa saṃnikarṣa saṃsakta saṃskāra saṃvedya saṃvṛta sendra sevi sevya sikta siṃha skanda smara smera snehala snigdha somya sotsāha soṣma spardha sparśa spaṣṭa sphuṭa sphīta spṛhayālu spṛhaṇīya spṛṣṭa srasta sraṣṭṛ srotas stabdha stambha sthala sthira sthita sthiti sthāna sthāsnu sthāvara sthāyi sthūla stimita stoka straiṇa strī suhṛt sukha sukhi sundara supta sura surabhi suṣira suṣṭhu sva svaccha svaira svairi svara svasti svādu svāmi sādhaka sādhana sādhu sādhya sādhāraṇa sāhasika sāhaṃkāra sākāṅkṣa sākṣara sākṣi sālokya sāmarṣa sāmya sāndra sāntarāya sānukrośa sāpekṣa sāra sārameya sārthaka sārūpya sārṣṭi sātma sāvadhāna sāyujya sāśaṅka sāṃnidhya sūci sūda sūkara sūkṣma sūnu sūta tantra tantri tanu tarala taru taruṇa taskara tathā tigma timira tiraśca tiryak toka tri tulya tvan tāmra tārtīyīka tīkṣṇa tīvra tṛpta tṛtīya tṛṇa ucca ucchiṣṭa udāra udāsīna udātta udīrṇa ugra ujjvala ullasa ullāgha unmanaska unmatta unmukha unnamra unnidra upadeśa upadigdha upahāra upahāsya upalakṣaṇa upamāna upādāna upāṃśu uru utka utkṛṣṭa utsuka uttama uttarīya utthita uttuṅga uṣma uṣṇa vacana vacanīya vadhya vaikalpika vaikalya vaiklavya vaimātra vaira vairi vairāgya vairūpya vaivadhika vaiśya vajra vakra vaktavya vaktṛ vallabha vandhya vandya vara vardhanīya vartamāna varti varṇa vastavya vastu vasu vatsala vañcana vaśa vaśi vaśya veda vedanīya vedhya vedi vegi vibhinna vicchinna vicitra vidagdha vidhava vidheya vidhura vidhvasta vidura vidvat vidyamāna vidūra vihvala vihīna vijña vijñāna vikala vilola viloma vimala vimukha vimukta vimāna vinata vinaya vinīta vipakṣa vipanna viparīta viphala vipra vipula virala viriñca virodhi viruddha virāma virūpa vispaṣṭa visra vistara vistīrṇa vitatha vivecaka viveka vivikta vivṛta viyoga viyukta viśada viśeṣaṇa viśeṣya viśiṣṭa viśrabdha viśrambha viśuddha viśāla viśīrṇa viṣa viṣaya viṣaṇṇa viṣṭabdha vraṇa vrātya vyabhicāra vyabhicāri vyagra vyakta vyakti vyartha vyasani vyasta vyatirikta vyayi vyaṅga vyādha vyāghra vyākula vyāmiśra vyāpaka vyāpya vyāyata vācaka vācya vācāla vācāṭa vāhana vāhi vāji vākya vāma vāmana vātsalya vāvadūka vīra vṛddha vṛtti vṛṣa vṛṣala vṛṣya vṛṣṭi yajña yakṣa yama yaṣṭṛ yogi yogya yuva yāciṣṇu yājya yāmika yātavya ābhāsa ācārya ādhi ādhāra ādi ākula ākīrṇa ālokanīya āma āmiṣa ānanda āpāṇḍu ārambha ārdra ārogya ārta ārya āspada ātma āvaśyaka āyatta āścarya āśvāsanaśīla āḍhya īrya īśvara śabala śaila śaiva śakti śakya śalabha śara śarabha śaravya śaraṇya śarīra śasta śatru śauṇḍa śauṇḍīra śauṭīra śaṭha śekhara śeṣa śikhi śithila śiva śiśira śiśu śiṣya śiṣṭa ślakṣṇa ślāghanīya ślāghya śocanīya śocya śoṇa śraddadhāna śraddheya śreṣṭha śrotra śrotriya śruti śrīla śrīmat śubhra śuci śuddha śuka śukla śuṣka śuṭīra śveta śvāsa śyāma śyāmala śyāva śāli śālīna śāmya śānta śāpa śāra śāśvatika śīghra śīla śīrṇa śīta śītala śūdra śūnya śūra śṛṅgāra śṛṅkhala ūna ūrdhva ḍittha ṛju ṛṇa ṛṣabha ṣaṇḍa ṣaṇḍha
ja	461	abdhi abhimṛṣṭa abhūmi abja acyuta adeśa adhri adhyūḍha aditi adri adṛṣṭa aga agni agra aiśāna akāla akṣa amara amarṣa ambho ambu anantara ananya aneka anna anta antar antya anuloma anupūrva anya anārya anūpa apadhvaṃsa apara apsu apāka araṇya arka arṇava asra asthi audaka avani avara avaṭu ayatna ayoni aśma aṅga aṅguli aṇḍa bala bhadra bhramara bhrātṛ bhrāṣṭra bhānu bhāva bhūmi bhūri bhṛgu bhṛṅga bilva bisa brahma brāhmaṇa bāhu candra carma chanda cira citra citta cīna dadhi dala danu deha deva deśa dhanva dharaṇi dharma dhātu dhūma diti divi doha drava droṇī dvaṃdva dvi dvā dvīpa dāru dūra eka etaj gandha gaurī gaṅgā ghana ghrāṇa giri guda gādhi gāthi gūḍha gṛha hari harṣa haḍḍa haṃsa hema heḍa hima hīna hṛdaya hṛj ikṣu indra indu irā jaghanya jala jarāyu jiṣṇu jāra jīva ka kadru kala kamala kambu kanda kanyā kapha kapi kara kari karma karūṣa karṇa kaṃja kaṇa kaṇṭaki kaṭu kedāra khadira khala khaṇḍa kiṃ kośa krama krodha ku kukṣi kula kuśa kuṇḍa kuṣṭha kuṭa kuṭhera kāma kāru kāśa kāśmīra kāṃsya kīlāla kīṭa kūpa kūṭa kṛmi kṛṣṇa kṛṣṭa kṣara kṣata kṣaya kṣetra kṣiti kṣmā kṣīra lauha laṇḍra liṅga loha madhu madra mahā mahī majjā mala malaya malla manasi mandura mano mantha manu maraṇa marma maru mataṃga meda medha medinī medo meḍhra miśra muhūrta mukha muṇḍa mākṣika mātaṃga māṃsa mūla mūrdha nadi nadī naga nai nandana nandi nava netra nirukta nisarga nābhi nāga nāgī nīla nīra nīḍa oka oṣadhi oṣṭha padma paj pakṣa para parimala parvata pavana paścā paṅka paṅke paṭṭa piṣṭa pota prakṛti prasṛta prathama puru puṣkara puṣpa pāda pāka pāna pāpa pārtha pātho pāṃsu pāṇi pūrva pṛthvī pṛthā pṛṣṭha raghu rakta rasa ravi raṅga reta roma rudra rāma rātri rīti sadyo saha salila sammūrcha samudra samīpa sana sapatna sarasi sarasī saro sarva saudharma saura saṃdhi saṃghāta saṃkalpa saṃkara saṃsarga saṃskāra saṃsparśa saṃsveda saṃtāna saṃśoka setu sindhu skandha soma sparśa sroto stamba sthala sva svapna svarṇa svayaṃ sveda sādhu sākaṃ sāma sāmanta sānu sāra sāraṅga sārtha sāṅga sīsa sūrya sūta taj talpa talpe tandri tanti tantri tanu tanū taru tejo timi tiryag tittira toya tuṣa tvag tāla tālu tāmbūla tāmra tāpasa tāpī tāra tārkṣa tārkṣya tīra uda udanya udbhij upari upasara urasi uro uttara uṣma uṭa vaiśyā vaktra vakṣo valgu valka valli vallī vana vanar vanāyu vara varṇa varṣa vasanta vaṃśa vaṅga vaṭa vela vella veṇu vibhakta videśa vidūra viloma viraha virāṭa vitta viveka viḍ viṃśa viṣa viṣṇu vāla vānāyu vānīra vāri vāsava vāstu vāsuki vāta vāyu vīrya vṛkṣa yama yava yoga yoni yugala yugma yuvanāśva ādhi āgantu ājāna ākara ākāśa ānanda ānata āraṇa āraṭṭa ārdra ātma āṇḍa īra īśāna śabda śaila śakra śakti śani śara śarīra śaśi śaśāṅka śaṅkha śigru śila śilā śira śirasi śiro śleṣma śoka śraviṣṭhā śrī śukra śukti śulba śāla śāpa śūra śṛṅga ūrdhva ūru ūṣara ūṣma ṣaḍ ṣaṣṭi
maya	421	abhra adharma agni aharṣa akrodha alābu amara ambu amṛta anna antra anṛta apūpa arka artha asthi asṛṅ auddhava avaṣṭambha ayas ayo aśma aśman aśru bailva balbaja bandha bhagavan bhava bhojya bhujaṃgama bhānu bhāvanā bhū bhūmi bhūta bodha brahma buddhi bādhaka bāhu bāṇa cakṣur candana candra carita carma chando chāga chāyā cin cintā cāmīkara cāṣa dama danta darbha darpaṇa dayitā daśā deva devatā dharma dhyāna dhānya dhāraṇā dhātu dhūli dhūma dhṛti doṣa drava dravya droṇa druma duḥkha dvi dvija dyu dāha dāna dāru dīkṣā eka etan gandha garga ghṛta go graha guḍa guṇa gāṇḍī haritāla harṣa hema hiraṇya hāṭaka idam iṣṭakā iṣṭi jagan jala jatu jyotir jyotsnā jñāna jāmbūnada jīva kajjala kakubha kalaṅka kalyāṇa kamala kanaka kanyā karma karpūra kautuka kaśmala khadira khaḍga khaṇḍa kilāsa kim kiraṇa kratu krodha krīḍā kumuda kusuma kuvalaya kuṣṭha kuṭī kāma kāruṇya kārṣmarya kāñcana kāśa kāṃsya kāṇḍa kāṣṭha kīrti kūdī kṛpā kṣauma kṣoṇī kṣīra lekhya lepya locana loha lohita loka loṣṭa lāvaṇya līlā madana madhu madhura madirā madya mahī maitrī makha man manas mano mantra manyu marakata marma marun maryādā mauktika mayūra maṅgala maṇi maṇḍa maṣī medhya megha modaka moha muktā muñja mālā māna māruta mātṛkā māyā māṃsa māṇikya māṣa mūrchā mūrti mūrvā mṛga mṛn mṛṇāla mṛṇālikā nabhas nai naḍa nitamba nitya nāga nārāyaṇa nārī nīla nṛtta padma padya pallava parśu parṇa payo pañca paṅka paṭa phala piṇḍa piṣṭa prabhā prajñā prakṛti prasū praṇaya prāvṛṇ prāṇa prīti pusta putra puṇya puṣpa pāpa pārtha pāṣāṇa pṛthivī rajata rajju rakta rasa ratna raupya raśmi roṣa rudhira rudra rukma rāga rāma rātri rūpya saccin saidhrika sainya salila sama samāmnāya sanna sarva sattva satya saṃdhyā saṃskāra saṃskṛta saṃvatsara sikatā silhaka skandha smara smṛti sneha snāyu soma sphaṭika sthūla stoma strī sudhā sukha surā suvarṇa svadhā svarṇa sāda sāgarikā sāma sāra sāyaka sāścarya sāṃkhya sūtra tamo tan tapanīya tapo tarasa taḍin tejo tila timira toya trayī tvan tvaṅ tāla tāmra tārakā tārā tūrya tṛṇa uda udaka udātta ugra vahni vaidehī vaiḍūrya vajra varṇa varṇaka vasana vasu vasā vaṃśa vaṭāraka veda vedha vetasa veṇu vicakila vidhu vidyā vijñāna vikāra vilāsa vinaya vitta viyan viśva viśvāsa viṣa viṣama viṣṇu vraṇa vrāta vrīhi vyakta vyāhāra vyāja vāla vālukā vāri vāsanā vāstu vāstva vāsudeva vāta vāyu vāṅ vīra vṛkṣa vṛnda vṛṣṭi yajur yajña yan yantra yava yavāgū yoga yuddha yāga ācāra ādarśa āhuti ākāśa āma āmra ānanda āpo ātma āyasa āścarya śabda śaila śaitya śaka śakti śalka śamī śara śastra śata śaśi śaṅkā śaṇa śilā śiva śleṣa śleṣmātaka śobhā śoka śraddhā śravaṇa śreyo śrotra śruta śruti śrī śubha śākhā śāla śīla śīta śṛṅga ūrṇā ṛtu ṛṅ
pati	358	abhirūpa abjinī adhva adri ahalyā ahar ahaḥ ahi amara ambhaḥ ambikā ambu anna ap apas apūrva artha arya arṇava atithi avani avanī aśana aśva aṃhas aṃśu aṣṭa bala bandhu bha bhaginī bhavana bhavānī bhoga bhoja bhujaga bhuva bhuvana bhāryā bhās bhāṇḍa bhū bhūmi bhūmī bhūta bhṛgu brahma bṛhatī cakṣuṣ camū candra caṇḍī cedi chattra cit cīna daitya daivata dakṣa dala dam daśā deva dhana dhanva dharaṇi dharma dharā dhānya dik dina divas divā draviṇa duhitṛ durga dvija dvāra dyu dāna dānava dāśa dīkṣā eka gaja gaukakṣyā gaukakṣī gaurī gavām gaṇa gaṇanā geha giri gnās go graha grāma guhya gātha gīr gīḥ gīṣ gṛdhra gṛha gṛtsa hara harit haviṣ haya hiraṇya hiḍimbā hṛt iḍas jagat jagatī jala jana jina jñāna jāmbavatī jīva jīvat kailāsa kamaṭha kanyā kapi kaumudī kiraṇa kratu ku kula kumudinī kālakūṭa kālindī kāma kāśi kāśī kūrma kṛpī kṣamā kṣapā kṣatra kṣetra kṣiti kṣmā kṣoṇi kṣoṇī lakṣmaṇa lakṣmī laṅkā loka lopāmudrā mada madhu madraka mahat mahi mahī manaḥ mandurā mantra mantri markaṭa marut medha medinī mitra mokṣa mukti mādrī mānava mārga mātaṃga māyā mṛga mṛgī nadī naga nagara nakṣatra nandī nanāndṛ nara niraya niśā nāga nāka nāvika nṛ ojo oṣadhi oṣadhī pakṣi pallī parvata pattra paulomī pavitra payas paśu paṇya phaṇi pitṛ piśāca prajā pratīcī preta priya prācī prāṇa pudgala puruṣa puṣṭa puṣṭi pāpa pārvatī pāthas pāñcāla pīlu pūr pṛtanā pṛthivī pṛthvī pṛthā raghu rajanī rakṣaḥ rakṣā ramaṇa ramā rasa rati ratna rayi raśmi rohiṇī ruci rādhas rāja rākā rāma rāṣṭra rūpa sabhā sadas saha sahasra sainya salila sarit sarpa sarva sat sattva saubha sava saṃgha saṃveśa senā setu siddha sindhu sinī soma stha sthāna su sura sutā sva svadhā svar svarga svaḥ svāhā sārtha sīra sītā sūrya tapas taḍit taṭinī tithi tuṅgī tārā tīrtha umā urvarā urvī uḍu uṣā vaghā varūthinī varṣa vasu vatsa veśyā veṅkaṭa vibudha vidarbha videha vidyā vighna vijñāna vikrama vitta viś viśva viṣaya viṣṇu viṭ vrata vrāja vrāta vācas vāhinī vāja vāk vārttā vāta vṛṣa vṛṣalī yadu yajuṣ yajña yakṣa yamunā yoga yādas yādaḥ yāminī yūtha āji āyuḥ āyuṣ āśā śabda śacī śaila śarvarī śata śaṃkara śeṣa śikhā śmaśāna śrotra śrāvayat śrī śuci śva śvabhra śālva śālā ūrjas ṛkṣa ṛtu ṭaṅka ṭaṅkaka
kara	331	abhyucchrita agra ahas ahima akhyāti akīrti akṣara amṛta ananta anartha anta anudvega anārogya apayaśas apriya aprīti arka arpita artha aruṇa aruṣ asthi asṛk avabhāsa avacana ayaśas aśiśira aśoka aśuci aśānti aśīta bahu bala bali bhakta bhakti bhaya bhaṅga bheda bhidā bhoga bhrānti bhānu bhās bhī bhūyas bodha brahma buddhi bāhu bījā caṇḍa chambaṭ cheda chāyā citra dara darvī dayā deha dhanuṣ dhenu dik dina divasa divā doṣa doṣā drāva duḥkha duṣ dvi dvādaśa dyuti dyūta dīpti eka garbha ghaṭī ghāta harṣa hema hima hita hāni hāsa hāsya indu jala janma jaṅghā jaṭā jihmī jyotiṣ kalaṅka kalyāṇa kapha karma kartṛ karāla kaṣṭa kaṭa khyāti kiṃ kriyā ku kula kunda kuñjara kānti kāpya kāra kārya kāsa kīrti kṛmi kṛta kṛti kṛṣi kṣamā kṣapā kṣaya kṣema kṣetra kṣudhā lajjā latā lepa lipi livi lābha līlā mada madhu mahā majjā malinī manmatha manāk marut mayas medinī moda moha mudrā mudā mukta mādhava mādhu mālā māṃsa mūtra mṛdā mṛt mṛtyu nandi nava nimba nirghāta niśā niṣ nāndi nāndī nāśana nīcaiḥ padma pañjī phaṇa phaṇā phut prabhā praiṣa prajñā prajā pratijñā pratyaya praśasta preyas priya prāṇa prīti pustaka puṣṭi pāpa pīḍā pūjā rahas rajani rajanī ratha rati ratna ravi ruci rujā rāja rājya rātri sa sahasra sama sammāna samudra sarva satrā saṃdūṣaṇa saṃjvara saṃtāpa saṃvatsara saṃśaya saṅga setu siddhi sindhu sita spardhā sphoṭa sphut srasta stambha sthairya sthirī su sukha sute svadhā svara svasti svādu sāhya sāhāyya sākṣāt sūrya tapana tapaḥ tat tejas tigma tiras trāsa tuhina tundi tuṣāra tuṣṭi tīkṣṇa tīrtha tṛpti uccaiḥ udaya udbhava uddyota udvega udvejana upakrośana uṣā uṣṇa vacana vacas vahni vaira vaiyāvṛtti vaiyāvṛttya varṣa vayas vaśa vaśya vaśī vaṃśa vepana vi vibhā vidhi vidyā vighna viparīta vipat vipatti vismaya viṣṭambha viṣṭi vyathā vyaya vyādhi vāda vādya vājī vākya vāraṇa vāta vīrya vṛddhi vṛtti vṛṣṭi yat yaśas yoga yukti yāna yātrā ādi āhlāda ājñā āloka ānanda āyuṣ īṣat śakti śala śaśi śaṃ śikṣā śilpa śiva śiśira śmaśru śobhā śoka śrama śreyas śrāddha śrī śubha śubhaṃ śuddhi śukra śvayathu śānti śīta śū ūrdhva ūrjas
mat	291	abhakti abhipatti abhiṣṭi abhīṣu abuddhi agni ahi akṣi ali ambu amūrti anādi apaciti apsu aptu araṇi arci asi asthi asti asu avadhi avi avīci añji aśani aśri aśrī aṃśu bali bandhu barhiṣ bhakti bhrājathu bhrānti bhrātṛ bhānu bhī bhīti bhū bhūmi bhūti bhṛṣṭi bindu buddhi bāhu bṛhaspati cakṣuṣ cañcu ceto citi cāru dalmi darī dhanuṣ dhenu dhrākṣā dhundhu dhuni dhvani dhātu dhī dhṛti dru drākṣā duhitṛ dyu dyuti dānu dīdhiti dīpti dṛśi dṛṣṭi gabhasti garut gati gauri gavīdhu gaṇi go goptṛ granthi guru gāli gātu hanu hari harit hasti haviṣ heti hetu hotṛ hrī indu iṣu jambu jani jantu jyotiṣ jñāti jāti jīvātu jūti kakud kakun kartṛ kaśeru kaśerū kaṇva kaṇḍū ketu khyāti koṭi kratu krīḍu kānti kīrti kṛmi kṛti kṣati kṣu kṣun kṣānti madhu mahi mantu manyu marut marīci mati maṇi mārṣṭi mātṛ mīḍhuṣ mūrti mṛtyu netṛ niji nīti nṛ oṣadhī paraśu pathi pavi paśu paṭu pitu pitṛ prakṛti prasū praṣṭi prāpti prāṇa prāṇi prīti purī puṣṭi pāṇi pṛthu pṛśni rakti rati rayi raśmi reṇu ruk ruṣṭi rāji rājī sakti sampratipatti samādhi samṛddhi sani sanni sarpiṣ saṃdhi saṃnati saṃtati saṃvṛti siddhi siji smṛti sphāti sphūrti srug stanayitnu sthiti sthivi strī stuti su surabhi sva svasti svāpi sādhu sākṣi sānu sūnu sṛṣṭi tantu tanu taras taviṣī tsaru tuviṣ tuṣṭi tvaṣṭṛ tviṣi tṛpti ulkuṣī unnati upabdi upacāru upadraṣṭṛ upakṛti upalabdhi upapatti utpatti vadhū vahni vali valli valī vapuṣ vasu vaśā vepathu veṇu vibhū vibhūti viduṣ vidyun vikṛti vipruṣ viśrānti viśuddhi viṣṇu vrīhi vyutpatti vyuṣṭi vyāpti vāji vāri vāyu vāśī vṛddhi vṛtti vṛṣṇi vṛṣṭi yaji yajuṣ yava yaṣṭi yoni yukti yātu ādi ākāra ākṛti ārti āsuti āyati āyuṣ āśu śakti śaru śaśi śaṅku śikhaṇḍi śiśu śociṣ śreṇi śroṇi śruti śruṣṭi śrī śuddhi śukti śvayathu śānti śīrṣakti ūrmi ṛbhu ṛddhi ṛg ṛtu ṛṣṭi ṣoḍaśi
kāra	284	a ahaṃ ai ailaba alaṃ andha anya anyathā asat astra au ayas aṅgī aṅka ba bahiṣ bahu bahulī balbalā balāt bandī bha bhadra bhakta bhakṣa bhasma bhos bhāṣya bhṛṣṭa brahma buk ca camat carma caṭat caṭu cha chambaṭ cira cit citra citrī cuścuṣā cāṭu cīt cūrṇa cūrṇi da danta darpaṇa dha dhanuṣ dharma dhik dhmā dhvani dyo dyūta dṛḍhī e ga garbha gaṇa gha ghaṭa ghaṭī ghumaghumā grantha guru guṃ guṇa gāthā ha hak hanta has hema hiraṇya hiṅ huḍuk huḍut huṃ hā hāsya hāyi hīhī i iha iti iṣu ja jarat jha jhaṅ jhāṃ jyā jāla ka kakṣī kalaha kali kalpa kalyāṇa kanaka kandalī karma kaḍat kaṃsa kaṇṭa keśa kha khalī khaṇḍa khaṇḍana kośa kriyā kuhaka kumbha kāla kāma kāpya kāśū kāṃsya kāṇḍa kūpa kūṭa kṛṣya kṣema la lauha lepya lipi locana loha loka ma madhu madra mama manas manasi mantra manuṣya maṇi medhā modaka mālā māyā mūla na namas nirukta nyak nyāsa nī nṛ o pa pada parva parṇa pathi patti payas paṭa paṭṭi pha phalī phet pheṭ phut prajā pratī priya prā puras puruṣa puṣpa pādukā ra raghu ratha raṅga raṇat rūpa sa sabhā sadyas saha saktu samaya samī sat saudha saṃgraha saṃhitā saṃnidhi smara sphut sruk stamba sthirī sudhā sukha surā suvarṇa svadhā svagā svarṇa svasti svādu svāhā svī sādhu sākṣāt sūpa sūt sūtra ta taila talava tantra tha thūt tiras traṭat tvaṃ tāmra u urarī va vacana vaira vakṣas varṣā vat vaśī vaṣaṭ veda vetra veṇu veṣa veṭ vi vyañjana vāhana vākya vārttika vātī vāṭ vṛtti ya yajña yut yātrā ña āviṣ ī śa śabda śakṛt śara śastra śaṅkha śikṣā śilpa śloka śrī śāstra śīt śū śūla śṛtaṃ ū ḍa ḍha ḷ ṅa ṇa ṛ ṝ ṣa ṭa ṭha
karman	274	acintya adbhuta adhvara adṛṣṭa agni ahīna akliṣṭa anitya anta antya apūrva ariṣṭa artha avaśya añjali aśru aṅga bahiṣ bali bhoga bhāva bhīma bhūri bhūta bhūti brahma bībhatsa bṛhat caturthī caula caura cauḍa caṇḍa cintā citra cīvara cūḍā dahana daiva daṇḍa deva dharma dhī durga duṣ dāra dāru dāruṇa dūta dṛk dṛṣṭa eka gaṇa go grāmya guru guṇa gṛha gṛhya gṛhyā haya haṭha hiṃsā homa hotṛ hīna indra indrāṇī iṣṭa japya jñāti jāla jāta kathaṃ keśa kiṃ kratu krūra ku kula kāla kāmya kūṭa kṛcchra kṛta kṛṣi kṛṣṇa kṣaura kṣema kṣetra kṣudra kṣura kṣāra kṣīṇa lakta lakṣaṇa lipi mahā manda marut mati maṅgala mithyā mitra mogha muṣṭi māraṇa mūla mūlī mṛdu mṛt naimittika nasya nau nija nitya niṣ nāma nānā nāpita nīca para parācī patnī patti pañca paśu paṭṭa pitṛ pradhāna preta priya prāk prāktana prāpta prāṇa prīti punaḥ pusta putra puṇya puṣṭi pālana pālāśa pāpa pāraṇa pāṇḍu pūjā pūrva pṛthu rasa rati raudra raṇa rāja sa sahya sajja sajya salila sama samara sampratti samāna samāvartana sarva sat satya savana saṃcita saṃgrāma saṃjñā saṃkliṣṭa saṃsṛṣṭa saṃtāna saṃśliṣṭa senā setu sita siṃha smara smārta soma soṣyantī sthira strī su surā sva svairi svasti sādhu sāṃnipātika sūcī sūda sūta sūtra takṣa tarka tarku toya tri tāna tīkṣṇa udaka udvāha ugra upacāra vaidika vaiśvadeva vaiśya varga vartma varṣa vasti vaśya vaṃśa vaṇik veśma vi vidveṣa vidyā vikrama vinaya vivāha viśva viṣama viṣaya vyaya vyāpti vācā vāja vārttā vāruṇa vāstu vāta vīra vṛddha vṛka vṛthā vṛṣa yajña yantra yukta yāga ādi ārya ātma śabda śastra śata śaurya śava śilpa śilpi śmaśru śrauta śravaṇā śruta śrāddha śrāvaṇa śrāvaṇī śubha śuddha śukla śuṅgā śālā śāmitra śānti śāntika śīghra ūrdhva ṛtu ṣaṭ
mukha	258	abaddha agni ahar aja akṣara aneka antar asṛṅ avaguṇṭhita avanata avanī avāṅ ayo aśru aśva aṅguli aṅka bahir bahu barhir basta bhadra bhāga bhīma brahma bāṇa bāṣpa caitya cakra cakṣur candra catur caṣāla ceto chāga cāru dadhi dakṣiṇā darī daśa daṇḍa dhavala dina divasa diṅ droṇa droṇī dugdha dur dvi dvāra dīna dīrgha dūta eka ekato gaja gardabhī gaura ghaṇṭā ghoṭaka go gokā grāma guhā guṭikā gāyatrī gṛha hala hasti haya haṃsa hrīta hrīṇa indu irā iṣu jagan jatu jvālā jyotir jñāti kakum kalaśī kamala kari kartarī karāla karṇa kathā kaṅka keli khara koka kravya krodha kroḍī ku kuca kuhū kumbhī kuṭī kāka kāla kālikā kālī kīkasa kṛta kṛṣṇa loha mahā makara makha malina martya mitra mleccha mudrita muṣṭi mātṛ māṃsa māṇikya mṛga nadī namra nandi nandī nata nava niśā nāndī nārī nīcair parāṅ payo pañca phaṇi prahṛṣṭa prati pratyaṅ pratīcīna prāṅ purastān puro puruṣa puṇḍarīka puṣkara pāṇi pāṇḍu pūrva pūrṇa pṛthu pṛṣṭhe raghu rajanī rakta rakṣo ratha rathyā raṇa rocanā rociṣṇu ruddha rāhu rāja rājīva saha sahasra samprahṛṣṭa sarin sarva sarvato saumya savana saṃkaṭa saṃyata senā sindhu siṃha smera smita stana sthūla strī su suhṛn sukha surabhi surā svasti svāti sārikā sūcikā sūcī sūkara sūta tala tantrī tathā trayī tri tuṅga tāmra tūṇa ubhaya ubhayato uccair udaṅ uduṣṭa uktha ulkā vaiśvānara vajra vali valī vanitā vatsa vaḍabā veda vi vidyun vidīrṇa viśvato viṣaṇṇa viṣṇu vrīhi vyāghra vāṅ vīṭa yajña yoni yāna āji āvir āśā śakaṭī śara śaran śastra śata śaśi śaṅkha śaṅku śilī śiro śruti śrī śuddha śuṣka śva śvabhra śyāma śālā ūrdhva ṛtu ṛṣi ṣaṇ ṣoḍhā
tas	251	abhyantara abhīpa adhara adharma adya agra aikadhya ajñāna akāma animitta anta antara anti anuparodha anurūpa anusāra anya anyatara anyāya apara apāk arjuna artha arāgadveṣa avara avidhāna avidūra avighna aviśeṣa avāra ayatna aśeṣa bahu bhadra bhakti bhasma bheda bhāna bhāva bhīti bodha brahma buddhi bāhya bīja carama caura chanda daiva dakṣiṇa daśa devatā dharma dik doṣa dravya dāna dūra dṛṣṭa eka grāma guṇa hīna hṛt itara iṣṭa jaghana jaghanya janma jyeṣṭha jñāna jāti kara karṇa katara kaṇṭha kevala khalu kopa krama kula kāla kāma kāraṇa kārya kṛcchra liṅga lobha loka loma madhya majja mantra manyu marya medas mukha mukhya māna mātra mātṛ māṃsa mūla mūrdha mūrti nabhas nas nasta nipuṇa nisarga nyāya nāśa para parama paripārśva pat paścima paśu phala pitṛ piṇḍa pradhāna pramukha pramāṇa prapañca prasaṅga prastāva prathama pratyakṣa prānta prāyaṇa pura pāda pāra pārśva pātrī pūrva pṛṣṭha rahas rajas rasa rāja rāji rūpa sa samanta samanīka samavāya sampradāya samudra samāna samāsa samīpa sapatnī sarva satya savya saṃdhi saṃkhyā saṃkṣepa saṃsarga sindhu sparśa sthala sthāna sukha sva svalpa sādhu sāma sāmānya sāntva sāra sārūpya sātmya sāṃnidhya sīma ta tala tathya tri tvat tātparya udak udayana uddeśa upari upādhi upāya uras utsarga uttara vaimūlya varṇa vastu vaśa vega vibhava vibhāga vidhi vidhāna vidyā vikāra vipakṣa viplava virūpa vistara viyoga viśeṣa viśva vyabhicāra vyatireka vyavahāra vyāsa vāgya vākya vāma vāri vṛtta yakṛt yatna yoga yoni yukti yuṣmat yāmya ādi āgamana āhavanīya ānukūlya ānṛśaṃsya āpāta āśaya āśraya īha śaila śakti śatru śauca śeṣa śiras śreṣṭha śrotra śroṇi śruta śruti śāstra śīla śīrṣa ūrdhva ṛk
kṛt	245	abandhu abhiśasti abhiṣṭi adhvara agha aneka anta anukāma anuyoga apuṇya apāpa araṃ artha asthi ayukta aśana aṅgāra bala bali bandhu bhadra bhasma bhaya bheda bhrāṣṭra bhāla bhāṣya bhīti bhūta bhūti bhūyas brahma buddhi bīja carma citra cūrṇa cūrṇi dayā deha dhanuṣ dharma dhvani dhūrta dina divasa doṣa dudhra duṣ dyūta dṛṣṭi ghaṭa ghoṣa grantha guñja harṣa hasa haviṣ hiraṇya hita hāni hāsya iṣu iṣṭa jala janma jatu jaya jyotiṣ jāmi kali kalyāṇa kari karma karmaṇya kaṣāya kaṭa khaja khaṇḍana kośa koṭi krama krūra kutūhala kākā kāla kūṭa kṛcchra kṛmi kṛtyā kṛṣi kṣapā kṣata kṣava kṣaya kṣema lepya loka lābha mada madhu majja mantra maṇi meda medas medhā mithū mitra moṣa māna māyā mīmāṃsā mūla nava nimitta nirukta nyāsa pada pakva pakṣa pathi peśas pitu praiṣa preṣaṇa priya puru putra puṇya pādukā pādū pāpa pīḍā pūrva rajani ratha raṇa rikta rodha ruci rāja rājya rāma rūpa sa saha sahas sahāya sapta sarga sarva satya savana saṃdhāna sphya steya sthairya su sukha sura suvarṇa sva svapna svarṇa svasti sviṣṭa svāhā syona sādhu sāhya sāmrājya sūpa sūra sūtra sṛṣṭi tanū thuthu toya trāsa tānava tīrtha tṛpti uru uṣṇa vahni vaira vapā varivas varṇa vasu vayas vaṃśa vedānta vidhi vighna vināśa virodha viśalya viśeṣa viśrānti viśva viśvāsa viṣāda viṣṭi vraṇa vyabhicāra vyākhyā vāda vānti vārttika vāsara vāta vīrya vṛtti yajña yata yaśas yukta ādi āgas āji ākula āpta āyu āyuṣ īśāna śaka śama śarma śarīra śava śaṃ śloka śobha śotha śreyas śrāddha śubha śubhra śuddhi śānti śāstra śīghra ṛṣi
rāja	243	abhyudgata adri akṣa amara ambu amogha ardha aśva aṅga baka bhadra bhaiṣajya bhoja bhujaga bhuvana bhāṣya bhūti bhṛgu bhṛṅga brahma buddha buddhi bāla bṛhad cakra candra cauṇḍa cedi citta daiva deva dhanu dharma dhruva dhānya dhāraṇī dhī dhūrta dina dvi dvija dvīpa eka gaja gandha gandharva gava ghaṭa go graha guha gāndhāra gṛdhra gṛha hari hasti haṃsa helā hema hima indra indu janaka jaya jhaṣa jina jīva kampa kardama karka kavi keśa kiṃ koṭṭa kratu kumāra kuru kāma kānti kāśi kāśī kīrti kūrma kṛtya kṛṣṇa kṣatriya kṣema kṣiti lava madana madra mahā malaya malla mantra manuṣya marma mati matsya mayu maṅgala maṇi megha mukunda mādhava mātaṃga mātra mīna mūla mṛga nada nakṣatra nara nava nāga nārāyaṇa nīpa padma paiṅga pakṣi parvata patatri pauṇḍra pañcāla paśu paṇḍita pitṛ plakṣa prati prema preta punā puruṣa puñja puṇya puṣpa pāñcāla pāṇḍya pūrva pṛthvī rakṣo rasa ratha raśmi raṅga roga rolamba rāja rāma salila samādhi sarpa saubha sauvīra saṃgrāma saṃgīta siddha simba sindhu siṃha skanda skandha soma stava sthāvara sthūṇā stotra sukha sundara sura svarṇa svāmika sāma sāmanta sāraṇī sārpa sūtra tad tama tantra tapo taru tathā tilaka trailokya tārakā tṛṇa udaya uraga utpala vaidya vairāṭa vana vasanta vasu vatsa vaṃśa vega vema vibudha vidarbha videha vidyā vighna vigraha vijaya vijja vijña vikrama vikramāditya vimāna viṣṇu vraja vrata vyāghra vyāsa vyūha vādi vāji vānara vāri vṛddha vṛkṣa vṛṣa yakṣa yama yantra yati yaśo yoga yuva ādi ārya śaila śambhu śaṅkha śiva śiṅga śāka śālva ḍhuṇḍhi ṛkṣa ṛtu
phala	236	adṛṣṭa alpa amla amṛta aniṣṭa apuṣpa asphuṭa avāk baddha bahu bhuja bhāva bhū bimba bindu bāhu bṛhat cakra caturtha cavya chaṭā churikā citra cukra dadhi danta daśā dhyāna dhārā dhātrī digdha doṣa dālima dāru dāḍima dīkṣā dīpta dīrgha dṛḍha dṛṣṭi elā gandha garjā ghana ghoṇṭā grahaṇa granthi grāhi guccha guḍa gūḍha hrasva hāra hāyana icchā indra indu jala jantu jāti jātī kalka kanaka kapittha karbura karka karma kartarī karṇa karṣa kata kauśika kauṭa kaṇṭa kaṇṭaka kaṇṭaki kaṭhina kaṭu kaṭuka khaḍga kim kośa kramuka kratu kriyā kroṣṭu kuca kusuma kāka kāma kāṇḍa kāṭhinya kṛmi kṛta kṛṣi kṛṣṇa kṛṣṭa kṣetra kṣurikā kṣīra lakṣmī latā loma madana madhu madhura mahā manda mantra marut mithyā mudgara mudira muktā muraja muṇḍa mādhvīka mākṣika mālatī mālā māsa mātuluṅga māyi māyā māṃsa mūla mṛdaṃga mṛdu mṛtyu nakṣatra niṣ nāga nīliṇī piṇḍa pratyakṣa pratīcīna pravāla prāk puraḥ puṇya puṣpa pāka pānīya pāpa pāṇḍu pīta pūga pūgī pūta pṛṣṭha rakta ramya rasa rati rocana romaśa ruci rāja rājikā rājī rājīva sadyaḥ sadā samudra sat satya saubhāgya saṃdigdha saṃkrānti saṃvatsara skandha sphuṭa stabaka stanita steya steyi sthūla su svādu sādhu sāri sītā sūkṣma taila tat tejaḥ tikta tintiḍī tri tāla tāmra tāvat tīkṣṇa tūla ullasat valka vana vandhya vapra vara vardha varṣa vatsara veda vetra vi vidyā vijaya vipat virodha viveka vāyu vṛnta vṛtta yava yātrā āmalakīpattra āśu śara śaṅkhinī śimbī śiraḥ śirīṣa śleṣmātaka średhī śroṇi śroṇī śrī śubha śuka śuṣka śva śālmalī śāri śīghra śīta
deva	229	agha agni ahi amara ambu amogha ananta ananya anti anṛta ardha atithi avanti aśva bala ballāla bhadra bhaga bhagavanta bhava bhavad bhoga bhoja bhramara bhānu bhīma bhū bhūmi bhūṣaṇa bhṛgu bindu brahma brahmaṇya buddha bāla caitanya cakra candra cara chando citra cāru daitya deva dhana dharma dvija dānta eka gaṇa grāma guha guṇa gāṅga gāṅgeya hari harṣa hrī iṣṭa jagad jala jana jaya jina jñāna jīva kamala kana kapila karma karṇa kaṅka kedāra khaṇḍa kiṃ koka kratu kula kusuma kāma kāṇa kāṇva kṛṣṇa kṣatra kṣiti kṣoṇī lakṣmaṇa lakṣmī loṣṭa mahā malla mandara mandāra manuṣya manyu mataṃga mañju maṇḍana mitra mokṣa mudgala mukunda muni mādhava māna mānava mātṛ māṇikya mūla mūra nanda nandi nara nimba nir nyāya nāga nāma nārāyaṇa nṛ ogha pitṛ prabhu pracaṇḍa prajñā pārśva pūrva pūrṇa raghu ramya ranti rati ratna ravi rola ruci rucira rudra rāghava rāja rāma rūpa sa saha samudra saraṇa sarva satya saṃgrāma siddha siṃha soma sthira su sukha sundara svar sādhāraṇa sāgara sāhi sāraṅga sīra sūri sūrya taṇḍula tuṇḍa tīrtha ucca ugra vallabha varuṇa varāha vasanta vasu vi vikrama vinaya vinīta vipra viśruta viśva viṣṇu vyoma vyāsa vāma vāmana vāstu vāsu vāyu vīra vṛka vṛṣa yajña yaśo yoga yājña yājñika ācārya ādi āditya ājāna ānanda ārya śakra śakti śambhu śara śaraṇa śaśi śaṃkara śeṣa śiva śiśna śiṅghaṇa śraddhā śruta śrāddha śrī śrīraṅga śuka śyāma śāmbhava śānti śārṅga śārṅgi śūra ūrdhva ṛṣabha ṛṣi
sāra	223	abda abdhi adbhuta adri agni alpa ambhaḥ amla antaḥ artha asthi aśma aṅkolla bahu bhadra bhaiṣajya bhakti bhava bhāgavata bhāva bhāṭṭa bhūta bhūṣaṇa bimba bindu bodha candana candra carma chandaḥ ciñcā cāru dadhi darpa deha dharma dhānya divya dīpa dṛṣat dṛṣṭa gandha gata gaṇita ghana giri gāyatri gṛha gṛhīta hema horā hṛta ikṣu jyotiḥ jāti kalā kanda kapota karaṇa karka keli khadira khaskhasa khaṇḍa khādira krama kriyā kula kusuma kāla kīrti kṛtya kṛṣṇa kṣepaṇa kṣīra kṣīṇa laghu lauha loma mada madhūka mahā majjā mantra mañjarī maṇi medaḥ megha moca muhūrta mukti māna mānava māṃsa mīmāṃsā nanda nara naya niḥ nyāya nīla nīti parī pañca picchila piṅga piṅgala pramāṇa pratiṣṭhā prayoga praśna prāṇa purāṇa puṇya puṣpa pāṭī pīlu pīta pūrva rahasya rakta ramala rasa rati ratna reṇu rudhira rāmāyaṇa sa samara samaya samudra samīra saparyā sarva sat sattva satya sauvīra saṃgīta saṃhitā saṃkṣipta saṃskāra saṃsāra siddhānta silha sita smṛti sneha soma sphuṭa sthira stuti su sudhā suvarṇa sva svara sāhitya sāmudrika sārasvata sāraṅga sāṃkhya sūtaka takra tantra tantu taru tikta trailokya trika tuṣa tvak tāmra tāra tīkṣṇa tūṣṇīṃ tṛṇa vaidya vaidyaka vajra vasu veda vedānta vega veṣṭa vibhāga vidhi viveka viśva vrata vyavahāra vyākaraṇa vyākhyā vāk vākya vāri vārttika vāsiṣṭha vāstu yajña yantra yavana yoga yuddha yāmala āhnika śabda śaila śilpi śilā śruti śrāddha śubha śuddha śuddhi śukra śveta śyāma śāla śānti śāstra śṛṅgāra
pura	222	abhimanyu acala amara antaka antaḥ anurādha ari ariṣṭa arjuna avanti bala bhadra bhaga bharata bhiṣāyaka bhogi bhoja bhuṭṭa bhīma bhū bhūta brahma buddhi bāṇa bīja cakra campaka candana candra cira citra danta darpita daśa deva dharma diddā durga dātṛ dāśa dṛśya elā elāka gaja gandharva gauḍa gira giri go gādhi hari harṣa haṃsa hiraṇya huṣka hāstina jaya jayantī juṣka jāla kadana kalaśa kalyāṇa kanaka kaniṣka kanyā kapila karkaṭa kartṛ kautuka kaṅkaṇa kesara kha kharjūra kheṭaka koṭi koṭṭa koṭṭavī krauñca krīḍā kumārī kusuma kuvalaya kānti kāñcana kāñcī kāśmīra lakṣa lakṣmī lalita lalāṭa lavaṇa loha lohita lākṣā līlā madana madhu madya mahā malaya malla mataṃga mati mayūra maṅgala maṇi mihira mukti muktā mādhava māgadha mājala mārdeya māṇḍavya nagara nala nandī nābhika nāga nāgarika nāndī nārī nīla padma pañca phala phalaka phulla piśācaka pradyumna prati pravara preta puruṣa putra puṇḍarīka puṣpa pārtha pīta pṛthvī ratna rohita romaka rudra rukma rāja rāma rāḍhā rūpa satya senā siddha siṃha skanda soma strī su sundara sura suvarṇa sva svasti sāgara sāmba sārasvata sūrya tagara tri tārā uda udaya utpala vaidiśa vaitāla vaiśya vajra vakra vallabha vardhamāna vasanta vetāla vi vijaya vijjala vikrama vilāsa vimala viyoga viśvāmitra viṣṇu viṣṭa viṭaṅka vyāghra vāsu vāyu vīra vṛṣṇi yama yavana yoginī ānanda ānarta āśā āṣāḍha śaila śaiva śakra śaśāṅka śaṅkha śiva śoṇa śoṇita śrī śumbha śākhā śānta śānti śūra śṛṅga ūṣma ṣaṭ
kṛta	222	abhisaṃdhi abhyantarī abāndhava agni ahaṃ ajñāna akṣṇayā alaṃ anabhisandhi anya anyathā anāyāsa araṃ ardha artha aruṣ asat ati ayathā ayatna aṅgī bahiṣ bahu bahulī bala balāt bandhū bandī bhasma bhasmī bheṣaja brahma brāhmaṇa buddhi bījā camat caṇḍī chandas cipiṭī cira citrī cīt cūrṇī daiva deva dhavalī dhik divā duṣ dvaidhī dvedhā dvedhī dṛṣṭi ghanī go grāsī guru hasta haviṣ huṃ hyaḥ icchā indriya janma jarjarī jaḍī jhaṅ jhāṃ jihmī kakṣī khilī kiṇa ku kulāla kuṇḍalī kuṭī kāla kāma kṛśī kṣata laghū lakṣī lekhya mandī mantra manuṣya martya mat maṇḍalī mithyā mitrī mukulī mātrā mātṛ mūtra nagnī nyak paruṣī paryagni pavitrī pañcī paścāt paṅktī peśī phalī phet phut pitṛ piṇḍī pracurī prahvī pramāṇī pratyakṣa pratyakṣī praśithilī prā prāduṣ prāk puras purā putrī puñjī pāpa pāṃsu pīvarī pīḍā pūga pūrva pṛthak rāja rājī rāśī sadyaḥ saha sahas sajjī samī saphalī sapiṇḍī sarasvati sarasvatī sat saṃsthā spaṣṭī sphya sphītī sthapuṭī sthūlī strī su sura sva svagā svayaṃ sviṣṭa svāhā svī sācī sādhu sākṣāt sāmi sāndrī sātmī sāvadhānī sūkṣmī sūt tanū tathā thūt tiras tvat tīrthī upastha urarī uṣṇī vajra vakrī valayī vastu vaśī vaṣaṭ vidheyī vimukhī vinā viphalī virajī viśva viṣa viṣayī vyastikā vyayī vyākulī vāmanī vātī vāyasī vīrya vīthī vṛṣa yajuṣ yathā yoṣit yukti āgas āhuti ākulī ārya ātma āviṣ āśā śakalī śithilī śleṣma śraddhā śreṇi śreṇī śuklī śīt śū śūdra śṛtaṃ ūrdhva ṛjū
bhāva	213	agūḍha aham amanī amartya ananya anartha anitya antar anya anyathā anyonya apara apavṛtta apunar arthi asad asva ayugapad aśuci aṇū baddha bahir bahulī bandhu bhasmī bhava bhikṣu bho bhāgya bhūyo bhṛtya brahma brāhmaṇa bāla cetana daśama devī dhīra diṣṭa dravī droha duṣṭa dvaidhī dvaṃdva dvi dvir dvādaśa dāsa dāsī dīrghī dūra eka ekī ghanī guru guṇī ittham jaghanya jaḍa jaḍī jaṭilī jñāti jāta kanyā kathaṃ kautuki kaṇḍūla kledana kṛta kṣara laghu mad madhu madhya mahiṣī mandī martya maṇḍalī mithuna mithunī mitra miśra miśrī mokṣa mugdha mukulī mārdava mātṛ mūka mūrti mṛdu mṛdū mṛta navī nisarga nitya nyag nyūna nyūnī nānā para parī paṅgu paṅka piṇḍī praiṣya prakṛti prema preta pretya priya prādur prāg prāpta pum punar putra pāpa pāṇḍu pūrva pūti pṛthag rakta raudrī ripu rūkṣa sad saha sahasra sahāyī sakhi sama samī sanna sarva sarvato saṃcāri saṃdhāna saṃsṛṣṭa sphuṭī stabdhī sthirī sthāyi sthūla strī sura sutā sva svaccha svasti svāmi sādhu sāmānya sātmī tad tanu tathā tiro tredhā tri tādṛg tūṣṇīṃ udāra ukta upari vaira vaiśya vakra vakrī vastu vayasya vaṇig veśa vimukhī vimūḍha vinā vipakṣa vipra vipraduṣṭa virakta vivikta vivṛta viśuddha viśva viṣamī viṣaṇṇa vrātya vyabhicāra vyabhicāri vyaktī vāntī vārddhaka vīra vṛddha yathā ākulī āpta ārdra ārya āsakta ātma āvir īśvara śanair śekharī śeṣa śilā śiśu śuddha śvo śītī śūnya ū
stha	197	abuddhi adeśa adhikāra adhvara ambhaḥ anta antara antaḥ anīka apada apratyaya asva bahiḥ bala bandhana bhaya bhāva bhū bhūta buddhi chadma cira citra citta dakṣa dakṣiṇa danti deśa dhana dharaṇi dharma dhyāna duḥ dveṣa dvāra dvāḥ dyu dūra eka gagana garbha grāma gṛha harmya hasta hṛdaya hṛdi hṛt iha jala jana jaṭhara kakut kakṣa kara karma kartṛ kaṇṭha kaṭi kha kiṃ kośa kulāya kva kārā kāya kūṭa kṣetra liṅga loha madhya madhyama manaḥ mañca muṣṭi mādhya mārga nabhaḥ nabhya nagara naraka nikaṭa nitya pada parvata paryanta paryaṅka pathi paṭṭa phala phaṇa piṇḍa pradeśa prakṛti pramāṇa prasāda pravāsa prākāra prānta prāsāda puraḥ pārśva pātra pāṇi pāṣaṇḍa pūrva raha rahaḥ ratha raṇa rodha rodhaḥ ruci rājya rāśi rūpa sabhā sadaḥ sadha saha sama samādhi samīpa sattva satya savana saṃgara saṃkaṭa saṃketa saṃśaya senā siṃha siṃhala sthala sthāna su sukha supta sva svaira svarga svarṇa sūnā tala tat tatra taṭa tīra udara upari upaśaya vaila vaitāna vakṣaḥ vana varga vayaḥ vaśa vaṃśa videśa vimāna vinaya vindhya viyat viśeṣa viṣama viṣṭara vrata vyoma vākya vāma vāri vāsana vāḥ vīra vṛkṣa vṛtta vṛtti yajña yatra yauvana yoga yugya ākāśa āsana śalākā śama śarīra śayana śaṃ śiras śiraḥ śākhā śālmali śālā śīrṣaka śūla
pattra	188	abhaya abhijñāna abhiyoga acchinna alpa amla anumati arka asi ayugma añcita aṣṭa badarī bahu bhūri bhūrja bilva bindu bisinī brahma bāla bṛhat cala cañcu chada chattra citra danta darbha dharma dhātrī duṣ dvādaśa dāna dīkṣā dīrgha dṛḍha eka elā gandha ghana granthi guccha guhya guru gārdhra gūḍha gṛdhra hasti hiṅgu ikṣu janma jaya jīrṇa jīva kamala kanaka kapola kara kari kavaca kaṅka kaṇṭa kaṭu khara khaḍga khaṇḍa krakaca kroḍa kāṇḍa kṣura kṣurikā kṣāra lekha lekhya mahā makarī malli mantra maṅgala mācī mṛdu mṛṇāla nalinī netra niṣ nāḍi nīla padma padminī palāśa pañca pramāṇa pratijñā puruṣottama puṣkara puṣpa puṭakinī pāṃsu pāṇḍu pīlu pūti pṛthu rakta rakṣā ravi rukma rūkṣa sa sahasra sapta sat sirā snigdha soma sthira su surabhi suvarṇa svaccha sādhana sāra sīsa sūci sūcī sūkṣma sūrya tamāla tanu teja tejaḥ tikta tri triṃśat truṭi tulasī tvak tāla tālī tāmbūla tāmra tāpasa tāḍa tīkṣṇa uktha upastha utpala valgu valka varṇa vaṃśa vaṭa vetasa veṇu vikraya vinaya viśāla vyavasthā vācika vṛddhi yantra yuga yugma āditya ājñā āsya śaila śakuna śamī śapatha śara śata śaṃkara śikṣā śiva śodha śoṇa śuddhi śuṣka śveta śyena śyāma śāka śāsana śāta śīrṇa śūka ṣaṭ
karaṇa	185	abhimukhī abhyantarī adṛśya ahaṃ alaṃ anna anta antaḥ anyathā apārtha apūrva avipakva aṃśa aṅgī aṅka bahiṣ bahulī bandha bhadrā bhasmī bheṣaja bhikṣā bhās bhūta bāhya bṛhaspati camat carma citrī cora cūrṇī cūḍā dhvajī dravī duṣ dvaidhī dīkṣā dūrī dṛḍhī ekī garbha grantha gurū guṇī gṛha haste haviṣ iti jihmī kakṣī kratu kroḍī kuṇḍalī kāla kāraṇa kārya kṛṣṇī kṣaura laghū malinī mantra maṅgala maṇḍalī mitra miśrī muṣṭi mānasa mārjāra mūlya mūlī mūṣī nagnī nasta navī nyak nāma nānā paryagni pavitrī pañcī paṭu phalī piṇḍa piṇḍī pracurī praguṇī prahāra pramāṇī pratyakṣa pratyakṣī prāduṣ prīti punaḥ puras putrī pāṇau pāṇḍu pīḍā pṛthak raudrī rāja rākṣasī rātrī rāśī saha sahāya sajjī sampuṭī samāna samī samṛddhi saphalī sapiṇḍī saralī sat saṃdhāna saṃjñā saṃjīva saṃkarī siddhi spaṣṭī sphuṭa sphuṭī stabdhī sthirī sthūlī strī sva svāhā svī sāhasa sākṣāt sīmanta sūtra tantu tanū tathā tīrthī upacāra urarī vaira vaiṣṇava vajrī vakrī vaśī vaṣaṭ vedi vi vimukhī viphalī virajas virūpa vispaṣṭī vivāsa viśalya viśeṣa viśuddha viṣayī viṣūcīna viṣṇu viṣṭhā vyaktī vyaya vyayī vyājī vyānata vājī yātrā ācārya ākulī āviṣ śakalī śapatha śaurya śeṣa śithilī ślakṣṇī śmaśāna śrī śuklī śyena śālīnī śānti śītī ṛjū
putra	185	agni ambarīṣa ambikā amuṣya amā apaviddha arka asat aupasvastī aṣṭa bahu bali bandi bharata bhavat bhrātṛ bhū bhūmi bhūri bhṛgu biḍāla brahma brāhmī bāla candra catuṣ cilāti dagdha dakṣa daśa deva devakī dharitrī dharma dharā dhātrī dhātṛ duṣ dāsī dāśaka dṛṣat eka gaukakṣyā gaukakṣī gaulgulavī gaurī gautamī gavi gaṅgā go goṇikā grāma grāmi guru gādhi gārgī hata hārya indu jina jñāta jñāti jāta jīva kadru kanyā kauśikī kavi kaṣā ku kula kumārī kutsa kāpī kātyāyanī kṛpī kṛtrima kṣiti lakṣmī mahā mahī maitrāyaṇī mantri marut marīyami mat maurya maṇḍita muni māra mātula mātā māṇḍūkāyana mṛta nanda nandinī niśā niṣ nāga paiṅgī pañca pituḥ pitā pitṛvya poṣya priya puru putra putrikā puṃs pāṇḍu pāṭali pāṭalī rajaḥ ravi revati rohiṇi rudra rāja rāma sa saha sapatnī sapta saramā sat satī savitṛ siddha sindhu siṃhikā skanda soma su surabhi sutā sādhu sāvitrī sūrya sūta taṇḍi tri tārkṣa tārkṣya ugra vaidabhṛtī vaiyāghrapadī vaiśya vaiśyā vandhyā vasiṣṭha vaṇik veśyā vi vidhi vipra viṣṇu viṭa vāla vārāhī vāta vātsī vāyu vṛṣalī yādava ārya īra śakti śala śata śaśi śilā śiva śiṣya śrī śunaka śyāva śāradvatī śāri śāṇḍilya śāṇḍilī śūdrā śṛṅgi ṛṣi ṣaṭ
pāla	183	aja ajaya ananta anaṅga anta antaḥ arjuna artha avani avanī avi aśva aṅka bandhu bandī bhadra bhalla bharata bhoga bhuvana bhīma bhū bhūmi bhūta brāhmaṇa buddha caitya cakra camū candana candra cāra darśana daṇḍa deva dhana dharma dhruva dhānya diddā dik diśā durga dvāra dīkṣā go grāma gṛha hari hasti haṃsa heramba indra jagatī jaina jaya jyeṣṭha kalpa kalya kanyā kara kareṇu khara khaṇḍa kośa koṣṭha koṭa koṭi koṭṭa kuhū kumāra kumārī kāma kārā kṛpīṭa kṣetra kṣiti kṣmā kṣoṇi kṣānti kṣāra loka madana madhu mahiṣa mahiṣī mahā mahī makaranda manda mandu mandurā marut meṣa māṇi nanda nara naya nepāla neya niśi nāga nāka nṛ pattra paśu piṇḍi prabhā prajā prapanna pura pātra pṛthivī pṛthvī rabhasa rakṣa rakṣaḥ ratna rudra rāja rājya rāma rāṣṭra sa sabhā sainya sasya satya sauna saṃgrāma saṃja soma sthāna sura svaḥ svāmi sāgara sāmanta sārtha sīmā tandri tanti tantri teja tejaḥ tāra uddaṇḍa udyāna uṣṭra vadhya vallabha vana vastu vasu vatsa veṣṭa vi vijaya vimāna vitta viśva vāstu vṛkṣa vṛṣṇi yakṣa yava yaśaḥ yūtha āmra ārya āyudha āśā śata śayyā śaṅkha śiśu śmaśāna śreṣṭha śruta śrī śākya śūla śūnya
vrata	177	akliṣṭa ananta anya anṛta ardha arka avalokita avara avighna ayācita aśoka aśuci aśva aṇu baiḍāla baka bhadrā bhagna bhartṛ bhauma brahma bāla bṛhad cakora candra carita cāndrāyaṇa cīrṇa deva dharaṇī dhuni dhṛta dig dur dvi dvādaśī dāna dīkṣita dūrvā dṛḍha eka gala gara garala gaurī ghṛta go guṇa gṛha hari haritālikā indra indu iṣṭa jita jyeṣṭhā kalpa kaula kaśyapa kokilā kukkuṭa kukkuṭī kula kumāra kāla kālikā kāmya kānti kārttikī kṛta kṣata kṣīra lalitā loka madhu madhūka mahi mahā markaṭī mauna maṅgalā muni māruta nakta nava nir nitya nānā nīla para parikṣata pati payo paśu pitṛ praiya priya prājāpatya puru puruṣa puṇyaka pāśupata rahasya rambhā rohiṇī rudra rukmiṇī sa sad saha sampūrṇa samāvṛtta saptamī sarasvatī sarva satya satī saubhāgya sauparṇa saṃkaṣṭa saṃśita snāta snātaka soma stuti stutya su sārasvata sāvitrī sūrya tad tapta tathā tilaka tri uddālaka ulkā upasad upāṃśu vaira vaitālika vasanta vasu veda veśyā vi vidyā vipula viṣāsahi vāmana vīra vṛthā vṛṣa yajña yama yata āditya ārogya ārya śakaṭa śaurya śikhi śiro śrāvaka śrāvaṇikā śubha śuci śveta śyāma śāka śāmbharāyiṇī śānti śīla śītalā ṛta ṣaṣṭhī ṣaṣṭi
dhara	173	akṣa ambho ambu asi avanī aśruti aṃśu aṇḍa bala bhū bhūmi bhūta brahma cakra catur cihna citra cāpa daṇḍa deva dhairya dhanur dharaṇi dharaṇī dharitrī dharma dharā dhārā dhātrī dhūr dur dyuti gadā gaṅgā gaṇa giri go guṇa gāṇḍiva hala harṣa hima hirā hālāhala hṛdaya iṣu jagad jagatī jala jaya jaṭā jīta kakṣa kalā kavaca kaṅkaṇa keśa khaḍga ku kula kuliśa kumbha kāma kīrti kṣauṇī kṣiti kṣmā kṣīra lakṣmī liṅga loṣṭa mahī mano mantra maru mauñjī maṇi medinī muralī mālā māyā mūrdha mūrti mṛga nadī nagna nāṭya padma pakṣa paraśu pavitra payo phaṇa phaṇā pitta prajā prema prāṇa pātho pāśa pṛthivī pṛthvī pṛśni ratna rudra rukma rājya rāma rūpa salila sarva satya srag su surā sāgara sārtha sūcikā sūrya sūtra sṛṣṭi tomara toya tulā tāmbūla udaka urvī vajra vapur varṣa vasu vaṃśa vaṃśī veda velā vetra veśa veṣa vidyā viśva viṣa vrata vādya vāri vīra vīrya vṛṣa yajña yaśo śaila śakti śastra śata śava śaśa śaśi śaśāṅka śaṃkara śaṅkha śikhā śilā śiphā śiro śmaśru śruta śruti śrī śubha śārṅga śāsana śīla śūla śṛṅga
sūtra	173	adīrgha agni akṣa anupada aśva bhagavatī bhakti bharata bhikṣu bhojana bhuja bhārata bhārgava bhāsya bhāṣika bhṛgu bodhāyana brahma bādarāyaṇa bṛhaspati candra cayana chandaḥ chāndoga dahara dharma drāhyāyaṇa dvaidha dīrgha eka garbha gīti gṛhya hasta hasti hautra hema hita jaimini kalpa kalyāṇa kanaka kara karaṇa karma kaṇva kaṇṭha kaṭha kaṭi kula kuśika kāla kāma kāruṇya kātyāyana kātīya kṛmi kṛṣṇa kṣudra kṣāra madhya maitra maitreya mantra mauna maṅgala maṇi māna mānava mātaṃga mīmāṃsā mūla mṛṇāla naṭa niḥ nyāya nāma nārāyaṇa nāṭa padma patañjali pañca paśu paṭṭa phulla piṅgala pramāṇa prastāva pratihāra pratijñā pratimokṣa prākṛta prāṇa puṣpa pārāśara pāṇinīya pīṭha rakṣā ratha rudra rāga rāṇāyanīya sapta sarasvatī sarva satya sautrāmaṇī saṃghāṭa saṃhitā saṃjñā smārta snāna soma spanda su suvarṇa sācī sāma sāmayācārika sāmānya sārasvata sārva sāvitrī sāṃkhya sāṃkhyāyana sāṃvatsara sūci sūcī tiryak tri tulā tāvat uṇādi vaikhānasa vaipulya vaitāna vaiśeṣika varṇa veda vedānta vi vibhrama vinaya viśleṣa viṣṇu vyāsa vālmīki vāsiṣṭha vātsyāyana vātūla vīta yajña yantra yoga yāga ākṣepa āpastamba śaunaka śaṇa śikhā śikṣā śiva śrauta śroṇi śroṇī śrāddha śuka śukla śulba śārīraka śāṇḍilya ūrṇā ṣaṭ
rūpa	172	acintya adbhuta adṛṣṭa agamya agni aho ananta anavadya aneka anya aprati ardha artha asva ati ayukta bahu bhartṛ bhavya bhā bhāva bhīma bhūta bhūya bhṛti brahma bāla bṛhad caura chando cid cāru daśa deśa dhana dhātu divya dvi dīna dīrgha dū eka garbha gardabha gaṇa ghora giri go grāhya hara hiraṇya hīna hṛṣṭa icchā iṣṭi jala jāta kalā kathaṃ kiṃ klība ku kāma kīdṛg kṛcchra kṛtyā kṣatra lekhya mahā mano manuṣya medo mālā nabho nara naṣṭa nāma nī padma panna para paśu paṭu pitṛ piśaṅga prabhūta prahṛṣṭa prati pravara priya prāg prāpta prāpya puru puruṣa puṃ pīvo pūrva pṛthag pṛthvī ramya rohita sa sama sampanna samāna sarva satya saumya saṃdhi saṃjñāta saṃkalpa saṃsiddha saṃsṛṣṭa saṃvatsara siddha soma sthāla strī su sukha sva sāra sūnu sṛgāla tad tamo tapta tathā tejo tri tulya tādṛg tārā udbhūta unmatta upasad uttara vajra vara vasu vatsa veṇī vi vicitra vijita virūpa viśva viṣaṇṇa viṣu vyakta vyāla yajña yathā yukta ādi ānanda ārya ātithya āścarya śabda śakra śakya śaphara śata śatru śava śiva śuka śukla śukra śānta
da	161	abhaya agni ambara ambho ambu anala anaḍud anna antara apatya apavarga artha arṇo asiddhi avakāśa aśva aṅga bahu bala bhakta bhaya bhūmi bhūri bhūti bodhi brahma darpa deha dhana dharma dhānya draviṇo druma dugdha dāda dānu dī dīpa dū gara garbha gharma go hiraṇya jala janma jaya jñāna jīva jīvana jīvita ka kadamba kanda kapha kara kleśa kreya kāma kānti kṣaṇa kṣetra kṣīra maha mantra mura māna māra māyā mṛtyu nabho nala nara narma nīra pala panna payo paśu phala phalgu piṇḍa prahāra priya prāṇa prīti puraṃ puru putra puṣpa puṣṭi pāpa pāra pārśva pātho rasa rati rayi raṅga roga rāga rūpya sahasra salila sanna sarva saukhya saurabhya siddhi smṛti stanya sukha svar svarga svarṇa svasti sāda sāntva tapo taḍāga toya tuṣṭi tāmbūla tāpa tṛpti ubhayā udaka vahni vana vara varivo vartma varṇa vastra vasu vimoha vitta viṣa vāda vānti vār vāri vārṣa vāso vṛddhi vṛkṣa vṛtti yaśo ānanda śaraṇa śarma śata śrāddha śrī śubha śulka śuṣma śyāva śānti ṛśya ṛṇa
bhūta	165	abhimukhī adyatana antar anyathā atharva aṃśa bahir bahulī bhasma bhasmī bhava bhrama bhāṣya bhūmi brahma brahmī bīja caurī cihna citra deva dhavalī divā doṣā dur dvaṃdva dīrghī eka evam gaṅgī ghanī guṇa guṇī gārgī hari havir hāsa ittham jarjarī jaḍī jīva jīvita kartṛ kathaṃ ketu khilī kim kośa kuṇḍalī kāraṇa kāṣṭha kṣaṇa lakṣa lakṣya madgu mahad mahā mandī markaṭī maṇḍalī meru meḍhī moghī māṃsa mūla mūlī nikaṭī nimitta nyag nyāsa nānā para pañca paṇya piṇḍī pradhāna prahvī prakṛti pramāṇa pramāṇī pratyakṣa praśithilī prādur prāṇa puru pātra pūrva pṛthag rahī ratna rākṣasī rāśī sa sad saha sajjī samī saphalī sarva saṃvijñāna sopāna spaṣṭī sthalī sthāni sthāṇu sthūla sthūlī su sutī sva svara svayam sādhanī sākṣi sāra sūkṣma sūkṣmī tad tamo tantu tanū taruṇī tathā tīrtha tīrthī tūṣṇīṃ tṛṇa vajrī vakrī vastu vasu vaśī veṇī vinā viphalī virajī viśva viṣayī viṣāṇa viṭa vyayī vyākulī vyālī vāmanī vāyasī vāyu ādi ākulī āmiśra ātma āvir āyāga āścarya āśraya īdṛśa śakalī śalya śarīra śava śeṣa śilī śithilī śreṇī śvo śītī
nātha	165	alabdha ambu apatya arundhatī badarī baṭuka bhava bhillī bhoga bhāgīrathī bhānu bhāva bhīma bhūmi bhūta bilva bindu bīja campaka camū caryā citra citta deva dharma dhvani dina divasa diṅ dvārakā dīna eka gaurī gaṅgā gaṇa go gopī hara hari hemanta hṛdaya hṛṣīka jagan jana janmaka jānakī jīvita kailāsa kala kali kalpa kalā kedāra ku kumuda kāla kāśi kāśī kūrma kṣapā kṣauṇī kṣiti lakṣmī laṅkā loka mahī maitrī malla malli mathurā matsya mañju moda mīna mṛta nadī nakṣatra nanda nara nema nemi nir nitya niśā nāga nāka nārī parjanya pañca paśu pippala prajā preta prāṇa puṇya pārvatī pārśva pātho pāñcāla pāṇḍya raghu rakṣo ramā rasa ratna raṅga ruci rudra rādhā rāja rāma rātri sa sarin satya senā siddha sindhu soma strī su sukha sāṃkāśya taraṃgiṇī trailokya tuṅga tāra umā uḍu vaidya varṇa vaṃśa veṅkaṭa vi vidyā vijaya viriñci vitta viśva vraja vāri vāñchā vāṇī vīra vṛkṣa yadu yoga yādo yājñika yāminī yūtha ādi ānanda śakti śambhu śambhū śiva śrī śrīraṅga śāli śālika śānti śārikā ṛkṣa ṛtu
puṣpa	163	abhra ahi amara ambara aruṇa aśma aṅgāra bahu baka bandhūka barha barhi bhujaga bhujaṃga bhāva bhāṇḍa bhūta bisa brahma bīja bṛhat candaka candana caritra cira cāmara danta darbha deva divya droṇa dāḍima dīpa dīrgha gagana gandha gardabha gaurī ghora guccha guhya gutsaka guḍa hema indra jala javā jīva karṇa kha khara koṭara kubja kunda kuśa kāka kāla kānta kāṇḍa kāṣṭha kīrṇa kṛṣṇa laghu lakṣmī lavaṃga lodhra lohita madhu madhūka mahā mallikā mandāra mantra megha mukta muktā mālya māṣa mūrdha mṛdu mṛtyu niśā nāga nīla oḍra padma parāga pattra phala piṇḍa piṇḍī prastha prauḍha pāṭala pīta rakta ramya rasa rodhra rudra rāga rāja rātri rīti sa sadā sat siddha sindhu sita sthira sthūla strī su sura suvarṇa svarṇa svādu sādhu sāndra sīdhu sūci sūcī sūtra tila tumbī tvak tāmra tāra tīkṣṇa tṛṇa vajra vakra vana varṇa varṣa vasanta vetasa vi viṣa vyoma vāk vāneya vāraṇa vāḥ vīra vṛtta vṛṣa yaṣṭī śaila śarat śarkarā śata śaṃkara śilā śrī śuka śukla śveta śāla śīghra śīrṇa śīta
pada	160	abhī adhas agni aja alabdha antya aprasiddha apūrva ardha artha ati avyakta aśva aṣṭa aṣṭā bahu bhadra bhramara bhādra bhū biḍāla brahma carcā catuṣ catvāriṃśat citra cāru cūrṇa daśa daśana deva dhruva dru druta duṣ dvai dvi dvādaśa eka eṇī gadgada gandharva gaṇḍū geya ghana go goṣ hari hasti haṃsa hrī indra indu jana jāla kaniṣṭha kathita kopa krama kriyā kāka kāñcī kṛta kṣetra kṣudra lalita lupta madhyama mahā mantra mekhalā mitra mṛga nakha niṣ nāga nāma nānā padma para parama parasmai pañca pitṛ piṇḍa prati proṣṭha prāk prāti punaḥ purīṣa pūrva pṛthak ratha raśanā rāja rājya rājñī sama samaya sapta sarva saṃdeha saṃdeśa saṃkhyā siddha soma sthira stobha stuti su sva svarga sāndra sāpta sāra tat tejas tri tīrtha ucca uccaiḥ upacāra uttama uttara vakra vallī varga varṣa vidheya vivāda viśeṣaṇa viṣama viṣu viṣṇu vyasta vyavahāra vyāghra vācaka vākya yama yauga yoga ārdra āruṇeya ātmane āśrama śastra śata śaśa śaṅkha śikṣā śiras śiva śva śvā śāra ṛk ṣaṭ ṣoḍaśa
sthāna	156	abhisāra anigraha aśva bandhana barbara bhartṛ bhavana bhaya bhoga bhrātṛ bhāṇa bhūta brahma bāla caitya calita catu catuḥ daṇḍa deva dhana divā doṣa eka gaja garbha ghāsa ghāta ghātana go gārhapatya gṛha hindu hṛdaya iha indra jala jana janma jyeṣṭha jāgarita jīva kalama kalpa karma kaṣṭa krīḍā ku kārya kūbara lavaṇa laya lekhya mada madhu madhya mahat mahā marma mudrā muni mānya mūla nartana nava nṛtya oṣṭhya pada pakti para patākā phala pitta pitṛ prasava prathama puṇya pāka pīḍā pīṭha rasa rayi raṇa ripu sa saha sama samāna samīpa sattva saṃketa senā siddha siddhi sthāna su sura suvarṇa sva svapna sūtra tanu tara tat tri trika tālu tāra tūṣṇīṃ uccaiḥ uccāraṇa uda uraga uṣṭra vadha vadhya vahni vaila vajra vana varcaska varṇa vayaḥ vi vidyā vihāra vikrama vimāna vivāha viśrāma viśvāsa vyavahāra vyaya vyādhi vyākhyā vīra yajati yajña yathā ābharaṇa āghāta āloka āya āśrama śaka śarīra śayana śilpa śiraḥ śloka śoka śrama śreṇi śulka śārīra śūnya
datta	154	abhaya agni amara anitya artha aruṇa aryama aśoka bandhu bha bhadra bhaga bhagīratha bhairava bhava bhrātṛ bhānu bhūti brahma buddha bṛhaspati cakra candra cāru daiva deva devī dhana dharma dur durga durgā dvi gaṅga gopa hara hari harṣa hasta hiraṇya hṛdaya indra jamadagni jambhala jaya jina jñāna jīva kanaka kiṃ kubera kumāra kumāri kṛṣṇa labdha lakṣa lakṣmī laṅga mahi maka mano marud mati maurya maṇi mihira mātṛ nadī nara naya nāga nāndi nārāyaṇa nāḍī parṇa pitṛ prīti puruṣa pūrva pṛthu ratna ravi raṅga ruci rudra rāma sakhi samudra savitṛ saṃgama saṃgrāma sindhu siṃha soma sthūla su svayaṃ svāmi sādhu sāgara sūrya turuṣka ujjvala upendra vainya vaiśvānara vaiṇya vajra vara varuṇa varāha vasu veṇu veṇī vijaya vimala vinaya vinīta vitasta viśva viśāla viṣṇu vyāghra vāg vāma vāmana vāsava vāyu vīra vīṇā vṛddhi yajña yamunā yathā yaśo yuvā yuṣmā yājña ānanda īśvara śakti śarva śauri śaṃkara śaṅkha śevala śiva śramaṇa śravaṇa śrī śubha śāma śārṅga ṛṣabha
tara	152	alpa antara anti anudātta avakṛṣṭa avara aśva aṇu bahu bahula balīyas bhadra bhagavat bhiṣak bhāra bhūri bhūyiṣṭha bāhya caura cañcala chinnaka cira deva druta dus duḥkha dīrgha eka garga garīyas go guru gārgya gāḍha hāsya hīna hṛdya iṣṭa jaghanya jita juṣṭa jyeṣṭha kalyāṇa kavi kaṣṭa khara kāla kṣema kṣetra laghu mahat manda mandra mat mañju medhya nadī nava nipuṇa nyūna ojas para paruṣa paścāt paṭu prabala pradhāna pramāṇa pratihāra priya prīta puṇya pāpa pāpiṣṭha pāpīyas pātra pūrva pṛthu rakta ramaṇīya rathī samadhika samartha sampanna sampūrṇa samārabdha samīpa sanna sarva satya saṃnata saṃrabdha sita spaṣṭa sphuṭa sthala sthira sthūla su sukha sundara svalpa svādu sādhu sāmānya sāndra sāra sūkṣma ta tanu tvat tīkṣṇa uccais udāhita ukṣa unmatta uttara vajra vallabha vara vatsa vega vidvat vipula vitīrṇa viśiṣṭa viśliṣṭa vīra vṛtra ya yaśas yaṣṭṛ yukta yāpanīya ārta āsanna śapana śayyā śiva śiśira ślakṣṇa ślāghanīya ślāghya śoka śreyas śreṣṭha śubha śveta śīghra śītala śūra ṛṣabha
sena	151	agra avanti ayuddha aśva bala bhadra bhaima bhaiṣajya bharata bharaṇi bhoga bhānu bhāva bhīma bhūmi bindu buddha bṛhat cakra candra citra daṃṣṭrā daṇḍa deva dhara dharma dhruva druma durga dānta dṛḍha giri guha hari harita hasti heramba herambaka indra iṣita jaya jayat jina jāta kakṣa kalyāṇa kanaka karma karpūra khaḍga kumāra kāma kīrti kṛmi lakṣmaṇa lakṣmī madhu maha mahat mahā mitra mukti muktā mukunda mādhava mānita nala nandi nāga nāgara nṛ padma pināka pracaṇḍa pravara prema priya pulinda puru putra puṇya pūrṇa pṛthu rati ratna ravi roha rohiṇi rudra rāja rājya rāma rāsabha rūpa sa samudra sarva satya siddha siṃha soma su sundara sārva sāṅga sūra sūrya tejaḥ tāmra udak ugra ukṣa vajra vasanta vasu vaṅga vaṅka vihita vijaya vikrama vimukta vindhya vinīta viśva viṣvak vyāghra vāri vāsudeva vīra vīrya vṛddha vṛṣa yajña yakṣa yat yavana yukta yuva yājña āditya īśvara śakti śaura śaṃkara śikhara śreṣṭha śruta śrī śānta śūra ṛta
bhṛt	150	ahi ambu anya apāna apātra astra asu avani avanī bala bali bhidā bhānu bhāra bhū bhūmi bhūmī bhūta buddhi cakra cakṣur cañcu chāyā cīra darvi darī daṇḍa deha dhanur dharaṇi dharaṇī dharitrī dharma dharā dhātu dugdha eṇa gadā gaṅgā gaṇa go guru hala hāla indu iṣu jala jana janma kalā kapāla kaustubha kavarī kirīṭa ku kuliśa kāla kārmuka kāṣṭha kṣamā kṣatra kṣauṇī kṣiti kṣmā kṣudra mahī mano mitra māna nepathya nāga para parimala payo phala phaṇa phaṇā pināka pitu prāṇa pātra pāśa pūta pṛthivī pṛthvī ratha rāja rātri rāṣṭra rūpa sadyo sambhrama samādhi samāna sarva saṃdeha saṃvatsara sevā soma sāma sāra sārtha sīra sūtra tanu tapo tulā tāla tāpa udyama udāna uktha urvī uṣṇa vajra valī vaṃśa vepathu vetra veśa vida vidyā vikāsa viśva viṣa vrata vraṇa vyāna vāg vāja vāji vāma vāso yajña yakṣa yaśo āyudha śabda śakti śarīra śastra śaśa śaśi śaṅkha śrotra śruta śuddhi śākhā śārṅga śūla
kāla	149	abhinna adeśa alaṃ andha anna anta apara aprāpta apūrṇa ardha atīta bhaikṣa bhaviṣya bhaviṣyat bhinna bhojana bhojya bhūta bhūti bālya carama caturtha cira dakṣiṇā deśa dharma duṣ dāya dīrgha eka garbha gata ghana gharma grīṣma homa iha janma jīvita kali kanyā karma kaṇṭa krama kārya kṛcchra kṛta kṣaya lagna laya mahā mantra matta maṅgala maṇḍana megha mṛtyu nata nimitta niśā pada para parva paścāt paṇa phala prabhāta pradoṣa pralaya prasava prayāṇa prāk prāpta prātaḥ prāvṛṭ puṇya puṣpa pūrva rakta ripu rātri sa sadyas sadyaḥ sama samāna samīpa sarva savana savanīya saṃdhyā saṃgava saṃhāra smārta su sutyā sva sāmprata sārva sāyaṃ sūrya sūti tat tri tulya unnata upariṣṭāt uru utpatti uttara uṣṇa vadhū vartamāna varṣā vasanta vi vikṛṣṭa vipat vipatti vipāka vivāha viṣama vyasana vyatīta vyavahāra vāstu vṛddha vṛṣṭi yajña yathā yuddha yāga ādi āghāta āpat āsanna śaka śarat śayyā śeṣa śibi śiśira śiśu śrāddha śvaḥ śāka śīta ṛtu ṣaṣṭha
ga	146	abhra adhva adhvara agra agre ajihma akaniṣṭha ambara ambu ananta anta antarikṣa anuvakra anya asva atyanta avaśa ayo bhuja bhāra bhūmi catura chando citra daur dhanva dur dyu dūra eka gagana gandha gharma grāma hasta haṃsa hṛd jambha jihma kaniṣṭha kartṛ karṇa kaṇṭha kha kāma kāntāra kṛśānu laghu madhya mahiṣa mahā mala malla manda manu marma mūrdha mṛd na nabha nabho naya nikaṭa nirukta nīca nṛ pad pada panna pata pataṃ plava pratīpa prava prānta pura puro purā purāṇa pāra pārśva pārṣṇi pīṭha pūrva pṛthu pṛṣṭha roha sabhā samana samudra samīpa sarva sarvatra satata satya siṃha snuṣā sthala strī sukha sumad suvar sva svar sāgara sāma sāra talpa tigma tirya tiryag tura tūrṇa upari uttara uṣṇa vakra vala vana vara vaśa vedānta vega videśa vidhāna vidūra viha vivikta viśva vyatyaya vyoma vīrya vṛṣa yāna yūtha āji ākhu ākāśa āśu śabda śata śaṃ śubha śīghra ūrdhva ṛju
priya	146	abhramu adha akṣa alaka ali ambu avi aśva bahu bali bandhu bhartṛ bhasma bhramara bhārgava brahma brāhmaṇa bālaka candra chāttra deva dhana dharma dvija dyūta dāḍima gagana guru guṇa hali hara hari haya hṛdaya hṛt jala jana jaya jyotsnā jīvita kadana kalaha kali kalyāṇī kapi karabha karṇikāra kauśika kaṅkaṇa kaṇa khara kokila ku kāla kāśikā kṛta kṣaudra lalanā lalita madhu malla manaḥ manāk markaṭa maru maṇḍana mukha mukunda muni mādhava mṛdu mṛga nara nartana nārāyaṇa nāṭya nīra nṛpa nṛtya pala palala parāt pathi phaṇi pitṛ potalaka prati prāṇa puru putra puṣkara pāpa ramā rati ravi raṇa rohiṇī rāja rūkṣa salila samudra saraḥ sarva sneha strī stuti su sura surā svadhā svāhā tāpasa tāvat tāṇḍava tīkṣṇa utsava vana varṣa vañjula vi vidyut vipra viśvāmitra viṭa vāla vānara vāsudeva yajuṣ yajña yama yavana yāvat āmiṣa īśvara śani śaśi śaṃkara śikhi śiva śiśu śrī śuka śīta śūdra śṛṅga ṣaṣṭhī
vṛtti	142	adroha ajyeṣṭha ananya aniyata antar anyathā anyonya anyāya anāyatta asad avyāpya aśiṣya bahir baka bhaga bhaikṣa bhikṣā bhinna bhojana bhāga bhāgya bhāṣā bhṛtya brahma bṛhad caurya caṇḍa cid citra citta deha deva dhairya dharma dhātu droha dur durga dyūta guru guṇa hīna hṛdaya indriya janya jyeṣṭha jīva kliṣṭa ku kuhaka kāpota kṛśa kṣapā kṣata kṣīṇa laghu lakṣaṇa liṅga madhyamaka madhyamika mano mataṃga mauna mālya nagna nemi nir nirukta nyāya nāgarika nārāyaṇa pada paryāya phiṭsūtra piṅgala prati pratyakṣa prayoga prācya prācīna prāg prāṇa pālana pārṣada raṇa sa sad sadā sadṛśa sama samyag sattva satya satī saṃgha sevā su sva svaira sādhu sāṃkhya sūtī tad taskara toya tri tulya udīcya unmārga uñcha vaiśya vana vanya vaṇig vedānta vetasa vibhāṣā vihita viparīta viśva vyasta vyāsajya vāgurā vākya vāmana vārttā yathā yācaka yāma āhāra ātma śabda śalākā śarīra śastra śila śilpa śukla śva śīla śūdra ṛtu
tantra	138	abda artha asva aṅka bali bandha bhairava bhairavī bhairavīya bhinna bhāṭṭa bhūta bindu brahma brāhmī bāla bṛhaspati caraka cāmuṇḍā daiva deha devī dharma dvitīya dvitīyā gautamī ghaṭa guhya guṇa indrāṇī kaivalya kalpa kaulika kaumāra kaumārika kerala kriyā kubjikā kumārī kālikā kālī kāma kātyāyana kṛṣi kṣāra lakṣmī lalitā loka madana mahā marīci matsya meru mālinī mātṛkā māyā nis nyāya nānā nārada nārasiṃha nārāyaṇīya nīla nīti para pauṣkara pañca paścima paśu phala pratiṣṭhā praśna puruṣa pāra pātañjala pūrva ramala raurava revatī rādhā rājya rāma rāṣṭra sa samāna sapta sarasvatī sarva saubhāgya saura saurabheya saṃjñā smṛti su suvarṇa sva svalpa svara svarṇa sāma sārasvata sāṃkhyāyana sūkṣma tāriṇī uttara uḍḍāmara vaikhānasa vaināśika vaiṣṇava varṣa vasiṣṭha vastu vibhrama viṣa viṣṇu vāma vārāhī vāyavīya vīra vīṇā yajña yakṣiṇī yoga yoginī yoni yuddha ācāra ātma śaiva śakti śalya śiva śābara śākta śāmbhavī ḍāmara ṛk ṣaṣṭi
graha	132	aniṣṭa arka asad asṛg ayana aṅga aṅkuśa baddha bahu bandi bandī bhasma brahma bāla candra chāyā dadhi deva dhanur dhvani dhārā dhūma dina dor dur duḥkha gala gandharva garbha ghaṭa ghaṭī go guda hanu hasta hrada hṛd hṛdaya jīva kaca kara kavala kaṇṭha ketu keśa khara ku kuñjara lagna lakṣya lastaka lāṅgala madhu mahā manyā maṅgala muṣṭi nava nāma nānā nīra patad payo paṅgu phala pitṛ prāṇa pāpa pārṣṇi pāṇi rakta rasa ravi revatī rāhu rākṣasa rūpa sa sad sakṛd sarva saumya saṃketa siddha skanda soma stana sthālī strī su surā sva svayaṃ sūrya sūtra tomara tuṣa tārā tīra upāṃśu uro vaco varco varuṇa vasā vi viḍ vyāpti vākya vāta yakṣa yakṣma yaṣṭi āditya ājya śabda śakti śakuni śakṛd śapha śastra śaśi śiro śruta śrī śubha śva śūla ūru ṛtu ṛṇa ṣoḍaśi
karṇa	133	aja akṣa ardha aśva aṣṭa babhru basta bhinna bhārata bhāsa bhū bāhya cakṣuṣ cala catuṣ chidra chinna chāga citra coḍa cāru cūḍā dadhi datta dhūmra duṣ dīrgha dṛk gaja ghaṇṭā go gāḍha hari hasti hiraṇya hrasva jarat jatū jaya kara karkari kharjura kharjūra koṭī kroṣṭu kumbha kuṇḍa kṛdhu kṛmi kṛṣṇa kṣema lamba lola loma lomaśa madhu madhya mahā manda markaṭa masura masūra mayūra maṇi maṇḍa māyūra nau niṣ nāga parāsu pañca piplu prācīna prākāra puṣpa pāṇi pūti rāja sa sama sapta satya saṃlīna siṃha sruva stabdha sthūla sthūṇa sthūṇā su svastika svāti tri tṛṇa vahitra vajra vallī varāha vasu vi viddha vistīrṇa viṣama viṣṭa vīṇā yaśaḥ yūpa āviddha āśrut śakaṭī śatī śaśa śaṅkha śaṅku śiraḥ śoṇa śrut śrī śuci śuddha śukla śukti śunas śva śveta śvā śyāma śānta śārdūla śūnya śūrpa ūrdhva ṣaṭ
tama	135	abhaya abhīṣṭa adbhuta addhā alaṃ antara anti apas aprāpya arhat aśīti aṅgiras badhira bahu baliṣṭha bhagavat bhiṣak cira cāru dairgha dasma deva devi dhana dhṛṣṭa dīrgha eka go gupta guru hṛdya indra iṣṭa jit jugupsita juṣṭa jyeṣṭha kavi kaṇva kutas kāla kārya lobhanīya mahat mahin makṣū mandra marut medhya māsa mātṛ mūḍha mṛṣṭa navati nediṣṭha nimiśla nṛ para pañcāśat paśavya pitṛ pradhāna prativīta prayukta preṣṭha priya puru purū pāpiṣṭha pārayiṣṇu pṛthu rakṣya ramaṇīya rasa rathī rūpa sabhya sadṛśa sahasra sambhṛta sampanna sanātana saptati sasni sat satya saṃvatsara snigdha suhṛt sukha svādu sādhaka sādhu sāmānya sāndra sāra sūkṣma ta triṃśat tāra tīrtha vahni vallabha vara vasitṛ vedhas vidvat vipra viśiṣṭa viṃśati vyāla vyāpta vīra vīrya vīta vṛddha ya yaśas yukta āmiśla īpsita śakya śata śaśvat śaṃ śikhi śiva ślāghya śraiṣṭhya śreṣṭha śrīmat śuddhi śuṣmin śūra ṣaṣṭi
pa	131	aja akaniṣṭha amara ambu amṛnmaya amṛta aneka asoma asra asṛk avadya avani aśva aṃhri aṅghri bha bhū bhūmi camū caraṇa cauṇḍa cedi chattra daitya darśa daśa daṇḍa dhiṣṇya dhātu dhūma dina dvi dvāra dāva dṛṣṭi gandha gaṇa ghṛta go gṛha hasti havya haya ibha iṣu janma jihvā kaca kaccha kakṣa kana kari karṇa kaṇa khara koṇa koṭa kāśi kīlāla kṣatra kṣetra kṣiti kṣmā kṣīra loka madhu madra madya mahi mahiṣī mahī manthi marīci maṇḍa māra mārga māṃsa mūrti mṛta nakṣatra nara nṛ paras payas paśu phena prajā pratihāra pāda pāna rakta raśmi reṇu rāśi rūpa satya soma stana stanya surā suta sīdhu taila tarī tṛṇa uda uḍu uṣma uṣṇa vana varūtha varṣa vastra vatsa veṇu vidu vinna vitta viṃśati viṭa vāhana vāri vāstu yuga yūtha ājya ātma śoṇita śukra śva ūṣma
vāda	133	advaya ahetu anekānta anārabhya apūrva artha asad asatya asādhu ati avarṇa bhakti brahma buddhi bādha dhanya dharma dhig dhātu dur dvaita dīkṣita dṛṣṭi eka gupti guṇa hetu hiṃsā hīna indriya jana kaitava kalā karma ku kāma kāraka kṣaṇika lagna lakṣaṇa lakṣaṇā liṅga loka mano mantra maṅgala mithyā mokṣa mukti māyā mīmāṃsā mṛṣā navīna nañ nir nyāya pakṣa para parī pañca piśuna prahasta prajñā pratijñā pratyakṣa prauḍha prauḍhi priya prāyo prīti punar puro puruṣottama pāpa pāṇi pūrva rasa saha samavāya samāpti samāsa satya saṃgati saṃnikarṣa saṃśaya siddhi smṛti sphoṭa stuti svasti svayaṃ syād sādhu sādhāraṇa sādṛśya sāma sāmagrī sāmānya sāntva sāṃkarya sīmā tarka upasarga veda vedānta veṇu vidhi vijñāna virodha vivarta viśeṣa viṣaya vyutpatti vyāpti vāda vāg vākya vāyu vāṇī vīra vīṇā vṛtti āhatya āpta āśīr īśvara śakti śakuni śarīra śānti śāstra śūnya ūna
kāma	132	abhagna adṛṣṭa akṣa anartha aneka anna anya apatya artha avitṛpta avṛṣṭi ayas bahu bala bandhu bhaga bhagna bhūti bhūyas cakṣuṣ deva devṛ dhana dharma doha draṣṭu dyu dāna gantu garbha gaṇa go grāma grāmya hantu hita indriya jani jāta kartu kuśala kāma kṛta kṣema kṣipra labdha loka medhā mitra mokṣa muhus māṃsa niṣ nānā nātha paryāpta pati pavitra payas paśu phala prajā prati pratiṣṭhā priya prājya pulu punaḥ puruṣa putra puṣṭi pāra pūrṇa pṛthak rahas ruk rāyas rāṣṭra sa sajāta samavāpta samaya sampūrṇa samṛddhi sani sarva satya siddha soma strī su svapna svarga svādu svārājya sārva tejas toya ubhaya vadha vaktu vana varṣa vi vitta vivāha viṣaya vyacas vyāvṛt vīra vīrya vīta vṛṣa vṛṣṭi yajña yat yathā yaśas āpta ātma āyuṣ śarma śaśvat śravas śreyas śruta śrī śubha śuci śānti śṛta ṛddhi
gṛha	132	agni antar anti ariṣṭa artha bhoga bhojana bhāṇḍāra bhū bhūmi brāhmaṇa bṛhad cara caṇḍikā caṇḍī chattra citra darśana deva devatā devī dhavala dhvaja dhārā dūra garbha gosa guhā gupta guru hari havir hima indra iṣṭakā jala janma jantu jatu kandu kanduka kautuka kaṭaka keli khara kośa krīḍā kula kārā kṣetra lakṣmī latā lākṣā līlā madana madirā mahā mantra maṅgala māna mātṛ mṛta nepathya nir niśā nāpita nīca nṛpa pitṛ prasava prekṣā preta puṇya puṣpa pīḍā pūjā pṛthvī rakṣā rata rati rodo rāja sa sabhā sado samudra sattra saṃdhi smara snāna su sura surā sva svapna sāyaṃ sūkara sūtakā sūti sūtikā sūtī tanu tvad upasthāna vahni vastra vaṇig vetasa vetrakīya veśyā vihāra vilāsa vivāha viṣṇu vyaya vānīra vāsa vṛkṣa yama yantra yaṣṭi yātanā āsthāna śatru śayana śayanīya śayyā śilpa śilā śiro śukra śānti
mūla	132	abaddha abhidhā adhara ananta antya arka aṃsa baddha bahu bhuja bhujā bhūri bāhu bāla chinna danta daśa daṃśa dhana dharma dhauta dor dvādaśa dīrgha dūra dṛḍha eka gandha ghana granthi gulma guḍa hrasva ikṣu jihvā jyeṣṭhā jīmūta kanda kaniṣṭha karma karṇa kaṇṭha kaṭu khāta kola kuto kuśala kāla laghu madhu mahā mantra nir nābhi nāsikā nāsā padma pailu pakṣa parva pañca phala pippalī piṅga piṇḍa prācī prācīna puccha puṣkara pāda pāṇi pṛthivi rasanā rūḍha saha sahasra saṃkalpa sirā stana sthūla su sura svarṇa svādu svāmi tan tapo taru tālu tāra tīkṣṇa tūla uttara vana varga varāha vasti vaṃśa veda velā vi viparicchinna vyākaraṇa vāg vārttā vāṅ vāṭa vṛkṣa vṛtti yan yato ādi ārdra āvir āyatta śabda śaila śata śaṅkha śigru śikhi śikhā śravaṇa śrotra śruti śveta śīrṇa śūnya śṛṅga ūrdhva ūru ṛte
ratha	131	adhva ardha ariṣṭa asama ati aśva aṣṭā bahu bhadra bhaima bhānu bhāvya bhīma brahma bārhad bṛhad candra chāga cid citra cāru dagdha daiva daśa deva dharma dhṛṣṭa diva divi divya dvai dāśa dṛḍha dṛṣṭa eka gantrī gardabha go gī hasti hata haṃsa hiraṇya jaitra jaya jayad jaṅghā jyotī kad kapi karṇī kavi krama krīḍā kīrti kṛta kṛti kṛtti mahā mano manuṣya marud mayūra megha māna mīna mūḍha mūṣika nara nava navati nona ogha pad padma pattra pavitra paṅkti prati pratyag priya prācya puro puru puṣpa puṣya pūrṇa ravi rukma ruśad ruṣad rāja sa sama satya siṃha su sukha sāṃvatsara sūrya tari tveṣa tāmra vajra vasu vaḍabā vi vidyud viśva viṣṇu vāma vāri vāta vīra vṛka vṛṣa yama yoga yukta yāma ākhu āśu śata śava śiva śruta śuci śveta śyāva ūḍha ṣaḍ
tīrtha	129	agra akṣobhya ananta apsaras aśoka aśva badarikā bhāgīratha bhāratī bindu brahma brahmaṇya brāhmya cakra daiva deva dharma dhvāṅkṣa dus dvādaśī dāru gaurī gayā gaṅgā go gupta guru haṃsa jamadagni jaya jñāna kanyā kapi kaubera kedāra keśi koṭi kroḍa ku kubera kuru kāla kāma kṛkalāsa kṛta kṛṣṇa labdha manu mataṃga mokṣa mādhava mārkaṇḍeya mṛga mṛtyu nandinī nandā narmadā nāga nāma nārāyaṇa nārī pakṣi phalgu pitṛ piṅga plakṣa prabhā prajā pramoda prayāga puruṣottama putra puṇya puṣkara pāṇḍu pṛthivī ravi reṇukā rohiṇī rukmiṇī rāja rāma sa sarasvatī sarva saukara saura sevā snāna soma stambha sthāvara sthāṇu su sundarikā sārasvata sāvitrī sūrya tapas tāraka tārā urvaśī uṣṇa vaivasvata vaiṣṇava varuṇa vedāṅga vidyā vijaya viṣṇu vyāsa vāruṇa vārāha vāsudeva yama yamunā yāmya āditya ākara ānanda śacī śaṃkara śaṅkha śikhi śiva śrī śukla śukra ṛṣi
lakṣaṇa	127	avyakta aṅka barhiṇa bhadra bhūta bimba brāhmaṇa buddhi chāga cūḍā daśa daśā deha dharma dhruva dhyāna dhāraṇa dhātu dohada dravya dur dvi dāra dūta garbha go guṇa hariṇa hasta hata hetu hiṃsā jvālā jātaka jāti kalyāṇa kathā kaustubha ku kāvya kūrma kṛta labdha lakṣita mano mudrā mātrā mūrti nir nirghāta nirukti nāṭaka nāṭya pañca paṭṭa piṇḍa pramāṇa prapanna prati pratijñā pratimā pratiṣṭhā praśna prākṛta prāsāda puccha purastāl pīṭha pūrva pṛthag ratha ratna roga rāga rāja sa sampūrṇa sapta sarva saṃgati saṃkrānti saṃkṣepa siddhānta sruva strī su sva svara sākṣi sāma sāmudrika sāmānya taṇḍā tārkṣya ulkā upanayana upariṣṭāl utpāta uttara vahni vaiṣṇava veda vedi vi vidyul vigata vimāna viruddha viśeṣa vyavahāra vyāpti vāstu vāyu vṛtta vṛṣabha yauvana yūpa āhata āhita śabda śarīra śastra śaśa śaṅkha śubha śārīra ṣoḍaśa
gata	126	akṣi anta antar antardhāna anyonya araṇya artha atyanta aṅka bahir bahudhā bhū bhūmi bhūmikā caraṇa caura cira citra deha dhūr divi dur duḥkha dvai dvi dūra dṛṣṭi garbha grahaṇa grāma guru hasta hṛd hṛdaya jaya kanyā kaṇṭha kha krama kukṣi kuṭī kāla kāraṇa kāya kṛcchra kṛtsna kṣetra laya lekhya madhya mahad maithuna majjana mano manyā maru mañcaka mukha mūrdha nimna nīca pada para pañca paṭa pratimā pravāsa preta prāsāda prāya puro pāra pārśva pāṇi pūrva raho rāhu rāśi sabhā sado saha samyag sarva sarvatra savana saṃśaya sthala sthapuṭa su sva svapna svar svarga sādhu tad tala tathā tiro tiryag tri unmārga upari vaihāyasa vakra varṇa vayo vaśa veda vi videśa vipad viyad viśva viṣama viṣvag vyaya yathā āditya ākāśa āpad ātma śabda śarad śayyā śiro ṣaḍ
ratna	126	aho ajina amala amara asita aśva aṣṭa bahu bhakti bhauma bhāva bhāṣā bhū brahma budha bīja cakra candra carma cintā cūḍā dharma dina divya dyu dīkṣā gaṇa guru guṇa hari harṣa horā hāyana indu jina jātaka kanyā ketu khaḍga krīḍā kāma kāvya kṛtrima kṛtya lakṣaṇa madana mahi mahā mantra mauktika mauli maṇi muhūrta muktā mukuṭa māṇikya nava naya niśā nyāya nārī nāyaka nīla nīti padma pañca prabhūta pratiṣṭhā pravara prayoga praśna purāṇa puṃ pīta pūjā rahita rakṣā rasa ratna ravi rāhu sad samaya sapta sarva sauri saṃgīta saṃkhyā saṃskāra siddha siddhānta smṛti stotra strī su tantra taraṇi tarka taruṇī tri tārkṣya upaniṣad vaidya vairāgya vedānta vidhi vidhāna vidyā vidūra vivāha vyavahāra vyoma vāja vāji vākya yoga yoṣid śabda śarīra śiro śiti śoṇa śrāddha śuddhi śyāmā śānti
candra	122	amara ardha bhava bheṣaja bhuvana bhāla bhānu bhāratī bhīma bāla bāṣpa cāru daśa deva dhana dharma dhavala dvi dvitīyā dāma gaura ghāta guha guṇa hari haṭṭa hema hṛdaya hṛta jagac jala jana janaka jaya jina jñāna kalyāṇa kanaka karma kavi krīḍā kula kumuda kāma kṛṣṇa lakṣmaṇa laḍaha lāla līlā mahā mahī mukha mukhya muni māṇikya nara navīna naya naṣṭa nema nāra nīla nṛ paryāpta pañca prabodha prajñā prajā prati pratimā prātaś prīti pārśva pāṇi pūrṇa pṛthivī rasa ratna ravi rudra rāja rākā rāma rūpa sadā sahasya sarva saṃgrāma siṃha smara smṛti soma su sāgara sāla sūra sūrya tārā udaka vasu vi vibhūti vigama vijaya vimala vivāda viśva viṣṇu vādi vāja vīrya vṛkṣa yaśaś īśāna śambhu śarac śata śiva śrī śubha ḍāla ṣaṣṭha
kalpa	123	abhicāra adhvara agni antaḥ anuloma aśvattha bahu baka bhadra bhava bheṣaja bhinna bhāva brahma brāhmaṇa buddha bṛhat bṛhatī chandaḥ dahana deva devī dhātu dveṣa dvitīyā eka gaurī hanumat homa indra jana jina jyotiṣ kedāra kumārī kāla kātyāyanī kūrma kṛta kṣudra lakṣmī loka madrikā mahā maśaka meru māyūra mṛta nakṣatra nārāyaṇa nṛ pañca pañcamī paśu paṭu pitṛ prabhāta prajā prathama prati preta priya prācīna prāk prāsāda prātaḥ purā purāṇa puṣkara pālāśa pāpa pārada pūrva rudra rāma sa saṃdhyā saṃhitā saṃvarta siddha soma sthāvara su sundarī svapna sāmparāyika sārasvata sūrya tamas tāriṇī ucca ucchuṣma uttara vagalā valmī vamana varāha vasiṣṭha vasu vi vidhāna vidvat vitāna vivarta viśvāmitra vrata vārāha vāstu vāñchā yajuṣ yajña āpat īśāna śabda śauca śrāddha śulba śveta śānti śāradā śūdra śūlinī ṛṣi
kārin	122	ahaṃ ahita akliṣṭa akārya akṛtya andha anta anājñapta aprāpya artha asamyak asamīkṣya astra ayatna aṅgāra bandhana bheda bila camat carma catuṣ chala cihna cintā cira cāṭu dhvaṃsa divya diṣṭa doṣa duḥkha dīkṣā dṛḍha garbha gṛha hita jaghanya jana jaya jhaṅ jhāṃ jihma kalaha karma keśa kleśa kārya kṛta kṣipra lajjā lāghava mada madhu manda maṅgala moha māṃsa parva peśas phat phet pradeśa pratyaya prekṣā priya prokta prāpta prāpya pulāka pāpa pūrva raṇa sadā saha sambhūya samyak samāgama sarva saṃdhāna saṃhāra saṃkoca saṃtāpa siddhi smṛti stotra sukha sādhu sāhasa sākṣāt sāma tat tiras trāṇa uddyota udvega uparodha vacana vaira vaśya vighna viparīta vismaya vraṇa vyāpāra yat yathā yuddha yukta ādeśa āgas āhlāda ājñā āpta āśu īśvara śabda śarma śilpa śrī śānti śīghra śīt
ghna	122	agha ahi amitra anila apūruṣa ari artha avīra aśma aśmarī aśva balāsa bhaga bhartṛ bhrūṇa bhūta brahma brāhmaṇa bāla chardi dadru dadrū daṇḍa dharma dhātu doṣa durga gara go guru hasta hasti haya hema hima jantu jvara jāyā kacchu kapha kapāṭa kavāṭa kaṇḍū keśa kharju kharjū khyāti kilāsa kula kuṣṭha kāsa kīṭa kṛmi kṛta kṣata leṣṭu loma loṣṭa mala mano medo mitra muṣṭika mātṛ namuci pakṣa parṇaya pati paśu pitta pitṛ plīha pralamba prāṇa pāla pāma pāpa pāṇi pūruṣa pṛṣṭha rakta rakṣo rasa ripu roga rākṣasa satya stamba strī su supta svara sāraṇika tamo tūr tṛpti tṛṣṇā uṣṇa vadhya vaiśya varṣa vega vidhi visarpa viśalya viṣa vyādhi vārtra vāta vāyu yajña yama yaśo yātu śambara śatru śaśa śiśira śleṣma śrama śūdra śūla
patha	121	abhra adarśana adhvaryu aja aniruddha antas apatya ardha asat asi bhagīratha brahma brāhmaṇa bāṇa cakra cakṣuḥ cakṣuṣ catuṣ chāyā cāra dakṣiṇā darśana deva dharma dhārā dhūma dik dvi dyu dūra dṛk dṛṣṭi ghaṇṭā go goṇī gūḍha haṃsa iṣu iṣṭakā jala janma jaṅgala kari karma karṇa kava kriyā ku kuru kusīda kāla kāntāra locana loka mahā maru marut mati maṣi megha mārga mūtra mṛtyu nakṣatra nayana nyāya nīca pramāṇa prati puṣpa pūrva ramya ratha rāja sarva sat saṃcāra saṃdarśana saṃsāra siddha sindhu smṛti sopāna sthala sthāla su sura svarga svaḥ sāma tri tārā udak upasat uttara uḍu vadhū vaiśvānara vaṇik veda vi vilocana viyat vāk vāri vāyu yajña yoga ākāśa āloka ārya īryā śaila śata śaṅku śravaṇa śruti śrī śāta ūrdhva ṣaṣṭi
rasa	120	adbhuta alakta amla amṛta anna ayo bahu bhakti bhava bhūri bhṛṅga brahma candana dadhittha dhīta divya drākṣā dīpta eka gandha garbha gata ghana go gopa hāsya ikṣu jala jantu jatu jyotī jāta jātī kanaka karpūra khadira kharjūra khaskhasa khaṇḍa krīḍā ku kāma kāvya kṣiti kṣudra kṣāra lohita lākṣā madhu madhūka mahā majja majjā moca mātuluṅga māṃsa mūla mūrdha mṛgayā nava nānā nārāca nī nīlī pakva parama piṣṭa piṣṭī puṣpa pīta pṛthivī rajo rati sa sad sama sarja sarva saṃrambha saṃsiddha siddha siddhi sindūra soma su sudhā sva svādu sīdhu sūpa tad tanu tila toya tāma tīkṣṇa upacita vahni vetāla vi vipula viṣa viṣkira vyakta vīra yajña yakṣa āma śakṛd śikṣā śilā śiva śrī śveta śāka śāla śānta śīta śṛṅgāra ṣaḍ
vid	115	adhyātma ahar akṣa akṣetra alpa amantra anna anīti apramāṇa artha astra astu atharva atharvāṇa aveda avibhāga aśva aśvastana bahu bhiṣag bhūta brahma daiva deva dharma draviṇo go gātu hiraṇya horā hotrā jana jani jyotir jñāti kalā kiṃ kratu kuṣṭha kāla kṛtsna kṛtya kṣema kṣetra loka mano mantra marma mati matsya mitra māyā mṛdu nabho naya nimitta nyāya nātha nī nīti pada paśu prajā purā purāṇa pūrva rasa rayi sa saci sakhi sampradāya samprati sarpa sarva savana saṃdhi smṛti sthāna su suvar svar sāma sāmudra sāra sūryā sūtra tad tarka tejo tātparya uktha upti uttama vaco varivo vasu veda vedānta vicāra vidyā viśeṣa viśva vyāyāma vāg vīra yajur yajña yoga yātu ākhyāna ātma śruta śāstra ṛg
varman	118	ajaya amitra ananta apahāra artha avanti aśma bahula bala bandhu bhadanta bhadra bhoga bhānu bhūti brahma cakra candra caṇḍa citra cāru deha deva dhana dharma dhṛta dāna dāru dṛḍha gada graha guṇa gṛha hari harṣa hasti hiraṇya indra jaya jñāna kalyāṇa kamala kanaka ketu khadira kāñcana kīrti kṛta kṣema loha mayūra maṇi mitra māra mṛga nandi nara nāga nārāyaṇa nīti pracaṇḍa prahāra prajñā prati puṇya pūrṇa ratna ravi rāja rāma sa samara samudra sapta sarva satya saṃhāra sita siṃha skanda sthala sthira sthiti su sukha sura sāgara sūra sūrya tanu tīkṣṇa udaya upahāra vajra vi vijaya vikaṭa vikrānti vindhya viśrānti viśva viśāla viṣṇu vīra yajña yakṣa yaśo āditya ārya īśvara śaka śarva śaṃkara śiva śruta śānti śārdūla śūra
yoga	118	abhyāsa amṛta ananya antar apsu ati aśva aṣṭā bahir bhadra bhakti bhraṣṭa bhāgya brahma buddhi cakra candra chalitaka cūrṇa daiva dala daṇḍa dhyāna dhāraṇā dhṛti dur duḥkha dvādaśa eka graha guṇa hari hasta haṭha indra janma jñāna karma kathā kha klība krama kriyā ku kāla kṣatra kṣaya kṣema laya mantra maṇḍūka mithyā muṣṭi māna māyā nakṣatra nānā nṛpa patañjali phala prācīna puṃ puṇya pātaka pāśupata pūrva pūrṇa pṛthag rasa ratha rohiṇī rāja rātri rūḍha sa sahasra sama samyag samādhi saṃkhyā senā siddha siddhi soma sthāna sthāne stoma su sunaphā svara svāti sāmarthya sāra sāṃkhya sīra tapo tṛpti upāya utpāṭa utsāha vaidya vañcana vibhūti vidhi vāg vāra vāsa yajña yukta ākṛti ānanda ātma āyur śarīra śiva śubha śūla ṣaḍ
pāda	115	agra aja akṣa ardha aśva aṣṭa bahu bhadra bhaṭṭa bhāva bhāṣā brahma bṛhat cakra candra catuṣ cera deva dru dvi dīrgha dṛḍha eka gauḍa gaṇa gaṇḍa gaṇḍola gaṇḍolaka gūḍha hasta hasti haṃsa jala jāla kalmāṣa kapota kaśika kaṇḍola kaṇṭa kaṣāya kaṭola kaṭolaka kriyā kroḍa kroṣṭu kuddāla kukkuṭa kumbha kuruta kusūla loma mahelā mahilā mahā mantra nitya padma pañca piṇḍa prauḍha prayoga praśasta proṣṭha prākṛta pāṇi pūjya pūrva rakta ratha raudra roma sa sahasra sama samāsa sarva saṃdhi siddha skandha smṛti stabdha sthūla su sūkṣma sūrya sūtra tri tīrtha udak upastha upodghāta uttara uttāna vakra vijñāna viṣama vyavahāra vyoma vyāghra īra śakra śaśi śaṅkha śiti śruti śrī śuddha śva śveta śāna śāṇa śīrṇa ūrdhva ṛddhi ṣaṭ
gati	113	abhinna agatika aja alakṣya amita amṛta ananya anna anta antika artha asita atyanta avijñāta avyakta avāg aśva bhinna cakra catur chadma chanda daiva dhruva druta dur dīrgha dṛg gagana gaja gambhīra gaṇanā go gupta hari haṃsa jihma karma kha khela ku kuṭila kāla kāma kṛṣṇa kṣipra kṣīṇa laghu loka madhyama mahā manda mano mati mayūra maṇḍūka nabho naṭa nitya nānā pada parama paṅka plava pluta pratīpa preta puro puruṣa pāpa pāra sad sadā sakṛd samāna sarpa sarva satata saṃkṣipta siddha skhalita sthira su sura sva svaira svar svarga tigma tiryag tīvra uccair udag vaikuṇṭha vakra vikrānta viparīta vipatha viyad viṣvag vyāvṛtta vāyu vīra vṛṣabha yajur yoga āditya ākāśa ātma śabda śiva śīghra ūrdhva
bhū	113	abda abja adri agni agra akṣi aśleṣā aṃśa aṅga baddha bharaṇī bhū ceto citta cūrṇī deva dṛg geha giri gādhi havir indra jala jvalana kaccha kalaśa kamala kara kareṇu karma kaṭa keśa khadira khāta kumbha kārā kāñcana kūla kṛṣṇa kṣiti lauha loṭha maghā mahad malla mano manu maru mayo maṇi mitra mṛdha naga nara nābhi nīla padma para paryanta pavana punar puro puru puñjī puṇya pāna pīṭha pṛthā raṇa rodho roga roma rudra sacā saha samara smara smaraṇa smṛti sneha snāna soma su sukha suvarṇa sva svayam taṭa tṛṣā vadhya vana varṣā veśma vicāra vidarbha viśrāma viśva viśvā viṣṭhā vraja vāji vṛṣṭi yud yuddha ātma śara śikhi śleṣma śloka śraviṣṭhā śukra śāli śūra
cara	109	ahaś ambara ambu aneka anta antardhāna antarikṣa ap apsu araṇya avani bahiś baka bhikṣā bhū cakra camū deha dhanva dharma divasa divi divā duś dvaṃdva dyu dūra dūre dṛṣṭa eka gagana giri go goṣu grāma grāme guhā gupta harmya irā jagatī jala jale kha khe ku kuru kuṭi kuṭī kāma kūla kṛṣṇa kṣamā kṣapā loka mahiṣa mahī manuṣya marma māṇi nabhaś naktaṃ nau niśā nāka nīra pakṣa paripārśva parṇa paścāc paṅkti prānta punaś pāpa pāra pārśva pṛthak rajani rajanī raṅga rāma rātri sabhā saha salila senā sthala sukha sva tanti toya tāla tṛṇa ubhaya upari vana vane varṣā viyac viṭ vyoma vāri vṛkṣa yoga ādāya āsanna āḍhya śanaiś śyāmā
han	109	abhimāti adṛṣṭa ahi amitra amīva anila apaśu apāṣṭhi ari ariṣṭa aruśa asura avīra aśasti bala bali bhaga bhrātṛvya bhrūṇa bhujaṃga bhūri bhūta brahma bāla bāṇa cakṣur candra daitya darpa dasyu dhundhu dhātu duḥkha dvi gara go guru gṛha kaiṭabha kaṃsa keśi kṛṣṭi kṣudra lakṣya madhu mainda makha mano marma matsya mitra mura muṣṭi māna mātṛ mṛga namuci nṛ oṣiṣṭha para paśu pitta pitṛ piśāca prajā pralamba punar pura puruṣa putra pāpa pūtanā pṛśni rakṣo roga sapatna sapta sarpa sasya satrā sena senā svara sārtha tamo vasar vetra virādha viṣa vāta vāyu vīra vṛtra vṛtti yajña yaśo yuva yātu ākhu ārti ātma śakaṭa śambara śarya śata śatru śaśa śva śūdra
jit	108	abhimāti ahi amitra ananta anna apsu ari astra ayuta aśva baka bhānu bāṇa devatā dhana go grāma hara hari hiraṇya hiḍimba hīra indra kaiṭabha karma karṇa kaṃsa kha kirmīra koṭi krama kratu kunti kāliya kāma kāsa kīcaka kṛmi kṣema loha loka madhu medha medhā mitra mura māla māra mṛtyu nagna naraka nṛ paṅka prātar puloma pura puru pṛtanā ratha raṇya rāma saha sahasra saho samara samarya sapatna sarva satrā satya saṃgrāma saṃsṛṣṭa saṃvarga sena skanda sura suvar svar svarga tāraka udaya ugra ulūka urvarā vajra vajri vasu vighna viśva viṣa vāja vāta yama yuddha yudhā ātma śakra śata śatru śatā śaṃkara śilā śotha śravo śyena śyāma ṛta ṛtu
jāta	109	abhaya adanta ahar akāla amarma anantara anna antar anya arepha artha atri aṅga bahu bhaya bhoga bhūmi brāhmaṇa catur cira danta deva deśa dhana divi dravya dur duḥkha dvai eka gandha gaurava gavi go grāma gṛha hari iḍā jala jale jāra kanyā kiṇa kośa kula kāka kūla kṣatra kṣetra kṣāraka madhu madhyama manda mano manu manuṣya maṇḍa māsa mṛta nadī naktaṃ nava nitya nābhi pada para paśu paṅka prathama priya prāg prāṇi punar puru putra pāri rasa riktha sa sadyo saha saṃkara smṛti sthale su sukha sva svayaṃ sādhu sāma tri tuvi vana vastu vaśā vidūra viloma vāma vāri vāyu vīra vṛthā yama yathā śakra śamī śmaśru śobha ṛta
mātra	109	akṣa alpa aratni ardha artha aṅguli aṅguṣṭha aṇu bali baṭu bhūta bhūyo bilva bāhu bīja cin dharma dhyāna dhyāta diṅ dravya dvi dvādaśa dṛṣṭa eka etāvan gaja gata giri guṇa hasta hasti iti iṣu jaṅghā jānu jāta jāti kalpa kathā kim kiyan kṣatra kṣaṇa laghu liṅga loha mahā manuṣya mukha māna mūrta na nahi nimitta nābhi nāma padāti para paro pippala piśīla prasṛta puruṣa pāda pṛtha rasa rāja rūpa sama samudra samādhāna san saṃkhyā saṃkṣepa smṛta spṛṣṭa sākṣi tan tri tuvi tāla tāvan uttara vacana valmīka varṇa varṣa vastu vi vyāma vāla vārttā vāṅ yan yava yuga yāma yāvan āpāta śabda śamyā śarīra śaśa śiva śloka śruta ūru ṣaṇ
suta	109	ambikā arka asatī avani bahu bhadra bhaginī bhū bhūmi bhṛgu brahma budha bṛhaspati candra chāyā dakṣa dharaṇi dharaṇī dharma diti dāra dāsī gautamī gaṅgā giri gāndinī hari haṇḍikā indra indu jambha jīva kadru kalaśī kareṇu karṇī koṅkaṇā ku kuntī kāma kṛpī kṛttikā kṛtī kṣiti mahī mantri marut muni māruta māyā mīramīrā mṛtyu nanda nandinī naṭī nṛpa putrikā pāvaka pṛthā raghu ravi revatī reṇukā rohiṇī rucirā rudra rādhā rāhu rāja sa saramā sarit savitṛ saṃjñā siṃhikā soma sura surabhī suta sūra sūrya tapaḥ tārkṣa tārkṣya ulūkhala umā vahni vandhyā vaḍabā vaṇik vi vinatā virocana virāṭ vivasvat vāsudeva vāta vāyu vṛthā ārya śakra śaśi śaśāṅka śukra śunaka śva śāradvatī śāri śūdrā
jña	108	ahṛdaya akṛta akṣetra alpa amano amantra antara anvaya anātma anīti arasa arati artha arūpa asarva avicāra bahu bhakti bharata bhāva bhāṣā brahma citra citta daiva deśa dharma doṣa geya guṇa gīta haya hṛdaya iṅgita jyotir jñeya kalā karma kuhaka kāla kṛta kṛtya kṣetra lakṣaṇa laukika lipi loka mano mantra marma mata mitra māsa mātṛ nadī naya nimitta nīti nṛtta paraspara pramāṇa prayoga prā prāti rasa rati roga ruta rīti rūpa samaya sarva satya sthiti su sāmudrika sārva taj tāla uccāraṇa ucita uda udghāṭita upāya veda vedānta vibhāga vicāra vidheya vidhi vidhāna viniścaya viveka viśeṣa viṣaya vyavahāra vṛtta yajña yukti ādhi ātma śakti śakuna śiva śrotra śāstra śīla ūrdhva
mālā	108	abhidhāna abhra adhikaraṇa akṣa ali amara ambara asthi aśoka aṃśu bakula bhakta campaka candra carcaka chando deva dhanur dhātu dīpa dīpaka hari haṃsa hema japa jñāna jāla jāti kanaka kapāla kara kaṅka kesara krama kunda kusuma kuvalaya kāraṇa kāñcana madana madhūka mandāra mantra marun mauktika mauli mayūkha maṇi muhūrta muktā mukunda mālatī māṇikya nakṣatra nandana nara nyāya nāma pada padya parva parvata pañcaka paṅkti pramāṇa prasāda prati puṣpa pūrta ratna rāga rūpa sarpa saṃgati saṃskṛta sopāna stava taḍin udyāna upadeśa utpala vadhya vajra vana vandana varaṇa varṇa vedānta vicāra vidhāna viniyoga vrajyā vrata vyavahāra vyākhyāna vākya vārttā vāṅ vṛtta yoga ānanda ārogya śabda śiva śubha śāstra śīrṇa ūrmi
yoni	108	abja ajina akṣata amṛta anna antya apsu asura aśma aṣṭa bahir bhūta bila brahma brāhmaṇa citta dagdha deva dharma dhruva dhūma divi dur duḥkha eka etad ghaṭa ghṛta guda hari havya hiraṇya hīna hṛṣṭi ikṣu jagad jina jīva jīvana kalaśa kaluṣa kamala karma karṇa ku kumbha kīṭa kṛpīṭa kṛṣṇa kṣata kṣatra kṣatriya kṣipta mahā mano manuṣya megha mithuna mukha māṃsa nabho netra nāsā oṣṭhya padma parva pavitra prati prāṇa puruṣa purā pāpa pṛṣad rasa sa salila samāna sarva satya saṃkalpa saṃkīrṇa soma sthira sudhā sva svara svarga sāma sṛgāla tiryag tri tvad vaiśya vastra vi vihīna vipluta viśva yathā āmnāya ātma śabda śata śānta śāstra śūdra śṛṅgāra ūrja
dāna	104	abhaya adeya anna argha arghya artha ati bahu bali bhaya bhukti bhūmi brahma cakṣur cumbana dava dharma dhūpa dīpa dṛṣṭi gaja gara go gupta guru gāli haridrā harṣa havir hiraṇya icchā jala jīva kanyā kiṃ kāma kāmya mahiṣī mahā maitrī medinī mṛṣā nai naukā nitya nānā parvata pitṛ piṇḍa prajā prasāda pratimā prāṇa prīti puṃ pṛthu sa sadā saha sahasra sarva smaya stanya su sutā suvarṇa sva svastika svayaṃ sāhāyya tanu tapo tithi toya tulā udaka vaitaraṇī vara vartana vastra vasu veda vetana veśa veṇī veṣa vidyā vimala vrata vrīḍā vāg vṛthā vṛtti vṛṣa vṛṣabha yoga ājñā āmiṣa ātma śayyā śibikā śilā ṛṇa ṣoḍaśa
loka	107	agni akṣaya amānuṣa amṛta antarikṣa anurakta apara apaviddha ari arūpa asura aṅga bhartṛ bhrātṛvya bhājana bhū bhūmi bhūr bradhna brahma cakṣur candra deva duḥkha dyau dyu eka gandharva go iha indra indu jana janar jano jita jyotir jīva madhya madhyama mahar manuṣya martya marul mṛtyu nakṣatra nara nāga nāka nṛ oṣadhi para pati paura paścāl pitṛ prati preta pura purī puṇya pāpa pṛthivi pṛthivī rudra rāja rājya rātri sa sakala samasta samāna sapta sarva sattva satya saura siddha soma strī sura svar svarga sūrya tala tapo tatra tri uru vahni vaibhrāja vaikuṇṭha varuṇa vi viraja viṣṇu vāyu vīra yajamāna yama āditya śakra śatru śiva śāstra ūrdhva ṛṣi
bhāga	104	agra akṣa anna araṇya ardha avāg ayana aśīti bahir bhū bhūmi bhūmikā brahma candra catur chando dakṣiṇa danta deva dhruva dhruvaka dig diśo dvi dāya eka haraṇa havir huta jyotir karambha krānti kāla kṣetra madhu madhya mahā maṇḍala muhūrta mūla nata nava nihita nimna nir pakṣa para parva pañcāśad paścima paścād phala prati praśna prāg purastād puro putra pāda pārśva pāścāttya pūrva pṛthivi pṛṣṭha rāśi sa sama saṃsrava saṃsrāva skanna stoma strī stuti su sukha surā sādhana tamo tri turīya ubhaya upari upānta uttara vasu veda vijaya viśeṣa viṃśati yajamāna yajña āhuti ājya śata śeṣa śiro śukla ūrdhva ūṣma ṛta ṛtu ṣaḍ ṣaṣṭi ṣoḍaśa
prakāśa	106	anubhūti anumāna arka ati audīcya bhaṭa bhaṭṭa bheda bhāva budha bāla candra chandaḥ deśī dharma dhātu duṣ dāna dīdhiti dīpa dīpikā horā hṛdaya jagat jyotiḥ jñāna karaṇa karma karṇa kula kāvya kāśī lakṣaṇa liṅga loka mahā makaranda malla mantra mañjarī maṇi mudrā muralī mūla naiṣadha naiṣadhīya nirukti niṣ nyāya nāḍī nāṭaka nīti parva pattra phakkikā piṅgala prabodha prajñā pratyak praśna prākṛta pūjā pūrta pūrṇa rasa rasika ratna rāma samaya sattva saṃgati saṃskāra saṃvatsara su sukha sva svayam sūrya tantra tarka trailokya vandhyā varṇa veda vi viśva viśvakarma vrata vyavahāra vyavasthā vākya vāstu yantra yukti yādava āgama ātma śabda śikṣā śruta śrāddha śuddhi śānti śāstra śṛṅgāra ṭoḍara
pātra	106	adhvaryu alābu antaḥ argha arghya ayas bhakta bhikṣā bhukti carvita deva dhānya dhāraṇa dhūpa dugdha duḥkha dvi dāna dāru dūra eka grāma haviṣ hiraṇya iḍā jala jñāna kara karambha kaṃsa khara khaḍga koṭi kriyā ku kāṃsya lohita madhu mahā mantha manthi manuṣya maṅgala maṣī mṛt nāḍī payas pañca pitṛ piṇḍa prasāda prema preta prīti pāka pāna pāri pāṇi pūga pūrṇa rajata sa samāna sat savanīya saṃdhyā seka siddha sneha soma sphaṭika sruk su surā sāṃnāyya taila tapaḥ tāmra tānūnaptra uda udara uktha ukthya upari upāṃśu varṇa vaṃśa viśvāsa yajuṣ yajña yati yāna āditya āgrayaṇa ājya āma ās āśvina śaṅkha śukra śāka śānti ūrdhva ṛta ṛtu ṣoḍaśi
bhāj	105	adhirājya ahar akṣara anta ardha artha aṃśa aṅka bhakti bhava bhaṅga bhāga bhūyiṣṭha caturtha daṇḍa deha dhāma diśo doṣa duḥkha dūra go guṇa harmya harṣa havir janma jāti kleśa kuhara kāma kārya kīrti kṛcchra loka manda mokṣa mud māna māsa pañjara paṅka phala pitu piṇḍa pradeśa pradhāna prasāda prathama pretya prāṇa prīti puṇya pāda pāpa pātho pīḍā pūrva ratna riktha roga roṣa rāja rājya rūpa samāvad samīpa sarva savana sthema sukha svapna svarṇa sūkta tri turīya tīra ubhaya ubhayato ucchiṣṭa vibhāga vidyā vikāsa vinaya virodha viveka viyoga viṣṭara vyṛddha vāma vṛtti yamunā yojana āhuti śabda śarīra śmaśāna śreṣṭha śvātra śāpa śīla ūrdhva ṛg ṛktha ṛtu
svāmin	105	abhimanyu avanti bharata bhartṛ bhava bhavana bhaṭṭa bhaṭṭāra bhoga bhīma bhū bhūmi bhṛṅga brahma cakra candra chalita deva deśa dhana dharma dhūrta diddā dik dīpta gambhīra gautama go hara hari jagat jambū jaya jayanta jīvanta kara karka keśava khadira ku kumāra kumārila kṣīra lakṣmaṇa magha mahlaṇa mahā mahī makha mamma manaḥ mukta mākṣika mūla nagara nandi nāga nārāyaṇa padma pakṣi pakṣila paṇḍita phalguna prabhava priya raghu ratna raṇa rudra rāja rāma samara sarasvatī sarva saṃgama siṃha skanda skandha soma su vainya vajra vallabha vardhamāna vardhana varāha veda vilāsa viśva viṣṇu vāmana vīra vṛṣabha yajuḥ yajña yoga yāna āditya ārya śabara śakti śaṃkara śiva śrī śītala
vidhi	105	arcā aśleṣā baudhāyana bhasma bhavad bheda bhojana brāhmaṇa caṇḍī daiva daṇḍa daṇḍana dharma dur dāna dīkṣā dīpa godāna hata homa jagad kalpa kalpana kalā karma kriyā kṛtya kṣaura lambana lekhā liṅga loka mantra maṅgala mudrā nasya nitya nāga nāma nāṭaka pañcaka pratiṣṭhā pravāsa prayoga prekṣā puttala puṇḍra pālāśa pūjā pūrva rudra rāmāyaṇa samprokṣaṇa samādhi samāsa samāvartana saṃdhyā saṃhitā saṃnyāsa saṃskāra snāna snāpana su sva svapna svara sāgnika sīmanta tapo tarpaṇa tyakta tīrtha uddhāraka upadhāna upākaraṇa utpatti utsava vaitaraṇī vaiśvadeva vapaṇa varuṇa viloma vivāha viśeṣa vrata vyasta vyavahāra vāstu vṛntāka yantra yathā ādhāna āditya āma āsana śabda śamana śauca śikṣā śravaṇa śrāddha śrāvaṇa śānti śāstra śṛṅgāra
cakra	104	agni ahi akaḍama antara aśma aśva aṣṭā bala barhaṇa bha bhū bradhna brahma bṛhaspati catuś chattra daṇḍa deva dharma dhruva dik dvi eka gaṇa gṛdhra helā hema hiraṇya jala jyotiś kaulāla ketu koṭa kulāla kāla kāma kūpa kūrma kṣmā lāṅgala mahā medhā mātṛ mṛga nakra nakṣatra nemi nābhi nāḍī para pavana phaṇī prati pīṭha ratha ravi rodha rāja rāma rāmā rāśi sa samāsa sapta saṃghaṭṭa saṃkrānti saṃsāra saṃsṛti smara sphoṭa sthira svana sāmanta sūkṣma tri tārā ubhayataś ubhayā uccā ulkā uru vi viśuddhi viśva viṣṇu vāstu vāta vātyā vāyu vīra vṛtti vṛṣa ādhāra ājñā ākāśa śani śata śaṅkha śilā śiva śrī śva ḍimbha ṣaṭ
dharma	104	adbhuta agra akṣa anya araṇya asad asva atithi avayava bodhi buddha cyavana deha deva deya deśa dhana dur dyūta dāna dṛṣṭa eka go grāma grāmya guṇa hema hindu jarā jina jāti ku kula kāla kāma kūṭa kṛta kṣatra kṣatriya loka mahā manuṣya maraṇa martya mokṣa mṛga mṛgayā nandi nimitta nir para pati paśu puruṣa putra pāṇi pūrta pūrṇa pṛthu rāja sa sad saha sama samaya satya saura sevā strī su sva sādhāraṇa sākṣād sūkṣma tad tapo trayī tārā uttara vara varṇa vastu veda vi vibhāga vidhavā vinaṣṭa viśeṣa viṣṇu vyutkrānta vānaprastha vṛṣṭa yati yodha yuddha āpad āpastamba ārya āśrama śeṣa śiva śreṇī śukla śūdra
vṛkṣa	104	abhra amla baka bhāra bhāryā bhūta bhṛṅga bodhi brahma bāla bīja caitya carma chattra chāyā cāru daśa deva dhanur dhvaja dhūpa dīpa dīrgha dṛḍha eka guṇa hari indra jarad jyotsnā kali kalpa kaumudī kaṇṭa kaṇṭaki keli kāla kāma kāśmīra kṛmi kṣatra kṣema kṣāra kṣīra latā lākṣā madhu mahā muni nakha nakṣatra nandi nandī nemi nikūla nir nāga nīla nṛpa padma pañca phala piśāca puṣpa pīta pūti rakta ratna rohita rāja sad sarja saṃsāra setu soma sruvā sthālī su sādhu sīmā tejo toya tāmra tāpasa tūla tṛṇa uddeśa uddeśaka vajra vallī viśva viṣa vāsa vīra yajña śakra śamī śaṅku śikhā śrī śuci śuṣka śveta śāka
garbha	103	agni amala amara ambho amṛta antar anūcīna ardha aśma bhasma bhinna bhū bhūmi bhūti brahma bīja bṛhad candra cāru dahana deva dhātu eka hairaṇya harid harita harṣa hema hima hiraṇya jala jñāna jāra kadalī kamala kanyā keśa kha kāñcana kāṣṭha kṛṣṇa kṣipra kṣiti kṣīra mahā marīci mati maṇi mātṛ mūḍha narma nir nāga nīla nīḍa oṣadhi padma paila prathama prācīna prāsāda pīṭha pūrṇa pṛthvī pṛśni raivata rasa ratna reṇu rudra sa sakṛd samādhi siddhānta soma sura suvarṇa sva sākaṃ sāma sūrya tantra taḍid toya tāla tāmra vahni vairāja vairūpa vajra veda vimala viśva vāri vṛṣṇi āditya ākāśa āma śamī śrī śubha śākvara ṣaḍ
hasta	103	abja agra ambu amukta arāla avācīna aṃśu bhadra cakra catur chinna cikura citra datta daṇḍa dhanur digdha dravya dvi dākṣāyaṇa dāru dṛḍha eka gabhasti gadā gala gandharva ghṛta grāva hasti hiraṇya indra iṣu jita kaca kapota kapāla kari karma keśa khaḍga khādi kuśa kāla kāru kṛta kṣipra laghu lagura laguḍa lipta mahā mukta nair nava nikta nir nṛtya padma pattra pañca pināka prati pātra pāśa ratna rikta sa sahasra sapta saṃhata saṃsakta srasta sruva sthūla su sukha sva sāsi troṭaka upala upari uro uttāna vajra vardhaki vetra vi viśvato vyagra vyālamba vāla vāma vāraṇa vīṇā ārdra śakti śata śuddha śāsa śūla śūnya ṛju
ketu	103	agni araṇya araṇī ardha asthi aśma bahu barha bhava bhūta brahma bṛhat cala candra caṇḍa citra daṇḍa dharma dhruva dhūma dhūmra dhṛta dhṛṣṭa dvija dāsa dīpta dīpti garuḍa gulma guṇa hiraṇya indra jala jñāna jīmūta kandarpa kapi kapāla kaṅkāla khara kumbha kusuma kuśa kuṣṭha kṛpāṇa lulāya mahā makara malaya mayūra maṇi muñja mīna padma puṣpa pātāla rasa ratha ratna raśmi rucira rāhu sa sahasra satya siṃha su sura sva sūrya tigma tiṣya tāla tṛṇa vajra varṣa vasā vi vijaya vindhya viśva vyāghra vānara vāta vāyu vīra vṛṣa vṛṣabha yajña yama yaśaḥ yūpa āditya śakra śara śarabha śaśa śaśi śikhaṇḍi śveta śākya ūrdhva ṛśya
mati	102	acala aham akṣaya alpa amita amṛta ananta anupama anyāya ara asan ati avipluta bahu brahma bāla bāliśa bīja bṛhan cāru daiva deva dharma dhāraṇī dur duṣṭa dyuti dṛḍha eka ghoṣa go gupta guṇa gṛtsa hata jaya jaḍa kaluṣa kamala ku kuṭila kṛta madhu mahi mahā manda mita mithyā mugdha mūḍha naṣṭa paṭu pratyutpanna prā puṣṭi pāpa pūta ratna rikta sama samyaṅ samāhita san saṃdhi saṃdigdha siṃha skhalan stabdha sthira sthita sthūla su sāgara sūkṣma udāra uttara vajra vakra vardhamāna varuṇa vasu vañcanā vi vibhava vibudha vidyamāna vimala vinīta viparīta vipula viśeṣa vyūha vṛthā yathā ākrānta śaṭha śrī śuddha śākya śānta śāstra ṛju
varṇa	102	agni anabhimlāta aneka antya anya asita avara bahu bhinna bhāsvara candra catur danta dhūma dhūmra dur dvi dīna dīpta dīrgha eka ghoṣa guru hari harid hema hiraṇya hīna i jyeṣṭha kanaka kapota kaṇṭhya kiṃ kāka kīdṛg kṛmi kṛpaṇa kṛṣṇa kṣaipra labdha madhu mantra maṣī megha miśra mukha māṣa nānā nīla nīlī padma pañca prati pravāla prāṣṭa pāvaka pāñca pāṇḍu pīta pīyūṣa rakta rūkṣa sa sama samāhāra samāna sarva snigdha su sundara suvarṇa svarṇa sūrya tri turīya tāmra uttama vahni vara vaṃśa vi vihīna viloma virāḍ vivikta viśiṣṭa yakṛd yuddha āditya śaka śuci śuddha śukra śveta śyāma śāka śākvara ū ḷ ṛ ṛkṣa
śas	102	abhīkṣṇa agra ahaś akrama akṣara alpa aneka anta anugāna anupūrva anīka ardha asarva avayava ayuta aṅga aṇu baddha badva bahu bhāga bhūri bhūyiṣṭha cūrṇa dala deva dhāma dvaṃdva dvi eka gaṇa kalā kati kaṇa kevala khaṇḍa koṭi krama kūṭa kṛcchra kṛtsna kṣaṇa lakṣa lava manma maṇḍala mukhya māsa māṣa nava navati nitya pada padma pakṣa paru parva paryāya pañca paṅkti prabhūta pravibhāga prāk prāya puñja pāda reṇu rāśi rūpa sahasra sama sarva savana saṃgha saṃkhyā stamba stha stoka svara sāhasra tila tri truṭi tulya ucca uktha varga varūtha vayuna vibhāga vistara viṭapa vṛnda vṛttānta yoni yūtha śapha śata śreṇi ṛk ṛtu ṣaṭ
bala	100	aho alaṃ alpa amogha ati bahu bhāva bhīma bhū bhūri brahma buddhi bāhu bārhad bṛhad caṇḍa daur daśa deva dharma dina dur dṛḍha go hara hari hrī hīna hṛd indra iṣu jagad jayad jaṅghā jāta keyūra kim kāma kṛṣī mahā maitra maitrī manda mantra megha mudrā nir niśā nāga nāgarika pakṣa para pañca prati puṇya rajo ripu rātri sa sadyo sahasra saho samara samasta sambhṛta samādhi samāna sarpa sarva saṃdhyā siṃha su suhṛd svalpa tad tanu tanū tapo tulya tuṅga upendra utpanna uttama vastu velā vi vibhūti vidyā vyāghra vyāla vāyu yad yoga ādi ārya śacī śata śithila śukla śūra
bandha	101	akṣi artha astra aśva aṅka cakra carma dakṣiṇā daśa deha dharaṇī dharā dig dur dṛṣṭi gātrikā hala hasta haste hasti hāla hārīta janma jaṭā jāla kari karma kaṇṭha kaṭi keśa khaḍga ku kāvya kūṭa lauha mahā maryādā matsya mauli maṇi maṇḍala mekhalā mukha muraja muṣṭi māṇi mūla netra nāga pada padma paryaṅka pattra pañca paśu paṇa paṭṭa prema premā puccha pāda pāpa pāśa pāṇi rajju rajo rata ratha roma rāga rāja sarga sarpa satya saṃdhi setu sneha snāyu strī su svarṇa sīmā vadha vaikārika vartma vastra viḍ vāla vātsa vṛkṣa vṛtta yūtha ādhi āsana āśā śara śarīra śikhā śilā śreṇī śṛṅkhalā
bhuj	101	agra ahi amṛta amṛṣṭa anna apathya asthi avi bahu bali bhaikṣa bharaṇya bheka bhikṣā bhoga bhogi bhujaṃga bhāga bhū bhūmi bhūmī bhṛti deha dharaṇi dharā diṣṭa go guṇa hari havir haviṣya havya huta jagatī karmaṇya kavya kaṇa kaṇṭaka kratu kravya kuṇapa kāśyapī kṣamā kṣauṇī kṣiti kṣmā laghu lepa madhu mahī mala mita miṣṭa mudga muhur nara phala phaṇi piśita piṣṭa prakāma puru pāṇi pīyūṣa pūya pṛthivī pṛthvī saha samanta sarpa sarva stanya sudhā sukha svadhā svāhā sāra taru tri tṛṇa urvī uñcha vana varṣa vetana viruddha viśva viḍ vyakta vāyu yajña ājya ākhu āmiṣa ānanda āśraya śaṣpa śeṣa śrāddha śukra ṛta
deśa	101	akṣṇayā antar anūpa apāṅga avantī avācya avāntara aṣṭama babhru bahir bandha bhinna bhoṭa bhāṭṭa budha campaka cauḍa dig draviḍa dur durga eka gauḍa gaṇḍa hṛd hṛdaya jāgarita kaccha karṇāṭa karṇāṭaka kaṭi koṇa ku kāśmīra kṛta lalāṭa laṅkā lāṭa madhya magadha malabāra malaya maru matsya mleccha muni muru muṣka muṣṭi mālava mālavya nimna nābhi nānā oḍra pallī para paryanta paścima prā prāg pārāvata pārśva pāñcāla pāṇḍya pūrva pṛṣṭha sa salva sama samīpa saurāṣṭra sindhu skandha sthiti su sva sādhāraṇa tanū utkala uttara vairāṭa vajra vaṅga vi vihāra viṣuvad yajati yajñiya yavana yoni ākāśa ārya śaka śakṛd śarmaṇya śarīra śroṇi śumbha ṛṣi ṭakka
bhūmi	100	adhivāsa agra akṣa antar ardha avasāna baddha bahu bharga bhoga bhojana bhārga bhārgava bhṛgu buddha citā darśana daśa deva dhārṣṭya dyo dyūta garga gṛha janma karma keśa ku kṛta kṛtrima kṣema kṣetra kṣāra mahā malaya malla maru maṇi nara naraka paitṛka para paṇya phala prasāda pratihāra preta prānta puṇya pāna pṛṣṭha raṅga raṇa roma rudra sa sama samara sapta sarva saṃgrāma saṃketa siddha siddhi sneha snāna sthāna su suvarṇa sva tanu upari vadha vadhya vajra vana vatsa vidūra vihāra visṛṣṭa viśrānti viśvāsa vyāyāma vāji vāsa vṛkṣa yajña yathā yud yuddha āhava āhāra āji ākheṭa ākrīḍa āpāna śayana śuddhi śūra ūrdhva
latā	100	ahi amṛta asi bha bhadra bhrū bhuja bhujaga bhujaṃga bhujā bhū bisa bāhu bāla campaka cillikā citra cāpa deva dhanur divya drākṣā dāva dṛḍha gandha gaṇita gātra gīr harita hema hāra jala jihvā jyotir kalpa kanaka kanda karṇa kaṅka kaṇṭaka kaṇṭaki kaṇṭha kha khaḍga kopa kusuma kusumita kāma kṣīra lavaṃga madhu madhura mahī megha mohana muktā mādhavī mālu māṃsa mṛdu nāga nīti parṇa pattra payo phaṇi pūgī raṅga roma rudra rāga rūpa sarpa sava sita sitā siṃhī soma sphoṭa sura suvarṇa svarṇa svādu sūrya tanu taḍil tilaka vana vasanta vetra vidyul viṣa yaṣṭi śamī śiñjā śrī śyāma śyāmā śṛṅgāra ṣaṣṭi
maṇi	99	abhirāma agni ahar amala ambara ayo aṅgāraka candra cintā cumbaka cūḍā deva devatā dhvānta dina divā dyu gupta gṛha hari harin hasanī hasta indu jagan jatu jvalan karpūra kaṇṭha kha khaḍga kāca kīṭa latā loma lāla madhya mahā mandara mandira marakata mauli mañju maṣi mekhalā melā muhūrta muktā nabho niśā nīla nṛ para parṇa phaṇa pratyakṣa pīta raghu rakṣā rasa ravi raya rudra rāja rātri san sarja sarpa saṃgama sita skandha sparśa sphaṭika su svaccha svar sāndra sīmanta sūrya tamo tapana tṛṇa uttama vaiḍūrya vajra vakṣo vidyā vimala viyan vāsara yadu yava ākāśa āvartana śaśi śikhā śiro śuci śukti
śāstra	100	adhyātma amṛta anadhigata artha aśva bauddha bhakti bharata chandaḥ cikitsā dharma gaja gaṇita gāndharva gīta haya hetu horā jyotiḥ jñāna kalā kauṭilya koka krama kāma kāvya lauha lipi liṅga loha mantra maṅgalā moha mokṣa muhūrta mīmāṃsā naya nyāya nānā nāḍī nāṭya nīti nṛtya pada pañca pradeśa pramāṇa praśna prā pāka pāśupata pūrva ramala rasa ratna rāja saraṭa sarva saṃgīta smara smṛti spanda svara sāhitya sāmudrika sāmānya sāṃkhya sūda sūpa tantra tarka uktha vaidya vaidyaka vaikhānasa vaiṣṇava veda vedāṅga vicāra vijñāna viśeṣa vāstu yajña yathā yoga yoni yukti āgama śabda śaiva śakuna śalya śara śastra śata śaunika śilpa śilpi śiva śālākya
khaṇḍa	99	abhra ambara ambikā anumāna avanti aṣṭa badarikā bharata bhīma bhū bhūmi brahma cara carma catuṣ cīra cūrṇa dhanuḥ dhanuṣ dharma druma dāna gandharva grāma hima jambū jñāna kamala karka kedāra krīḍā kumuda kumārikā kāla kāśi kāśī kāṣṭha kṛṣṇa kṣiti lakṣmī lalitā madhyama mantra mokṣa mukti māṃsa nagara nalinī narmadā nirukti nyāsa nāga nāgara padma padminī parṇa piṇḍī prakṛti pratyakṣa pravara prākāra puruṣottama pādapa pālāśa pātāla pūga pūjā revā rājya sa setu siddha sita sitā svarga svādu sṛṣṭi taru tri tūrya utkala uttara vana vidhāna vrata vāsaḥ vātika vātsya vṛka vṛkṣa vṛtta śabda śata śaśi śaṅkulā śiva śrī śānti ṣaṭ
maṇḍala	99	akhaṇḍa apakrama apama arka avani baddha bha bhramara bhrū bhā bhū bhṛgu bodhi bradhna candra carma cha citra cola deva dharaṇī dhruva dhūrta dig diṅ dyūta dṛṅ dṛṣṭi ghaṭikā go indu jaṭā jyotir jānu keśa khaṇḍa krānti kāśmīra kṛṣṇa kṣamā kṣiti kṣoṇī lagna mahā mahī martya maru megha mleccha mukha mārtaṇḍa mātṛ mūrkha nabho nakṣatra nāḍi phaṇa potra prabhā pradhi prakṛti prati pūrṇa pṛthivī rakta ratha ravi raśmi rāsa sama saurāṣṭra saṃsāra stana stūpa su svara sārtha sūrya tejo tārā veṇu vi vidhu viṣuvan vraja vyoma vāyu yajña ābaddha ādarśa āditya āvir āśrama śaśi śikhi śruti śukla śveta ṛṣi
druma	97	amara asita bhagavad bhūrja bhūta bodhi caitya cala carma caṇa chinna chāyā dhanur dhvaja dur dyo dīrgha gara ghana graha grāma gṛha hima indra jaraṇa jaya kakud kali kalpa kapila kara kaṇṭaka khali kuliśa kusuma kṣīra latā madhu madya mahā malaya mantra maru muni mādhava mārga nandana nata nir nīla nṛpa parpaṭa pathi piṇḍita puṣpa pārśva pāṇḍura pāṭala pītaka rakta ratha ratna rañjana rohaṇa rāja sannaka saṃtata sita sruva sthālī sura syandana sāra taṭa tāla tāpasa tṛṇa vajra valka vana vara vasanta vasati vañjula vi virala viṣa vṛti yama yūpa śakra śiva śrī śuci śuka śukla śveta
yajña	97	abhicāra adya amṛta anaḍud aniṣṭa anya asthi aśva bhaiṣajya bhartṛ bhrātṛvya bhūta brahma brāhmaṇa bīja caitya cintā citra dakṣa dambha deva dhanvantari dharma dravya dākṣāyaṇa dīrgha eka gaṇa go graha harita havir indra japa jaya jyeṣṭha jñāna kaśeru kaṃsa khala kṛta kṣatriya mahā manuṣya mitra māna mātṛ nakṣatra nava nāma nṛ pañca paśu pitṛ piṇḍa prastuta prastāva prathama priya prātar punar pāka pūga raṇa rudra rāja rākā sadyo saha sahasra samṛta sarva satya saṃkrama soma sparśa su sātya sītā tantī tapo utsanna vaiśya vasiṣṭha veda vidhi vihita vivāha vrātya vāg yama ārambha īpsu śata śaunaka śreṣṭha ṛṣi
bīja	97	agni agra bahu bhakṣa brahma bṛhad catur citra danta daśana dhānya dyūta dṛḍha ghaṇṭā guhya guḍa hara hari haṃsa indra jagad jyotir kaliṅga kalyāṇa karma khasa kula kumbhinī kumbhī kādambarī kṛṣṇa madhu madya mahā mantra maṇi māra mṛtyu naṣṭa nimba nir nānā nārāyaṇīya nīla nīti padma pañca paṅkti picchila piyāla piṇḍa prati prāpta puṣkara pūrṇa pṛthag rakta sa sarva saṃsāra siddhi sirā sneha su surā sva sūkṣma taila tanu tejo tri truṭi tulā tuṅga tāmra tṛṇa uśīra vahni vana varṣā veda veṇu viśva vāri vāyu vṛtta yoga ādya śaila śakra śigru śiro śirīṣa śiva śodhanī śukla śukti
darśana	96	adbhuta alpa amogha anyathā anyonya apāṅga apūrva artha asecanaka aulūkya aśubha bauddha bhartṛ bhrānti bhāla bhīma bhūyo chidra chāttra citra cārvāka danta deva devatā dharma dig divya dur dīrgha dūra ghora guru jyoti jñāna ku kumāra kāma kārya kṛṣṇa lohita mati mithyā muhūrta māyā padma palita paścima prathama pratyakṣa pratīka priya prāya punar puṇya pāpa pāra pātañjala pāṇini pūrva rajo raudra rudra rāhu rāja sama samakṣa samyag sarva saumya siddha soma su svapna sāṃkhya tulya udāra ugra unmatta unmukha uttama vaiśeṣika veda vidhura vikṛta vyakta vyavahāra yathā āditya āhvāna ātma īṣad śaiva śrī śubha śāstra ṣaḍ
siṃha	96	agni ajaya amara ari arjuna bhairava bhrātṛ bhāva bhīma buddha bāla candra caṇḍa chattra daurga deva dharma dhṛta dhṛti droṇa durga dāma gada gagana gaja gaya grāma hara hari hema hemanta hola indra jagat janaka jaya jayā jina kumāra kāla kṛṣṇa kṣema kṣetra lakṣmaṇa lāla madana mahā malaya mādhava māna māra nara nātha nṛ pakṣi prati puruṣa purāṇa ratna rudra rāghava rāja rāma sabhā samara saṃgrāma svara sūrata sūrya teja tejaḥ tilaka tṛṇa udaya vairi vajra vedānta vicitra vijaya vikrama viśuddha viśva viḍḍa viṣṇu vādi vīra ādi ārya śabara śakti śiva śobhā śākya śūra śṛṅgāra ḍambara
vallī	96	ahi ambu amla amṛta aṅgāra badara bahu bhadra bhṛgu brahma candra citra dhvāṅkṣa gandha gardabha gaura ghana gopa gulma hema ikṣu indra indu jala jaṭā jīva kalpa kanda kapi kapota kara karka karkaṭa karṇa kaṇṭa kaṭha kaṭu kaṭuka kha kola kuñja kāṣṭha kṛṣṇa kṣudra kṣīra madhu madhura madhya mahiṣa mahā meṣa mohana mādhava mṛṇāla nāga nīla parva parṇa phala phaṇi prahāra priya rati rañjana raṅga roma rāja sarpa soma sura svarṇa sūkṣma sūrya taila taru tikta toya tāmbūla tāmra uttara vajra vidyud vinaya viṣa vrata yajña yojana ākāśa āmla ānanda śakra śikṣā śiro śiva śrī śyāma
giri	95	abhra amara antar asta bahir bahu bhaṅgu bheḍa brahma bṛhad candana candra carama cāru deva dhana dhavala dhūmra hari hasta hasti hema hima indra kalyāṇa kanaka karṇa kaṭhora khaṇḍa kola kubera kula kāma kāñcana kṛṣṇa loha mahā malaya mantha maryādā maṅgala megha mudga musta nala nandi nīla pavitra phena prati puṣpa pūrṇa raivata ratna rohita rāja rāma saumya siṃha soma sura suvarṇa svapna svar svarga svargi svarṇa svāti sīmā talpa tuhina tuṣāra udaka udaya uśīra vaibhāra varṣa veṅkaṭa vindhya viṣa vyāghra vyāsa yajña yādava ākrīḍa ānanda āñjana śambhu śaṃkara śibira śrī śveta śṛṅga ṛkṣa ṛṣi
jana	93	antar apara ari asaj bahu bandhu bhīru bhīruka bhṛtya budha bāndhava bṛhaj daiva daur deva dur dyu dāsa dāsī guru gṛha itara iṣṭa ku kula kāmi lubdha lāṭa mahā nagara nir nānā nṛpa padāti para pathika paura pañca paścima paṇya praiṣya prati pravara priya pura puraṃ puruṣa puṇya pūrva pṛthag rakṣi rakṣo sa saj sakala sakhī sambhrānta samāna sapatnī sapta sarva sevā siddha snigdha strī su suhṛj supta sura suvar sva sādhu taruṇī tiryag uttama vadhū vallabha vanīyaka vaṇig veśyā vi vidvaj vipra viśva yuvati yuvatī āli ārya śaila śatru śilpi śiśu śūdra
saṃhitā	93	agastya akṣara anānupūrvya atri aṅga bhairava bhauma bheḍa bhāgavatī bhāradvāja bhṛgu brahma bṛhaspati bṛhat deva dharma garga hanumat hārīta kapila kaśyapa krama kāla kṣetra lakṣmī lomaśa mahā maitrāyaṇī maitrāyaṇīya mantra manu mānava mānavīya mārkaṇḍeya nārada nārāyaṇa nīti pada padma parama pauṣkara pitṛ prāṇa purāṇa pāda pādma pūrva rudra sampūrṇa samāsa sanaka saubhari saura saṃtāna smṛti sva sāgara sāma sāra sātvata sūta sṛṣṭi taittirīya umā vaikhānasa vaināyaka vaiśampāyana vaiṣṇava varāha varṇa vasiṣṭha veda vināyaka viśvāmitra viṣṇu vājasaneya vājasaneyi vālakhilya vārāha vāstu vāyavīya vāyu vṛnda yama śaṃkara śeṣa śiva śrī śuka śākala śākalya ṛk ṛṣi
dāsa	92	baṭu bhagavad bhagavatī bhakta bhavānī bhāva brahma buddha candana caraṇa caṅga caṇḍi caṇḍī daśa daṇḍa deva devi devī dharaṇi dharma divo durgā dvija dvārakā dyūta dāsī dīna garbha gaya gayā gaṅga gaṅgā gaṇa guru gṛha hara hari jarad jina keśava kiṃ kośa kumbha kumāra kāla kṛta kṛṣṇa lakṣmaṇa lakṣmī mahi mahī mathurā mohana mukunda mādhava mātṛ māya nanda nārāyaṇa prayāga priya purī puṃ pāṇḍu ravi rāma sarva saṃgha skanda su sundara sūra sūrya vaiṣṇava vallabha varī vaṃśī vaṅga veṇī viṣṇu vyāsa āditya śakaṭa śakti śambhu śaṃkara śiva śyāma śāka ṛju ṛṇa ṣaṣṭhī
mārga	91	agastya aghora apavarga asi bhakti bhraṣṭa bhāvanā buddha candra dakṣiṇa datta deva dhanur dharma diṅ durga dvi dyu dṛṣṭi gīta gūḍha hala haṃsa indra iṣu jala jambū jñāna jāla karma kaula ku kula kṛta kṛṣṇa locana loka lāṅgalaka mahā maru megha mokṣa mudrā mukti mūtra nadī nakṣatra nir pakṣi prati praśna pura puṣṭi pūr ratha reto rāja san sapta saṃsāra siddhi sopāna sthala svarga tri tsaru tīkṣṇa tīvra uru uttara varco vaṇiṅ vi vidheya vyavahāra vāma vāyu vīra vīthī vṛti yama yantra yoga yogi yuddha āloka ārya śiva śrauta śrotra śruti
kriyā	90	ahaṃ alaṃ ambu anitya antya artha asat atithi avyakta aśana aṅga bahiṣ bāla bīja citra dharma dhik dhātu divasa divya duṣ dvedhā dāra hasta hiṅ jala kautuka kaṭa kratu ku kāla kṣura laghu makha marut mṛdu naimittika namas nitya nṛpa pacana paitṛ paśu paṇa phala pitṛ pradakṣiṇa punaḥ puras puṇya pāka pāṭana pūrva pṛthak rajju rasa rati rāja salila samaya samī satya su sukha sādhana sākṣāt tantu tiras udaka upacāra uttara vaidya vapra vaśa vaśī vaṇik vaṣaṭ viloma virodha vyajana vājī yajuṣ yajña āśu śalya śeṣa śiraḥ śrāddha śīta ūrdhva
manas	89	acitta acyuta ahita alaṃ ananya antar antargata anya anyatra artha aviṣaya bahir bhadra bhagna bhavya bṛhan candra citra draṣṭu dur dīna eka gata glāna gūrta hantu hṛṣṭa iha jita klānta ku kuṇṭha kuṭila kṣuṇṇa laghu mahā malina matsara mlāna mūḍha mṛta nānā parāṅ prahṛṣṭa prīta prīti puru raudra rāta saha sambhrānta samprahṛṣṭa samāhita saṃhṛṣṭa saṃsakta saṃvibhāga sita sthira su sute tan uddhata udvigna utsikta vaktu vasu vi vibhrānta vibhūta vinihita viśuddha viśva viṣaṇṇa vyagra vyākula vyākulita vyākṣipta vāṅ yajña yukta āsakta ātta śaṅkita śraddhā śrānta śrī śānta śūnya ṛṣi
puruṣa	90	addhā adhikāra adṛṣṭa anaddhā apara ardha arjuna ati avara avīra aṣṭa brahma bīja cañcā chandaḥ chāyā cāra divya duṣ dvi eka grāma gūḍha hiraṇya hṛdaya kim kratu ku kula kāla loka madhyama mahā mithyā mātari mūla nakṣatra niṣ para parama paraḥ parṇa pracura pradhāna prakṛti pramāṇa prathama prati purāṇa puṇya pāpa pūrva rakṣa rakṣika rakṣā rukma rāja sa saha sapta sarva sat saṃgha siddha soma strī su sāpta sāṃkhya tat tri tulā upari uttama vaira vara varuṇa varṣa vaṇik veda vi vāstu vīra yajña yama ādi ālekhya īṣat śalākā śarīra
saṃgraha	90	adhikāra artha baudhāyana bhallāla bhāgavata bhāṭṭa bindu chandaḥ cintya dharma dhānya dhātu divya dravya dāra guṇa gṛhya gṛhyā jyotiṣa jātaka karma kathā krama kratu kāla kāvya kṛṣi laghu lakṣaṇa loka madhyama maithila maya muhūrta mādhava mīmāṃsā naya nyāya nāma nāśita nīti padya parva pramāṇa pratiṣṭhā prayoga praśna purāṇa putra pāṇi rasa ratna rāmāyaṇa sa samasyā samprokṣaṇa samāsa sarva sat setu siddhānta smṛti su sudhā svara sāhitya sāra sūkti sūtra tarka uttama vacana vaidya vaidyaka vedānta viniyoga viveka vrata vyākaraṇa vāda vākya vāstu vṛtti yantra yoga śloka śruti śrāddha śārīraka śāstra
kośa	88	abhidharma ahi antara antaḥ aṇḍa bhuvana bhā brahma bīja campa candra dala deha deva deśī dhana dharaṇi dharma dhānya dhātu garbha haima hara hiraṇya hīna indra jāti jātī jīva karma kathā keli khaḍga kṛmi kṣīṇa madhu mahā mantra maṅkha medinī mādhava mātṛkā mūtra nakṣatra netra niṣ nyāya padma pañca peśī phala pitta prajñā prākṛta pīta rabhasa ratna rudra sa siṃha strī sādhya sārasvata sūtra timi uddhāra varṣa vasti vastra vastu vi vikramāditya viśva viṣāṇa vrata vāri vṛddha yakṛt yādava yāma ānanda āṇḍa śabda śarva śastra śiva śṛṅga śṛṅgāra
mantra	89	abhicāra abhyutkrośana anumantraṇa asan astra avatāra aṅga bhairava bhakṣa bhinna bodhana brahma brahmāṇī buddha bīja bṛhan cakṣur cāmuṇḍā divya dur gaura gaurī gāyatrī gūḍha heramba heti hṛn jyotir jānakī karaṇa krodha ku kṣaura lakṣmī lavaṇa mahā moha mālā mūla nir para patnī prayoga prātar pum puruṣottama pādma pādukā pāna rakṣā rudra rādhā rāma san sapta sarasvatī satya saura saṃdhyā saṃvṛta saṃyoga siddha siddhi strī stuti su sādhu sāyam sūrya traiyambaka tāraka tārā varma veda viṣa viṣṇu vārāha yakṣiṇī yoni yājñīya ākṛṣṭi āsana śakaṭa śarabha śiva śyāmā śānti ṛdhaṅ ṛkṣa
mitra	89	agni anti ari aśva bahu bandhu bhānu bhū bhūmi bhūti brahma buddha bāla chāga chāttra chāyā cira deva dhairya dhana dharma drogha dur dāsa go hari harṣa hima hita indu jala jina kalyāṇa ku kula kṛtrima kṛṣṇa laghu mitra mūla nanda nuta parva paṭu pradhāna prati priya prākṛta puru puṇya puṣpa puṣya pāpa pūṣa ratha rati ratna sadha saha san sarva saṃgha sindhu soma stamba stambha su sudhā suhṛn vahni vajra varuṇa vasu vatsa veda vijaya vimala viśeṣa viśva viśvā viṣṇu vīrya yaśo śaṅkha śrāddha śrī śubha śākuni śākya
māhātmya	89	ambikā arbuda badarī bhasma bhāgavata bhāgavatī caṇḍikā caṇḍī devī durgā dvādaśī dvārakā dīpa gayā gaṅgā holikā kedāra kojāgara kokilā kumbhī kāla kālindī kālī kārttika kātyāyana kāśī kṛṣṇa lalitā liṅga madhva mathurā maṇi miśrita mumukṣu mādhava māgha mārtaṇḍa māyā narmadā nepāla nāma pampā paumpā pauṣa phālguna pradoṣa prayāga puruṣottama purāṇa puṣkara pāyin raghu raṅga revā reṇukā rāmāyaṇa sammeda sarasvatī saṃdhyā setu sthāna sāketa sānandūra sārasvata sārikā tāpī tīrtha utkaṇṭha vaitaraṇī vaiśākha valla varāha veda vibhūti vidyā vimāna vināyaka viśvakarma viṣṇu vānavāsī vārāha vārāṇasī yamunā śilā śiva śravaṇa śrāvaṇa śrīraṅga śāradā
vādin	87	advaita advaya agni aguṇa ahaṃ ahetu ahīna alpa anekānta anyathā anīśvara anṛta apriya artha asatya ati aṇu bahu bhadra bhaviṣyad bheda bho bhūta brahma bṛhad cāru daṇḍa dhṛṣṭa dravya dvaita dvaya garhya grāmya guṇa hetu hita hīna khanya koṇa kriyā kāma kāraṇa kṣānti mahā mantra mañju maṅgala mṛṣā nyāya paiśunya paruṣa paṇḍita pradhāna pratyakṣa praśna priya pīlu pūrva pṛthag rūkṣa sad sapta sarva satya saṃkrānti syād sādhu tathya tathā uttara varṇa veda vedānta vijñāna vimarśa vitatha viśiṣṭādvaita vāda vṛddha vṛthā yukta śakti ślakṣṇa śrotra śāstra śūnya ṛta
vana	88	ambikā badarī bhā bhānu bhārga bilva citra cūḍā drākṣā dvita dūrvā gautama goṇḍa grīṣma hari indra irikā jaya jeta kacvī kamala kapi karmāra keli krauñca krīḍā kubera kumuda kumāra kālaka kṛtrima madhu mahā maitreya megha mitra mukunda muni mādhavī mūrvā mṛga mṛgayā nandana naḍa nir nāga paraśu pitṛ pramada prapā prayāga preta puṣkara puṣpa pīlu sa sarayū saugandhika saṃsāra siddha stamba sura svāhā sītā sūrya tapo timira tumba tāla umā utpala vaitrakīya vasu velā vetrakīya veṇu vihāra vindhya vyāsa vṛndā ānanda śara śirīṣa śleṣmātaka śuci śāla śīrṣa śīta
vidyā	87	adhyātma anaṅga artha astra aṅga aṅka bhūma bhūta brahma caurya citra deva dhanur dharma dhūmra dṛṣṭi gandharva gardabhī guhya gāna gāndharva haya haṭha hetu hārda jyotir jyotiṣa jāta khaḍga kula kāla kṣatra madhu mahā malla mantra mūla nakṣatra nyāya nīti pauṃścalīya praśna prāṇa purāṇa rakṣo ratha rāja samaya sarpa satya saubhāgya saṃdhyā saṃgīta saṃsarga saṃvarga siddha su svarṇa sāmudraka tarka ubhaya udbhid vaidya vaiśvānara vastra vayo veda vedānta vimāna viṣa vyavaccheda vyāyāma vāstu vāyasa yajña yoga yuddha ātma śabda śakuna śastra śilpa śivā śrī śārīra śāṇḍilya ṣaṣṭi
daṇḍa	87	amogha apalāpa ardha bhuja bhāra bhṛśa bilva brahma brāhma bāhu carma daṃṣṭrā dhana dhavitra dhig dhṛta diśo dor dīrgha gūḍha hala ikṣu jāla kanaka karma khara kośa krama ku kāla kāya loha lāṅgala mahā mano mantha manthana maṅgalya maṇi nau naukā nihita nir nyāyya nīla patākā pañca prati prāg prāṇa purastād rasa rāja sa saha srug sruva sthūla su tri tīkṣṇa tūṣṇīṃ udyata ugra upāṃśu vadha vajra vega vi vijaya viṣa vādana vāg vāna vāpa vāya vīṇā yama yoga yogi yukta īṣā śara śarīra śikṣā śuṇḍā śākhā
dīpikā	87	advaita bhakti bhaṭa bhaṭīya bhaṭṭa bheda bhuvana bhārgava bhāva bhāṣya bhāṭṭa cakra candra chando dharma dhvānta dhyāna dhātu graha haṭha hillāja kaivalya krama kula kūṣmāṇḍa kṛkalāsa laghu lakṣaṇa makaranda mantra maya mañjarī muhūrta māna mārtaṇḍa nyāya nīti pada phala piśāca prabodha pratyakṣa pravara prayoga praśna preta prākṛta prāsāda rasa ratna rudra saṃnyāsa saṃtāna siddhānta smara smārta smṛti snāna sādhana sāhitya sāpiṇḍya sāra sūtra tarka trailokya vaikuṇṭha varṇa veda vedānta vyavahāra vyutpatti vyākaraṇa vākya vṛtta vṛtti yoga yukti ānanda śabda śloka śrāddha śuddhi śulba śāmbhava śānti śāstra śṛṅgāra
vatī	87	adhipati agrima ajira amogha avanti baka bhiṣag bisa bodha caitra campaka campā chando cāritra devara dhārā dohada durgā garbha godhā gupta haṃsaka hāsa jayā jita kamala kanaka karīra kaṃsa khadira koṅkaṇā kuhā kumuda kuvalaya kāraṇḍa lāsa madana madirā malaya mandāra mano medo mādra mṛga mṛttikā narma nimba pati prabodha premā pulina pāka rasa raṅga rodho rājya sara smara stamba stambha stana sukha sundara sābhra sāmba taraṃga teja tilaka tārā tūla varūtha vaṭa vibhrama vistīrṇa vyoma vāda vār yāma śaśāṅka śobhana śobhā śubhra śvan śyāmā śīta ūdhas ṣaṣṭha
śiras	86	abhra ardha arka atharva avāk ayaḥ aśva aṃhri bhuja brahma bṛhaspati caṭakā caṭikā citra dakṣiṇā daśa dvi dāsa eṇa gaja garga gaura gaya gayā gaḍu gharma hasti haya jihma jānu kapi kapāla khola koṭa kroṣṭuka kumāra kūrca mahā manuṣya meda muṇḍita mārga mṛga paśu pratyak pratīcīna prāk puruṣa pṛthu ratha raṇa sa sahasra sainya samara sapta sarpa saṃgrāma skandha sthūla su suvarṇa sva svaḥ sāma tanu tri ubhaya uccaiḥ udak unnata vasti veda veṣṭita vi vyāvṛtta vāji yava āji ātharvaṇa śakra śava śaṅkha śaṅku śruti śāli
dhvaja	84	amita arjuna barhi brahma bṛhad citra dharma dhūli dhūma dīpa gagana garuḍa giri haṃsa indra jambu jaya jhaṣa jvālā kajjala kanaka kapi keśi koṭi koṭī krama kratu kukkuṭa kusuma kuśa kāka kṛkavāku kṛta lohita lāṅgala madhu mahiṣa mahā makara malaya marud mati matsya meru mita mīna nabho nīla puṃ puṣpa pāra ratna ravi sa satya siṃha smara strī sura surā sīra sūrya timi tāla tāmra tārkṣya tṛṇa ucca vidyud vimṛdita viruda vāma vānara vāta vṛṣa vṛṣabha yūpa śakra śakti śaśi śikhi śruta ṛta ṛṣabha
guṇa	86	akṣaya ananta artha asaṃkhyeya atad ati aṣṭa bahu bhagavad bhartṛ bhūri bhūyo bisa catur cāpa daśa dhanur dhuta dhūta doṣa dravya dvi dṛṣṭi gandha hīna jaghanya kha kāma kāraṇa lamba mahad mahā mantha muktā mālā mūla nir para pañca prakṛti prāg pṛthag rasa rati raśanā rūpa sa sad sahasra samyag samāna samārgaṇa sapta sarva sattva sparśa su sva svāmi sācī sāra sāṃgrāmika tad tamo tathā tri tulya tādṛg tāmasa tāvad ubhaya vapur vi viśeṣa vyaya vyañjana vyoma vāg yoni yādṛg ātma īṣad śabda śata śānta ṣaḍ
mañjarī	85	aśoka aṅgāra bahu bhakti bhārata bhāṣā chando cūta dhātu dvādaśa dāna gandha hautra jātaka kaluṣa kanaka karpūra khara kukkuṭa kāma kṛtya lobha lāvaṇya madana mandāra maṇi megha muhūrta māna māruti nyāya nīti pada pattra paṭha prabodha prakṛti pramāṇa prathama pravara prayoga preta prākṛta pāda pāṭha rahasya rambhā rasa rati ratna rāga rāsa rūpa samāsa sasya saubhāgya saṃketa saṃnipāta saṃskṛta siddhānta smṛti sphula sthala svara sāra tarka tilaka tīkṣṇa udaka varṣa vicāra viveka viṣa vāda vākya vāstu yajur yoga āhnika ārdra āścarya śabda śrāddha śīta śṛṅgāra
paddhati	86	ambu aurdhvadehika bhairava bhaṭṭa brāhmaṇa cayana dāna dīkṣā gṛhya hanumat havana homa jala jani jātaka karaṇa karma kriyā kumbhaka laghu lalitā loka lāṅgala maithila mantra mekhalā nāgoji nārāyaṇa pada pauṇḍarīka pavamāna pitṛ prajā pramāṇa pratiṣṭhā prayoga prātaḥ pāda pāraskara pūjā ramala rasa ratha rudra rādhā rāja rāma sadasya sampradāya sarva sat sautrāmaṇī saṃdhyā saṃketa saṃnyāsa saṃskāra saṃsthā siddhānta snāna soma sopāna sādhana tulā utsarga vaidya varṣa vidyā vivāha viṣṇu vraja vākya vāruṇa vāstu yoga yājñika ādhāna śarabha śiva śrauta śrāddha śrāvaṇī śrī śyāmā śānti śūdra śṛṅgāra
śīla	86	abhivādana aguṇa ajñāta akṣa arghya asatya bhadra bhaya caṇḍa dayā dharma dhruva duḥ duḥkha dāna eka gambhīra gupta guṇa hanana hāsa ijya kamala karma kiṃ ku kula kṣamā kṣudra kṣānti lajjā madhura mahā maraṇa māyā māṃsa mṛgayā patana pañca puṇya pāpa pāri rahaḥ sahana sama sambhāra samāna sattva satya saṃvibhāga smṛti snāna stuti su svapna sādhu tapaḥ tathā tyāga tāla tūṣṇīṃ udaka upaśama utthāna vardhana vi vibhrānta vicāra vikrama vilāsa viṣama vyaya vyāyāma vāma vṛṣa vṛṣā yajña āpyāyana ārya śaṅkā śruta śruti śubha śuddha śālīna śānti
vardhana	85	agni ambu amṛta avanti aśoka aṇḍa bala balāsa bhoga bhūmi bhūti brahma deva dharma dhānya dravya dyumna go harṣa jaya jina kalyāṇa kamala kanda kapha keśa krodha kula kuntala kāśi kṣatra kṣiti lakṣmi liṅga mati maṣi meru mitra māna nanda nandi nābhi nāga nṛmṇa pauṇḍra pañca paśu paṭa prīti puṇya puṇḍa puṇḍra puṣṭi rakta rati ratna rāga rāja rājya rāma rāṣṭra sattra saṃgha saṃgrāma saṃtāna stoma tantu uktha utsāha vaiṣṇava varṣa vaṃśa vitta viṣṇu yajña yaśo āditya ānanda śambhu śambu śaurya śaśi śaṃkara śruta śrī
vāhana	85	abda abja ati babhru bali barhi barhiṇa bhāra bhūta bhūti bīja candra chāga citra dadhi deva dharma druta dvija garga gaura ghana guha hari havya haya haṃsa hotra indra jala jaya kavya kośa kravya kāla loma madhu mahiṣa mahā makara mayūra maṇi megha mūṣa mṛga naga nara pakṣa pavana paśavya pravara praṣṭi purīṣa purīṣya puṣpa ratha rucya rukma rāja saha satya siṃha su svasti sārtha uda vasu veda vimala viṣṇu vāji vāri vāyu vṛddha vṛṣa yajña yama śakra śikhi śiva śveta śāla śāli śānti śārdūla
pakṣa	84	ajāta amṛta apara aṣṭā bhūmi buddha cakra catuṣ chandas chinna cikura citra daśa dhavala dvai dvi dvāra dīrgha eka gambhīra garuḍa gauṇa gārdhra haṃsa hiraṇya hīna jyotiṣ jāta kaca keśa krauñca kāka kṛṣṇa kṣaya lūna mahā māghī mātṛ nija para phālgunī pitṛ prati preta prācīna prāti pūrva rakta ripu samāna siddha siddhānta sita sthūṇā su suvarṇa sva svara svarṇa sādhya sādhāraṇa sāmānya tamisra tri tāmra ubhayataḥ ulūka uttara vadya vakra vara vi viśva vrata āpūryamāṇa ātma śatru śiti śuddha śukla śveta śūnya ṛju ṣaṭ
gupta	83	abhinava ati aśva bala bhadra bhīma brahma brāhma buddha budha bṛhaspati candra citra cāru deva dhana dhanu dharma durga guha gupti gātra gṛha hara harṣa hiraṇya indra jaya jiṣṇu jīvita karma kartṛ kriyā kumāra kāla kārā kṛṣṇa kṣema mano mantra mitra mādhava mālava mātṛ nandi nābhi nārāyaṇa padma pakṣa palli parva pattra pañca phāla prajñā ravi rādha samudra saṃdhi saṃgha saṃgrāma siṃha skanda su sva sūrya tiṣya udaya upendra vana vasu veda vedha virādha viṣṇu āmra śaśi śrī śāla śānti śīla śṛṅgāra ṛṣi
nāman	83	agni ahaṃ ahi ahita anta antarikṣa asau aśva aṅghri bahu bhadra bhū cakra chando deva dhvāṅkṣa dur dvi gandha go gṛhīta hari hita iti janma kapi karma kiṃ ku kuśa kāka kāṇḍa kīṭa labdha laghu mahā manuṣya maṅgalya megha māsa mātṛ māṅgalya nakṣatra nara nāga pañca pitṛ prati putra puṃ puṇya pāpa rāja rājakīya rāśi sa sahasra samāna san sapta sarja sarva satya saumya saṃkhyā saṃskāra strī su sva tulya vahni varāha vijja vivikta viśva vyartha vāta vṛṣa yan āditya śiśu śveta ḍambara
parṇī	83	agra ali asana aṅghri bhadra bheka bhīru bilva brahma cakra catuṣ citra cāru dardura droṇa elā grantha hasti haṭha hiṅgu ikṣu indra jāti kapittha keśa kroḍa kāka kāma kūrca kṛṣṇa laghu lomaśa madhu mudga māṣa mūla mūlaka mūṣika nakha nāga palāśa pañca paṭu pratyak pāṃsu pīlu pīta pṛthak pṛśni rāja sana sindhu sita siṃha snigdha sthālī svarṇa svādu sāra sūpa sūrya toda tvak tṛṇa uḍumbara viśva viṣa vrīhi vāri vṛtta vṛṣa yojana ākhu śalya śara śaṇa śimbi śāla śāli śīrṣa śīta śūla śūrpa
vāsa	74	acyuta ajñāta ambu araṇya bhūta bila brahma cira daur dhārā dur durga duḥkha eka garbha ghana ghṛṇā go grāma grāme guru gṛha hari jala kaṭi kārā kīrti kṛtti kṛṣṇa makaranda markaṭa mukha nadī naraka nāga paṅka paṭa prā reṇu sa saha sainya sarva saudha saṃdhyā senā siddha strī su sukha svarga tapo uda uru vaktra vana veda veśa veśma veśyā vi videśa vinā viśva vāri yathā śaila śayanīya śaṅkhinī śini śriyā śrī śāṇa śāṇaka
bhava	82	abja adūra ananya anta apunar araṇya arṇava arṇo aśleṣā bahir bhakti bhūta ceto citta ghaṭa kala kalpa kamala kula kumbha kāntāra kṛttikā laghu maghā mano maru mayo maṇi medo mūla nadī netra padma paunar phalgunī phālgunī prakṛti prā prāg prāya prāṇi punar puṣpa pāṃsu pūrva rakta rasa revatī rohiṇī rumā sa sadyo sadā samudra saṃkalpa soma stana strī su sāyam tad tanu tanū tatra tri udag upanagara valmīka varṣā vaṃśa vinā viśva viḍ vāri ādi ātma āṣāḍha śam śilā śiro śleṣma śāka
dṛś	82	abja adhyātma ahar akṣa amogha artha asad asupta asva atṛpta aviddha avitṛpta bahir bhavā bhinna bhugna bhāla cakora cakra camūru cāra dharma divya diṣṭa dur dūra dūre eka eṇa eṇī hariṇī indīvara krūra kuvalaya kūrpa madira mantra mithū mugdha mṛga mṛgī nipuṇa pakṣmala parāg piṅga prati pratyag pratyakṣa pṛthag rakta ruddha rāga sa sahasra sama samyag samāna sarva satya saṃrambha smita su sva svalpa svapna svar svayaṃ sūrya tri udvigna utpala vakra valita vi vicāra viśva vāma yajña yakṣa yuṣmā ūrdhva ṛju
janman	80	agni agra ambho ambu ambā antar antya anya asra bhrātṛvya bhūri brahma citta danta dharma dvi eka ghaṭa jala janma jāra kalaśa kaśmīra kopa ku kumbha kva kāśmīra kṛta kṣata labdha mano manuṣya mukha mānasa naṣṭa nābhi para payo paṅka prati prāg prāktana punar puro puṃ puṇya pūrva pṛthā ramaṇīya rāma saha salila samāna sarasi saro sarva saṃkalpa sindhu strī su sva tanu tanū valmīka varta vartita vi viśva viśvāsa vṛthā yugma ātma śara śarīra śuci śīghra śūdra śṛṅgāra ūru
prayoga	80	alpa artha asamyak aupāsana aurdhvadehika aurva auṣadha baudhāyana bhairava bhāradvāja bhūri bodhāyana bṛhat cayana hautra holikā hotra kaitava karaṇa mada mantra mātrā mātṛ māyā naimittika naya nepathya neṣṭṛ nāciketa nṛtta parjanya pauṇḍarīka pañca paśu potṛ prastotṛ prati punaḥ pādma pūrva saha samyak samāpta samāvartana sapiṇḍana sarasvatī sautrāmaṇī savana saṃdhyā saṃskāra smārta soma su sādyaskra sāma utpatti utsarjana vaiśvadeva vaiśvasṛja vapaṇa vardhamāna vardhāpana vidhi vivāha viṣa vyāyāma vākya vāstu yajamāna yati āhnika śaunakīya śayyā śiṣṭa śrauta śrāddha śrāvaṇī śānti ṣoḍaśi ṣāḍguṇya
purāṇa	81	agni bhagavatī bhairava bhaviṣya bhaviṣyat bhāgavata bhārgava brahma brāhma buddha caṇḍī devī dharma garuḍa gāruḍa iṣṭakā kalki kedāra kālikā kālī kāpila kūrma lalita liṅga mahā matsya mudgala māgha mānava mārkaṇḍeya mātsya nandi nandā nandī nemi niṣ nāda nārada nāradīya nārasiṃha nīla padma puruṣottama puṇḍarīka puṣkara pādma pāṇḍava rudra sarasvatī sarva saundarya saura skanda sthala sāketa sāmba sūrya uttara vahni vaiśākha vaiṣṇava varuṇa varāha vināyaka viśvakarma viṣṇu vāmana vārāha vāyavya vāyu yama yuga ādi āditya āgneya āñjaneya śaiva śiva śreṇika śānti śāradā
śrī	80	adhvara agni artha ati aśoka bhadra bhraṣṭa brahma candra darśata daṇḍa deva dhana dhṛta gata gaṇa ghṛta hari hata jana jaya jina jñāna koṭi kṣatra kṣīra lāvaṇya madhu mahā marya mañju meru mukha māla mālava nitya niḥ nāga padma para prathama prāpta pūrṇa pṛthu ramya ratna rāja rājya sa saktu sambhṛta samudra sapatna satya saumya siṃha soma sthira su svarga sūrya tyakta vajra vasanta vasu veda veṣa vijaya vikaca vinaya viśva vīra yajña yauvana śiva śiśira śruta śākya śānta ṛta
bheda	80	antar anyonya ardha artha asthi avāntara aśma aśvattha aṅga bhrū bindu buddhi citta deha dig doṣa dur dūra gati granthi hanu jñāti kati koṣṭha kukṣi kāla kāṣṭha kṣatra lakṣya mantra marma mata mati mitra mukha nir pakṣa parva paśu prasthāna purīṣa puṭa pāta pātra pāyu pāṣāṇa rahasya rasa rāśi rāṣṭra rūpa samaya samādhi saṃgha setu srug suhṛd svara tantra tvag varco vastu vistīrṇa viḍ vrīhi vyūha vākya ācāra śa śabda śaila śakaṭa śakti śakṛd śara śarīra śilā śākhā śūla ūlī
buddhi	80	aham akṛta alpa anartha apakva apekṣā asad avipakva bheda bhrānta bhāvita dabhra dharma dhṛṣṭa droha dur duṣṭa dṛḍha eka gambhīra grāmya hata hita hīna indriya jaḍa jāta karma krūra ku kuśala kṛpaṇa kṛta kṛśa kṣudra mahā manda mugdha mukta mūḍha nir nitya nāga prapañca prāpta prāṇa pāpa sahasra sama sambhinna saṃdigdha sthira sthūla strī su sukha tīkṣṇa upari utpanna vakra varṇa vi vijña vikṛta vimala viparīta vipratipanna vipula viśiṣṭa vyavasāya vyāvṛtta yathā ātma śata śaṭha śuddha śākya śāstra śīghra ṛju
bhaṅga	78	arāti asthi asu bhava bhru bhrū cakra caraṇa chattra danta daṇḍa deśa dhvaja dhyāna dur gati gātra gṛha iḍā kanaka karṇa kaṇṭha kaṭa kaṭu krama kṣaṇa mada mukha māna mṛṇāla nāsā pattra pañca pota pratijñā prayāṇa praṇaya puṣpa pāli pārśva pṛṣṭha rasa ratha rājya rāṣṭra sa samādhi saṃdhi senā sneha sthāna su svara sāra tapo tejo tāla udyama vahana vahitra viśvāsa viḍ vrata vyūha vāg vṛti vṛtta vṛtti yuga yācñā yāna ājñā āśā śara śatru śoka śīla ūru
vṛtta	79	akṣa anyāya apama asādhu ayana bhinna bhāva bhū cakra cakru chando cira dakṣiṇā deśa dodhaka dur dvāra dṛg eka gaṇa guru hariṇī hata iti jina kadamba kalyāṇa kaunteya khaṇḍita kiṃ koṇa krānti kāma kṣepa loka madhya miśra mātrā nyāya nāḍī patita prati prāg puro purā pāda pūrva rāja sa sad sama sambhinna samyag sarvato satya sirā sthāpana su sva svaira svapna sādhu tejo varṇa vastu veda vikṣepa viṣama viṣuvad viṭa vācā yad yathā ārya śarīra śiro śruta śukla śīla
stotra	78	anyathā apāmārjana bhairava bhauma bhavānī bhujaṃga bhāgavata bṛhaspati catu catuḥ caṇḍī devī dhanya durgā dvādaśa gaṅgā hanumat hari kalyāṇī karpūra kālikā kālī kāśī kṛṣṇa laghu lakṣmī mahā malhaṇa marut maṅgala mithyā mārkaṇḍeya mātaṃgī nala nitya nārada nārāyaṇa parā pradoṣa prahlāda prauga priya puṇḍra pārvatī pṛṣṭha raivata raṅga reṇukā rāma rāmāyaṇa sarasvatī saundarya saṃdhi saṃkaṭa skanda svāminī sītā sūrya vetāla viṃśati viṣṇu vārāhī vāsudeva yama yamunā āditya āñjaneya śakti śani śarabha śaṃkara śiva śivā śyāmā śāradā śārikā śītalā ṣoḍaśi
pāta	77	agni akṣa ambu antaḥ apakṣa asṛk avicchinna aśru aṅghri bhū bhṛgu bāṇa cakra candana caraṇa chala dambholi danta daṇḍa deha dhārā dhūma dūra dṛk dṛṣṭi eka garbha guṭikā gṛha hima iṣu kaśā khaḍga krānti kula kāṇḍa kṛpāṇa kṣepa kṣāra locana madhya mahā muṣṭi mūrdha nakṣatra naraka pada pakṣa pakṣma piṇḍa rakta retaḥ rudhira saura sthāna sūtra toya tālu ulkā vajra vartma varṇa varṣa vidyut vilocana vāta vṛṣṭi ātma śabda śakra śakti śam śamyā śara śarīra śastra śyena
kanda	76	aśva bahu bhū brāhmī bṛhat caṇḍāla dharaṇī drāva gaja grāma grāmya guluccha guṇḍa hasti jñāna kadalī kalā kaṭu khasa khaṇḍa kola kuṣṭha kāsa kṛṣṇa kṣīra lulāpa mahiṣa mahiṣī mahā mleccha mālā māna niṣ nāga nānā nīla nṛpa paṅkti piṇḍa puṭa pīta rakta roma rucya sarṣapa stabaka sthala sthūla su svādu sūkara sūra taila tīkṣṇa tīvra vajra vana varāha vijñāna viṣa viṣṇu vārāha vārāhī vṛkṣa ābila ānanda āvalī āvila śabara śambara śikhā śiphā śukla śveta śālmalī śṛṅga
śālā	76	abhiṣeka agni apūpa aśva bahiḥ bhakta bhāṇḍa bhāṇḍi brahma candra citra dhanuḥ dharma dyūta dāna eka go gāndharva hasti haviḥ haya homa kandu karma kulāla kumbha kupya kutūhala lekha lipi malla mardana mukha nartana nāpita nāṭya nṛtya pakṣi parṇa patnī paṇya paṭṭa peli puṇya pāka pānīya pūpa ratha raṅga sattra saṃgīta snāna sūda tantu upasthāna vahni vatsa vyākhyāna vyāyāma vyāḍi vāji vāraṇa yajña yajñiya yāna ākhaṇḍi āpāna ārogya āyudha śakra śilpa śilpi śulka śūnya ṭaṅka ṭaṅkaka
bāhu	75	agni ati ayo aśva bahu bhadra bhagna candra catur citra cāru daśa daṇḍa deva dvi dvār dvāra dīrgha hiraṇya hrasva hīna indra jaya kaṃja khañja kumbha kuru kuṇi kṛta lūna mahā mitra nagara nṛ parigha paro pañca pralamba prati pravīra pṛthu pṛśni ratna rukma sahasra sarva savya siṃha stabdha sthūla su sva tri ubhayā ubhā ugra vajra veda vi vijaya vikrama viśvato viṃśati vrāja vīra yajña yojana yuga ājānu śaila śata śini śiti śākhā ūrdhva
gandha	74	adbhuta agūḍha alpa ati bahala bahu bahula barbarī brahma campaka candana catur citra daur divya dur hari haya hṛdya ikṣu iṣṭa khasa krūra kuṇapa kāla mada madhya magha mahā mallikā manuṣya matkuṇa matsya mātsya mṛṣṭa nir nābhi padma puṇya pīta pūta pūti rajanī rasa rūkṣa sa sama samanta sammoda samūha sarva saṃdeha sphurad sthira su sukha surabhi surabhī svādu sāra sīdhu tvag tīkṣṇa ugra vahni vi visra viśva viḍ viḍa ātta āśu śaila śīta
netra	75	abja agni anta apratihata apāṅga arka aruṇa ayugma aśru baddha barha bhaga bhagna bhugna bāla bṛhan cakora cāru dharma dhūma dhūpa dvi dṛḍha eka eṇa ghṛṣṭi hara hari hema ikṣu jagan jvalita kamala kekara khani khanī klinna kuśa kāla kṛṣṇa lola mahā mano mantra mañju mṛga padma phulla praphulla puṣpa puṣya pārvatī rakta ravi rājīva sahasra samanta satya saṃrabdha soma su sūrya tri tāmra vahni vasu vaṃśa vi vimala vipluta viśāla viṣama vāma yama śāstra
vīrya	74	agni aho amita ananta aprati bahu bala bheṣaja bhuja bāhu citra daṇḍa dīpta dṛṣṭa eka go hata hiraṇya hīna jala kara kathaṃ ketu kiṃ kāma kṛta kṣaṇa mada maha mahā manda muni nir nānā paśu prati prayoga prāṇa ruddha rāja sa saha sahasra sama samāvad sarva siddha sindhu skhalita soma su tathā tigma tulya udāra ugra uktha uṣṇa vaicitra vaicitrya varṣma vasu vicitra vijñāta viśvato vāg yad yajña yathā īṣad śata śiva śīta ṛta
kartṛ	74	alaṃ artha bandha bhaya bhūta bīja dama daṇḍa deha dina garbha grantha gṛha has hema hiraṇya hiṅ jagat jani karma kriyā kula kārya kāvya kṣaya lavana loka miṣṭa namas paryagni pravacana puṇya pāpa rāja rājya rūpa saha sarga sarva sat sattva saṃdhāna saṃskāra saṃtāna sneha sthiti suvarṇa svagā svī sākṣāt sūpa sūtra sṛṣṭi tanū tat trailokya trāṇa vaṣaṭ veda vedānta vicāra vighna viparīta viśva vāda yāvat ādi śaka śalya śarīra śrāddha śānti śṛtaṃ ṛṇa
pradīpa	73	bhāva bhāṣya buddhi dharma dhvani dhātu divā dāna galita horā janma jñāna kalpa karma kula kāma kāvya kṛtya lauha loka mahā mantra maṇi megha meru nyāya nāṭya nīti pañjikā phala piṅgala praśna preta pūjā rakṣā rasa ratna rekhā roga rudra samanvaya samaya sampradāya saṃhitā saṃskāra saṃvatsara siṃha smṛti spanda sūrya taila tantra tarka vaidya vairāgya varṣa vedānta vimala viśva vyavahāra vyākhyā vākya vāstu vṛtta vṛtti yoga āhnika ākāśa śakuna śruta śrāddha śuddhi śyāmā
cārin	73	abhyantara adharma ambara ambu aniṣu asaṅga bahu bhīta bhūta brahma cakra chanda citta dharma dhānya divi divā duś duḥkha duṣṭa dvaṃdva dyu eka gagana giri go gūḍha hasti jala karma kaumāra kha kāma loka madhya mahī manda mithunī muhuś mānasa mṛga nakta naktaṃ pramoda pramāda pratyakṣa preta pāda pāpa saha sarva savya saṃgha saṃghāta saṃkīrṇa saṃsthāna sthala svaira sūkta ubhaya ugra vana vigūḍha vimāna viyac viśiṣṭa vrata vyoma vāri yathā yugma yūtha ākāśa
hara	73	apatha ardha artha aśmarī aṃśa bala bhrānti bhāga bhāra bhūta camū ceto darpa dhana doṣa dāya go grahaṇī granthi hari jvara kapha kaumāra kavaca kha kuṣṭha kānti kṛmi kṣata mano mūla nyāsa pakṣa paṅktī pitta prāgra prāṇa pāpa pāṃsu pṛtha pṛthu pṛthvī rajo riktha roga rājya sa sarva sattva saṃdeśa saṃtāpa smara su sudhā tamo tejo vaco varma viṣa vārttā vāta yaśo yodha ārti śakti śleṣma śrī śvitra śāsana śīla śīta śūnya ṛktha
pṛṣṭha	73	ahi aśva aṃsa baddha bhagna brahma bṛhat candra caraṇa citra dahara dvi dvika dīrgha gaura ghṛta giri gṛha gṛhīta harmya hasta hema kara kaṭhina kāla kāṇḍa kūrma loha madhu mahā mahī mala maru mauli megha meru muñja muṇḍa nīla pratyakṣa prāsāda pāṇḍu pāṇḍura raivata revatī rukma sahasra sainya sarva saurya senā soma stoma stūpa suvarṇa svara svaḥ tanū tat tri upāṅkya vairāja vairūpa vyūha vāji vīta yat śakvarī śilī śiti śukra śuna śākvara
vara	73	ati bhiṣag brāhmaṇa buddhi bīja datta deva dharṣa dhārā dvija gaja gaurī gañja gaṇa ghana ghṛta go gor hari jyeṣṭha kad kari kesara kāma labdha loha mantri maṇi medhā muni māṇi nara naṭa nir nṛ patatri poṣṭṛ prasū pravīra prā prāpta pura puruṣa raghu rasa ratha rati ratna sampad saro sattva satya saṃyad sneha sura svayaṃ sūrya tala taru vadhū varṣa vraja vākya vāri vīra yaśo śaila śakti śikhā śiti śrī śūla śṛṅgi
hṛdaya	71	akṣa antar atharva ayo aśva bhinna bhīru brahma cakita cañcala devī dur duṣṭa ghora gṛhīta hariṇa hata hṛṣṭa kaṭhina kaṭhora kloman kubera kālī kṛtsna laghu lakṣmī lalitā mātṛkā mṛdu nārāyaṇa prasakta pāpa pāṣāṇa rasa rudra rāma sa sammūḍha saubhāgya saṃtapta stena sūrya tala tantra trika udvigna uttāna vajra vaktavya vi vidīrṇa vihvala viklinna vipula virakta viṣa viṣṇu vraṇita vyākulita vyākṣipta vālmīki yajña yoga yoginī āditya śabala śarabha śrānta śuddha śānta śūnya
bandhu	70	amṛta anya arka bala brahma deva dina dvi dvija dāya dūra dṛṣṭi gandha go gāna jala jaṅghā jyeṣṭha kairava kamalinī koka ku kumuda kṛta kṛṣṇa kṣatra loka manmatha mātṛ mṛtyu nir nāga nṛ padma pika pitṛ prati pratyakṣa pūrva pūta pṛṣṭa rati rājanya sa samāna soma su sva sāmudra tad trailokya tri vaidehī vaidya vasanta vasu vaṇig vi vipra viśva vāja vṛka yajña āditya ārta ātma śruta śuci śūnya ṛṣi
gaṇa	70	abhaya ahar amara antar aparājita bha bhā bhūta capala catur deva dhātu dina divā dravya dyu go graha guṇa guṇi hara hari jyotir ketu kha kurarī mahā marud maṇi mātṛ mṛdu paśu pitṛ pṛthag rakṣo rudra rāja sa sakhī sapta sarva sendra su sumad sura sāma sārva taruṇī tri tārā varṣa veśyā vida vidyā vrātya vyāghra vāditra vārṣa vṛṣa ākṛti ārya āyuṣya śakti śaṃkara śiva śva ṛg ṛtu ṛṣi ṣaḍ
jā	69	abhra adhva adri agni agra amṛta anna apsu bhakta bhīma bimba cara cavya dakṣa danti deva divi divo dvi giri go grāma grīṣma hiraṇya hiṅgulā indra kaccha kalinda kosala kṣaudra manuṣya megha menā nabho nakṣatra nava naya nepāla parama phaṇi prathama puloma purā pūrva saha saho sana sano satya sita soma sura sva tapo valgu vane vedi vidarbha videha visraṃsa viśvakarma vāta yato yayāti śarkara śimbi śālaṅkāyana śāri ṛta
parṇa	70	acchinna arka ayugma aśva aṅgāra aṣṭā bahu bahula chattra cira cīra cīrṇa dadhi deva dvi dīrgha gandha ghṛta granthi hari harit hasta hiraṇya hrasva jīrṇa kara kāla kīśa kṣudra latā laṭa madhyama maṇḍūka naṭa nīla padma puṣkara pūti raikva rakta sa sadā sahasra sapta sauvarṇa soma su sura taila tila tri tāla tāmra uttāna vi viśīrṇa vīra vṛkṣa yugma ādhī śakti śamī śata śrī śukti śuṣka śveta śīrṇa ṛta ṛtu
smṛti	70	aruṇa atri babhru baijavāpa baudhāyana bhagavat bhoja bhṛgu budha bādhūla bṛhaspati cyavana dakṣa devala dharma dhaumya dhavala hārīta kastūri kaśyapa kokila kāśyapa laugākṣi likhita lohita mahā manu marīci mudgala muṣita mārkaṇḍeya naṣṭa nārada nārāyaṇa paiṅgya paiṭhīnasi paulastya pañca samyak sarva saṃvarta svalpa sāṃvarta vaiśampāyana vasiṣṭha vatsa veda vitaṇḍaka vivasvat viśvāmitra viṃśati viṣṇu vyāghra vyāsa vāsiṣṭha yama yathā yāvat śabda śaunaka śaṅkha śivā śiṣṭa śruti śuddhi śākala śākaṭāyana śāṇḍilya śāṭyāyana śūdra
vacana	70	abhaya aneka antar bahu bhavad bhinna bhāva brāhmaṇa buddha cāṭu droha dur dvai dvi dvir eka guṇa hetu hita jāti kalyāṇa kapaṭa karma loka mad madhura mantra maryādā mañju mithyā māyā mūla mṛṣā nir nārada paruṣa paryāya piśuna pratīpa praśasta praṇaya priya prā prāg prīti punar pādma rāma rūḍha sa samāna satya saṃdhā solluṇṭha stuti su svasti svāgata svāpta sākalya sāmānya tathya veda vidagdha viśeṣa āhatya ākāśa āpta āśīr śruti
vāha	70	agni aja ambu ayoga aśva babhru bhāra bhāṇḍi dharma dhurya gandha hasti havya haṃsa hiraṇya idhma indra jala jale jīmūta kṣema marud mitra nau nī palli parī pattra pattri payo pota pratī puruṣa pārṣṇi pṛṣṭha rajata rakṣo ratha ripra rāja satya senā siṃha skandha soma su sādhu sārtha sīra taṇḍi toya uda vasu veda vipatha vār vāyu vṛṣa yajña yoga yugya yūpa ārohaṇa śava śobhana śuka śveta śāla śāli ūrja
śakti	70	agni alpa amara ananta ati bahu bhagna bhoktṛ buddhi bāhu caṇḍa citi deva dhī duḥ dīpta dṛk gati indra indriya jña jñāna jīrṇa kanaka kriyā kāla kṛta kṛṣṇa kṣīṇa mahā mantra na nava para parā pracaṇḍa prāṇa puru pūrṇa ratha rati sahasra samagra sarva su sva tri ugra upendra utsāha vallabha vastu vasu vikrama vikṣepa vindhya virūpa viṣṇu yathā yuddha ādi āditya ātma āvaraṇa īśa śabda śata śikṣā śithila śiva
pāṇi	68	abhigṛhīta abja agra asi avahita aśastra bhūri bāṇa cakra catuṣ dambholi daṇḍa deva dhanuṣ dravat gabhasti gadā gṛhīta hiraṇya itara karoṭa khaḍga khaṇḍa kiraṇa ku kuliśa kṛpāṇa kṣāra kṣīra madhu maṅgala musala mṛdu padma parśu pavitra phalaka pināka pātra pāśa pṛthu ratna rikta samit su sudhā sāraṅga sāsi sīra tṛṇa ubhayā ubhā ucchrita vajra vastu vetra viśva viśvatas vīṇā vṛṣa śakti śastra śaṅkha śukra śārṅga śīghra śīta śūla
sambhava	68	abja agni amṛta artha asthi ayoni bhojya bhūmi brahma bāhu candra dadhi danu dhātu dvīpa dyu garbha giri go jala kha kula kumbha kumāra kusuma kāca kāśmīra kṛttikā kṣetra kṣīra madhu mahā maru megha mukha mānuṣa nāga padma parva paśu phala punaḥ ratna saha sarva saṃdhi saṃkalpa su sva tejaḥ ubhaya vimala vināśa viśalya viśva vāli vāri vāyu yathā yoni ānanda ātma śabda śaila śaṃkara śoṇa śoṣa śuṣka
yukta	69	adhyavasāya amedhya artha asthāna ayukti aśva bala bhāvanā buddhi caitanya catur dayā deva dhairya dharma dhāraṇā dūṣya go guṇa harṣa haṃsa hetu hima java kaṇṭaka kriyā kāla kṣaipra kṣamā kṣaya manana mudā narma nitya nīti phala pramāṇa prasrava prātar rāsabha samartha satata su sva svādu tala tapo tarka trapā tri tvarā upapatti utthāna vidhāna vipad vipatti viśiṣṭa vraṇa vyādhi vṛtta yajur yantra yathā yoga yukti śraddhā śruta śrī śānti
candrikā	68	bhakti bhaṭṭi bhāva bhāṣya brahma bāla cic dattaka dhātu dāna jagac krama kāvya laghu lagna malūka mantra nayana nyāya nāma nāṭaka pada phala prabodha prayoga praśna prākṛta pārvaṇa rasa rasika sac sahama sampradāya samāsa saṃkalpa saṃnipāta siddhānta smṛti sphoṭa sphuṭa stuti sāhitya sāmānya sāra sāṃkhya tarka udāharaṇa vairāgya vana vara vedānta vikrama vivāda viśiṣṭādvaita viṣaya vākya vāstu vṛtta ācāra āgama āhnika śabda śarac śrauta śruti śrāddha śuddhi śānti
kūṭa	67	abhra akṣi ardha avakara aṃsa bhasma bhinna bhā brahma candra citra deva dharma dhānya dṛṣṭa ghāsa giri grāma gṛdhra haima haṃsa hema hima indra kala keśa kāla kāma kāṣṭha kṛśa lohita madhu mala malla maṇi meru niṣ padma prajñā prīti pūrṇa rajata ratna rāṣṭra saṃkāra svarṇa tri tuṅga tāmra tṛṇa vajra valmī vi vindhya vyāsa vāk vāri āmra āra śaila śaṅkha śubha śuka śāli śārikā śṛṅga ṛṣabha
kṛtya	66	akṛta alaṃ anyonya artha asat bahu bandhu bhakta bhūti cintā citra dauṣ deva dharma dina dāru guṇa gṛha iti karma ku kṛta kṣura kṣāra madhye mama mithaḥ mitra māraṇa nimittī nitya nyak nīcaiḥ pada para pañca pitṛ pravāsa prayāga preta prātaḥ puras putra puñjī rāja sahāya sat saṃvatsara su sādhu thūt tiryak tvaṃ uras urasi varṣa vaṃśa vaṣaṭ vipanna vyakta vāja vāsara śrāvaka śīghra śūdra śṛtaṃ
prabha	67	amara amita amṛta asaṃgata atulya avabhāsa aśani bandhu brahma buddhi candra caṇḍa deva guṇa hari harita hata hema indu jina jyotiṣ jñāna jāmbūnada kanaka kusuma kāñcana kṣaṇa madana mahā malaya malina meru niṣ padma parama ratna ruci sa sama samanta saurya sita soma sphaṭika su svayam sūrya tama tamaḥ tejaḥ vaiḍūrya vajra vara vidyut vimala vinīta viraja viśada vīra yaśaḥ āditya ātma śaśi śiti śākya śānti śīta
kārya	66	agni ahaṃ akṛta alaṃ alpa ananya asat avasita avaśya bahiṣ carma deva dharma dina dūra eka guru gṛha hasta hāsya hīra iti jñāti ku kṛta mantra maṅgala mitra mūta namas niṣ nṛpa para paura phut pitṛ pradhāna pratī preta prātaḥ puras putra pūrva pṛthak rāja rātha samūha sat saṃdhyā siddha strī sura sva svāmi svī tantu udaka vahni viśrabdha viśva viśvāsa vājī vār yathā ātma īṣat
rahasya	66	agni bhairavī bhāgavata bhāṭṭa bādha caṇḍī deva devī dharma dhātu dhāṭī dāya gāyatrī kaula kautuka kauṣītaki kavi kokilā kālikā kālī lalitā mantriṇī mātaṃgī nyāya parama parā pradyumna pratiṣṭhā praśna prākṛta pātañjala ramala rasa rati rāghava rāma rāmāyaṇa sa samaya sambandha siddhānta smṛti sādhāraṇa sūrya tarka vaikṛta varivasyā veda vedānta vidhāna viṣṇu vyatireki vyutpatti vāsudeva yantra yoga āgama āmnāya ātharvaṇa śabda śambhu śiva śrāddha śuka śyāmalā śyāmā
vallabha	66	abhramu agni apara arka bhavānī bhogi bhāgīrathī bhū bhṛṅga chadma deva dharma dhātu durgā gagana gāyatrī hari hṛdaya jana jina jānakī kalabha karabha kavi kirāta kubera kāma kāmi lakṣmī mada mahī modaka mukha mṛga nṛpa oṣadhi padminī para paulomī pika puṇya rogi rohiṇī rādhā rāja rāma sarva smara sura suta svāhā sītā urvaśī vahni vaidya vidvad vidyā viṣṇu vraja vāruṇī vṛti śakti śambhu śiva śrī śuka
śṛṅga	66	adri anya avāk ayaḥ bahu bhagna bhāra bhūri bāla catuḥ dvi dīrgha eka giri go hema hiraṇya jaya jāta jīva karkaṭa kaṭu ketu kāñcana kṛṣṇa mahā manuṣya maṇi meru meṣa mukha mṛga nara niḥ nṛ prā prāsāda pṛthu pṛśni pṛṣṭha rāja sahasra skandha su svarṇa tigma tri tīkṣṇa udgata uru vaiḍūrya vakra valmīka varāha vi vikaṭa vīrya śaila śata śaśa śaśāṅka śikhi śveta śāla ṛśya ṛṣi
roga	65	ariṣṭa arśo ati bhasma bhedya budhna bāla cakṣū cira dadru danta dṛṣṭi gata grahaṇi grahaṇī guda guhya hṛd hṛdaya jaṭhara karṇa koṣṭha kuṣṭha kṛmi kṣaya kṣud kṣudra mahā medo meḍhra mukha māruta na netra nāsā nī nīlī oṣṭha pāpa pāṇḍu sa sarva soma stana stanya sthāṇu strī sūti sūtikā tvag tṛṣā udara vadana vaktra vandhyā vardhma vartma vi viṣa vāta yoni āḍhya śiro śotha śūka
tāla	65	ambu asi bhagna brahma bṛhat candra catus caṇḍa citra deśī dhṛta dvitīya eka ghana guru hasta hema jala jhampā kara karṇa khaṇḍa krośa krīḍā kumbha kāla kāma kāṃsya kṛṣṇa laghu lakṣmī lalita līlā malla manas mārga mṛdu nīla nṛpa prati pāṇi rati raṅga rāja rūpaka saṃdhāna saṃgīta siṃha sthūla su suvarṇa tala ucca utkarṇa vakra vaktra varṇa vi yati ādi śamyā śiva śrī ūrdhva ṣaṭ
jñāna	64	adhyātma antar avadhi bhaviṣya bhuvana brahma buddha candra cikitsā cākṣuṣa dharma divya dur dṛḍha hata haya hṛta indriya jala kevala ku kāla lipi marma mithyā mogha mokṣa mṛṣā nimitta nir nāḍī pañca pratyakṣa praśna puruṣa pāśupata pūrva rasa ratha roga samyag sarva saṃgama siddhi su supta svapna sāmānya sāṃkhya tarka vigata viveka viṣaya vyāpti vāstu vāsudeva yoga ānanda ātma āyur śakuna śalya śiva śāstra
tattva	64	akṣa artha bhikṣu brahma buddhi dharma divya durgā dāya dīkṣā haya jyotis jyotiṣa jñāna kālī kṛtya kṣetra loka mahat mahā malimluca mantra muhūrta mukti mṛti nava nis nyāya para parama pañca pramāṇa pratiṣṭhā prayoga rūpa sa sambandha sat saṃskāra siddhānta smṛti sphoṭa tithi udvāha vastu veda vedānta vibhakti vivāha viṣṇu vraja vrata vyavahāra vākya vāmana vāstu yathā yoga āhnika ātma śiva śrāddha śuddhi śāstra
vāc	64	abhaya abhijāta adrogha amogha anṛta asad baddha bhadra brahma chala cāru drogha dudhra dur duṣṭa gadgada ghana grāhya ku kuśala kāku madhu madhura mañju mita mithyā mleccha mṛdhra mṛdu mṛṣā nir paruṣa priya puruṣa raṇya rūkṣa sahasra samyag sanna satya saṃdeśa saṃyata saṃśita smita sthira su svasti sūkta sūnṛta vadhri vinaya visṛṣṭa vitatha viśva vyakta vṛthā yata āpta ārya ślakṣṇa śreṣṭha śuci śuka ūrdhva
cintāmaṇi	63	abhidhāna adhyātma anumāna audārya bhāva bhāṭṭa bādha bṛhac cāturya dīna janma kautuka kṛtya laghu leha mantra muhūrta mukta mukti muṣṭikā nyāya nāma parā prabodha prastāra prastāva pratiṣṭhā pratyak prayoga praśna puṣpa pīṭha ramala rasa rūpa saubhāgya saṃdarbha saṃgīta siddhānta smṛti stava svapna sāhitya sāmudrika sāra tīrtha upanayana vaidya vedānta vicāra vivāda vyavahāra vīra yantra yoga yuddha śabda śeṣa śrāddha śuddhi śābara śābdika śānti
danta	62	acyuta adhika ahi aroka bhadra cala catur cūḍā danti dhauta dvi dīrgha eka gaja galita go gopa hasti hiraṇya jāta kari kauṇapa kaṣāya kusuma kāka kūṭa kṛṣṇa madhya mahā markaṭa mūṣikā nara nir nāga paṅka piṅga puṣpa pāṇḍara rāja sama sampanna su tri ubhayato ugra uttara vajra vakra varāha vatsa vi vāji vṛṣa īṣā śubha śubhra śuddha śukra śvā śyāva śīrṇa śūra
dvāra	63	akṣa antar apāna avārita bahir bhavana brahma cakra catur dakṣiṇā dharma dṛḍha eka gala gandha gaṅgā giri gṛha hari haṃsa hṛd ku loka mahā maṅgala megha mokṣa mūla mṛtyu nagara nava pakṣa paścima prajā prāg pura pūr pūrva pṛthag raṅga rāja sahasra saubha siṃha suṣṭhu svarga tri ubhayato udag vaktra vardhamāna vijaya vivṛta vāg vāyu vṛti yoni āya śakuna śakṛd śata śālā ūrdhva
dā	62	anaśva apāna aśva bala bhaga bhava bhoga bhāga bhūri bāhu cakṣur dhana draviṇo dāha etad go havir hiraṇya hrasva ikṣu jani kumāri mati mokṣa nitya ojo paśu prajā prapharvī prāṇa puccha pṛthivi rayi rāṣṭra sahasra saho sarva soma su suta svar svasti sāra sṛṣṭi varco vastra vasu viśāla vyāna vāg vāja vāso yaśo yuvati ātma āyur āśīr śala śalya śata śimi śrotra
hīna	63	artha astra aṅga bala bandhu bhakti bhartṛ buddhi daiva danta dhana dharma dvaya dvi dāna gati guṇa hāsya jala jāti karma karṇa kośa kula kāṇḍa kṛpā lajjā mantra mati megha mṛjā niṣpanda phala prajñā prāṇa putra puṣpa rakta saṃskāra smṛti sāmarthya sārtha trapā utthāna varṇa vaṃśa veda velā vidhi vidyā vitta viṣa vāyu vīrya vṛtta yaśo ācāra āji āśā śabda śakti śaṅkā śrotra
bhaṭṭa	62	ananta bhagavad bhaṭṭoji bhoga bhāva bhīma bhū bhūri bhūṣaṇa brahma buddha bāṇa bṛhad deva dāḍima go gopa hari hīra kalyāṇa kavi kedāra keśava kullūka kumāra kumārila kṛṣṇa kṣura kṣīra liṅga mahima mahī malla mauna mañju megha mukunda mīmāṃsā nāga nānā prājya rudra sarva skanda soma su sūri sūrya tāna varuṇa vasu vetāla vidyā vināyaka vāg yogi ārya śaṃkara śiva śiṅga śrī śyāma
guru	62	adhvara amara ananya anūna asura ati bahu bhavānī buddha bṛhad daitya deva dānava dīkṣā dṛṣṭi eka gaurī guhya guṇa gṛhya indra jagad kula kālikā loka madhva madhye mahā meru mātrā namo parigha puro rata rikta rāja sad salila sarva saṃsāra siddha skanda smara sneha strī su sura sāra tārā umā varṇa vatsa vibudha vidyā viśva vyāja ādi āśrama śaila śikṣā śiva śānti
homa	62	abhicāra agni anna asarva ayuta bali barhir caru darvi darvī dhiṣṇya dākṣiṇa gaṇa ghṛta hasta huta japa koṭi kṣipra lakṣa naktaṃ nitya oṣadhi pakṣa pavamāna paṇya prāg prātar pūrva pūrṇa pṛṣṭha saktu samiddha sarva saṃnati saṃsthita saṃsṛṣṭa saṃtati soṣyantī sruva svayaṃ sāyaṃ tila tūṣṇīṃ vaiśvadeva vana vapā vasu vasā vivāha vāstu vāta ājya āmana āyuṣya śabalī śarīra śrauta śākala śānti śāṭyāyana ṛtu
kṣetra	61	agni anya apama ardha arka bhṛgu brahma buddha bṛhat deva dharma dhruva dhānya gaṅgā hara hari ikṣu janma jaya karma khila krānti kumārikā kuru kāñcī mahat maya mukti nandi padma para prati puruṣa puruṣottama puṇya pārvatī pṛthak raṅga raṇa rāma sama sasya sat siddha siddhi strī su sūkara tāpa udbhava valkala vijaya vinaśana virāṭ viṣṇu yava śiva śrī śukla śuṣka śāli
sū@kta	62	aśva bahu bhartṛ bhauma bhū brahma brahmaṇaspati budha camaka candra dharma dhruva dīkṣā gharma go hari kāla kālī kāma kṣudra laba lakṣmī madhu mahā manyu matsya medhā mitra mṛgāra mṛtyu parjanya paryāya pavamāna pañca pitṛ puruṣa rudra rāhu rāma rātri rātrī samaya sampāta sarasvatī sarva saura soma sāma sūrya sūryā viṣṇu vāmana vāstoṣpati yama yuddha śakuna śani śiva śrī śukra śākuna śānti
varṣa	62	abhra amogha arka aśma aṅgāra aṣṭa bharata bhārata daśa deva dhārā dvi gata graha hari havir hiraṇya hāra iṣu kalpa kanaka karpūra kaṅkaṇa koṭi koṭī ku kāma lohita maṇḍala megha meru nepāla nābhi pañca pañcāśad prabhūta prati puṣpa pānīya pāṃsu pīyūṣa pṛthag ratna rudhira sadyo sapta saṃgrāma su sudhā suvarṇa tiro tri triṃśad tuṣāra tārā tāvad vāta ārkṣa śaka śara śata ṣoḍaśa
vilāsa	62	anūpa asu bhakta bhakti bhavānī bhrānti bhrū bhāva bodha buddhi caṇḍī cid dhanvantari durgā hara hari jaya kalā karpūra kaumudī kāvya kāśi kāśī kṛta lakṣmī momahaṇa mukunda nyāya nārāyaṇa nārāyaṇī nīti nṛtya pañcama rasa rādhā rāghava rāsa sa sarasvatī sarvato siddhānta sārasvata tārā vaidya vanitā varṇa vasanta vastra vedānta veṇī vidyā vijaya vijñāna viveka viśrānta vraja vāg vāṇī yati śaṃkara śānti śīla
kaṇṭha	61	adhara alpa bhṛjja bāṣpa citra daśa dāma dāśa dīrgha eka gaḍu guru hari hema hiraṇya jhalla jhillī kala kalaśī kalmāṣa kambu khara kuhū kāla kṣīra madhu maṇi mukta mālā mārjāra mṛṇāla niṣ niṣka nārāyaṇa nīla parama pramada pāśa rajju rakta ratna rāma sanna sita siti su sudhā sūtra tīvra valgita vimukta viṣa vākya śalya śikhi śiti śruti śrī śuṣka śyāma ūrdhva
nagara	61	antar avantī aśma bala bhadrā bhallāṭa bhoja bhuja bhīma dala dākṣi gagana gandharva giri gopa gādhi jaina jambhīra jambīra jāṃhāgira kaṭa kusuma kuśa kuśi kāñcī kāśi kṛṣṇa loha madhya madra mahā mādra mūla mṛjā nara nava palāśa puṇḍra rāma saurāṣṭra saṃgrāma suhma sva sūrya tālita vajra vaṭa videha vidyā vijaya virāṭa viśva viśāla vīra vṛddha śaiva śaurya śrī śākhā śālva śāmbhara
pūrva	61	abhisaṃdhi abhukta abhūta abuddhi adṛṣṭa aham ahaṃ alaṃ alaṅghita amati ayathā bala bhavat bhūta buddhi carita dakṣiṇa deva dhṛta dṛṣṭa evam gaja gaṇa hrasva jñāna jāta kūṭa kṛta maitrī mallika mat mati māsa mṛdu nāma prekṣā pūrva racita roha sa sakhi sarva smita spṛṣṭa strī supta sāma sāntva tat udaka ukta upeta utpāda uttara vana vyāja yathā āḍhya śakti śruta ūḍha
rāj	61	adri amara araṇya asura aṅga bhūta cedi deva dharma eka giri gṛdhra jana jyeṣṭha kratu kuru manu manuṣya mukhya mṛga mṛtyu nabh nakra nāga pakṣi parvata patatri pitṛ plakṣa ratna roga rāja sarva sattra saubha siddhi siṃha sura sva svā sūta toya tṛṇa uḍu vaidya vane vi vidarbha vighna viśva viśvā vādi vṛkṣa yajña yakṣa yama yogi śaila śaṅkha śāka ṛkṣa
dhā	59	abahir aneka antar aparimita arbuda ayuta aṣṭa bahir bahu cano catur citra daśa dhiyaṃ dhāma dur dvi dvādaśa etāvad go jana jani madhu mitra māsa nava navati nāma payo pañca pañcāśad paṇa priya prā puro puru ratna reto sahasra sama sarva su sva tati tiro tri tāvad varco varivo vasu vayo viśva yaśo yāvad śata ṛju ṣaḍ ṣaṣṭi ṣoḍaśa
gāmin	60	adhva agamyā agra alaṃ ananya anta anya apatha asta atyanta bahir brāhmaṇī dīrgha dūra grāma hasta kartṛ khela kuṭila kāma manda manthara mātṛ mṛdu nagara nīca para parva pitṛ pratīpa prāg puro pāra pṛṣṭha rāja saha samudra sarva sarvato sarvatra sthala svarga sāgara sārva tiryag unmārga utkūla vakra vaśa veśyā vidhavā vipatha vyoma vāta yoga āśu śyena śīghra ūrdhva ṛtu
kāraka	60	alaṃ artha astra avarṇa bhadra bhairava brāhmaṇa cakra carma chala chikkā durga dyūta gandha guṇa gṛha hema hita jāla kali kalyāṇa kambala karma kaṇṭa kaṣṭa kośa koṭṭa kuhaka kumbha kūṭa kṛtsna kṣema loha maṅgala pañjikā phupphu pratyaya priya pāpa ratha raṅga rukma saktu samāna sarva siddhi siṃha svarṇa tṛpti udvega vaira vaśa virodha viśva viśvāsa vyāpāra śaka śaṅkha śilpa ṣaṭ
kāṇḍa	60	acchidra adhvara adhvaryu amla araṇya arjuna aupānuvākya ayas bhū brahma bāla daivata dhanuḥ dhanuṣ dharma dvi dīrgha dūrvā dṛḍha graha ikṣu jñāna karma khila kriyā lakṣaṇa laṅkā madhu madhyama mahat mathurā mokṣa parama pitṛ pravara pūjā rāma sahasra sambhava sat saubhāgya sava saṃkarṣa su sundara tamas tri tṛṇa ugra upari uttara varatrā vyavahāra yuddha ādi āraṇya āraṇyaka śara śata śrāddha
locana	60	agni ahi aneka aruṇa ayugma aśru bhāla candra cāru dhūmra dvādaśa dīna dīpta dīrgha hari kamala karma karāla kekara krūra kāla lalita loka lola markaṭa meṣa mṛga naya nāṭya padma phulla piśita piṅga puṇḍarīka pārvatī pṛthu pṛthula rakta ravi rājīva sahasra saṃrakta stabdha sthira su sāśru tri udvigna vi vidyul vihvala vikṛta vilola vipluta viśva vyākula vāma vṛṣa śata śuddhi
parvata	59	agni amara arbuda brahma candra dola dāru gaṇa go hari hema hiraṇya indra jambu jāmbūnada kanaka kaumāra krīḍā kula kāla kṛmi lavaṇa līlā mahā malaya mantha maryādā mayūra maṇi megha meru nanda paryanta pañca pūrva rajata ratna rohaṇa sa sahya saṃghāta su sura tri udaka udaya udyat uttara vaibhāra vandhya varāha varṣa vindhya viṣkambha ādi ākrīḍa śarva śrī śveta
pāka	60	agra akṣi daśā ghrāṇa ghṛta guda guru havya ikṣu kapota karma karṇa kaṭu khaṇḍa kim ku kumbhī kṛṣṇa kṣīra laghu mukha māsa māṃs māṃsa mūla netra nāsikā nāsā para parī pattra phala piṣṭa piṭhara punaḥ puraḥ puṭa pātra pīlu sadyaḥ sitā sthālī svādu sāra tvak tālu ulūka vṛkṣa āditya āhāra āma śam śarīra śata śiraḥ śukta śuṣka śva śūlya śṛta
taru	60	abhra aśoka bhilla bodhi bāla caitya catvara chāyā dala deva dhanva dyu dīrgha dṛḍha hema indra kalpa kalpaka kaumudī kāma kṣaya kṣema kṣīra latā lākṣā madhu mahā megha muni nandi nimba nīla pattra piṇḍī prati pāṇḍu rogi rohiṇī rāgi rāja saṃsāra skandha sruva sura svarga sāra tāpasa ucca upaghna valka viṣa vīra yakṣa śakra śamī śaṅku śikhā śuka śāka śūka
vāsas	60	abahir agni ahata antar bahir barhiṇa bhikṣā bhūṣaṇa cīra danta daśana dig dur eka gārdhra hairaṇya hṛta kaṣāya kāṣāya kṛtti kṛṣṇa laghu lohita megha muñja mārga nīla paṭṭa pradhāna pāṇḍara pīta rakta rātri sa samudra siti snāna strī su tamo taḍid uttara vadhya vadhū valka vavri vi vāla yūpa ārdra āśā śayana śikhi śiti śrī śuci śuddha śukla śukra śveta
bhadra	58	aham bahu bala bali bodhi buddha catur cāru deva dānta gopa guṇa hari hasti janaka jina kaṭu madhu mahā mandra mañju maṇi mudita mālava māṇi mūla pañca prajñā puṣpa pāri pūrṇa pṛśni rāhula rāma samanta sapta sarvato saṃgha siṃha sthūla su tuṅga vairocana vihāra vimala viśva vāsu vīra vīrya yaśo yāma śakti śiva śoṇa śrī śveta śāli śīla
citta	59	ananya anavasthita anya artha baddha bhrānta bhīta bṛhac cala deva dhvānta duś duḥkhita dīna eka gāndharva hata hṛṣṭa iha kalya kaṭhina kaṭhora kṣipta laghu mac mahā maitra manuṣya moha niś prahṛṣṭa pramatta prāya prāyaś prīta pūrva sa sama saṃsakta sthira su sukha udrikta udvigna unmatta vi vikṣipta viparīta vipra virakta viṣṇu vyutthita vyākula vyāpanna āsakta śiva śrānta śūnya ūrjita
keśa	58	anupūrva añjana aśva babhru barhiṣ bhū bhūta candra chinna cūrṇa dhūmra dīrgha ghṛta gulma hara hari hema hiraṇya jala kapi kṛṣṇa lamba luñcita mahā mukta muni muñja nāga pakva pralamba pūtanā ruk rukma sa sarva sita sthūla su suvarṇa tanu upta vi vidhūta vidyamāna vidyut vikīrṇa vimukta vyasta vyoma vyupta vāji vāyu vṛkṣa śiti śociṣ śukla śveta ūrdhva
nirṇaya	59	aurdhvadehika brahma deśa dvaita dāya homa jvara jāti karma kaumudī kāla kārya kṣaura lakṣya liṅga mantra mati maṅgala mokṣa muhūrta māsa māṃsa nakṣatra nartana nyāya parva pramāṇa pratiṣṭhā pravara pīṭha roga samaya sambandha sapiṇḍa saṃdhyā saṃkrānti saṃnyāsa saṃskāra saṃsāra siddhānta spanda svara sāpiṇḍya tithi tātparya tīrtha utsarga vaidhavya vapaṇa vedānta vicāra vivāda vrata vyavahāra āśauca śabda śrāddha śuddhi śānti
pūjā	59	agra antaḥ anuttara atithi aśvattha bhauma budha deva dhātu dravya durgā dīpa gaurī graha guru gṛha holikā jarjara kumārī kālī kāñjika lakṣmī mahā mānasa mātṛ mūrti nitya parā pratimā pārthiva pūjya rudra rāhu rāma rātri sabhā sarasvatī saṃdhi soma stambha sūrya tīrtha uttara vaiśvadeva viṣṇu vyāsa vāsantī vāsudeva yamunā ātma īśvara śakti śiva śukra śyāmā śāradā śītalā ṛṣabha ṣaṣṭhī
siddhi	59	abhīṣṭa amogha anukta anyathā artha ati ayuta bodha bodhi brahma bāṇa chandaḥ deva dhruva dravya dvaita hari hasta jñāna jīva karma kratu kriyā kuṇḍa kārya labdha lakṣya mahā manaḥ mantra mokṣa muhūrta naya paṇya phala prabodha pramāṇa rasa rūpa sakala sarva saṃgrāma saṃkalpa svārājya sādhya sākāra sāma sāmrājya vetāla vighna vijaya vora yajña yoga ārambha śabda śambara śaṃkara śrī
vāsin	59	ajina anta araṇya asaṃvatsara atyanta bhūmi bila bāhya daṇḍa deśa druma dūra gaṅgā giri grāma grāme guhā gṛha jala kharva kośa kāma kāmpīla kṣīṇa mūla nagara nirdara parvata prāsāda pura pātāla pāṇḍara pāṇḍura rakta rāṣṭra sa saha samudra sarva saṃvatsara sindhu su sva sāgara sāmanta tatra tīrtha ubhaya vana vane vaṭa videśa vindhya viṣaya āsuri āśrama śmaśāna śriyā ūrdhva
kaumudī	58	akāla bandha bhasma bhāgavata bhāva bhāṣā cikitsā dāna gaṇita harṣa jyotiṣ karma kriyā kuṇḍa kāla kātantra kṛtya laghu madhya mantra mīmāṃsā nyāya nāma pada pattra pratiṣṭhā praśna pāṭī rasa sabhā saṃgīta saṃkalpa saṃketa saṃkhyā saṃkrānti saṃskāra saṃvatsara sevā siddhānta smṛti sukha sāhitya sāra sāṃkhya tantra tarka vaiṣamya vedānta vijñāna vikṛti viveka vivāda vrata vṛtta āgama śabda śrāddha śuddhi
vartman	58	anupalakṣya ardha arśo asita bahala bhinna bisa candra deva dhūma dvāra dyūta dīrgha eka garbha ghana guda janma kalyāṇa klinna kliṣṭa ku kula kṛtya kṛṣṇa marud megha mārga nakṣatra naya nāga prati puru puṣpa pṛthag ratha rāja sahasra sambādha satya saṃsāra sikatā smṛti sthala su sukha sura tri vi vyoma vyutkrānta vāyu yaśo ākāśa śliṣṭa śrotra śyāva ūrdhva
cchada	56	agra alpa audumbara ayuga ayugma badarī bahu bahula barhi danta daśana dīrgha dṛk dṛḍha ghana harita kamana kara karkaśa kaṭu khara komala kopa krakaca kratu kāka kṣīra madhu maśa mukha muni mṛdu nayana netra nīla pṛthu rada radana rakta sapta sita sthira su surabhi tanu tapana uttara vadana vaktra viṣama yamala śata śiti śuka śveta śītala
dhāra	54	ambu ardha ayuta bahu bhūri cakra chattra daṇḍa dvi eka gaṅgā graha jala karṇa khara kuṇḍa kāṇḍa kṣura mada manda mālā mṛta pota prathama prāṇa pṛthu sahasra samid sapta sarvato su sūtra tigma tiryag toya tri tulā tīkṣṇa tūṇa tūṇī ubhayato uru vajra varṣa vasu viśva viśīrṇa vāri yama yuga śata śikhā śiva ṣaḍ
dvīpa	57	anta antara aṅga badara baka bhadra candra daitya gaṇa haṃsa indra jala jambu jambū kalpa kara karpūra kaśyapa krauñca kuśa kārā kāśyapa loma malaya matsya maṇi mugdha nabho nava nāga nārikela plakṣa priyaṅgu puṣkara ratna revatī sapta sarid saṃdarśana sindhu siṃha siṃhala suvarṇa svarṇa tāmra varāha viṣṇu vṛṣa yama yamunā yava śara śaṅkha śveta śāka śālmali ṛṣabha
nandana	57	aditi ari arka bali bhava bhavānī bhogi bhū bhṛgu devakī dharma diti gādhi hari indu jñāta kausalyā kaśyapa kula kunti kuntī kuru kāśyapa kṛta kṛṣṇa kṣiti maru medinī mitra mādhava mādri mātṛ mṛta nalinī nanda pārvatī raghu ravi rohiṇi rāghava rāja sa sindhu siṃha su sūrya sūta vapu vijaya vāyu yadu śacī śakra śambhu śatru śrī śāṃtanu
śabda	57	akṣa aneka apakāra ardha bahu bheka bhoḥ bhāva brahma caṭacaṭā curcura deva dravya gadgada ghana ghaṇṭā guṇa halahalā hambhā jaya jāti khara kāka labdha loka mahā maṅgala maṇi miśra mṛta nemi niḥ pada paryāya parṇa paṭaha prati puṃ pāda pṛthak rūpaka rūḍhi sa sambandhi saṃkhyā stuti su sādhu sāma sāmānya tala tāla veda vi vyoma vāṇa yoga
bhūṣaṇa	56	bhūti bhūṣaṇa bāhu dvaita jala jāla jātaka kara karṇa kavi kaṅkaṇa kaṇṭha kula kṛṣṇa madana mahā mandurā mantra mukha nayana naṭa nyāya nāga para puṣpa rakṣā ramala rasika saṃskāra strī su sura svarṇa uraga uro vacana vaidya vaiyākaraṇa vasanta vastra vedānta vicitra vidhi vidyā vivāha vraja vādi vāṇi vāṇī yajña śabda śaśi śeṣa śiro śravaṇa śṛṅgāra
devatā	56	abhīṣṭa ahirbudhnya aja anna ardha bhartṛ bṛhad cāturmāsya dasra dig dravya gaṇa grāma gṛha iṣṭa jala kula kṣetra kṣiti mantra maṅgala naipālīya naraka pada para pati paśu prati prāyo pura pāntha rakṣo raṅga samudra saubhāgya savana sthala sthalī sura tanū tithi ucca vana varṇa vāg vāstu vṛkṣa yoni ālekhya āpaṇa ātma śakra śakuna śastra śrāddha śāsana
dhī	56	adūṣita ahaṃ ajaḍa alpa amalina andha anya asta dhvasta dhūmra dhṛṣṭa dur duṣṭa dīna guru hata jaḍa ku kuṇṭha kṛpaṇa kṛta mahā manda mugdha mūḍha naṣṭa neya nānā prasakta prati pāpa racita rucira sa sad sahasra samāhita sanna sthira sthita sthūla su sādhu sāśru tanu udāra udīrita upahata vakra vimūḍha viruddha viśuddha viśvato śaṭha śuddha ṛta
liṅga	56	alakṣya anya bhedya bhinna bhū brāhmaṇa bāṇa deva eka guṇi jvālā jyotir kedāra klība koṭi ku kāvya kāśmīra latā loha mahā mūrti nir nāma nānā nṛpa pitṛ puṃ pārthiva rāja rāma sa sanā sarva sthira sthita strī sva sīma sīmā tri upadhāna vi viśeṣa viśiṣṭa viśva vyatireki vācya vṛthā yajña yoni āviṣṭa āśraya śiva ūrdhva ṛtu
para	55	anuśāsana anya apara artha asparśa avara bhavānī cintā cit daiva daivata dhana dharma dhyāna diṣṭa droha dvā dāna eka etat giri iti jñāna kautūhala keli kriyā kṣamā kṣut mat māna parāt pratyakṣa pravāsa prema pāna rāma sa satya saura strī sukha svarga ta tat upacāra upakāra vedi vicāra vigraha vindhya āmnāya śama śiva śuśrūṣā ūṣma
rāśi	56	agni ambho ambu ananta artha asta avyakta bahu bhasma brahma dhanu dina draviṇa dyu eka grāmya guṇa iṣṭakā jala janma kanyā kumbha kṣetra laghu makara māṣa mūla nīra payo phala pramāṇa puṃ puṇya ratna ripu rudra salila sattva strī tapo tejo toya udaya valmīka varṇa veda vidyā viśvāmitra vyakta vār vāri vṛścika yaśo āraṇya śabda śaurya
cetas	55	adhyātma ananya bhīru dabhra dhīra duṣṭa eka gambhīra gata gṛha gṛhīta hata hṛṣṭa kaluṣa kaśmala kṛta labdha laghu manda mukta muṣita mūḍha niś nānā parama pratyupalabdha prā pāpa sa sahasra sama sammūḍha saṃsakta saṃyata sthira su sva tarṣa udrikta udvigna udāra vi vihvala vimūḍha viniyata viparīta visrasta vivikta viṣaṇṇa vyākula vyāvṛtta yata ārya āsakta śānta
grahaṇa	54	anvartha aprāpya artha ayugapad bilma cakṣur candra daṇḍa deha dig dāra dūra garbha guṇa kaca kanyā kara kaṇṭha keśa kośa kāṣāya lagna lāṅgala madhya mano mukha māna mṛga nepathya nimitta nāma pakṣa prayoga punar pāda pārṣṇi pāṇi ravi rāhu saṃketa saṃnyāsa soma su svayaṃ sūrya vana vetra vibhūti vidyā vigraha vrata āśīr śarīra ṛktha
kaṇṭaka	55	amara ambu astra bahu bhūrja bhṛjja citra cora deśa dvāra dīrgha dṛḍha eka giri go grāma hata jala kara kubja kula kuṣṭha kāla kṛmi loha loka madana madhura mṛdu niṣ nābhi padminī paṅkti puccha pāṇḍu sa saṃyodha sthūla svādu sṛgāla tri tālu tāmra tīkṣṇa vajra vakra varma vi vijaya vāri vāta yauvana yāga śata śva
krama	55	anuṣṭhāna bahu bala bhagna bhinna catura catuṣ duṣ dvi guru gīta hīna kathā kavi kopa kāla kālikā kālī laghu lakṣya madhu mahā mātaṃgī nau nāradīya pada para paribhagna paryāya pañca paṅkti prāpta pūjā sama sampanna samprokṣaṇa sarga savana tri tulya uru utpatti uttara vacana vacaḥ vala varṇa vi virāṭ viṣṇu vṛddha yathā āli śrī śākta
sad	55	adma anta antarikṣa apara aravinda atra bahiḥ bhuvana dakṣiṇa dakṣiṇā dakṣiṇāt deva dhruva divi duroṇa dyu gagana garta gharma ghṛta grāma gṛdhra manaḥ nabhaḥ nāka pastya paścāt puraḥ puṣkara pūrva pṛthivi sabhā sattra satya soma svarga svaḥ tat turaṇya VERB tīrtha upari upastha uttarāt vana vane vara vyoma ātma āśrama śarma śruta śrānta śālā ūrdhva ṛta
sama	55	ahetu anitya anupalabdhi anutpatti apakarṣa ardha artha asama asu avarṇya aviśeṣa bhāryā bhāṣā bṛhaspati catuḥ darśanīyā dik duḥ dvi etat jīvita kha kārya mahā nitya prasaṅga prati prāpti prāṇa puṇya pāpa sahasra sapta saṃśaya su sura sādharmya sādhya sūrya tarat tat tri upalabdhi upapatti utkarṣa vaidharmya varṇya vayaḥ vikalpa viṣvak vāyu ājānu ātma śikhari ṛk
svara	55	alpa aṃśa bahu bhinna bhāṣika brāhmaṇa caturtha dundubhi dvi dvitīya dīrgha gadgada ghora graha hata hīna kala kalaviṅka kapi kaṇṭhya krūra kuhaka kāka kṛta madhu madhura madhyama mahā mandra mañju maṅgala megha pañcama pracaya prathama pratyaya pūrva rūkṣa sa sama su tathā tāna tāra tṛtīya uccaiḥ vi vyākhyā vākya ārta śaṅkha śikṣā śukta ūpā ṛṣi
tala	55	adhas bhuvana bhū bhūmi citra dharaṇi dharaṇī gagana harmya hasta hima ilā jagatī jihvā kara kaṭī kṣamā kṣauṇī kṣiti kṣmā mahā mahī nabhas nai nimna ninda nis prāsāda pāda pātāla pāṇi pāṇī pṛthivī pṛthvī rasā sa saudha saṃgha saṃha saṃhata saṅga siṃha su tanū taru upari urvī vi vyāghra vṛkṣa śampā śayanīya śaṅku śilā śrī
vidha	55	aneka aparimita arka asmad aṣṭa bahu bhauliki bhauriki bhavad caiṭayata catur caupayata daśa dur dvi dvādaśa eka guṇa kati kiṃ kāṇeya mad nava nānā pañca puruṣa pṛthag sa saikayata sapta sava savana saṃvatsara soma su tad tathā tri tvad tādṛg tāvad ubhaya uktha vaikayata vi viṃśati vālikājya vāṇijaka yad yathā yuṣmad āmāvāsya śayana ṣaḍ ṣoḍaśa
yantra	55	ambu aṅgāraka baka chāyā daśa dhanur dhvaja dhāraṇa dhārā dolā durgā duḥkha dvāra dāru ghaṭi ghaṭikā ghaṭī gola gṛha hiṃsra ikṣu jala kālī kūpa kūṭa mahā mantra meru mudrā mātṛkā māyā nara nāḍī phalaka pātāla rajju rāma sa samrāḍ strī svastika svedana sūrya sūtra taila toya turya tāla vālukā vāri vāta yaṣṭi śalākā śloka ḍamaru
bhāṣya	54	bhaṭṭa brāhmaṇa bāhu caraka chando chāndogya citra dramiḍa draviḍa gāyatrī hanumad kapila lalitā mahā mantra mīmāṃsā namaka nirukta nyāya paiśāca phaṇi piśāca praśasta pātañjala rudra sad saṃdhyā saṃdhā saṃhitā saṃkṣipta siddhānta skānda stotra sāvitrī sūtra trayī uccair ujjvala upalekha veda vedānta viśiṣṭādvaita vāsanā vātsyāyana yoga śabara śaiva śrī śulba śābara śākta śānti śārīraka ṛg
dharman	54	anucchitti bīja bṛhad cakra citra cyavana cāru deva dhana dṛṣṭa hema jaya kalyāṇa ketu ku kāla kṛta kṣatra kṣatriya kṣema kṣetra manuṣya maraṇa martya mitra mṛga nānā nṛ paśu phala phena prasava pratyakṣa puṣya ravi rāja sa saha samāna sarva satya su sva tad tri uñcha vasu vi vināśa viṣṇu yati yugma śaśa śruta
grāma	54	anurādha ariṣṭa asamāna astra bhoga bhūta catur caṭu daśa dharaṇi dākṣi eka gaṇḍa gola guṇa gāndhāra helu hāḍi indriya karabha karaṇa kesara kolaka ku kṛṣi madhyama mahā maya maṇi muñja mātṛ nandi pitṛ pāñci ramya rāma samāna skandaka su sva svara svarṇa tila vaṇig vikaṭa viśāla viṣaya vāsava yaṣṭi śabda śambhala śrī śāla śūra
jala	53	agādha anna asi ati bhava dhārā dur dṛg gandha gaṅgā gharma go kha kūpa kṣapā lavaṇa mada mantra maṣi maṣī mṛga nayana netra nir niśā nṛ prasveda puṇya pāda rajanī rātri sa saj samupacita samīpa saro saṃsakta siddha sruta su sveda tejo tvag uṣo velā vi viṣa vāpī ānanda śrama śveta śānti śītala
mātṛ	53	adri asra bhadra bhiṣaṅ bhuvana bhāga bhūta daitya deva devakī dhānya dvi gandha go hata jagan jantu kandarpa kausalyā kuntī kīṭa loka mahā maṇḍūka muktā mātṛ nāga prati prāṇi pṛśni rasa raṅga rāja san sapta sarva sindhu skanda su svarṇa sveda tri vaidya varṇa veda vi viśva vyāsa vīra yoga yogi śakra śāṇḍilī
sthita	53	antara ayathā bahiḥ bandi bhū chadma cira citta dhyāna duḥ dvāra dvāḥ dūra gagana hasta jaṭhara kāya madhya maru nabhaḥ nibhṛta pada paraspara paryanta patita prakṛti pravāsa prāñjali puraḥ pārśva pṛthak saha sahita sthāna stimita su supta sva svarga sāci tala tamaḥ taṭa tredhā udara upari vana vrata vākya vṛkṣa yathā yāmika śiraḥ
brāhmaṇa	52	adbhuta aitareya bhaya bhāllavi chāndoga chāndogya daśa deva dur dāsī go gārgī indra jyeṣṭha jāti kauṣītaki ku madhu mahā maitreyī mantra maṇḍala pūrva rahasya rāja sa samāna saṃvatsara stuti su sāma sāṃkhyāyana taittirīya tāṇḍya upaniṣad vaṃśa veda vāg vājasaneya vājasaneyi vājina yajamāna ārya ārṣeya āśvalāyana śrāddha śārīra śāṃkara śāṅkhāyana śāṭyāyana ṛg ṛṣi
grīva	53	arka asita aśva bāhula carma cipiṭa citra daśa dhvaja dundubhi dīrgha gaura haya kalmāṣa kambu karabha kaśyapa kṛṣṇa lohita mahā mayūra maṇi niṣka nīla paṅkti pratīcīna prācīna prāg puṭa pṛthu rakta rāja sarpir siṃha sthūla su svarṇa sāra tuvi uṣṭra vakra vakṣo valita vi vipula vyāghra vyāla vāji yava śata śikhi śiro ṛkṣa
jyotis	53	agni antar aruṇa barhir bhūta brahma bṛhaj dakṣiṇā daśa dina eka hima hiraṇya kha kiṃ madhye mahā mano mantra megha mūrdha nir pada pratyag pura purastāj puro sa sahasra sarva satya su suvarṇa svar svayaṃ sūrya tamo tṛṇa ubhayato upariṣṭāj vaiśvānara vinaya viśva viṣvag vāg vāsudeva āditya ātma śakala śata śekhara śukra ūrdhva
pāśa	53	amogha anna aṅka bandha bhiṣak bhūmi bhūri brahma bāhu cikura cūḍā dharma gaṇita jyā jāla jāta kaca karṇa kavaca kesara keśa kāla kūṭa latā loha mahā moha mṛtyu nāga paśu pāda rakṣas rati rukma sahasra satya saṃjāta snāyu su sūcī ubhayataḥ vaidika vaiyākaraṇa varuṇa vi yama yoktra yāmya āntra śikhā śikya śravaṇa śṛṅkhalā
skandha	53	amita asita aṃhri aṅga aṅghri dharma dhīra dīrgha dṛḍha gaja ghana godhā guru haya jaya kadalī kapi kari khara kāla kṛṣṇa mahā maṇi muhūrta nara pañca prati puṇya pāpa pīta pṛthu rāja rūpa rūḍha saṃhitā sena siṃha srasta sthūla su sura tatra tri veṇī vipula vāta vāyu vīra vṛṣa vṛṣabha śiva śākhā śāla
bandhana	52	ajñāna asthi añjali aśva bali bhuja bhāva bāhu bāla carma chinna gaja granthi gīta hiraṇya hṛdaya karma kāya makuṭa matsya mauñjī maṇi mukha mukta muñja mārga nau paryaṅka paṭṭa prasava prema pāda pāśa pūta rasa samaya saṃdhi saṃsāra setu snāyu sukha sāmarthya sāvaśeṣa tri visrasta vāg vāla vāri vāstu śikhā ślatha śṛṅkhalā
dṛṣṭi	52	alpa ananta ananya antar apāṅga artha baddha bheda datta dharma dhyāna divya doṣa dīrgha dūra eka gṛdhra hetu krūra ku kṛpā mithyā muṣṭa mṛṣā nabho naṣṭa pakti phulla pāpa pūrva pṛṣṭha rakta roṣa sama samyag stabdha su sākṣād sūkṣma vakra vinaṣṭa vinihita vivikta viṣama vāma yathā ābaddha śaṅkita śiva śubha śāstra ūrdhva
mūrti	52	acyuta alpa ati avyakta aṣṭa bahu bhāsura brahma cara catur dakṣiṇā drava eka hrasva jala jñāna kha khala kāla kṣema liṅga mahanīya mahā mantra namra pañca pracaṇḍa prati pūta rucira sahasra sarva sattva saṃhata su sāmba tanu tapo tejo tri tuṣāra veda vikaṭa viśva viśīrṇa vyāsa vāṅ yajña āpo ātma śaśāṅka śrī
rāga	52	arūpa avyakta aṅga baddha bhakti cakṣū citta drava dṛṣṭi guṇa haridrā jāta kapola khāṇḍava kusumbha kṛmi lohita mada mano mañjiṣṭhā maṇi megha mukha nī nīlī padma pañcama paṭṭa pika puṣpa pāṇḍu pīta pūrva rātri rūpa sa saṃdhi saṃdhyā saṃvīta soma svarṇa sāma sāṅga taru tāmbūla uṣo vi vigata vimṛṣṭa viṣama vīta śrī
tejas	52	agni amita amṛta anna asthi bhūri bilva brahma bṛhat divya dīpta hara hiraṇya iddha indra kṣata mahā manas medas māṃsa nis prāṇa puruṣa rakta rasa ravi sa samāna samṛddha sarva sita soma su sva sāma sūrya tejas tigma tulya ugra uttama varuṇa vinaṣṭa vāta vāyu vṛka āditya āyus śakra śata śaśi śrī
yāna	52	agra araṇya arṇava bahir barhi bhadra cakra citra deva dola druta go haṃsa hīna jala khara lagna madhyama mahā manuṣya mṛgayā nara nau nārī pati pitṛ puṃ pṛṣṭha ratha rāja sambhūya samudra sura svar svayaṃ tiryag tri upari uṣṭra vadhū vimāna vyoma vāta vṛṣabha yāna ākhu ākāśa śava śaśa śreṣṭha śrāvaka śīghra
mālin	51	akṣa asthi aṃśu babhru bindu dhṛti gabhasti gandha gaṇḍa hema hiraṇya jambu jaṭā jvālā jālaka ketu khala khura kiraṇa kirīṭa kuśa kāma malaya marīci mayūkha megha nagara nala padma puṣkara ratna raśmi raṅku rukma samudra sarpa sarpir sasya su supta sārci taila taraṃga timi trailokya vana vetasa vidyun vijaya vīci śiro
sāgara	50	bhakti bhava brahma buddhi dharma duḥkha dāna gaṅgā guṇa jina jyotiḥ jñāna kuśala kārya kṛpā kṣudhā kṣīra loka prajñā pravāḍa prema puṣkara pīyūṣa pūrva rasa ratna sa sapta sarit saṃgīta saṃskāra saṃsāra sindhu smṛti sudhā sukha sādhana sāra trailokya tāmra vidyā vinaya vipat vāri yoga śabda śaurya śoka śruti śrāddha
dhātu	50	aṣṭa babhru brahma catur dharma dvi eka gairika ghana giri hima kāma kṣaudra loka madhu mahā mano mākṣika mākṣīka mūla nāma nānā parvata pradhāna pratyaya pravara rakta rasa raṅga rūpa sa sapta sattva saumya siddha sita su svarṇa tikta tri tāmra viṣama vāyu śaila śarīra śilā śiva śleṣma śukla śveta
granthi	50	bahu bandhana bisa brahma caraṇa deva dāma dīrgha dṛḍha go gātrikā hṛdaya kaṭu keśa kāla kṛmi manuṣya medo mālā māna māṃsa mūla mūtra mṛdu para paṇa prāg purastād puro pāda pṛṣṭha rakta ratha rūḍha sarva saṃdhi su suvarṇa tṛṇa udara vastra viśva viṣa viṣṇu vraṇa vāyu śata śyāma śūla ṣaḍ
kula	50	ali amuṣya baida bhrū bida brāhmaṇa candra dauṣ deva duṣ garga go guru harṣa hiraṇya hīna khala kirāta mahat mahira mahā mañju maṇḍūka mihira māhā mātṛ niṣ nīca para pāda pṛthak rāja rāti sa sat sena su sura sva uccaiḥ vaikartana vaiśya veśa viśiṣṭa viśāla viṭ yat śatru śaśāṅka śrī
kīrti	50	akṛśa alpiṣṭha aspaṣṭa bṛhat candra cira deva dharma divā duṣ dīpta gata ghṛta harṣa jaya jina jñāna kalyāṇa ku kāla labdha madana mahanīya mahā pavitra puṇya pṛthu ratna ravi sat satya soma su suta sādhu tīrtha udāra unmatta uru vara vaṃśa vimala yuddha śata śruta śruti śrī śuddha śākya śīla
sādhana	50	artha aśva bahu bhāra bhūta catuḥ dakṣa dhana dharma dhātu gaya jīva karma kartana kiṃ lekha lekhana manma mantra mokṣa mūla mṛti naya nāyikā pañcamī paśu phala sa samāpti sarva satya siddha siddhi su sukha svarga sādhya taila tri vaira vetāla vidyā vāda yajña yakṣiṇī yoga yoginī śabda śava śmaśāna
śarman	50	agni bala bhadra bhava bhāva bhūta bindu bāla candra datta daṇḍa deva dharma dhṛṣṭa dāsa dṛṣṭa giri hari haṭha indra jaya jīva kalyāṇa kapila kṛta kṛṣṇa kṣema lāvaṇya mahā makaranda mayūra mitra nanda nāga pitṛ rudra rāma soma su sukha uru varma varuṇa virūpa viśva viṣṇu vīra śiva śruta śānti
śeṣa	49	agni ahaḥ alpa anna ardha asthi bali bhukta deva devatā eka hata haviḥ huta jīva kathā kratu kārya kīrti kṛtya lāvaṇya madhu mukha na niḥ nāma nārāyaṇa parī prākāra puṇya pāda pātra pīta rāma rātri sa sarva smṛti sopadhi strī vrata vākya yajña yaśaḥ ālekhya āyuḥ śabda śiraḥ śvāsa
cakṣus	48	adabdha aghora bahala buddha cāra dharma dhyāna divya diśā eka ghṛṇā hīna jagac jana jvalita jñāna krodha loka lola mukta māṃsa nabhaś naya niś nṛ pañca piṅga prajñā pāṭala pṛṣṭha sa sahasra sarvataś su sva sūrya tri tāmra utpala veda vi vinaṣṭa virūpa viśva viśvataś vāk yoga śāstra
carita	48	anucaraṇa bhuvana buddha bāla caṇḍī deva dhruva dhūrta duś dāma gaurī hammīra harṣa hīna krūra mādhava mārkaṇḍeya nahuṣa naiṣadha naiṣadhīya nala nandī nayana patañjali prahlāda pāṇḍava rāma sac saha sarva su sāmba sūrjana udayana udāra vasu vaṃśa vikrama vināyaka vivikta vālmīki vīra vṛṣabha yayāti śaṃkarācārya śibi śuci śākalya
darśin	49	adoṣa adīrgha amogha anartha anavama anīca apariṇāma artha ati bahu bhaya bheda bhinna bhāla bhāva chidra deva dharma dhūma dig divya dvāra dīrgha dūra kārya kṣema mantra niśā pratyakṣa priya pāpa pṛthu sama samanta samyag sarva satya siddhi sādhu sāra sūkta sūkṣma veda vega vibhinna vidhi vṛttānta āya śāstra
dhana	49	alaṃ alpa antar antya bahu bhaya bhū bhūri brāhmaṇa bāla dhānya dṛḍha eka go gupta hṛta jīva kanyā kṛśa kṣīṇa labdha mahā miśra māna mūla nai nir paitṛka para prīti sad samagra sarva satya saṃyama strī su sukha sādhāraṇa tad tapo upabhukta vadhū vi vidyā vrātya yaśo ārya śrī
jāti	49	agra andhra anta antya apakṛṣṭa asva bhinna bhāga brāhmaṇa cakra drāviḍa dur dvi dṛśya eka hīna kṣatriya mahā manuṣya miśra mleccha mūla mṛga nyag nīca padma pratyutpanna pretya prāg puru puṣpa pūrva sa sama samāna sarpa saṃkara saṃkīrṇa strī su sva tiryag tṛṇa ugra vi viśleṣa yathā śamī śeṣa
kṣaya	49	bhūmi bṛhat candra deha dhana dhātu dina divasa divi dṛk garbha indu jagat jvara jīvita kalpa karma khara kula kṣapā kṣīra lohita māṃsa mūtra niśā pakṣa prati pāpa ratha sarva soma su svara sūrya tithi tṛṣṇā upaśama uraḥ uru vaṃśa vibhava vidhu viśva vṛta yama yuga āsanna śaśi śleṣma
māna	49	aham anūḍha asan asmi ati aṅgula aṣṭa bahu bhagna chando chāyā deva dhānya divya gaja giri hata kroṣṭu kroṣṭuka kāla kūṭa mithyā māsa mṛn nir nṛpa pratī praṇaya saha samāna san satya saṃrabdha soma sthūla sūkṣma tulā turīya tārakā tāvan uccair uda vedi vi ātma śata śāta śūra ūrdhva
prakaraṇa	49	bhakti bhukti chandaḥ dhātu dāna dīkṣā gṛha horā karpūra mahā manana mantra naimittika nakṣatra nyāsa nyāya nāḍī pañca prayāga praśna samudāya samādhi samāsa saṃjñā saṃkrānti saṃsarga saṃskāra saṃvatsara sthita sthiti sthūla stotra svapna svara tithi upasaṃhāra utpatti vairāgya vaitathya vedānta vivāha vyatipāta vākya vāstu yātrā śraddhā śyāmā śānti śītalā
ruha	48	ambho ambu avani aṅga bhū bhūmi bhūmī bīja chinna dagdha dharaṇī gātra jagatī jala jale kara ku kṣiti loma madhu mahī malaya nalinī nīra payo paṅka paṅke pātho pāṇi pṛthivī sarasi sarasī saro skandha sānu tanu tanū tīra urasi urvī vaktra vakṣo vāri ātma śiphā śirasi śiro śṛṅga
saṃdhi	48	aṅghri bha bhagna bhāva cala catuḥ dhruva dhṛta dvi dṛḍha garbha grantha hīna hṛdaya jānu kapāla kapāṭa kathā kumbha kāñcana kṣipra lekhā marma megha meṣa mukha niḥ nīti pada parva pañca pāṣāṇa repha sama saṃgata saṃtāna su svara sīmā tri vayaḥ vi vyañjana yathā śaila śarīra ślatha ṛtu
stuti	49	aprastuta ati bhagavatī bhīṣma bhū brahma brāhmaṇa devī dhruva durgā dāna gaṅgā ghṛta guṇa hari hiraṇya jina krama kṛṣṇa lakṣmī madhva mayūra mucukunda mādhava nindā niḥ nātha prahlāda punaḥ pārtha pūrvya rāma sadha sahasra sītā sūrya varāha veda viṣṇu vyāja vyāsa vāyu ātma śakra śaṃkara śiva śivā śruti śrī
vāra	47	aśasta aśva aṅgāra aṅgāraka bahu bhauma bhaṭṭāraka bhānu bhūri bhṛgu budha bāhu bāṇa bṛhaspati daśa dina divasa dur gabhasti ghāta goṇḍa guru indu kula lakṣmī madhu maṅgala parī puru ravi sapta saumya sindhu siti soma sva sūrya tri veśyā viśva vīta āditya śani śata śiti śukra ṛdhad
bhojana	48	amṛta ati bahu bali brāhmaṇa eka gaṇa graha huta iha jīva kavya kravya ku kṛmi kṛta laghu marta miṣṭa mleccha nakta parṇa pitṛ prakṛti priya prātar pāna rasa rāja rātri saha soma su sukha sāyam sāṃdhya sūtaka ucchiṣṭa viruddha viśva viṣama vāji vāyu vṛtra śaṣpa śeṣa śrāddha śva
devī	48	agra akkā anaṅga bhāva buddhi cilla dhruva dhṛta divya gaṅgā guhya gīr gṛha indra jayā kalyāṇa kokilā kumāra kāvya lagna līlā manasā meru māyā parā pattra paṭṭa pūr pṛthivī rājya rāmā rāṣṭra sarpa saṃsāra sundarī svasti sādhu trailokya vatsa vidyā vijaya viśvāsa vāg īśāna śyāmala śyāmā śāsana ṣaṣṭhī
dhāman	48	agharma atuhina bhūri bhūta brahma caṇḍa cāru deva devī dyu hariṇa havir hima jatu jyotir kaustubha meru pratyag priya pīyūṣa ruci rāja sahasra sarva sattva satya siddha sthira su sudhā sura suvar sva svar tapo tri uccair utpatti viśva yaśo āditya śata śaśi śiro śrī śveta ṛta ṛtu
jvara	48	abhicāra abhiśāpa abhiṣaṅga aṅga dāha gata giri hima hṛdaya jīrṇa kandarpa kapha karṇa mada mahā maithuna mano mastaka nir nitya nāsā palala pitta prākṛta pāli rasa rata ratha sa sadyo sarva satata saṃnipāta saṃtata smara taruṇa tṛtīyaka vi vigata viraha viṣa viṣama vāta āma śiro śleṣma śānta śīta
miśra	48	arjuna asṛṅ ayo ballāla bhāva bhīṣma bṛhaspati deva dhānya guḍa hari jāgran jīva keśa keśava kukkuṭa kānta kṛpā kṛṣṇa kṣudra lohita lāla madana madhu maṇi mitra māṇikya niśā nārāyaṇa nīta pan pāda rasa saktu sarpir sarṣapa soma sundara tila vardhamāna vi viṭṭhala vrata vīra vīriṇa ācārya ārya śaṃkara
nāśana	48	bala balāsa bhaya bhrānti bhūta chāga daitya dhātu draviṇa go graha gṛha jantu kalaha kapha kapi kilāsa kleśa kuṣṭha kṛta kṣetriya kṣudhā matsya mṛtyu pakti pāpa pīnasa roga rātri rūpa saṃkaṭa timira vahni vala vega vidradhi vighna viṣa vāta vṛtra vṛṣa yakṣma śatru śoka śopha śuka śāpa śūla
pattraka	48	asi asra badarī bindu bāla citra danta darpa dvi dvādaśa dāḍima dīrgha eraṇḍa guhya guru hrasva kakkhaṭa kara karṇa kaṭu khara kṣāra laghu lekhya marica nāraṅga pratijñā sa saṃkoca snigdha su svalpa sīsa sūci sūkṣma tri tvak utpala uttāna vaṃśa veṇu yamala yuga ārdra śata ślakṣṇa śālmali śāta
vaha	48	agni aśru aśva bhāra cāru dhūr dur dāru gandha havya huta jaya kṣīra lajjā mantra medo mūtra pailu puṇya pīlu pūya rasa reto ruci rāvaṇa sad sakṛd skandha su sukha svayaṃ vaṇig vāri vārttā vāta yajña yoga ājñā āśā śila śilā ślāghā śrī śukra śīghra śīta ūrja ṛkṇa
vaktra	48	agra aśva babhru catur cāru cāṣa dadhi danta danti daśa deva dhanur dvi dīrgha eka guha hasti haṃsa jina jvālā kapi karāla kumbha kāka kṛṣṇa mahā mañju mlāna pañca pārśva pūti ruddha sahasra sindhu siṃha su sūcī sūrya tīkṣṇa vakra vaḍabā vyāghra vṛtta yava śata śveta ūrdhva ṣaḍ
vīra	48	ariṣṭa asarva baddha bhūta catur caṇḍa dayā daśa dharma dhānya dāna eka eṣa kara loka mahā nara nir prati puru raghu sa sadha saha sahasra sakṛd samara sarva sato saṃyad spārha su sāgara ugra utthāna vairi vajra vidveṣa vipra vāg yodha yuddha ātma śakti śata śāka śūra ṛṣva
śreṣṭha	48	acala bharata bhārgava bhṛgu buddhi deva dhānya druma dvija dvīpa indra jhaṣa jñāna karma kuru kṣāra loka mantri manu mūḍha mṛga naga nara naṭa nṛpa parvata pattra phala pārthiva pāṇḍava roga sarva soma sura svayaṃ sūpa taru vadānya varṇa vasu vrīhi vāha vāhana vīra yadu yajña yama śāka
dviṣ	47	adri ahi amara anṛta asura bala bali bhuvana brahma edhamāna hari hata hiḍimba jambha jara kaiṭabha kara kratu madana madhu makha mitra mokṣa mura mṛga namuci nara nṛpa pati pratyakṣa puloma pura puruṣa pāka rātri sakta sarpa sneha strī sura uccair vanitā viṣṇu vraṇa vṛtra śūla ṛṣi
gamana	47	adhva agamyā alasa anta asta bahir divi diṣṭa dūra go haṃsa khe khela mada maithuna manda mañju pratīpa punar puro pāra pārśva saha sambhūya samudra samīpa saṃdhāya saṃsāra strī su svar svarga tiryag unmārga vakra vana vaśa veśyā videśa vidūra vimāna yātrā ākāśa śīghra śūdra ūrdhva ṛtu
grantha	47	agni bhāva caraka chando deva dhanvantari eka gauḍa gṛhya hāyana hṛd karma khila kālikā kūṭa lakṣaṇa manana maṇi muhūrta mukti mūla nir nyāya nāḍī phala prathama praśna pṛthivī ramala saṃdarbha saṃgraha siddhānta sādhāraṇa sūtra tarka uttara vedānta virodhi vyācikhyāsita vāda vālakhilya yoga yoni ādi śrauta śānti ṣaḍ
kārikā	47	agni añjali bhaṭṭa bhoga brāhma cayana cāturmāsya gṛhya hari jaya kalaha krama kuṭa laghu liṅga makaranda maṇḍana mokṣa mūla nava nāda pauṇḍarīka prayoga preṅkhaṇa reṇu saṃdhyā siddhānta sindhu soma spanda sāma sāṃkhya tarka tārkika vaiyākaraṇa vakṣas vihāra vivāha viṭ vāmana ādhāna ādhāra ākarṣa śaunaka śrāddha śulba ṣoḍaśa
nayana	47	abja agni arka asita bhāla dvija dīpta eka eṇī galita jvalita kamala kokila kṛṣṇa lohita lola madira mukulita mānasa nihita paryāpta phulla praphulla prati protphulla prāṅ puṇḍarīka rakta rūpa sahasra samīpa saṃrakta sphoṭita stabdha stimita su svar sāśru sūkara timira tri vibhrānta vigata vinirbhagna viṣama ārdra ūrdhva
parvan	45	araṇya bhīṣma brāhma caraṇa droṇa dāmana dīrgha gadā karṇa kaṅka kiṣku mausala mṛdu nata pañca ruci rāhu sabhā sambhava sauptika saṃgraha saṃvatsara soma strī su svarga sūrya tantu tikta tri udyoga vana vi virāṭa viṣa vṛṣa ādi āraṇeya āraṇya āśrama śalya śarat śata śānti ūru
vadana	47	anṛta avāg aśru aśva bhadra cāru daśa daṃśa dīna gaja guda hṛṣṭa indu kamala karāla kaṃja kaṅka klānta kāla phulla piśāca pracaṇḍa prahṛṣṭa pramlāna praphulla purastād rucira ruddha rāja sadaṃśa sahasra satya saṃhṛṣṭa su sūci sṛgāla valī vaṃśī veda vikaṭa vikṛta vivṛtta viṣaṇṇa vāri śruta śāla ṣaḍ
vaṃśa	45	aila antar bhṛgu candra carma dvāra dīrgha guru hala hari janma karṇa kuru mahā mātṛ nir niṣadha nāla nāsā pitṛ prabhu prācīna prāg pṛṣṭha raghu randhra ratha ravi rāja rūḍha sad soma su sundara sūrya tiraścīna tulya veṣṭa vi vidyā yadu ādi śaśi śākya śālā
dala	46	adhara ahar aṇḍa aṣṭa bhuja bhujā bṛhad cala cara carma catur droṇī dvi dyu gopa granthi indu indīvara jagad karkaśa kola komala kṣīra lekhya nalina nalini nalinī nava sahasra snigdha su sūcī sūkṣma tāḍī vakra vaktra veda veṇu vi vidyā vyāghra vāg vār vṛkṣa śata ṣoḍaśa
patnī	46	anna arya bhrātṛ daṃsu deva dharma dāsa eka gandharva gnās guru gṛha indra jīva jīvat kāma muni nṛ para parjanya preta prāṇa pāṇḍu rudra rāja sa saha samudra sindhu soma su sūrya vasu viś viṣṇu vrata vāja vāta vīra vṛṣa yajña yoga yogi āyu śarva śūra
prada	45	abhaya anna bahu bala bhaya bhukti bīja duṣ hasta janma kali kara ku kāma mada maṅgala mūrchā phala piṇḍa priya prāṇa putra puṇya roga ruci rājya sarva sasya setu siddhi sthiti sukha svarga vara vasu viśvāsa vrata śaraṇa śarma śata śrī śubha śāpa śīta śītala
vadha	46	agre baka bhrūṇa brahma brāhmaṇa bṛhad daṇḍa deva dhenuka dundubhi dūre garbha go hasti hiḍimba iṣu jīva kabandha kaṃsa kāya kīcaka mahā muṣṭi mātṛ nāga pakṣa pitṛ prāṇi puruṣa rāja rāvaṇa strī suhṛd sāsthi tapur tāraka upāṃśu vajra varṇi vikala virocana vṛtra ātma śastra śata śumbha
vākya	46	bharata brāhmaṇa divya dur dūta eka gadgada hita ku lakṣmī mahā mithyā miṣṭa muni mṛṣṭa nir nārī nīti para paryāya phala piśuna pramāṇa pūrva rūpaka samudra satya saṃketa skhalad su suhṛd supta sānunāsika sārameya sūkta tārā ukta utpatti vakra vaktra veda vedānta vīra yajamāna āpta śūra
śataka	46	amaru aṣṭa bhakti bhallaṭa bhāva bilhaṇa caṇḍikā devī dhyāna gīti jina karma khaḍga kuca lakṣaṇa mahiṣa mahiṣī mayūra moḍha mārtaṇḍa mūrkha nyāsa nārada nīti oṣṭha padya praśna rāma sapta siddhānta smṛti soma sūrya tri vairāgya viveka vopadeva vyavahāra vyāsa vṛtta yoga śiva śrī śānti śārdūla śṛṅgāra
hāra	45	agha agra anna ardha aṅga bali bhāga dara dṛti hara jala kambala kara kuru kāla lekha manuṣya muktā mṛta mṛṇāla nagara nātha nī parī pratī preta prāg prāti rikta riktha rāja sanī sarva saṃdeśa soma sāraṅga taralita uda udaka uru vilola visrasta vārttā śāka śṛṅgāra
madhya	45	bhavan bhrū bhuja bhujā bilva bāhu bṛhan danta deha dhanur divā dor gaṅgā guru jagatī kara kusuma kṣāra kṣīṇa laya maṇi nabho nir peśala pipīlika pipīlikā pṛṣṭha ratha raṅga sindhu stana sthūla strī su svar tan tantu tanu vedi vi vāstu yava yūpa śveta śūnya
mṛga	45	asita bahu bhadra bāla caṇḍa citra gandha gaura gauḍaka go grāma grāmya gṛha hema kastūrikā kastūrī krīḍā kāka kṛṣṇa latā mahā mahī mano mugdha māyā nir niśā parṇa pum puruṣa rathyā sthāna su taru tāmra tārā vana vi vyoma vyāla vāla vāta śaila śākhā śālā
rāma	45	ananta bala bhadanta bhadra bhaṭṭa bhuja bhārgava bhūri chalita dayā deva gaṅgā hali hari harṣa hṛdaya icchā jagad jaya kāśi kṛṣṇa manasā maṇi nanda paraśu parśu raghu rāja rāma sadā saṃkalpa smārta sītā sūrya veṅkaṭa veṇi veṇī vidyā vijaya vinaya viṣṇu āditya śambhu śiva śrī
sāman	45	ahaḥ arvāk avabhṛtha bhadra brahma bṛhat candra godhā gāyatrī indrāṇī jagat jyeṣṭha jyotiḥ kṣatra loka mahā maṅgala paraḥ pauṇḍarīka payaḥ prastotṛ prācya puruṣa rudra rāja rātri saha sarpa satya soma su svara svaḥ sūrya tri tārkṣya ubhaya varuṇa viśva vāja śreṣṭha śāktya ṛk ṛta ṣoḍaśi
viveka	45	bhāga bhāva bhāvanā bhūta darśana dharma dhvani dvaita dīkṣā haṃsa jāti kāla lipi manda manthara mātṛkā māṃsa naya nañ nir nyāya nīti pratiṣṭhā prayoga praśna rasa rāga rāmāyaṇa sa sambandha saṃjñā saṃkrānti siddhānta smṛti tithi varṇa vedānta vidhi vyakti yoga śrāddha śuddhi śānti śūdra ūlī
śravas	45	aṣṭa bhadra bhaṅga bhaṅgya bhū bhūri cakṣuḥ cāru deva dyumna dīrgha dūra dūre dṛk gauri ghrāṇa gātha gūrta haviḥ karṇa prathama priya pṛthu rāja satya soma su suta sāma tura tuvi tīrtha uccaiḥ ugra upama uru vasu veda vi viṣṭara vāja vṛddha āśu śruta śuci
darpaṇa	44	adbhuta artha bheda cikitsā dāna hṛdaya iṣṭa jñāna jātaka karṇa kavi lagna mantra maṇi muhūrta māsa nyāya nāṭya pramāṇa pratiṣṭhā pravara prayoga pāṇḍitya rasa ratna saṃgīta siddhānta smṛti sphuṭa su sāhitya sāma vaidya viśuddhi vyavahāra vyavasthā vārāṇasī vṛtta yoga śrāddha śrī śuddhi śāstra ṣaṣṭhī
ghāta	44	amitra antar anyonya capeṭā danta durga go grāma hasti indriya kaphoṇi karma kaśā loṣṭa marma matsya muṣṭi mātṛ mūtra nagara pakṣa pañca paśu pratī prā pārṣṇi pāṇi stamba tala tāḍa udaka uro vajra viśvāsa viḍ viṣa vyādhi ākhu ātma śara śastra śata śatru śiro
gu	44	adhri ahīna anuṣṇa ariṣṭa bahu balakṣa bhīma bhūri calad citra daśa dvi eka hima kuṭī kṛśa lalāma matsya pañca prati puṣṭi pṛśni ruśad ruṣad sa saha sahasra sapta sarva su tigma tiṣṭhad tuhina tāta uṣṇa vanar vṛṣad śabala śata śaṃ śiśira śruṣṭi śāci śīta
nābha	44	abja aravinda brahma candra deva dharma dundu dṛḍha hairaṇya hari haṃsa hiraṇya kamala kaṃja kumbha kuśa kāla madra mahā nalina nāga padma puṣkara rajata rasa ratna raupya sa sauvarṇa su suvarṇa svarṇa sūkṣma sūrya tantu tri tuṅga uṣṇī vajra vatsa viśva vyāsa śaṅkha ūrṇa
paśu	44	abhyāhita alam alaṃ alpa anaṣṭa antaḥ anṛta bahu daśa deva dvi ghṛta go grāmya hiṃsra iṣṭakā kratu kṛśa kṣudra mahā mandira nara nṛ pañca piṣṭa prati pum puru puruṣa ruśat sa sarva sat savanīya tri upahāra utsṛṣṭa vi vicitra yajña yūtha āraṇya śākhā ṛtu
phalā	44	ajina asra badarī bhastrā bhānu catuṣ cāru eka eraṇḍa gundra hema kanda kapila kumbha kṣema kṣudra mañji māṃsala mūtra nīla oṣṭha pāda pūti roma rāji saktu sakṛt snigdha sthira suvarṇa svalpa svarṇa taṇḍula tiryak tiṣya toya tundila uṣṇa yugma śamī śaṅku śaṇa śivā śveta
puṭa	42	añjali bhāṇḍa carma catuṣ cañcu cañcū cāru dardura dvi gaja kaccha kakṣa kara karṇa kha kārya mūtra nayana nāsikā nāsā oṣṭha pacat pakṣa pakṣati palāśa parṇa pattra pipīlika puṣpa pāṇi su tri tālī tāḍī vi viṣa śata śrotra śrī śukti śūrpa ūṣa
vega	44	ambu antar aśoka bhīma caṇḍa duḥkha garuḍa hata haṃsa kopa kāla kāñcana kṛta madana mahā mala mano marud megha mānasa nadī nandi nir pṛthu ratha sa samṛddha sarva saṃrambha su tigma tīkṣṇa udīrṇa ugra vajra vijaya viṣa vāji vāta vāyu vṛddha śakti śara śīghra
vijaya	44	ananta bhakti deśika dharma dig hara hari hema jāmbavatī jīva madhva megha mukunda mādhava mālinī mṛtyu pavana pañca pradyumna prahlāda puṣkala pārtha pātāla rāja samara sambhūta samudra saṃgrāma suvarṇa sāmba uṣṇīṣa vaidika vaikuṇṭha vedānta vibudha vinaya viśāla viṣṇu vāsudeva vīra yayāti āśā śarmiṣṭhā śaṃkara
viṣaya	44	adurga alpa ananya buddha buddhi cakṣur cedi darśana daṇḍa indriya jīva jīvitavya lāṭa makha mantra mitra mālava mīmāṃsā nayana nepāla nir nīti padma pauṇḍra prati puṃ romaka sarva sarvathā saṃjñā smṛti sthūla strī sva svalpa sāpiṇḍya tad vyavahāra vyavasthita yama yoga śakti śravaṇa śruti
śīrṣa	44	avāk aśva cāru daśa druma dvi gaja gayā go haya kapi kraya kāka kūrca kṣudra kṣīra mahā markaṭa mārga mṛga pañca paśu piṇḍa prakaṭa puruṣa pūrva ratha raṇa sahasra sapta sarpa sthaula sthūla sthūṇā tri vajra valmīka vasti veda vāta śata śaṅkha śva śveta
bhakta	43	aiṣukāri antarā auḍāyana bhaga bhartṛ brāhmaṇa chinna cāndrāyaṇa deva dyu dākṣāyaṇa eka hari khāḍāyana kṛṣṇa mad madhya nada naḍa nir pitṛ prabhu prāg rāma sahasra sauvīra sauvīrāyaṇa sāpiṇḍi sārasāyana sūrya tārkṣyāyaṇa upari vaiśvadhenava vaiśvamānava viṣṇu yugala śaubhrāyaṇa śaudrāyaṇa śayaṇḍa śayāṇḍa śiva śāyaṇḍāyana ṣaṣṭha
caryā	43	adharma artha asi aśva bhaikṣa bhikṣu bhū cāru dambha deha deva dharma dina go grāma guru haya jaya kamaṇḍalu ku kāla mahā mithyā mṛga nagna naktaṃ naṣṭa naṭa paśu piśāca puraś ratha rātri sac sva tapaś tīrtha vana vrata vrātya yoga śva ṛtu
ghoṣa	43	analpa aśva brahma buddha caṇḍa dama deva dharma dhārā dur ghuraghurā ghurughurā hari indra jaya jyā kala kaṭa madhu mahā mañju nandi nemi nir nāndī nīti pad ratha sa siṃha stanayitnu strī su tūrya uccair uda vajra vasanta veda yajña yāma ātma śevāla
kavaca	43	baṭuka bhavānī cāritra deva devī durgā hanumat hiraṇya kṛṣṇa lakṣmaṇa lakṣmī nivāta nārāyaṇa nārī reṇukā rudra rukma rādhā rāma sa sahasra saubhāgya saṃnaddha skanda sundarī sūrya turīya tārā vajra varāha vetāla vi vidhvasta viṣṇu viṭṭhala yakṣiṇī śarabha śaṃkara śiva śrī śyāmā śārikā śūlinī
prastha	43	badarī bhoga deva dharma drākṣā eka giri hima indra jambu jambū kanduka karkandhu karīra kavala khāṇḍava kurala kuvala kuṇḍa kāma kāñcī makarī maṅgala maṇi mālā oṣadhi pañca pātāla rajata rīti svarṇa sānu tuṅga udaya vana viṣa vṛka śaila śakra śamī śaṅkha śila śoṇa
priyā	43	anala arka aruṇa bhiṣak bhṛṅga dahana dharaṇa dhātu dānava dṛk gaja ghana ghuṇa giri guha gīta jīva kavi kāminī kṣānti madgura mahiṣī mārgaṇa mṛta nala padma phala pika prauḍha rasika rudra smara sārasa vahni varuṇa vibudha vidhu viṣṇu vṛścika yoṣit śambhu śivā śoṇita
puṣpī	43	arka avāk bāla citra cora dadhi dala dhātu dhātṛ droṇa durga gaja grīṣma hiraṇya indra kambu kanaka koṭhara kāñcana kṣīra madya nakha niśi parva parāk phala pratyak raṅga sarpa saṃdhyā saṃgha sindūra siṃha sūkṣma toya vahni vāṭya ārakta śakra śambūka śaṅkha śaṇa śoṇa
pā	42	abhiśasti abhiṣṭi agra agre anṛtu apāna añjas cakṣuṣ go hari haviṣ kratu kula kīlāla madhu mṛta mṛtyu paras pathi payas paśu prāṇa pūrva sarva soma stana sti suta tanū viśva vrata vāk āprīta āyuṣ śaṅkha śrotra śrī śuci śṛta ṛdū ṛta ṛtu
sakha	43	agni anala anila bhavānī bhūri caitra deva dhī hara hari indra karṇa khaḍga kāma kṛṣṇa lakṣmī madhu madirā mandayat manmatha marut megha nara pavamāna paśu priya putra pārvatī rudra rāma smara strī sura vahni vanitā vasanta vibudha viśva vāta vāyu yāvayat śiṣya śunaḥ
siddhā@nta	43	bhakti bhṛgu brahma brāhma bṛhaspati dvādaśa jyotiḥ jñāta kerala kāla kārttika lalitā madhva nyāya nāma pauliśa pañca pūrva romaka romaśa sama samrāṭ sanātana sarva saura saṃgīta soma sphuṭa sundara sūrya sūtaka vaidika vasiṣṭha vedānta viśiṣṭādvaita viśvakarma viṣṇu vyāsa vāsiṣṭha ārya śakti śiva śrauta
sū	43	ambhaḥ amṛta asu aṇḍa bahu bhīṣma billa brahma bīja dasra deva dhana dharma jīva karṇa kaṃja ku kumāra kālindī kāma kṛmi kṛṣṇa nava pitṛ putra puṃ pūrva raha ratna rudra rāhula rāja sakṛt sapta sudhā sva svarṇa viśva vyāsa vīra yama yamala śata
vartin	43	antar anyāya bahir cakra dharma dūra guru guṇa hasta hṛd kaṇṭha kṛcchra madhya maṇḍala mātṛ nikaṭa nyāya paripārśva paścād pitṛ pradeśa puro pārśva pūrva saha sama samagra sambādha samīpa saṃnidhi svaira unmārga uñcha vana vaśa vaṃśa vidheya viṣaya vyavasāya āsanna śiro śmaśāna śāsana
śata	43	abda adhyardha ardha arvāk aṣṭa aṣṭā bhakti catuḥ cāṭu cāṭuka daśa dhanuḥ dvi dvādaśa eka ekaka go grāma guṇa mūrkha nava navati nāga nāśa paraḥ pañca pañcaka sapta sārdha tri vacana varṣa vayaḥ viṃśati vāsaḥ vṛtta yoga yojana śṛṅga śṛṅgāra ṣaṣṭi ṣaṭ ṣoḍaśa
dina	41	adhika adya arka aṅgāraka bhānu bhū brahma budha dur gata guru hari hyastana indu janma ku kṣepa kṣiti lagna madhya mandāraka medinī naktaṃ pauṣadha pitṛ prātar puru pūrva pūrṇimā ravi sapta su svayaṃ tad vidhu viṣuva viṣuvad śrāddha śubha śukra ṣaṣṭi
doṣa	41	abhūta anna artha ati bahu daiva dṛṣṭa dṛṣṭi grahaṇī guṇa hasta jāta kanyā karma maṇi medo mātṛ mūtra nir nīti para paścā paṅkti prahīṇa prā prāpta pāna pāṭha rāga sa saṃsarga svapna sūnā tri tvag vacanīya vipāka vāg yoni śukra śūka
dīpa	42	bhadra bhuvana bhāva citra daiva deha deva dharma dhyāna hanumad hasta haṭha hṛdaya jagad jñāna karma kula madhu maṇi megha muhūrta niśītha nyāya nāṭaka nṛpa prayoga ratna siddhānta smṛti tṛpti vana veda vedānta viśva vyākaraṇa ācāra ādi ākāśa śruta śrāddha śuddhi śāstra
jihva	42	agni agra asi baddha dvi dīrgha haṃsa hiraṇya idhma jala jvālā kāla lamba latā lola madhu madhya mahā mandra mantra nir prācā rakta raṃsu sahasra sanna sapta srug sthira sthūla su tālu ulkā uṣṭra vi vidyuj viloma viṣa śata śuci ṛkṣa ṛśya
kāya	42	adhara agra alpa apara asti ati ayaḥ bala brahma bṛhat citra dharma dhātu dīrgha goji laghu mahā manuṣya māyi patti prajñā prati preta puri purī pūrva ratha sambhoga satya sthūla stoka svarṇa tejas tri uttara vijñāna vinata viśva vṛtta yaśaḥ ūrdhva ṛju
kṛti	42	ahaṃ alaṃ anyathā araṃ ayas aṅgī bahiṣ bala brahma camat caṭat cīt devī duṣ has haviṣ khalī kroḍī kuhayā mitra namas nyak para phut purā pāṇini pṛthak samī sat satyā spaṣṭī su svagā svāhā svī sākṣāt tiras vaśī vaṣaṭ yajuṣ śakalī śīt
lavaṇa	42	akṣāra arka aśva bahu bhū caṇaka darbha dhūrta droṇī gaḍa gaṇḍa ghaṭikā go kalyāṇaka khaṇḍa kāca kāla kṛta kṛṣṇa kṣāra lohita melaka nir pattra pañca pippalī pāṃsu rauma raumaka rāma sa samudra sindhu sneha su tri tīkṣṇa viḍ viḍa viṭa vyakta ṣaḍ
nidhi	42	ambho ambu arṇo bhadra bhoga bhoja dayā dhāma guṇa hiraṇya jagan jala jñāna kalā kāla kṣīra mahā nīra padma payo praśna prema pātho rata ratna rāma salila satya sauhārda su sudhā tapo tejo toya veda vidyā vikrama vāri yaśo ānanda śrī śīla
nyāsa	42	akṣara aṅga bodhi bīja caraṇa iṣṭakā kalā kara karma khura kāśikā laghu lipi mahā maṇḍala muṣṭi mātṛkā nakha nakṣatra pada pattra prati puṣpa pāda pīṭha pūrva rekhā rudra saṃdhyā sādhāraṇa sūtra vidyā viśrānta vyasta vṛddha yoga śakti śarīra śastra śiro ṣoḍaśa ṣoḍhā
vidhāna	42	aśvastana bali caṇḍī cāndrāyaṇa dig dīkṣā dīpa holikā homa kuṇḍa kāla nakṣatra nepathya nyāsa paitṛka pallī pañcaka pratyakṣa puttala pāda pūtanā rudra sad samaya saṃkhyā soma su sāma tapo tathā vagalā viṣa vājī vāstu yajur ācchad śarabha śānti śāstra śūlinī ṛg ṣaḍ
bodha	41	bhāva brahma bāla deva druta dur duḥkha hari jarā khyāti laghu mugdha nir nāga pañca pratī prāti rasa samyag satya sphuṭa su sukha svayam sāhitya vi vidagdha vimala viparīta virūḍha viśva ātma āśu śabda śakti śikṣā śiśu śruta śuddha śābda śīghra
dhānya	41	araṇya bahu bīja chattra deva dhana graiṣmika grīṣma harita haumya hema homa khala kośa ku kumbha kumbhī kusūla kṛṣṇa kṣudra miśra muṇḍa māla nai pavitra prā pūta pūti rāja saha sapta sāra tuccha tuṣa tṛṇa vana vaṃśa śamī śimbī śukla śūka
jīvin	41	abdhi akṣara ambu bandhu bhāra bhūmi brahma buddhi cakra cira dasyu dhānya duḥkha dīrgha ghaṭṭa gopa hasti jala kuhaka kṛṣi matsya mālya māyā saha saraṇa sarva saṃcāra saṃgha sthira sudhā surā svarga vadha vana vetana āyudha śastra śata śilpa śva śyena
kānta	41	ahi ati ayas bhavānī bhogi candra darśanīyā deva gaurī hari hiṇḍī indu jala kamalinī kāminī lakṣmī loha loka mahā manas manaḥ manda nadī niśā niṣ padminī puṣṭi ramā ravi revatī rohiṇī rādhā rāma soma su sūrya tūṇī umā śaśi śaśāṅka śrī
nāyaka	41	amla anukūla bhaṭṭa bhīma bhū cakra camū daṇḍa deva dvāra eka gaṇa graha hari hasti hīna jīva kośa ku kuliśa kumudinī loka mahā nara nir nāga nāka nāvika phaṇi prati raghu rasa ratna raṅga sabhā sainya sura tārkṣya vighna vyāghra yakṣa
ratnā@kara	41	bhaiṣajya bhakti bṛhad chando dhātu hāsya kuṇḍa kṛtya laghu loha nāma nīti pauṇḍarīka prabodha prasaṅga prasthāna prastāva prayoga pūjā rāga rāma rūpa saubhāgya saṃgīta saṃhitā siddhānta smṛti sāgni sāhitya sūkta sūkti vivāda vyavahāra vyutpatti vṛtta yamaka śakti śeṣa śrī śuddhi śānti
sthala	41	acyuta agni apavāda avi bala brahma citra dharma dāha gaṇḍa harmya jaya jaṭila kapi kaṭa kuśa loka mada madhya marma maru muni mūla mūṣika nabhaḥ nitamba nāga sama samādhi siddha su tapaḥ uraḥ vakṣaḥ vicāra vāraṇa vṛka yajña yakṣa śiṃśapā śrī
varga	41	amla aṣṭa bandhu bha bhinna bhūta bhṛtya catur daśa dvādaśa dāsa hīna indriya ka mṛdu naraka nāṭya pa para pañca poṣya prā pātra rakta rakṣi sapta sparśa stotra su sūrya ta tri varga viśeṣaṇa vyāla āpta śa śukla śūdra ṣaḍ ṭa
veda	38	adhvaryu adhīta agada astra atharva brahma catur chāndogya cāpa dhanur dur dvi eka gandharva gāndharva hotṛ jāta kaṇva kṣatra nir nāṭya piśāca purāṇa rātri sarpa sarva sasya siddhānta sthāpatya su sāma taittirīya tri viśva yajur ānanda āyur ṛg
vāta	41	ananta ati bṛhad cakra daiva deva dhanur dur ghana gulma jhañjhā khuḍa mahā malaya mano megha mukha mṛdu nir paścād prati prāg puro pūti rakta salila sig sūti tanu upariṣṭād uṣṇa vana vi viṣvag vṛṣṭi āma āḍhya śākhā śītala śūrpa ūrdhva
vṛddhi	41	agni antra ardha artha ati aṇḍa bhukta brahma buddhi cakra cūrṇa dhana diṣṭi dravya kośa krama kula kusīda kāla kāma kṛta kṣatra kṣema medo māṃsa mūtra prajā sapatna smara stoma tejo varṣa vaṃśa vāta yathā ātma śaka śatika śikhā śleṣma śrī
śatru	41	abhūta ajāta apatya aśva bahu bhujaṃga chāga datta daṇḍa deva dvīpa dvīpi dīpa indra jita kali kaṃsa kaṅka krauñca krodha kīṭa kṛmi kṛtrima nija niḥ plīha plīhā prati rāhu sa smara sura timi vibudha vāji vṛtra vṛṣa yajña āre śaśāṅka śūla
bhakṣa	40	aja amāṃsa anna asthi bahu dadhi dhana dur eka haviṣya huta jana kapi kaṇa kāla kāma kṛmi kṛṣṇa lālā māṃsa parṇa payo phala prathama pratyakṣa prāṇa rāja sa saha samākhyā sarva soma sva vāta vāyu śakra śiṣṭa śrī śva śāka
dhārin	40	astra catur chattra daṇḍa deha dhanur gandha hrī jaṭā kanthā karpaṭa kirīṭa kṣiti liṅga mala mantra mauna mañjari muñja muṇḍa nyāsa nāma pallava pota prāṇa rahasya rūpa sarva su ulkā vaṃśa vetra veṣa viśva vrata śastra śmaśru śīla śūla śṛṅgāra
ruci	40	abhakta ahima amita artha atuhina bhadra bhakta bhinna bhā bhūyo bodhi dharma dṛḍha hasti hima hiṃsā kāñcana māṃsa pradāna pīyūṣa ruci sad samāna sapta saṃvibhāga sita su sva tigma uṣṇa vara vasu viśva vrata yajña yathā ārambha śamita śyāma śīta
strī	40	amara bandi deva divya duḥ dyu dāru ku kula kāka lepya madra mālava mṛta nāgara nāka nānā para paura paṇa paṇya prati puṃ pācaka rāja sadṛśa su sura svarga svargi svaḥ sādhāraṇa vara veśa veśya vibudha vidhavā vraja vāra ārya
śaila	39	ambara avara badarī caitya durga gandha gaṇḍa haima hema hima indra keli krīḍā kula kāla kāma kūṭa kṛmi mahā mantha maṇi mekala pañca pāda pūrva rāja setu svarṇa tuhina tuṅga tuṣāra tārkṣya udaya uttara varāha vihāra vindhya śrī śveta
pattrikā	39	ajina ali bahu bhṛśa bilva cīra cīrita dhūsara eka gandha gaṇanā gārutmata harita janma jīrṇa kaṇṭa khadira kṣura lagna lekha lomaśa maṇḍala mālatī māṣa nava naṣṭa naṭa paṭu saṃghāta tṛṇa vajra vibhāga viṣa vṛścika vṛṣa yugma śirīṣa śubha śītala
purī	39	amara apāpa bhoja campā cedi kanaka karṇa kāntā kāñcana kāñci kāśi laṅkā magadha mokṣa mādhava māyā prayāṇa preta puṣpa pāpa pāvā pūrṇa sekandhara siddha svarga sāmba tri vaikuṇṭha vikrama vitta viśvāmitra viśāla vṛkṣa yuddha śakra śuddha śumbha śākhā śānta
raśmi	39	ahima amṛta atuhina aśiśira caṇḍa citra gharma hima iṣṭa khara manda pañca prācīna pṛthu ratha sa sahasra samanta sapta sita siṃha soma sudhā syūma sūrya tigma tuhina tuṣāra tīkṣṇa uṣṇa vi vṛṣa yata śaśi śubhra śveta śānta śīta ṛju
saras	39	abja agni alpa amṛta ap avantī bhadra bindu brahma candra dyu dāha gautama gaṅgā gopikā hima hiraṇya kairāta karpūra krama krīḍā kṛṣṇa maya nabhaḥ nandī nārāyaṇa padma rudra rājakīya rāma sarasvatī satī sāma tanaya traiyambaka viṣṇu īśa śoṣita ṭīṭibha
sūnu	39	arka bhṛgu brahma danu devakī dharā eka gaṅgā gādhi hara hari indra indu kṛṣṇa mahī mantri marut muñja māruta nanda niḥ pṛthā ravi rebha rāja sa sindhu siṃhikā sāgara sātvatī vandhyā vaṇik vinatā viṭṭhala vāyu āditya ākhaṇḍala śauri śiva
tanaya	38	abdhi arka bahu bhūmi bhṛgu bāla chāyā diti ku kālī kṣamā kṣiti marut nandinī pavana priya prāk raghu ravi reṇukā rohiṇī rucirā rudra rādhā rāja savitṛ siṃhikā surabhi sūrya sūta tapana utathya vandhyā vāyu śambhu śaśi śaśāṅka śāradā
traya	39	agni bhuvana bhūmi doṣa guṇa jagat jana kaśā kaṇṭaka kaṭu kaṭuka kāla kṣāra loka madhu madhura muni māsa mātra phala puṃs rahasya ratna rāśi sama savana saṃdhyā saṃketa siddhi sitā trika veda viśva vyāhṛti vyākaraṇa vṛkṣa śakti śata śloka
śānti	39	adbhuta antaḥ bhauma bhāva budha bṛhaspati citta graha kṣudhā mahā maṅgala mūla nakṣatra parjanya pañcaka prajā pūrva roga rohiṇī sarva saumya saṃkrānti su sūrya udaka uttara vaidhṛti vaiṣṇava vināyaka vrata vāstu vāyasa vāyu yama yamala śani śiṃśumāra śukra ṛtu
bhāra	38	akṣa ati aśva aṃsa barha bhūri cikura garbha guru jaṭā kaca kavara kavarī khaṭvā kuśa kāṣṭha mahā mahī muṣka mūla pañca prāg prāpta rajju ranti rājya samāropita sthūṇā tila tulā uda udaka vaṃśa veṇu śoka śroṇī śīrṣa śīrṣe
caraṇa	38	adharma akṣa ati bhaikṣa bhikṣā catuś dharma dvi eka hasta khañja kāma nāḍī padma prāk puraś ramaṇīya ratha rādhā rāma saha sahasra smṛti sphuṭita sādhu sūtra taittirīya tapaś unnata vi viṣṭabdha vrātya śaunakīya śloka śveta śāṅkhāyana ūrdhva ṣaṭ
deha	38	adhiṣṭhāna avaruddha bhadra bhinna bhoga bhāsura cāru divya dvi eka gṛhīta karma ku kṛṣṇa kṣipta liṅga mad madhya mahā mṛta nāḍī piṅga pūrva riṣṭa sakala saṃnyasta sthūla su sūkṣma trayī vajra vi vicitra vipanna virāḍ vyāvṛtta śukla ūrdhva
jāla	38	agni ayo aṃśu bindu bṛhaj dhvānta dhūma giri grāma indra jaṭā kara kāma kṣīra loha matsya mañjarī megha moha muktā parvata pramāṇa pāśa raśmi reṇu sa sirā stotra sūtra tantu veṇu vikalpa vāg āla śakra śara śastra śāli
lekhā	38	alika anaṅga citra cāpa deva dhūma gaṇḍa indu jala jyotir kalaṅka khaḍga krama kāma lalāṭa mada makarī megha mṛga nakha nāga padma pattra rāga rāma suvarṇa tarala taḍil vana varṇa vasanta vidyul yaśo ālekhya śaśi śaśāṅka śrī ṛju
piṇḍa	38	ayaḥ bahiṣ dadhi dyu eka hasti hiraṇya hṛt jyā kheṭa lohita medas mukha māṃsa mūrdha mṛt netra nīla odana palala para phena piśita piṣṭa pūraka pṛthak rakta sa sthūla takra tarku vāri śaka śakṛt śaṅkha śiraḥ śāli ūrṇā
pālaka	38	avani aṭṭa bandhana daṇḍa dvāra go grāma gupti hasti ibha jana kalya kara kula kāla kāma kūṭa loka mahiṣa meṣa nepāla niṣ paśu pura pṛthivī rakṣa reṇu roga sarva tantri udyāna vallabha vana vatsa vindhya yama śayyā śiśu
rava	38	brahma caṇḍa cāpa cāru garjita ghana ghargharā ghaṇṭā ghumaghumā go hambhā hū jana kala kaṇṭha kaṭu kekā krūra ku kuhu kuhū kuṇṭha kāka kākalī kṛta loka magha mahā megha nāndī nī siṃha tuvī vaṃśī vīṇā vṛṣā śānta ṭaṃkāra
rājya	37	araṇya aṅga baddha bhraṣṭa daiva deva dvai gaṇa hṛta krama ku kuru kūpa mahā mano māhā naṣṭa pakṣi pṛthivī pṛthvī samarya sarva sauma soma strī sura sva svarga sūrya trailokya vana vanitā vatsa vipra yama yuva śūdra
vasu	38	amā antar arvāg bhavad bhuvad bhūri bṛhad divā drava ghoṣa icchā mahā manā mudā nir parāg punar puro purā purū saha sampad satya saṃyad su sva sūryā vibhā vibhū vidad viśpalā viśva viśvā vājinī vṛṣaṇ śacī śarad śithila
śikṣā	38	akṣa akṣara astra baudhāyana bhāradvāja dhaumya gaja hasti haya hārīta kavi keśava lomaśa manaḥ maṇḍūka nyāya nārada piṇḍa pāri pārāśara ratha raṇa samāsa saṃketa siddhānta svara vaidika vasiṣṭha vijñāna vyāla vyāsa vyāḍi vālmīki vāsiṣṭha yoga śambhu śastra śaṃkara
bhartṛ	37	amara aṃśu bhaginī bhuva bhuvana bhū bhūta bhṛtya chāyā dina divasa dur gaurī gaṇa go gṛha jagatī kanyā ku kṣiti kṣmā loka mahī nada nṛ paśu putrikā ruci rādhā sarid svarga taraṃgiṇī vaḍabā vivīta viśva śrī śālī
daṃṣṭra	36	anupūrva asi ayo aṣṭa aṣṭā bhagna cakra catur eka hiraṇya karāla kāñcana mahā puṣpa pṛthu rajata raudra sahasra sarpa siṃha sthira su sūkara tīkṣṇa ugra vajra vakra vaktra varāha vikṛta vivṛtta viśva vyāghra vyāla yama śvā
dravya	37	brāhmaṇa buddha bīja cara drava eka gandha gaṇa homa homīya hṛta jala kevala khaṇḍa kraya ku mūla mūlya nir para pitṛ rañjana rādhana rāga rājya sa sarva siddha svaccha sītā upamā vamana vipula yajña yathā āyur śuci
ghnī	37	abhrātṛ apati bhrātṛvya bhū cala citra devara devṛ dru dūta gṛha jyeṣṭha jāra kumuda kāka mada mahiṣa marma meha prajā puruṣa putra pārāvata sapatna sneha srug sārtha vraṇa vīra vṛtra vṛṣṭi yakṣma śata śopha śotha śva śvitra
hārin	37	artha aṃśa bhaga bhaya bhāga bhāra bhūta citta dhana hṛdaya jīvita lekha loma mano manuṣya mṛta netra phala prāṇa puṣpa rasa riktha roga sarva saṃdeśa soma sphāti strī vighna vārttā vīrya śiro śopha śravaṇa śrotra śruti śāsana
puccha	37	agni apakṣa cala camara dadhi ghaṭa go hasta haya kalmāṣa kalyāṇa kavara kaśyapa kola kāka kāla kṛṣṇa maṇi medaḥ mīna pakṣa phala sa sampūrṇa ulūka vakra viṣa vyasta vyāghra yajña śara śaṅku śikhi śuka śunaḥ śva śvā
pāna	36	adhara ayaḥ aṅghri deva dhūma duṣ gandha indra jala jana khana kṣīra lālā madhu madya mahā payaḥ pratī pāri pūrva saha sneha soma stana stanya su surā sīdhu tanū tulya uda vāta vīra īṣat śastra śuṇḍā
rājan	37	agni anya ati bahu deva dharma dhṛta geya indra jana kardama kiṃ koṭṭa ku kunti kāśi manuṣya maṇḍalaka mukhya pañcāla phala pitṛ prati sa satya soma su sura sva sāma taru tṛṇa varuṇa vikrama yama yuva śālva
rātra	37	aho apara ardha brahma catta catū cira daśa dvi dvādaśa dyu eka gaṇa hīna madhya madhyama mahā nava parācīna pañca prathama puṇya pāñca pūrva sapta sarva tri triṃśad vajra varṣa varṣā vi śata ūna ṣaḍ ṣaṣṭi ṣoḍaśa
sarvasva	37	anṛta bheṣaja bhārgava brāhmaṇa guṇi hṛta jñāta jīvita kautuka muhūrta mumukṣu mīmāṃsā nāgara nṛtya paṇḍita prākṛta purāṇa rasa rasika rati saṃgīta smṛti spanda sādhaka sāhitya udara upādhyāya vaidika vaiyākaraṇa yājñika śaiva śiva śrauta śākta śānti śṛṅgāra ṭīkā
sukha	37	antaḥ cit deha grāma grāmya mahā manaḥ mukha nayana niḥ pat priya punaḥ pṛthak rāja rājya sadā saṃsāra sparśa strī su svarga upalabdha uttama vayaḥ vi viṣaya yathā yauvana ātma śama śata śravaṇa śrotra śruti śrī śṛṅga
veśman	37	agni antar bali bandhana catuṣka cintā deva devatā eka garbha jatu jāta kośa krīḍā kārā līlā megha nṛpa para paṭa pitṛ prati rāja sambhoga saṃgīta snāna sura sūrya vastra veśyā vidyā vilāsa viśrāma vāsa śayyā śilā śmaśāna
vikrama	37	ajita amita amogha bahu bhīma bhūri bāḍha candra caṇḍa druta dṛḍha ku kāla kṛta laghu mahā pañca prājya pṛthula raṇa sa samāropita satya siṃha sthira su tri triṃśad tulya udāra uru vyakta vīra āyata āśu śīghra ṛṣabha
śaya	37	ayaḥ bhū bhūmi bila dharā divā giri guhā hari hṛdi jala jale karṣū kha khe kūpa kṣapā manasi nitya paṅke prage puri pārśva pṛṣṭha rajaḥ saha sthale sthaṇḍile sāgara talpe tūṇī udara upari uttāna vane vāri vīra
śekhara	37	agni anaṅga bhava candra deva dhātu doḥ gandha indu jaya jina kula kūrca laghu maṇi nāṭya padma praśna puṣpa pṛthu ratna rāja siddhānta smṛti suvarṇa tuṅga vahni vasanta vīra yati śaila śaśi śaśāṅka śikhi śiva śmaśru śṛṅgāra
śruti	37	apṛthak bahu bhāllaveya bhāllavi cakṣuḥ catuḥ dvi dṛk eka go jana jābāla kaṇṭha kaṭha loka mahā mantra māṇḍavya māṇḍūkya nārāyaṇa pūrṇa pṛthak sahasra sama su sukha sītā tri tulya udātta veda vākya yathā āgama ākhu āpta śūrpa
śāka	37	amla apāka bāleya gandha gardabha gaura harita haritaka indrāṇī jīva jīvanti kanda kapi khara kāla kṣīra mada mahā nāḍī parva pathya pattra paṭṭa puru rāja sarṣapa su sūkṣma tikta udaka utpala vāstu vīra ārdra śaṇa śreṣṭha śrāddha
bhid	36	adri aśma bala bhrūṇa brahma giri hiḍimba kaiṭabha kāṣṭha kīcaka madhu mura naga nāga pralamba puloma pura puṭa pūr rukmi sahasra sthiti sūtra takra tamo vala viḍ vāla vīṇā vṛkṣa yamunā śabda śakaṭa śakra śilā śrotra
dru	35	agasti caitya dīrgha guggulu hari indra kali kalpa kukkura kāṣṭha kṣāra mita nāga pallava parama piśāca pīta pūta raghu ratha rañjana sannaka sita su sura svarṇa tuccha tāmra uttara vajra vasanta vīra yūpa āsava śata
dāru	36	amara bhadra bhava brahma cāru deva dur dvāra gandha guḍa gṛha indra jīrṇa kāṣṭha kṣīra mahā masta nāsā pīta pītu ratha snigdha srug sthavira su sura surabhi sāra sūkṣma tīvra vara varṇaka vāyu vṛddha yūpa śiva
ghana	36	abhra ambu antar ayo bhinna bhū cid citi dadhi ghana jñāna jīva krama kāṃsya kṣapā nāgara paruṣa payo prajñā pralaya prota rasa sa sad saindhava stamba su tri varga vi vijñāna ānanda śarad śilā śleṣma śrī
pad	36	akṣa aśva aṣṭa aṣṭā bahu catuṣ dvi dīrgha eka gūḍha iṣu jāla krakaca niṣ prati riśya sahasra sapta sarva su tri tīrtha ubhaya ubhayataḥ ubhayā uttāna viśva viśvatas vyāghra yuga śata śaṅkha śiti śva śvā ṣaṭ
puṣpikā	36	amara arka aṣṭa bāla bīja cora dadhi dhātu dhātṛ dhūli indra indu kanaka kuṭila kṣīra mālya māṃsa mūla niśi nīla parva pāṇḍara pūga pūti saṃhita sidhma svarṇa tvak uru vāṭya āditya śakra śata śaṅkha śaṇa śīrṇa
saṃskāra	36	agni akṣi anna aṅga bhū cyuta dravya duḥ dvādaśa dīkṣā garbha guṇa kriyā kṛta mantra mālā mṛta niḥ pattra pañca prayukta prākṛta punaḥ puruṣa pātra rasa sarpa smṛti sthira udbuddha vahni vismṛta yati yūpa śarīra śūdra
vṛddha	36	ardha brahma dhana dharma ghoṣa ghṛta grāma jñāna kula kuru kṣatra mada mahā nagara parjanya paura prajñā sarva soma su tapo vara varṣa vatsa vayo veda vidyā viṣṇu vācā vārṣṇi vṛthā vṛṣṇi yajña yathā śruta śīla
śarīra	36	adhiṣṭhāna alpa antaḥ anuṣṭhāna audārika buddhi dharma dhṛta dvi eka hiraṇya kha ku kāraṇa kṣīṇa liṅga madhya mahā pramlāna preta prāṇa sa sanna sarva sthūla su sva svalpa sūkṣma tanu tri vajra yaśaḥ ādi śeṣa śūnya
cit	32	agni alaja amṛta asthi cakṣuś chandaś droṇa duś huraś karma kaṅka kuṣṭa mahā manaś paśu prauga prāṇa pūrva sa sac tapaś tri vidyā vipaś vipra vāk śmaśāna śrotra śyena ūrdhva ṛta ṛṇa
dhvani	35	curcura dhārā dhīra gadgada gambhīra ghana gharghara jaya jātaka kala karuṇa krandana krośa kukkuṭa mahā mandra mardala maṅgala mukta muraja nemi nāga nānā paṭaha pāvana ramaṭha siṃha syandana sādhu sāma utprekṣā vajra veda vyoma śaṅkha
grāha	35	asad bandi chāyā cāmara daṇḍa dhanur gila hasta hṛdaya karṇa kavala mahā mūḍha nara nāma pakṣa paṅka pārṣṇi pāṇi riktha rāhu sakṛd svayaṃ sāmya sāra sūtra uru varuṇa vyāla vṛka yoṣid śamyā śūrpa ūru ṛktha
kuṇḍa	35	agni amṛta asthi ayas bhramara brahma bāhya candra deva divya durgā homa jambha kāma kārttika kṣīra mahā maṇḍa mṛgī nandi naraka nīla padma rāja sa stana sītā taila tāmra vahni vipra yajña yoni śiva śrī
mada	35	akṣa bala danti dhana dur eṇa gaja gṛtsa hasti indra kastūrikā kumbhi kuraṅga lavaṇa madhu mahā mṛga nir para pāna sadā saubhāgya soma sthira su sukha surā tri tīvra varṣā vi vibhava vidyā yukta śrī
mata	35	bahu bauddha bṛhaspati candra cārvāka deva devī guṇa jīrṇa ku kuṇḍalikā madhva mahā maya muni mādhu māyā nār nīla para pauliśa paśu prācīna pāśava siddha su sādhu sāṃkhya vaikhānasa vaiyāsika vapuṣ vrīhi vāsu vṛddha śākalya
roman	35	bahu dīpta dīrgha hari haṃsa hiraṇya hrasva hīna hṛṣṭa kapota khara khaḍga kṛti mahā mayūra mṛdu netra piṅgala prahṛṣṭa pṛthu rudra sahasra saṃhṛṣṭa stabdha su suvarṇa svarṇa sūci sūcī vikīrṇa śaṅkha śiśu śveta śvāvid ūrdhva
siddha	35	anubhava anyathā artha ayuta aśāstra loka mahā mantra nisarga nitya paṭhita prakṛti pratyakṣa punaḥ pūrva rasa saha saṃkalpa siddha smṛti su suvarṇa sva svayaṃ sādhu sādhya sāma tapaḥ vyākaraṇa vāk yathā yoga śrama śveta śāstra
stambha	35	agni bandha bhuja dhanu dhanuḥ dvāra eka hanu hṛt jahi jala jaya jihvā kanaka kula kāṣṭha kīrti mahiṣī manyā maṇi netra niḥ parigha pāda rambhā raṇa smara su uraḥ vāk śilā śāla śālā ūrja ūru
bindu	34	bhakti brahma bāṣpa candra dharma dvi gharma hiraṇya jala kuśa kāma nyāya pakṣa prasveda rakta rudhira sa saro senā siddhānta suvarṇa svarṇa sveda tṛṇa uda udaka uru vāri vīdhra śaśa śaśi śaṃkara śūnya ṣaḍ
dhāna	33	agni aila aṃśu bhāga garbha havir kaṇṭha khala kṣura madhu maṇi maṣi mālu nai parī puro pāṃsu rajju rāja samavatta soma surā tiro uda vasu viṣa vāla vāṭa yātu śara śarkarī śava śaṅku
jātaka	34	agra brahma bāla bṛhaj catur gaurī hillāja janma jāra kerala laghu mahā manuṣya māla mṛta nakṣatra naṣṭa padma puruṣa pārāśara ratna rāma strī su svalpa sāma sūkṣma tri vāmana vṛddha yama yavana yoginī śuka
kanyā	34	abdhi anṛtu bhadra bhagīratha bhoja bhujaṃga dakṣa deva dik gaja gandharva gopa gṛha jahnu kalinda kroḍa kula kāśi mṛtyu nāga paura phaṇi rāja sama sindhu soma su vahni vaiśya vipra viṣa yoga śaila śūdra
kathā	34	artha avatāra bṛhat damayantī dharma dhātu dhṛṣṭaka gupta guṇa haritālikā hāsya kathaṃ khaṇḍa ku loka mugdha nīti para prabhu praśna purā rāja rāma rāmāyaṇa sat smara su svaira viśrambha viśva vāda vṛthā śaṃkara śūdraka
kumbha	34	asthi ayas bhadra bhinna ghṛta hasti hema jala kari kuca madya payas pāna pūrṇa rajata ratna rikta sampūrṇa sneha snāna stana surā tapta uda udaka veda viṣa vāta āma śata śiti śrīmat śāta śīta
kāṣṭha	34	agni arka bhadra brahma danta daṇḍa deva dāha dīrgha gandha kāka kṛṣṇa laghu padma pīta pūti rakta raṅga rāga samit sarala saṃdhi su sura tantra tantu tṛṇa vahni vipra viṣa ārdra āsaṅga śreṣṭha śuṣka
mānasa	34	ananya anya dakṣiṇa dhruva duṣṭa dīna hata hṛta hṛṣṭa khinna krūra kṣudraka laghu niṣṭhura paridīna prayata priya prīta pūrṇa rata samprakṣubhita samprīta satata saṃlīna saṃvigna saṃyata siddha su uttara vismita viṣṇu vyākula yata śuci
nadī	34	aśva aṃśu brahma cakra dadhi deva divya dyu giri hari jambū ku kuṇḍa kṣudra kṣāra kṣīra luṇṭha mahi nabho nada naga nāka preta ratna sura svar sītā uṣṇa varṣā vetra vi vibudha viśvāmitra viṣṇu
nābhi	34	anupūrva anya apūpa avāṅ bisa cakra ghana hema ku kuraṅga maṇḍala mṛga nata nimna nir padma rajata ratha sa su suvarṇa svara tri ubhayato unnata upari uttara vatsa viśva vṛddha vṛṣa śaṅkha śiva ūrṇa
paṭa	34	antaḥ avaśyāya avi bahiṣ citra cāpa dhanuḥ dhanuṣ dhvaja dhṛta karpūra kaṭī ku kāṇḍa mahā marut mukha nāndī nīla puṣpa rakta saṃnipāta sita sthūla tiras uttara vadhya vaktra vāta yama ānanda śuddha śveta ūrṇa
praśna	34	antara ati bādarāyaṇa daiva deva dharma divya kuśala kāma mahā mantra milinda mūka nakṣatra naṣṭa paśu prati priya ramala ravi rudra rūpa soma su sukha svāgata sākṣi vācika vārāhī vārṣika yakṣa śrauta śrī śākunika
rūpin	34	anya avyapadeśa bahu baṭu caura chadma divya dīpta gaṇa ghora haya kaca ku kuñjara kāla kāma mahā mṛga naraka sa samūḍha sarpa sarva sva svarṇa sādhana tathā tīkṣṇa viśva vyakta vāmana śeṣa śiṣya śuddha
tvac	34	asthi bahu brahma bṛhat citra dhānya dṛḍha gandha gaura ghana go guḍa hari hiraṇya kapittha khara kirmīra krakaca mastiṣka meḍhra mṛdu picchila sa su supta surabhi sūrya tanu vara viśāla śallakī śilā ślakṣṇa śleṣmātaka
baddha	33	asi chando daśa deha dur dṛḍha grīva guṇa jāla kāma loha mantra marud megha nava paryaṅka pañca pāda pāśa roma rīti sneha su sukha svara tala tāla vāg śarīra śata śloka śreṇi śṛṅkhala
bhaya	33	ahi anāvṛtti bṛhad daṇḍa hrī jagad kṛta mahad mahā maraṇa mṛtyu nir prati prayāga prāṇa ripu roga rug rāja rāṣṭra sa salila tvad vahni vi vigata vipramukta vyapeta vyādhi vīta vṛka śastra śānta
dhanvan	33	abala asthi avatata bhīma chinna dṛḍha gāṇḍīva gṛhīta hema iṣu kusuma kṛta kṣema kṣipra maru nāga puṣpa seṣu sthira su svādu tri tuṅga ugra vi vilāsa vitata vīra ājya śaila śata śārṅga śūla
dhāraṇa	33	astra asu bhasma cakra chattra citta daṇḍa deha garbha hasta hema jala kanthā keśa kirīṭa kuṇḍala kāṣāya liṅga mudrā prāṇa puṣpa pātra tad tulā vajra veda vrata vyoma vāyu śastra śruta śubha śvāsa
diś	32	agni agṛhīta antar antarā avāntara aṣṭa aṣṭā buddha daśa eka gṛhīta hari koṇa mahā pināki pratyag prāg pūrva sa sthāṇu tiryag uttara vi vāsava vāyu yama īśāna śakra śikhi śiva śākrīya ūrdhva
hita	33	antar arśo bhuvana brāhmaṇa cano catur deva dur go guhā hita locana loka menakā netra pada para paraspara pauro prajā priya prāṇi pura puro purā sarva satya su sva tiro vi ātma āvir
hrada	32	ahalyā ahi amṛta bhadra bindu brahma cakra deva dākṣi gaṅgā ghṛta jala kanyā kaṅka kṣīra madra mahā markaṭa nāga rukmiṇī rāma rāvaṇa sudhā sundarikā tanu tanū vāsuki śata śaṅkha śāta śīta ṣaṣṭi
matī	33	abhrātṛ bhartṛ bhukti bhuvana bhā dhṛta go ikṣu jaya kacchū kakum kareṇu karkandhu kukṣi lāla mañju mukti nāga pati pīlu rūpa sthāṇu sābhra sūrya sūti vadhri vasu vedi vāṅ vīra yaśo śubhra ūti
māṃsa	33	agra anupākṛta chāga danta grāmya khaḍga laghu lūna madhu mahā matsya meṣa mṛga nara nir nṛ prati pūti pṛṣṭha rohi sadyo supta sva takra vi vṛthā āma ānūpa śiti śuddha śuṣka śva śūlya
pattrī	33	abhīru ajina bhakṣa bhīru bhūta catuṣ caṇa chinna chūrikā dhīra dravat dāru gaṅgā jāti jātī khadira kṛtti kṣudra laghu marakata pāṇḍu pūta raṅga tata tithi tṛṇa varāha vārāha vīra āśu śamī śikṣā śūla
pāṭha	33	artha bandi bhāga bāla caṇḍī dhātu dīrgha gaṇa jaṭā khila krama likhita mantra meda pada pattra prakṛti pramāda rudra saha sakala samyak saṃhitā stotra svayam varṇa veda viloma vārttika yathā śabda śānti ūrdhva
samaya	33	asta bhojana dharma garbha ghana grīṣma hemanta lagna mahā mithaḥ naktaṃ pada prabhāta pradoṣa prasava puṣpa pūrṇa samṛddhi saṃdhyā stanita surabhi sāyantana tarka uṣṇa vaināśika varṣā vasanta vivāha viṣuva ārya śarat śiśira ṛtu
vastra	33	anna antar danta dig divya dvi eka jīrṇa kaṣāya ku kāśika kāṇḍa kṛṣṇa nava netra nir nīla nīlī paṭṭa phuṭṭaka prayata samudra saṃyata snāna snānīya su uttara vadhū vara vi ācchādana śikyaka śukla
vin	33	atejas aṣṭrā bhrājas dhanvā enas haras kanīyas mahas manas medas medhā mekhalā māyā namas payas preyas rajas rakṣas retas rujā sabhā srag stukā sāman tapas taras tejas vacas varcas vāg yaśas ātman ūrjas
vyūha	33	andha bala bhaya cakra caraṇa catur daṇḍa dvir eka garbha gaṇa gaṇḍa ghana karaṇḍa kāraṇḍa kāya lalita mahā nakṣatra nava nāma padma prabhā senā srug trir vajra vatsa vimala vīra śakaṭa śobhana śubha
yaṣṭi	33	asi aṅga bhuja bhāra brahma carma cāpa deva dhanur dhruva dhvaja eka gātra hiraṇya hāra ikṣu indra ketu kratu kṛpāṇa latā madhu maṇi nāga rakta ratna tri tulā veda vetra veṇu vāsa śarīra
bhavana	32	amṛta antar asta bahir brahma cara deva devī dhātṛ dvādaśa garbha kamala kula latā lākṣā madana morāka rati ripu rāja sudhā sundarī sura sūtikā tanaya vilāsa vyaya vāsa vṛkṣa yakṣa śakra śāli
bhāṇḍa	32	agni aśoka bhagna bhikṣā bhinna bhojana bhrātṛ dadhi gandha homa kartana kṣura lauha madhu madya mahā maṣī mṛd nāpita nīlī putra pāka pāna sa sneha srug surā suvarṇa sāra tantrī vi yajña
caritra	32	bhoja bhānu bilhaṇa buddha caitanya dhammilla duṣṭa ku lakṣmī mairāvaṇa muktā nala nemi puruṣottama rāghava rāvaṇa sac spanda strī su sādhu uttama vaiśya vicitra vikrama vikramāditya vyāsa vīra śaṃkara śibi śiva śānti
dhenu	32	asi ati dadhi dharma dhānya eka ghṛta go guḍa homa jala kalpa khaḍga kāma kāruṇya kṣiti kṣīra lavaṇa madhu mārga punar puṭa pāra rasa ratna suvarṇa svar tila vana vaḍaba viśva śarkarā
gandhā	32	aja aśma aśva basta bhasma bhūri bhūta deva dāru havir ibha khara kṛṣṇa mārjāra mīna nāga sarja sarpa saumya tikta tīvra tṛṇa uṣṇa vyakta vyāla vāji vṛṣa vṛṣya yojana śiśu ṛkṣa ṛśya
ghātin	32	amitra andhaka ardhaka brahma chadma go grāma guṇa jagad jīva kumāra kāla kṛmi marma matsya mātṛ mīna pitṛ pitṛvya pratī prāṇi ripu sahasra timi tiryag viśvasta viśvāsa viṣa ātma śatru śaśa śīrṣa
kratu	32	adbhuta adhvaryu adṛpta amita antaḥ asarva avārya bahiṣ dakṣa guru hīna iha kavi mahā purastāt pūta sa sambhṛta sarva soma su tathā tuvi vara vareṇya vṛṣa yajña yat yathā yāvat śata ṛju
kīṭa	32	bahu bhramara bāhu jāla kala kamala kaṭu keśa kuṇḍa kāṣṭha kṣāra kṣīra loma madya nāra padma pakṣi prabhā puṣpa pāṭala pūti sa taila talpa tantu vajra vasu vīra yama śakṛt śūka śūra
malla	32	aśoka bharata bhaṭṭa dvija gaja harṣa hasti jaya jaṭa kalyāṇa kaṭāra kedāra kroḍa kāṣṭha mahā malla māṇikya nāga nātha prati pṛthvī rakṣā raṅga ripu rāja siṃha sūrya tri vijaya vīra yakṣa śara
puṣpaka	32	alpa amara candana chattra cāmara giri guccha gūḍha hema jīrṇa kramuka kuśa kāñcana lohita lomaśa maṇi mukha muni mṛdu pattra piṇḍa rakta rodhra su tila tāla varṇa viṣa śiva śoṇa śveta śīta
rekhā	32	bindu brahma bāṇa candra citra hasta indu jala kanaka kāma lalāṭa lamba madana madhya madhyama megha mukha mṛti padma pattra pāṇi ratna saṃkoca svarṇa vakra varṇa vibhāga viṣuva yati śaśi ūrdhva ṣaḍ
sindhu	32	bhava dharma dugdha dyu gagana hāyana kha kṛpā kṣāra kṣīra lavaṇa maryādā muhūrta nabhaḥ pāna pāre rasa saktu siddha siddhānta sikatā sita smṛti soma sudhā sura svaḥ sāra viveka vivāda vyādhi vṛnda
sneha	32	apatya asthi baddha bhartṛ bhavat dadhi dvija gupta jāta kaṭu kṛta mahā mastaka mitra māṃsa niḥ nāḍī phala piṇḍita prati putra sa sakhī sambhṛta sarṣapa sodara sodarya tila uddhṛta vigata viṣaya vṛkṣa
stoma	32	ahaḥ bhūmi bṛhaspati eka go indra jyeṣṭha kali kṛta mahā marut muhūrta māsa mṛt nakṣatra paśu pitu pratīcīna punaḥ pṛṣṭhya saha sarva stuta tretā vaiśya viṣuvat vrātya yama āpta śukra ūrdhva ṛṣi
svana	32	adbhuta bahu bhaṅgā bhidura citra dundubhi duḥ ghana ghaṇṭā hanu harṣa janita jīmūta kala kara kuhaka madhura mahā mandra mañju mṛdura nemi niḥ prāṇi ratha sa su taṭataṭa tāla uru vāta śaṅkha
tṛṇa	32	bahu bahula barhis bhū bhūta bāla bṛhat chadis dhūpa dīrgha dṛḍha gandha guḍa harita jagdha kara ku lavaṇa loṇa madhu mālā parvata puṇya pūta sa sarpa snāna su veda vi vīra śūka
yuj	32	aruṇa arśo asthi aśva bha brahma catur dharma dur jayana mano mitra nitya nṛ prātar prīti puṃ rakṣo ratha rāga sa saha su suruṅga sva sākaṃ vaco viṣvag vrīḍā yoga yuvā ṛta
śāsana	32	bhīma brahma dauḥ dharma duḥ jina kali ku kāma kūṭa mahanīya mahā nṛpa para prati prākṛta pura pāka rakta rukmi rāja smara su sāmānya tāmra ugra ullaṅghita varṇa vastu śabda śākya śūdra
bali	31	bhūta bhūti brahma bāhu deva dur gṛha hanumad kāka kāpila mahā nara nāga nārāyaṇa paśu puṣpa pāka rudra sa sarpa saṃdhyā surā sūrya vāg vīra yakṣa īśāna śaka śata śivā śrī
bhūti	31	agni amogha aryama bhava bhṛta brahma candra deva hala indra kāṇa maru megha mitra phala pitṛ puṣpa ratna raṅga rudra saha su sva vasu viyad vyāghra vāyu āvir āṣāḍha śiva śvo
devata	31	agni anya apratta bahu bhaga bhṛgu dvi dūre eka guru kiṃ nakṣatra nānā paśu pitṛ puṃ pṛthag rātri saha samāna sarva savitṛ soma strī tad vasu yad yama āditya āpo ṛtu
devatya	31	ahirbudhnya anya apitṛ asmad bahu bhrātṛvya dvi eka etad kiṃ nānā pitṛ rakṣo samāna sarva soma sūrya tad tvad tvaṣṭṛ uṣo varuṇa viṣṇu vāg yad yajamāna yama yāvad āpo śānta ṣaḍ
grāhin	30	artha asad bhāva brahma dhanur dhātu doṣa dṛḍha gandha guṇa hṛdaya kara khaḍga mano pakṣa pallava phala strī sāra tri tṛṇa vacana vana vinaya vyāla ātma śastra śulka śūla ṛṇa
loman	31	aja ajāta akṣi asi aśva babhru bahir dṛḍha go hari hiraṇya kakṣa khara kroḍa mahā sa siṃha su urasi uttara uḍu vyāghra vāri vṛka yakṛl āsya śalya śara śaśa śvāvil śārdūla
maṅgala	31	anaṅga avataraṇa avighna aṣṭa bilva caitanya dur godāna jaya kautuka kṛta mahā māla prathama pāna racita rakṣā raṅga rāma sahasra san sarva saṃdhyā smaraṇa stuti su udvāha yātrā śrī śubha ṛtu
māsa	31	adhika ardha candra catur cāndra deva garbha gharma karma kṣaya lagna madhu makara mala mṛga paurṇa prasava prati puṣpa pūrṇa rāja saura surabhi sutyā sūrya sūti sūtī vasanta vidhu śiśira ṣaṇ
nārāyaṇa	31	agni badarī bhaṭṭa bṛhan darpa hara hari jaya lakṣmī mahā nara naṭa naṭṭa niśā prema prāṇa rudra rāja rāma rūpa satya saṃgīta siddha sūrya uttara vyāsa vīra yajña śaṃkara śeṣa śiva
padī	31	bhagavat catuṣ droṇa droṇī dugdha ghṛta godhā guṇa kalaśī krauñca kroñca kumbha kuṇi kṛṣṇa muni pārāpata pārāvata rakta sthūṇā sūcī sūkara sūtra tīrṇa tṛṇa yajña śakṛt śata śatā śrī śuci śūla
stava	31	bhairava deva durgā hari karma karpūra kālī laghu lakṣmī mahima maṅgala mithyā pañca pañcamī prasāda ruci rājñī sapta sarasvatī saṃketa sītā vaikuṇṭha viṣṇu vāmana ātma āñjaneya śiṃśumāra śrī śānti śāradā ṛṣabha
sthalī	31	ambara aṭṭa dāṇḍāyana ghoṣa hṛdaya kanaka kaṇṭaka kaṇṭha keli mahā maru māhiṣa māṣa nitamba prasava pratyak puñjika rāja samudra tri vadha vana vasu vihāra vyoma vyāsa ānaka śama śaśa śubha śādvala
vadhū	31	amara bhrātṛ deva dig dyu gaja gandha gopa ku kula kuraṅga mugdha mṛga nava nāga pura putra sarid sura svar svarga svargi vahni veśa vidhi vidyā vraja vyāghra vāra śarad śukti
vicāra	31	bhāvanā bādha dharma dur dvaṃdva jāti jīva kāraka nir pallī prayāṇa rūpa sa saṃgati saṃnikarṣa sevā su sāhitya sāmagrī varṣa vastu veda vidhi virodhi viṣaya vāstu vīpsā yoga śakti śaṅku śākuna
viṣa	31	agha ati daṃṣṭrā dhārā dhātu dur dṛg dṛṣṭi jīrṇa karkoṭaka karṇa kāla loma lālā lūma lūna mahā manda mūtra nakha naṣṭa netra nir prati sa tīkṣṇa vīta āśī śava śaṅkha śṛṅgī
yaśas	31	ati bhagīratha bhaṭṭa brahma cāru deva dharma dur dīrgha hari hasti kṛta mahā mṛṣṭa nandi prathita puṣya pṛthu rāma saha samṛddha soma sphaṭika su sva svar viśva viṣṇu āditya śakti śrī
yātrā	31	ati bahir bṛhad daṇḍa deha deva dig dola dolā gaṅgā ghoṣa jala janya loka mahā malla nitya prāṇa punar ratha rāsa samudra snāna svalpa tīrtha vara vasanta vihāra yoga yāna śarīra
bhaṭa	30	bhadra bhīma bhū cāra cāṭa hari jaya kula mahā nāga prati pāda raṇa rāja samara siṃha skanda su sva sāra tāla ugra vyāghra vāg vār vīra yama yāmika ārya śatru
bhuja	30	bahu bhadra bhīma bṛhad catur dvi dvādaśa dīrgha hauta lagna lolad mahā nir pañca pralamba prati prājya sahasra samucchrita sthūla su tri uccair vakra viṃśati vīra śrī śṛṅga ṣaḍ ṣoḍaśa
dīdhiti	30	ahima amṛta caṇḍa dhṛta gharma ghṛta hima iddha mantra maṇi nava pratiṣṭhā sahasra sapta saṃskāra saṃvatsara sita sudhā svarṇa tigma tuhina udīrṇa uṣṇa varṣa vi vipanna vyavahāra śiśira śrāddha śīta
gocara	30	bhūmi bāṇa cakṣur darśana dhyāna dṛg dṛṣṭi graha indriya karṇa kāṇḍa locana nayana netra pānīya pāpa raṇa saṃtrasta su sva vacana vana viśva vāyu īśa śabda śara śmaśāna śravaṇa śruti
gītā	30	agastya bhagavad bhagavatī bhṛgu bodhya brahma datta guru hari jānakī kapila laghu nārada nārāyaṇa pāṇḍava rāma siddhānta smṛti sāra uttara vidyā vyāsa yama īśa īśvara śaṃkara śiva śiṣṭa śruti śyāmalā
hantṛ	30	aśva bala bhrūṇa candra daitya dharma garbha go keśi krodha kuṣṭha kārya kṛmi madhu mala mṛga pralamba pāka sainya sasya strī sva vighna viśvāsa viṣa vyādhi vāli vṛtra vṛtti śatru
kumāra	30	agni anila asura brāhmaṇa danta dik dvīpa gaṇa grāma krīḍā mahā muni nanda nāga nātha rudra rāja rājanya rāma sampat sanat stanita strī su svāmi taḍit vahni viproṣita ārya śakti
mala	30	anna arṇava ayo bahu cakṣur danta dhātu dina jihvā karṇa kāca kāṃsya lauha loha makṣikā netra nir nāsikā rasa rasanā siṃha toya tri tvaṅ vasti vi vīta śanna śilā śānta
nāga	30	abhra aśva bhava bhū brahma dhīra dig diṅ durga go hasti kula kṣiti mahā malla manda matta maṇi piṅgala prati puṃ pāṇḍu rati ravi saṃkīrṇa su tantu vasu śeṣa śiśu
pañcaka	30	amla artha baka bhīṣma dhanvantari dhānya dhāṭī manīṣā nimba pada pañca ratna samanta soma sopāna sva sādhana sūkta tri upadeśa vairāgya viṣṇu vyoma vyāpti vāyu yati ārogya ātma śaiva śikṣā
paṭṭa	30	aṃśu carma citra cīna dhara dharma dukūla dvāra gaurī kāṣṭha lalāṭa lūtā nīla prasāda rāga rāja sthūla trapu tālī tāmra uṣṇīṣa vaktra vraṇa vīra yoga śaṇa śilā śiraḥ śukti śāri
samuccaya	30	bharata dravya jñāpaka kriyā lakṣaṇa mantra nakṣatra nāḍī nīti pramāṇa pratiṣṭhā praśna purāṇa rasa ratna saṃdeha saṃjñā smārta smṛti svara sāra sāraṅga sūtra vacana viṣṇu vyavahāra vāstu śikṣā śrāddha ṭīkā
sattva	30	abhraka adīna alpa antaḥ asaṃjñika bahu bhīru bodhi deva dhīra duḥ dīna gata kalyāṇa laghu mūḍha niḥ paridīna sa samyak sarvatra sthira su udāra uru vajra vinīta viśuddha śrita śuddha
tilaka	30	araṇye doṣā eṇa graha karpūra kha kula kāca kāśikā lodhra nyāsa pratiṣṭhā praśna prācīna raghu sindūra sāmudra vasanta vi vidhāna vihīna vipina viveka vyavahāra vyāmṛṣṭa śrāddha śārada śāradā śṛṅgāra ūrdhva
vayas	30	adhika alpa avara bṛhad carama dvitīya gata jyeṣṭha kaiśora madhya madhyama nīcā nūtna pakṣya pati prabhūta prathama pūrva sa samāna su svalpa tad tri tulya viśva vṛddha yathā ūrdhva ūḍha
yuga	30	ambara antya brahma caraṇa catur daitya daiva deva dharma dur go kali karma krośa kṛta mahā manu pañca ratha sahasra sama satya saṃsakta tretā tri upānad uru uttara vipatha vāso
śrāddha	30	daiva darśa hasta hiraṇya iṣṭi kāmya lavaṇa māsika mātṛ naimittika nava nitya nāndī phalgu pitṛ preta prīti puṣṭi pārvaṇa pātheya sāma sāṃvatsarika varuṇa viṣṇu vṛddhi yajuḥ yātrā āma śuddhi ṛṣi
śūla	30	akāṇḍa ayaḥ danta dhūmra dik dvi eka gṛhīta hṛdaya karṇa kaṭi keśa kukṣi mastaka mūtra pakti prota pārśva rakta saṃdhi tri udyata uraḥ vi vipakṣa viṭ vāta āma śiraḥ śmaśāna
bhairava	29	baṭuka bhūta kala karāla kaṅkāla krodha kāla mahā manthāna muhūrta māyika nasya pracaṇḍa prati praśna ruru saṃhāra su svara ucchuṣma ugra unmatta varṇa vijaya vijñāna yajña ānanda śambhu śuddha
jyā	29	agra apama ardha bhuja bāhu cara cāra dhanur dig dor dvi dyu dṛg eka jina koṭi krama krānti ku kṣiti lamba madhya nata parama tiryag tri udaya utkrama uttara
kavi	29	bhāratī bāla candra dhārayat hari indra kapola ku kāla lopāmudrā mahā maṇḍala mucukunda mūka puṇḍarīka sat soma su sūrya uddaṇḍa vartamāna varṇa vāṇī ādi ādya āmra āśu śaṃkara śleṣa
loha	29	anya aṣṭa bhūri dīpta kapi kapila kāla kānta kṛṣi kṛṣṇa mahā muṇḍa nir nīla pañca piṅgala pāṇḍu pīta rasa ravi rukma sarva su sāra tapta tri tīkṣṇa vahni varta
mandira	29	antar arṇava avaskara bali devatā hari indirā jala jīva kalyāṇa keli lakṣmī līlā madhya medhya māna nṛpa pitṛ rati rāja smara sundarī sura vidyā vilāsa viṣṇu yama śava śāśvata
mayūkha	29	ahima dāna hima khara kāla mantra nīti pratiṣṭhā prayoga pīyūṣa samaya saṃskāra sthūṇā sudhā tuhina uddyota utsarga vrata vyavahāra ācāra śata śaśi śiśira śrāddha śuddhi śveta śānti śīta ṣaṇ
medha	28	apakrānta aśva catur dur gavām go gārha gṛha hari haya mahā mita nara nir nār nṛ paśu pitṛ praiya preta priya puru puruṣa sarva su utkrānta vāji ūrja
mūrdhan	29	adri asta aśma bahu dina dvi eka gagana hiraṇya kumbha mahā muṇḍita naga nata raṇa roma sahasra samanīka samara samāna saudha saṃgrāma saṃyuga tapur tigma tri yan śakra śata
rajas	29	abhūta agni amūrta ayo bahu bhṛṅga danta dṛṣṭa go jāta loha mahī majjā nabho nava nimba nī paro puṣpa pāda sa strī su tāmra varāṭaka vyutkrānta vīra śaśa śānta
ratnā@valī	29	bhaiṣajya bhakti bhāṣya dhātu hasta haṭha jñāna karma krama kṛtya nāma pada parva prasaṅga prayoga praśna saṃgīta siddhānta smṛti vaidyaka vrata vyākhyā vyākhyāna vāda vṛtta yantra yuddha śakuna śiva
raṅga	28	adbhuta anaṅga carma karma keli kārma mahā matsya mīna nava naṭa nāga paścima paṭṭa pāṇḍu pūrva raṇa rāja sa sneha su vi vinoda vāda vāta yoga yuddha śrī
saṅga	29	asat aṅga citra dharma duḥ gata go guṇa jita karma manaḥ mukta mātrā mūtra niḥ prā ratha sa sat saṃsāra strī su sukha tadīya tṛṣṇā viṣaya viṭ vāk vāsara
soma	29	ardha ari avanti brahma bṛhat candra deva dhānā dūrvā gandha hari kīrti mahā nṛ paśu prathama prāk rudra sa saha samṛta surā suta tīvra vi vīra yajña śruta śānti
sārathi	29	anila anūru aruṇa dahana damya dharma go indra karma ku kṛṣṇa madhu mahā mātali nau pārtha pārṣṇi ratha ravi sa saṃsāra su sūrya vi vākya vārṣṇeya vāta yajña śakra
tanu	29	agni alpa ardha aśīta citra dīrgha gharma hṛṣṭa kara kaṇṭa kiṃ ku līlā nānā priya sa sarpa sarva su tapas trayī tāmra vara varṇa vi vihvala viśva vāmana śaṃ
tra	29	aneka apara aṃsa aṅguli bahu caraṇa dvi giri go hasta iha itara kaṭi marma para pāda pārṣṇi pūrva samāna sva tala tanu tvak uras uttara vadha varṣa ātapa śiras
varcas	29	agni anūna aviddha baddha bhinna bhūri brahma dasma dhūma gāḍha gūḍha hata mitra muṣṭi padma paṇya pāvaka sahasra samāna soma su sukha sura sūrya vi vidyud śreṣṭha śuci śukra
vatsa	29	baddha bāla candra ghṛta go kuru kutsa kāma maṅgala nitya paurṇa pauṇḍra punar puro puṃ pāri pṛṣad ruśad rāja sa saha siṃha surabhi tila tri uraṇaka vi vyāsa śrī
veṣa	29	avadhūta chadma citra cāru go gopa gupta keśa kṛta muni mṛgayā padma parī prāg prātar puṃ rāja sa sama su sādhu unmatta uttama vibhinna vinīta vivāha śuddha śṛṅgāra ṣaṇḍha
śuddhi	29	asthi bhāva bhū bhūta buddhi danta dharma dravya gṛha kara kośa koṣṭha kāya lagna mala mukha nyāya nāḍī preta pātra rajaḥ sadyaḥ saṃdarbha sthala tulya vaira āhāra ātma śabda
śākhā	29	aśvattha bhāllavi bāṣkala dhanuḥ dvāra kara kaṭha khaṇḍa kāṇva kāṇḍa maitra maitrāyaṇī maitrāyaṇīya parṇa plakṣa prati pāda skandha taittirīya vajra veda vetasa vājasaneya vājasaneyi vṛkṣa āśvalāyana śaiśira śaiśirīya śākala
bha	28	agni antya bhujaṃga candra cara deśa guru indu janma kaṇa ketu kha koyaṣṭi kṣudra madhya maitra mitra nīla prāti su tantu tri tuṅga vasu viṣṇu vāji vāsu śatru
ccheda	28	aṅka bhakti bhava dhyāna gharma guṇa kaṇṭha klānti marma māṃsa mūla nakha pada pattra prāṇa prīti pāṭha sa sama saṃdhi saṃśaya sneha sthāṇu suṣira vana vṛtti śīrṣa ṛṇa
cūḍāmaṇi	28	cakra candra chandaś hara horā kula mantra muhūrta nyāya prayoga praśna rasa rāja samāsa satya saṃgraha siddhānta svaś sāhitya tantra tarka tārkika vidagdha vipra viveka vrata yoga śleṣa
dhi	28	ambho ambu bāṇa deha dhanva garbha go iṣu jala kīlāla kṣīra nīra parva parṇa payo puccha pātho su toya uda utsa vāla vār vāri śara śeva śiro śruta
gaṅgā	28	abhra ambā antar ardha bhaviṣya bāṇa cela giri kha kāla kṛṣṇa mahā nīla pañca pātāla pūrva rāma rāvaṇa siddha svar viyad viṣṇu vyoma vṛddha ādya ākāśa śiva śveta
karṇī	28	adri aviddha ayas giri khara kāla kṣura laghu mārjāra mūrdha mūṣaka mūṣā mūṣīka naga payas sita sthāṇu tāmra undura vārāha vāsa vṛṣa ādi ākhu śilā śiva śuka ṛkṣa
kāraṇa	28	asamāna dharma jagat kiṃ kopa kārya mada mahā mūla nimitta niṣ pratyaya priya pūrṇa sa samavāyi samāna sarva siddhi sindūra stambha svāmya upādāna vaira vi viśvāsa ādi āyuṣ
nakha	28	agra ayamita baka cakra daśa dru druma dvīpi dīrgha galita giri guḍa hasti koka ku kḷpta kṛta mahā nīla pañca pāda pāñca taru tāmra vajra vyāghra vyāla śaṅkha
padma	28	alpa caraṇa daśa hṛt jina kara lekhya līlā mahā maṇi mukha nīla pada pravāla pāda rakta sa sita sthala su suvarṇa sūcī vi śarat śata śoṇa śrī śveta
paṭala	28	akṣa akṣi bhairavī bhṛgu dhūli gṛha hanumat jaṭā kṛt kṣaudra madhu marīci muktā nīla nīti pañca pāṃsu rajaḥ rāma samāsa saṃkrānti siddhānta timira vagalā varṇa vivāha yakṣiṇī śānti
prabhā	28	acira agni alaka ambara anala bhakti cit dhūma dina indīvara jvalat kapi kaumudī maṇi paṅka sat sva tama taḍit trailokya vasu viṣuvat vālukā ānanda śarkarā śrāddha śuddhi śāstra
prakṛti	28	anila antaḥ artha aśuddha bahu bhūta bāhya cala dravya duṣ jaḍa manuṣya mohana mūla namra pitta pum rāja saha sapta stobha tṛtīya varga virakta viśuddha yathā śākhā ūṣma
ripu	28	ahi andhaka arka asura aśva bahu baka chardikā droṇa hari krauñca kṛmi madana madhu mura māra mṛga naraka prati pāpa sura timira tāraka vibudha vyādhi vāha vṛtra śambara
taila	28	aṇu bhallātaka cakra cañcala cañcu dīpikā eraṇḍa gandha gandharva hima kapi karpūra kaṭu kṣāra kṣīra lākṣā mahā māṣa nimba nārāyaṇa pīta sarṣapa tila tīkṣṇa viṣṇu vṛkṣa āmra śyāva
vidya	28	alpa bahu bhūyo catur dhārma dur gṛhīta kiṃ kṛta labdha na nir pati putra sa sad samparipūrṇa samprāpta sampūrṇa samāna sarva sārva tad tri upātta vāstu ātta śūra
vāri	28	candana dadhi ghana gharma hima ikṣu kara kha khadira khaḍga kośa kuśa kāraṇa kṣīra lavaṇa mada madhye nayana netra pakva paṅka surā sveda svādu tara vihāra ājya śrama
śāyin	28	adhaḥ ananta bhasma bila brahma eka gṛha jaghanya jala kuṇḍa madhya maṇḍūka mita prāsāda prāṅ pārśva pṛthak rata sthalī sthaṇḍila sukha taru upari uttāna viṣama vīra yoga ūrdhva
bhoga	26	abja aṣṭa bhava bhukta deva eka ku kāma mahā mohana nir nāga paryāpta phala pratyakṣa punar rati rāja rājya rāśi strī sukha sāra vaśā vṛthā ādhi
bhājana	27	asṛg bhinna dīpa ghṛta indra jala kara kāca kārya kāṃsya madya nāndī piṣṭa prastara puṣpa pāna rajata sa seka su surā sva sāṃnāyya uṣṇīṣa vedi yajña śānti
bhānu	27	ahi bṛhad cakra candana candra caṇḍa citra gharma go hari hima mitra pīyūṣa sahasra su sva svar sūrya tri vasanta viśva vīra vṛṣa śrī śubhra śveta śīta
dakṣiṇa	27	alpa aśata bahu bhūri candra dhenu hasta hiraṇya mita nīta paryāpta paścima prayata prāg prājya pūrva sa sahasra samāna su udag vajra vi āpta ātma śata ṣaṣṭi
gava	27	ayo aṣṭa aṣṭā bahu bhaima bhīma catur dhānya dvi dvādaśa dāra jarad kṛśa kṛṣṇa mahā parama pauro pañca punar puro puṃ sad su vana śaiva śūla ṣaḍ
jīva	27	apatya araṇya astra ati bandhu dur gata go hari jagaj jīva kandarpa kumāra kuṭa mṛta nir priya putra pāpa rūpa sa sarva su tāmra viśva yudhā yāvaj
kapāla	27	aṣṭa aṣṭā bhūmi dhanuṣ dvi dvādaśa eka kumbhī loṣṭa mahā manu nara nava nāra pañca piṭharaka pāñca rauhiṇa sapta tri vi āṇḍa śiraḥ śroṇi śīrṣa ūrdhva ṣaṭ
kṣāra	27	amṛta bahu kanaka lavaṇa mahā mṛt nārikela pala pañca pāṃsu raṅga sa sarji sarjikā sarjī sarva sita stoma svarji tri vaiśvānara vajra yava śastra śveta śīta ṭaṅkaṇa
lābha	27	abhīṣṭa artha bhoga bhūmi bhūri dig dur jina kaṇa labdha mitra mātrā prāṇa punar putra rājya siddhi su svarṇa uttama vidyā vṛtti yathā ātma śarma śrī śānta
manyu	26	ahi analpa bhava bhavan dṛḍha iddha jita kṛta nir para prācā raghu rūḍha sadyo sahasra satīna su tigma tuvi uccair vi vigata vīta yata yudhā śata
meha	27	amla bhasma haridrā hasti hāridra ikṣu kṣaudra kṣāra lavaṇa lālā madhu majjā mañjiṣṭhā nīla piṣṭa rakta sikatā surā sāndra udaka vasā vāta śanair śukla śukra śveta śīta
mudrā	27	aṅguli bandha dhyāna divasa ghaṇṭā haima kapāṭa mahā mauna mukha nabho nāma oṣṭha pañca prati pāda ratna rāja saṃhāra siddhānta sāgara tapta tarka veṇu yoni śaṅkha śrī
mīmāṃsā	27	bhakta brahma cakra citra dattaka dharma karma kāvya laugākṣi māsa māṃsa pūrva rasa saṃgīta saṃkara smṛti sāhitya sāpiṇḍya sāṃkhya uttara vrata śabda śrauta śruti śrāddha śulba śārīraka
nemi	25	ananta ara ariṣṭa arṇava bhā cakra dṛḍha eka gabhasti graha hiraṇya jita kāla mahā nakṣatra ratha sa samudra sāgara tigma tri uda vasu yajña yāma
parṇikā	27	bahu bhṛṅga cañcu citra cuccu eka hasti jala kāma laghu madhu maṇḍūka pañca paṭu pṛthak pṛśni siṃha sura tri viṣṇu āditya ākhu śalya śara śimbi śrī śāla
prā@ṇa	27	alpa apeta bahiṣ bala datta dīrgha gata jagat khara kṛcchra mahā manda mañju māhā māna nabhaḥ niṣ pare pañca priya sa sahasra sarva saṃyata svadhā tyakta vasu
sahasra-nāman	27	bhairava bhavānī devī hanumat kālī lalitā mahā puruṣottama pārvatī reṇukā rudra rādhā rāma skanda sītā sūrya vagalā vināyaka viṣṇu viṭṭhala vāsudeva yugala śarabha śiva śyāmalā śyāmā śāradā
sava	27	agni bahu bhūmi brahma brāhmaṇa bṛhaspati deva go indra kṣatra manu manuṣya odana prātaḥ pṛthi pṛthivī sahasra satya soma su sūta tīvra vaiśya vaniṣṭhu varuṇa vṛṣa ācārya
sparśa	27	agni alpa atala ati aṅga bāhya duḥ duḥkha gātra indriya khara koli kāka manaḥ mātrā mṛdu niḥ sama su sukha sāndra udaka veda śava śukti śīta śītala
spṛś	27	atala bahu bhuvi bhū bhūmi dina diva divi gagana ghṛta hṛdaya hṛdi kratu kṣiti mantra marma nabhaḥ praṇaya rajaḥ ratha sādana tamaḥ upari viśva vyoma śava ṛta
vāhin	27	ambu bhāra catur daṇḍa go kumāra loma madhu mala megha nara pañca phena praṣṭi roma siṃha sādhu udvega uṣṭra vega veṇika vāri vīrya yajña yoga śveta śīghra
śilā	27	antaḥ antra bhadra candra citra cāru eka gaṇḍa jāta kṛṣṇa mahā manaḥ marakata maṇi preta pāṣāṇa ratna roga sphaṭika svalpa tīrtha vadhya vasiṣṭha viṣṇu śaṅkha ślakṣṇa śāsana
ṃ-gama	27	avaśa bhuja bhāva bila deva diva hṛdaya jala jana makṣu mita nabhasa pakṣa plava prahita prava pūrva ramita samiti suta sāgara tura vaśa viha vismaya yudhi śūra
cūḍa	26	akṛta amla aruṇa bhadra candra dvi haṃsa kapi keśa kṛta kṣudra mayūra maṇi nāga pañca puṣkara ratna sthūla suvarṇa svarṇa tāmra vahni vāma vṛtta śaṅkha ūrdhva
daivata	26	agni ahi anya apratta aryama bahu bhaga bārhad dig guru kula nagara pañca pitṛ rakṣo sa savitṛ tad vahni varuṇa vasu viśva viṣṇu vāyu yama śakra
dhārā	26	amṛta asi asṛg aśru citta cāru ghṛta guhya kapila khaḍga khaṇḍa kumāra kuśa kṣura madhu pattra payo pīyūṣa soma sudhā uda udaka vana vaṃśa viṣṇu vār
gandhi	26	alābu anna aukṣa bhrātṛ daur dhūma dur hṛdya karīṣa kuṇapa kuṣṭha malli padma puruṣa puṇya pūti su surabhi sūpa vasanta visra viśva vṛtta āma āñjana śaileya
jīvana	26	aja anna astra bhavya dharma dāsa hata kaumudī megha mṛga mṛta nāga nāra prāpta puruṣa rasika rāma taru vaidya vaṅga vrāta vṛddhi vṛṣṭi yācñā śva śṛṅgāra
kṛcchra	26	artha ati dharma ghāta go mahā mūla mūtra parṇa pattra prāṇa pāda ratha sa sarva saumya tapta toya udaka vāraṇa vṛddha yāvaka śiśu śrī śukra śīta
kṛṣṇa	26	ati bāla catuṣ gaura hari jaya lohita mahā paraḥ pañca phala prāṇa pāka rakta rādhā rāja rāma sarva sita su veṅkaṭa īśvara śeṣa śiva śrī śukla
māla	26	ati aśva bahu brahma daśa gaṇḍa ghaṭī giri kaca ketu kāla kṛta lamba mahā megha nimba pattra su sūrya toraṇa vana vardha vidyun ābaddha śrī śveta
paṇḍita	26	bhānu bāla deva hari kailāsa kaṇṭha ku kumāra kṛṣṇa laghu mahā mithyā mūrkha nanda padma pāka raṇa rudra rāghava smārta soma sūrya vara vañcanā vināyaka yādava
puṣpā	26	ardha bhāsura bhūri candra dala dhūmaka dīpta dṛṣṭa eka indra iṣu kadamba kumuda madya meṣa miśra mogha mudita niśi phala prāk prānta tikta tiṣya vaṃśa vāsa
sadman	25	bali bhoga danta deva dyu jina khaḍga nāku padma pitṛ prāṇa ruk rāja sattra sura sūkara vasana vibudha vidyā vilāsa yantra īśvara śukra śānti ūrdhva
saha	25	akāla amitra bheda bhāra bhūmī deva durga duḥ mahā mahī mitra niḥ prā rujā sarva satrā smara su sārva viśva vyaya vāta vīrya śatru śīta
vaśa	26	artha cintā daiva karma kopa kriyā krodha kuru kāma kārya madana manu nir para preta puru ripu strī su sva svayaṃ sāma tad ukṣa vi ātma
vraṇa	26	akṛta aśruta carma caru dagdha duṣṭa dvija hṛd kara kaṭa kṣata mahā nakha nir nāḍī pūti rata rūḍha sa sadyo saṃrūḍha strī tanu vasanta śuṣka śārīra
vṛṣṭi	26	anabhra astra ati aśma bhūri bāṇa bāṣpa droṇa dur hima kṣaṇa manda nakṣatra pradhāna prājya puṣpa sadyo su sudhā sva vasu vega vānta vāta śara śilā
yuddha	26	bāhu dharma dolā dvaṃdva gadā graha grāma hata kadamba kūṭa mahā malla manmatha mitra muṣṭi mṛdu punar pāda ratha saṃkīrṇa su tala vāda vāg vṛkṣa ḍimba
śarkarā	26	bhasma bhū danta guḍa hima jala kaṭa khaṇḍa kṣaudra kṣudra madhu mākṣīka piṇḍa pāṇḍu sita sneha sūkṣma tri tuhina tūla vartma vaṃśa yavāsa yāsa āsāra śoṇita
śayana	26	abdhi ananta aśūnya bhūmi hari jala keli kusuma kṣmā loha mahā paryāya rāja sa sindhu sthaṇḍile sukha upari vadhūṭī vihāra viraha vīra āditya ākāśa śara śava
cyuta	25	buddhi bāhu deha dhana dāna dṛḍha garbha hasta kula kārya mada madhu nabhaś pada paryāya rājya soma sthala sthāna supta svarga vimāna vṛṣa śabda śapha
cūrṇa	25	ayaś aśma dhānā dhātu harītakī hema jīva kṛṣṇa loha lākṣā mṛttikā nārasiṃha nārāca nāyikā rakta rāga saindhava surabhi tila yava yoga śastra śaṅkha śaṇa śāli
dat	24	ahi aroka catur dvi ekato hiraṇya mūṣikā rakta sa su tri ubhaya ubhayato ubhayā udagra varāha vṛṣa śata śreṇi śubhra śuci śuddha śukla śyāva
dyuti	25	acira amita amṛta bṛhad candra dhyāna gharma hima kapila kṛta kṣaṇa mahā narma pīyūṣa rajata sama sthavira tapana tapo tigma tuhina tuṣāra tīvra śveta śīta
muṣṭi	25	ardha baddha bīja catur cūrṇa darbha dhānā dhūli dṛḍha guru gāḍha keśa kuśa muṣṭī pañca pūrṇa su suvarṇa tṛṇa vajra viṣa yava yavasa yuddha ācārya
mādhava	25	bindu jaya kanakāvatī kāla lalita lalitā madhu matsya māgadha mālatī mūla nīla pracaṇḍa rādhā saṃgīta veṇi veṇī vibhūti vidagdha vidyā vijaya vyavahāra vṛnda yaśo śveta
mālikā	25	akṣa dīpa hema jambūla kaṭi mahā mauli mayūkha maṅgala nakṣatra nava nyāya prapanna ratna suvarṇa sūkti vacana vaidya vana vandana vasanta vijaya vyavahāra yukti śabda
phalaka	25	adhiṣavaṇa aṃsa bīja citra dvāra dyūta dīrgha gaṇḍa hāra kapola karañja karaṇḍa kṣudra lalāṭa lipi phaṇā preṅkha sāri tāmra viśāla śilā śroṇi śālmalī śāri ūru
pramāṇa	25	aghora alpa aṅgula candra grāsa kathaṃ kim laghu mahā nāsā pratyakṣa prācī sa strī su tiryak tāla tārā vayaḥ viśeṣa yuga yāvat śabda śiśu ūrdhva
rata	25	anta bāhya caurya deva dharma dīrgha hiṃsā jyoti kari khañjana khaṇḍana kṛṣi mahī maṇi nī nīca pāna sama satya su tapo vadha vaiśya viparīta vāda
sahāya	25	agni bhavānī buddhi bṛhat devī dharma duḥ kariṇī madhu marut niḥ prajñā raṇa sa samīraṇa sat tapaḥ umā urvaśī vacana vasanta vācā āyudha śiva śṛṅgāra
saṃjña	25	antaḥ cakra candra dharma jīva kanda kṛta labdha naṣṭa niḥ rakta sa samāsa soma strī sīdhu sūrya vi vikīrṇa vimūḍha vāri īṣat śabda śrī śulka
sevā	25	ati atithi caraṇa dvija dviṭ go guru hīna kṛṣi mahat para paryāya pati pradhāna pāda pūrva rāja strī svāmi tīrtha vipra vāra vṛddha yoga īśvara
snāna	25	avabhṛtha bhasma devatā duḥ gaja gaṅgā hasti jala mahā mantra maṅgala māgha mṛta prātaḥ puṣpa puṣya samudra sparśa triḥ vivṛta vrata śaṅkha śiraḥ śuddha ṛtu
srotas	24	arvāk avāk dugdha garga karṇa mahā muṣka mūla nāsikā pañca prati pratyak prāk sa sahasra sapta su tiryak tri tīkṣṇa vi śuṣka śīghra ūrdhva
vah	25	apsu bhāra bhū dakṣiṇā havir havya hotra indra kavya praṣṭha pārṣṇi pūrva pṛṣṭha pṛṣṭi saha sroto su suṣṭhu svasti turya vajra viśva vīra śveta śāli
śara	25	antaḥ asama ayugma bhīma dadhi darbha dīrgha hari ku kusuma kāma kṣīra mahā maṇi pañca puṅkhita puṣpa pāñca rāma sa sthūla su sūna viṣama yantra
śikha	25	agni agra baddha bahu barhi catuḥ dhūmra dvi dīpta hari kukkuṭa mukta pañca su svarṇa tri tulya unnīta vahni vara vi vāli yama śveta śāta
śālin	25	abhimāna artha bala bhuja bhṛtya buddhi bāhu doḥ dāna mati naya phala rūpa samiti sasya sattva saṃgharṣa smita viśeṣa vyaya vīrya vṛtta yuddha śruta śīla
ṣad	25	anti apsu barhi barhiḥ camū dhūr divi dru dyo dyu giri go nṛ pathi paśu pitṛ pṛthivi pṛthivī su upari vana vanar vedi yoni śuci
bhakti	24	bhagavad bhaṅgī deva doṣa dṛg dṛḍha dṛṣṭa eka graha hari jina keśava kṛṣṇa kṣetra mātṛ nakṣatra pitṛ prabhu pramāṇa su svara virala viṣṇu śiva
dīpaka	24	anta bhuvana dravya guhya guṇa hṛdaya jāti kriyā madhya mantra muhūrta mālā nāda pratīpa ratna sa saṃhitā vahni viveka ādi āhnika āvṛtti śakuna śṛṅgāra
dūta	24	agni aśva candra deva gupta hari haṃsa hṛdaya kāla madhu mahā megha mithyā mṛtyu pavana prati rāma satya sātya uddhava varṇa vasanta yama yāma
hata	24	akāma asākṣika ayo aśani daiva digdha guha hrāduni iṣu mano maṭacī muni pakṣa paraspara prāti putra sadyo vleṣka vyāja vāta yūtha īśāna śastra śva
hṛt	23	anila bali citta dhana kalaṅka kapha kuṣṭha loma mano megha meṣa phaṇi roga roma sudhā vibandha vraṇa vānti āyur śalya śopha śotha śūla
maṇḍapa	24	adhikaraṇa bhoga dola garbha ghaṇṭā jñāna keli kukkuṭa latā mahā majjana mañca maṇi mukti mādhavī paṭa prapā raṅga sabhā taru yāga āsthāna śrī śṛṅgāra
mūlaka	24	bahu bāla cāṇakya dhauta dīrgha gandha hrasva kanda kiṭi laghu masta mastaka nepāla pattra piṇḍa puṣkara pānīya pīta rakta su vaṃśa vitāna vāla śīta
nāda	24	anāhata bahu bherī bhīma dīrgha gambhīra ghaṇṭā go harṣa haṃsa kala karṇa khara mahā me megha nāndī siṃha su tāra valgu veda ārta īṣan
putraka	24	ahi amota bharata brāhmaṇa bāla eka jatu jaya jīva karṇa kula kṛtrima muni mātula peṣaṇī poṣya pāṭali rāja sa sūta yantra śilā śāta ṛṣi
pīta	24	ardha bhukta duṣ eka ghṛta go indra madya nīla pitṛ prāduṣ retaḥ sita sneha sthira su surā sāmi taila vaṃśa viṣa vāja vāji āṇḍa
randhra	24	aneka bhīru bhṛta brahma gala gṛha karṇa krauñca kukṣi loma mahī mukha nāsā nī prāṇa rodo roma sa sroto su udara śaila śiti śvasana
ruh	24	ambho avani bhū bhūmī dhānā gartā jagatī jala kṣiti kṣmā kṣoṇī mahī parva parṇa paṅka paṅke pāṇi sarasī saro sva tanu vakṣo śirasi śiro
rūpaka	24	avayava bahu daśa garbha gaṇa hetu jala lalāmaka mahā nīla praiya prati puruṣa rūpaka sakala samādhāna su sva tapta upamā viśva yukta ākṣepa śliṣṭa
sthiti	23	abhinna bala duḥ gṛha kula kāya kṛta loka maṭha māna mārga pūrva pṛthak rājya saha samyak su vastu vaṃśa vyavahāra yathā śarīra ūrdhva
varjita	24	artha bala bhukti buddhi dhana karṇa kiṭṭa krodha māna nāma puruṣa puṇya ripu sambandha saṃskāra saṃsāra saṅga sāra vācya ācāra śruti śāstra śīla śṛṅga
velā	23	agni akāla anta bhojana cira homa kulika kāla lagna nadī pradoṣa sad samaya samudra saṃdhi saṃgava saṃvatsara siddhānta sura tri vrīhi yava ṛtu
vyavahāra	24	ajāta aprāpta artha asad brahma chāyā citi deśa dur jana krakaca kuṭṭaka kṣetra loka miśra miśraka prāpta rājya rāśi sevā vyāja vāg śastra średhī
vṛṣa	24	aśva aṣṭa catur daśa duṣṭa dvi eka go hari kharī kṣmā madhu mahā nava nir nīla prati puṃ sapta sindhu tri vṛṣa śāka ṣaḍ
anta	23	catur dig dur dūre dṛg etad gurv hal jagad praty prātar samid sub tad tiṅ try vasv vedy vidhy vy vāg yaṅ śarad
artha	23	bahir bahv catur dhvany dvy dūre gurv kad kim mad nañ nir pum pṛthag sad sadyo sub tad try vy vāg yad yāvad
bhṛta	23	adhama anya anākāla artha asaṃvatsara ati dharma dvaita grāma kṣīra nṛ para prā pāra rāja saṃvatsara su svayam upadhā vaḍabā vrāta śravaṇa śyena
citra	23	artha bahu bindu candra cāru dānu hema jagac janma kaṣāya kha mati maṇḍa ratha rāji sa su vema vi vividha vācya śabda śyena
dhanus	23	bṛhad cakra daśa dhṛta dṛḍha gṛhīta hiraṇya indra kusuma mahā maṇi navati pañca puṣpa sa sautrāmaṇa su sura vi ākhaṇḍala śakra śata śārṅga
dāha	23	agni antar ati ayo deha dig diśo eṇī geha gṛha hṛd parī pitta preta punar pura pāda pārśva rug sarva vana āgāra śava
dāman	23	bahu bakula jīva mauktika mekhalā muktā mālya mālā pañca phulla puṣpa rudra srag su vasu vidyud vāla vīra āśā śikhā śiro śrī śṛṅkhalā
gotra	23	aneka anya dvi kiṃ kula mātṛ nāma nānā pada pālaka pṛthag sa samāna surabhī suvarṇa uccair viśva vīra yad śālaṅkāyana śāli śāṇḍilya śāṭyāyana
hāsa	23	amarṣa anavacchinna antar ati aṭṭa bhīma bhūta candra gaṇa grīṣma jala krodha mahā manda padma parī pratī puṣpa rudra rātri sa su vana
jaya	23	bhadra bhartṛ bhūta deva dig dur dyu kakub kusuma mahā puraṃ pṛtanā pṛthag pṛthivī pṛthu raṇa sarva su taj tri tāraka śatru śaṃkara
krīḍā	23	agni anaṅga bāla devī dyūta gola gulikā jala kāma malla māṇavaka mṛgayā pāśa pāṃsu rāsa su sārī sūtra toya vapra viparīta ākarṣa śiśu
kāvya	23	bhaṭṭi bhīma bilhaṇa bāla damayantī dhātu hanumat khaṇḍa ku mahā muktā māgha naiṣadha patañjali pāla rākṣasa rāma sat setu viloma yamaka ādi ānanda
kīla	23	ardha ayas bhūti carma dharma dīrgha go guda indra janma ku kuṇḍa loha marma māṃsa nala narma prati rata sa vajra vakra yama
kṣīra	23	aja arka daśa eka gardabha go irā lohita madhu mahā mṛga mṛgī payaḥ puruṣa puṃ sa saṃdhinī strī tanu tāla vi śaṅkha śukla
nidhana	23	anādi bahir bhūri catur dakṣa dvi dvādaśa gata kaṃsa madhye pada payo pañca samāna sapta sarva sāma tiraścīna tri vāṅ yajña śastra ṛta
niścaya	23	artha baddha bhaṅgura dhṛta dravya dṛḍha eka iti jñāna krūra kṛta kṣipra maraṇa mati prati pāpa pāṭha saṃdigdha su sīmā vara vyāpti vāṅ
pradāna	23	abhaya agni aṃśa bhū buddhi daṇḍa eka go gāli jala kanyā kāṣṭha mahā mahī maṇi phala pāṇi vara veda vidyā vrata śiraḥ śāpa
prasāda	23	ambu bhairava bhavānī citta deva duṣ dṛṣṭi guru hari hṛta lākṣā mahā manaḥ mukha rāja rāma sa su svāmi āmra īśvara śiva śītala
pūra	23	bāṣpa bīja daśa dharaṇī duṣ ghṛta jala kalā karṇa kāma maṇi nadī pallava payaḥ phala piṣṭa pāṇi salila sneha su sudhā taila vāri
rakta	23	ati aṅga dhūma dū jīva kāka kṛṣṇa lākṣā nāga nī pitta puṣpa pīta pūya ripu sapta sita su vikṛta vāta āma īṣad śveta
rāṣṭra	22	ari deva dhārta dhṛta gopa karma mahā malla māhā nava para pura pāṃsu pāṇḍu sa saṃgṛhīta soma su sva valli vana yama
sahasra	23	abda adhyardha ahaḥ bṛhatī catuḥ dvi eka go lalitā paraḥ phala pādukā reṇu rātri saṃvatsara sūkti varṣa śata śrī ṛtu ṣaṣṭi ṣaṭ ṣoḍaśa
samudra	23	bhava catuḥ dadhi dugdha ghṛta guṇa ikṣu jala janma jina kṣāra kṣīra lavaṇa mahā priya pūrva sakālī sarpis sarpiḥ saṃsāra surā velā śiva
sundara	23	ati guṇa hāyana kṛṣṇa loka mahima nanda padma pakṣa patha pattra puṇya rati siddhānta soma su sura sāraṇa trailokya tri uṣṇa vinaya śyāma
taraṃgiṇī	23	bhakti bhāva dhātu jaina jala kīrti kṣīra nyāya prastāva rasa rāja rūpa sura svarga sāhitya tarka vana vijñāna vāda vṛtta yoga śabda śṛṅgāra
tyāga	23	asu bhojana deha dharma jīva karma mahā mauna prāṇa rājya sarva saṅga snigdha stana stanya sthāna suhṛt tanu ātma śarīra śastra śleṣma śīla
vajra	23	anumata dāna dṛḍha hasa indra jñāna jīrṇa karma kṣudra līlā nīca nīla samaya su svarṇa uda udaka vācya vāg vākya ārya śaivāla śoṇa
varṣin	23	amṛta apātra bāṇa citra daśa jīmūta kāla kāma manīṣita māṃsa prā saṃtata sudhā tuṣāra vicitra śara śarkara śarkarā śata śilā śoṇita śīkara ṣaṣṭi
vastu	23	bhoga bāhya kapila kārya mahā maṅgalya para pañca prati priya raṅga rohita sad saṃgraha siddha sāra tri varṣā vinaya vraṇa yathā yuddha śubha
vikāra	23	anna ayo bahir bhakṣa bhrū bhāva ceto citta dhvani dhātu ikṣu kṛta mano nir payaḥ prasava rakta roma sa svapna tad tamo vāta
vinoda	23	agāra bhīma dīkṣā graha hari kṛṣṇa madana mano nija nir praśna rādhikā rāja rāma sabhā upavana vaidya vidyā vādi vīṇā vṛtta yuddha śrama
vārttika	23	bhaṭṭa bhāṣya laghu mahā mokṣa māhā mīmāṃsā nyāya nārāyaṇa piṅgala pramāṇa rāja sa sambandha taittirīya tantra vedānta vāsanā vṛtta vṛtti yoga śloka śulba
śākha	23	adhama avāk bahu bhadra catuḥ daśa dvi dīrgha eka kharva kṛśa madhu mahā niḥ nīca pañca sahasra sūkṣma sūtra tri uttama vi śata
śāla	23	agni bahu bāhu catuḥ chāttri dvi dākṣiṇa go khara mahā patnī paurva prācīna pātnī pīta tri vatsa vātsa vāṇa śilpa śilpi śukla śveta
ṃ-kara	23	abhaya bhadra bhaya dīpa kha kṣaya kṣema livi madra megha pala pralaya priya sukha tīrtha vaira vaśa vismaya viśva vṛti yata śiva śubha
bhedin	22	bhūmi bāhu gṛha jambha kuṇḍa marma purīṣa pāṣāṇa rasa rādhā rāhu rāṣṭra samaya samādhi satya setu upala vaktra vastra viḍ vṛkṣa śabda
citi	22	agni amṛta brahma droṇa dāru eka go idhma iṣṭakā loṣṭa mauni prati prauga prāṇa punaś sadma stoma svayaṃ sāvitra vāyu yathā ṣaṭ
cāra	22	agastya ayukta bhauma bhikṣā budha bṛhaspati dadhi gūḍha hasti kalyāṇa kaumudī kāma māṇi pāda rāhu rātri sac saha sukha śiti śukra śīghra
dātṛ	22	agra anna ati bhakta brahma cira kanyā mantra phala piṇḍa prāṇa punar pṛthu sarva sthāna su udaka vara vidyā vṛtti śarma ṛṇa
gātra	22	anunnata anupūrva bhasma gaṇḍa lohita madhura pakva prastabdha puruṣa pāṇḍu rajo sarva saṃgata srasta stabdha su sāra vara vibhakta viṣṭabdha śīta śūna
haraṇa	22	agha bali draupadī dāha go jala jāmbavatī jānakī kanyā mānasa prasabha prācīna rajo rasa rukmiṇī sarva strī sva sītā uda vāḍaba śukra
jātīya	22	andhra antya bhinna bāla dvi eka haṃsa itara mahā mṛdu nānā paṇḍita paṭu sama samāna saṃkara su sva taj tathā vaiśya vṛkṣa
muktā@valī	22	bhakti bīja hari hasta jātaka mantra muhūrta mukunda nyāya padya paryāya prayoga saṃgīta saṃskāra siddhānta smṛti sādhana sūkti vedānta vṛtta yoga yukti
nara	21	adṛṣṭa ahī jala kiṃ koṇa kāla nir parṇa preta sa sabhā sama sarva siddha uśī viśva viśvā vāstu śacī śikṣā śva
nāla	22	brahma deva dīrgha kaṇṭha khara loha nābhi padma parṇa pava rakta sa saṃdhi sthūla su sura vakra vi yantra yava yāva ūrdhva
nāśa	22	abhikrama artha ceṣṭā citta dhana graha jīva kula kṛśa kṣīra labdha liṅga mano mūla prāṇa sapatna sarva sva tan tālu śoka śuka
pavitra	22	antaḥ bahiṣ bhū brahma darbha daśā jala kim kuśa kṣā mahā raśmi sa su sāma varṣa vāk ārdra āṅgirasa śata śākhā ūrdhva
paṅkti	22	akṣara haviṣ keśa loka mahā megha nārāśaṃsa pada patti prastāra racita rathyā sataḥ savana saṃstāra sopāna taru unnayana viśīrṇa viṣṭāra āstāra śrāddha
prakāra	22	anāsrava aurva auṣadha bahu bheda bhinna dohada eka evam nānā sahasra sarva saṃhitā sindūra stambhana tat tri triḥ yoga āhanana ārādhana śānti
pratiṣṭhā	22	agni bhakta bimba deva gādha hanumat janma liṅga mūrti nāga pratimā prāsāda prāṇa rudra satī sthira sura sūrya viṣṇu vrata yantra śiva
pūta	22	ati brahma dharma dhyāna dhāra dṛṣṭi gabhasti mahā manaḥ mantra pavitra sarva satya saṃcāra saṃskāra su vastra vāk vāyu yantra śaka śastra
ramaṇa	22	bhū doṣā gopī hiḍimbā kṣapā kṣoṇī lakṣmī para rajanī rasika rati revatī rohiṇī rādhā rākā tārā urvaśī uṣā yāminī śacī śarvāṇī śraviṣṭhā
rātri	21	apara brahma gata kāla madhya mahā moha pakṣa prati pāścāttya pūrṇimā sa su sukha uru varṣa varṣā yakṣa śeṣa śiva ūna
vallikā	22	anuṣṇa aṅghri bhadra ghana gūḍha kapi khara kāṣṭha kṛṣṇa kṣīra mohana raṅga soma su toya tāmbūla vasu vyoma vṛṣya yojana śiva śuddha
vedin	22	brahma dhanur dvi gambhīra guṇa kanyā karuṇa kāruṇya kṛta naya niśā nīti pada rātri sakala sarva tri vedānta yajur āyur śūdrā ṛg
śūnya	22	abhimāna akṣara bahu bhāva dūra hetu karṇa lajjā lobha mahā muṣka niḥ prāntara puṣpa sarva svara sāra tṛṇa vastu vi vṛkṣa śūnya
aśva	21	bahv bṛhad go harid hary hasty jāty kad madhv nir pārṣad pīvo pṛṣad sad sākam vidad viṣvag vy vāyv vṛṣaṇ ṣaḍ
bhojin	21	amṛṣṭa animantrita aśrāddha bahu bhujaga bhujaṃga caṇa eka gṛha kṛcchra mudga muhur saha sudhā ucchiṣṭa viḍ vāja śeṣa śva śīta śūdra
bhīru	21	anartha bhava bhīru candra daṃśa dharma jarā kāka mahā parṣad patad purīṣa taraṃga tejo varṇa vistara vivāda śata śva śāta śīta
dhūma	21	alaṃ cariṣṇu citā go gṛha havir homa kaṇa laiṅga mṛga nabho nir preta sa sāgni tṛṣṭa veśma vi vyoma āgāra śaka
dāyin	21	anna apatha apātra bahu bhakta bhaya dhana kusuma phala salila saukhya saṃdeha smara sādhu trāsa udaka viṣa śiva śubha ṛṇa ṛṣabha
gama	21	araṃ bha bhūri cheda deva dur hṛd kha kāma nai pakṣa pataṃ puro pūrva sadā su sukha sāgara tiryag uro vātiga
ha	21	apāṣṭhi ari arāti darpa druṇa guru jala karañja roga sahasra sapta satrā tṛṣā viṣa vraṇa vāpī vāstu vṛtra yoni śatru śleṣma
hetu	21	aniṣṭa bhaya citra ghṛta jīvana karma kāraka mada mahā mṛtyu nimitta nir phala sa saṃketa smṛti sva vikāra vināśa viśva vṛtti
jananī	21	akṣara bhīma bhīṣma bhūta deva heramba ku kāma loka manda putra rakṣo rāma sakala skanda strī vaidarbhī veda vetāla ākāśa āmoda
jyeṣṭha	21	agni bala bhūri brahma indra janma kavi kāma liṅga loka mantra manu rasa samudra su sura vaiśvānara varuṇa varṇa vasu śārdūla
jānu	21	antar asita bahir bhagna bhīma dhūmra ghaṭa indra mahā nata pura savya saṃhata upari vatsa vi vistīrṇa vyūḍha śakra śiro ūrdhva
kamala	21	aruṇa caraṇa dhvasta hasta hema hṛt indu kara keli līlā mukha nīla pada rakta sa sita sthala su sūrya vibuddha śveta
kaṇa	21	agni ambu dṛṣat jvalana jyotiṣ kṣiti muktā mṛt rajaḥ sarṣapa suvarṇa svarṇa taṇḍula tila toya tuhina tuṣāra tūla śikhi śāli śīkara
kusuma	21	akāla barhi bisa caṇḍī darbha deva gagana gaṇḍa kalita kandalī maṇi meṣa prastha prathama rīti samanta vana vāsantī śaṅkha śilā śirīṣa
kūpa	21	andha carma dharma gayā gaṇḍa kandarpa kanyā kaṇṭha kaṭi loma mahā prati roma saṃsāra sopāna tanu tapta trita yakṣa śara śauca
kṣama	21	bahu bhāra dṛṣṭi ghana gīta karma kleśa kāla kārya kṣiti kṣoda sadṛśa sambhoga saṃgara sparśa sādhana upabhoga vadha vimarda āyati śrita
patana	21	agni amogha bhṛgu caraṇa deha duṣ kula mahī mūtra pallī pāda rakta stana su tuṣāra tāra vahni vajra yayāti śarīra ṛṣi
pādapa	21	arka brahma bāla bīja dīpa dīrgha gaja janma jantu kalpa kuñjara mathita phala pracura sura sāra uddeśa uddeśya vana viṣa śakra
pīṭha	21	aṃsa bhadra dharma karṇa kathā kaṇṭha kṣiti liṅga mahā manda pāda pāśaka pūga raṅga siddha skandha tarku vidyā yoga śiraḥ śārikā
pūrṇa	21	anna ardha aśru aśva bala bhāṇḍa bīja darpa ghṛta jala kalā kavi mahā pīyūṣa rakta sarva sasya su sva tūla ānanda
rajju	21	akṣṇayā bahī bandhana darbha hṛdaya kuśa kāṣṭha mukha nāsikā paśu pramatta pāda pāśa pūti rāga rūpya sama snāyu vaiśākha vāta śaṇa
retas	21	bahu bhūri bādhya dvi hiraṇya kumbha kṛśānu mahā parjanya sa sahasra su suvarṇa svarṇa ugra vahni vasu viśva vāyu yajña ūrdhva
ruj	20	alpa dṛg grahaṇī guhya hṛd mahā mano mukha mānasa netra nī puru pārśva sa smara tapa vasti vi śiro śravaṇa
setu	21	aṅgāra dharma dīkṣā horā kedāra kāśī mahā mathurā nala prayāga prākṛta rasa rāma sikatā suyyā sva sīmā vivāda vyavasthā śaila śuddhi
sāra-saṃgraha	21	audgātra bhāgavata bhāvanā dravya kāvya mumukṣu nārāyaṇa nīti pratiṣṭhā purāṇa rāmāyaṇa saṃgīta saṃkṣipta smṛti sārasvata vacana vaidya vaidyaka vidhāna vyavasthā vārttika
sūdana	21	ari ariṣṭa asura bala bali cāṇūra dhenuka havya keśi kirmīra krauñca kuṣṭha kīcaka madhu namuci pūtanā ripu rāvaṇa tāraka vala śambara
tantu	21	bisa dīrgha kula kāṣṭha lūtā manu nava nis padma prajā sapta saubhāgya su sūtra tri uda utpanna vara vi śata śaṇa
tuṇḍa	21	agni asthi ayas cakra dīrgha kaṅka kāka kṛṣṇa pīta rakta siṃha sūcī sūkṣma tāmra tīkṣṇa vajra vakra vaktra vāyasa vṛtta śuka
vacas	21	dur dvi gāḍha gūrta kala madhu mata maṅgala muhur priya prīti puruṣa sad satya sneha stuti su vipra yajña yācñā ātta
vallabhā	21	ali gaja ghuṇa grāmya kroḍa kāka mano muhūrta māgha mārtaṇḍa pañca prati prāṇa samudra vaidya viṭa vāraṇa vāri yajur yājñika āditya
vaṭa	21	akṣaya arundhatī bhadra cāpa gṛdhra kalpa maṅgalā maṇḍala muñja nabho nadī pañca prā prāg rudra siddha sthāṇu tapo tara vāg vār
vāla	21	aśva cakra camara dur go kara kavya kroḍa kāla kṛṣṇa loha maṇi pṛśni rajju su vāja vāra śiti śuddha śva ūrdhva
yogin	21	brahma haṭha ku kāla madhya mahā puruṣa sadā samprajñāta sarva saṃharṣa siddha soma sthāna sthāne svādu vijñāna vinaya yoga śiva śuka
śayyā	21	anta ariṣṭa bhū bhūmi divā garbha jala janma mahā parṇa puṣpa pṛthak rāja saha sthaṇḍila sukha upari veṇu vilāsa vīra śara
śodhana	21	danta dhātu havya janma jihvā mantra mukha mālā pāpa rasa sama surā tulya tūla udgāra vaktra vasti vraṇa śakti ūrdhva ṛṇa
śruta	21	ardha bahu deva duḥ dūre dṛṣṭa jana ku paryavadāta sambhṛta sana sanaḥ su uttama vasu veda vipāka viṣṇu vāja yathā yāma
bhāṣin	20	alpa avyakta bahu dur gadgada kala madhura mañju mita mṛdu mṛṣā niṣṭhura priya prākṛta pūrva spaṣṭa su ucca vipluta vāma
bāndhava	20	abja ahar arka cakra dūre giri hata jana kamala kubera kumuda loka mātṛ pika pitṛ rāja sa saha su sva
candana	20	arka go gopī hari indra ku kṣudra lohita pracura pāṃsu pīta rakta su vana vara śambara śiti śoṇita śrī śveta
cāpa	20	bāhu citra dhṛta gṛhīta hari hasta indra kusuma māghavata mṛdu puṣpa sendra skandha sthūla sura tūla vilāsa vāsava ākhaṇḍala śakra
daśa	18	aṣṭā catur dvi dvā dāma kṛṣṇa nava nir pañca prāg pāñca sa sapta trayo tri udag upari vi
dugdha	20	adri arka avi bahu dhenu eka go hema prathama prātar pūrva ravi sa sadyo sāyaṃ tadānīṃ vitta vrata yajña śukla
dvādaśī	20	araṇya aśoka bhīma jāmadagnya kūrma kṛṣṇa madana malla matsya nāma rāma tila tāraka varāha vibhūti vijaya vāmana vārāha śravaṇa śrāvaṇa
ghaṭa	20	agni bhadra dharma dur ghaṭi ghaṭī ghṛta hasti kāla lola mahā maṅgala mṛd nir secana sneha su surā sāmānya vṛkṣa
karṇikā	20	bahu bhadra gaṇa giri karṇa kāla laghu maṇi mārjāra mūṣaka padma puṣkara ratna sita stava undura upadeśa varāha vāri vṛṣa
kesara	20	baddha bhānu dina ibha karāla māma mūla nāga padma phala phaṇi rakta rasa roma sarva siṃha su vāraṇa śata śiva
kopa	20	antaḥ asta guru jita jāta krīḍā kṛta mithyā mṛdu oṣṭha pakṣma praṇaya sa samupajāta saṃjāta upajāta vahni yajña śastra śaṭha
koṭi	20	bhūta dhanuṣ ghoṣa koṣṭha kāla kṛta nagara nava pramāṇa pūrva ratna rudra siddhānta stana tulā yama yava śata śaśi śuddha
lakṣman	20	hariṇa jarā kampa kusuma lulāya mṛga nṛpa purastāl puṃ reṇu rāja sa samīra tulya tāla upariṣṭāl uttara vyakta śaśa śrī
megha	20	amṛta dharma droṇa gṛha hemanta kāla mahā maṇi nava nir nṛ puṣpa rajo sita su sāgara uda utaṅka vi śaran
māra	20	agha ahi aja aśva dhundhu dundu haya jana khaḍgi kṣudhā mṛtyu nir nāga para paśu punar skandha tṛṣṇā vajra śiśu
mātṛkā	20	asra bahir bhūta bīja dhāraṇa graha kula loka mṛga nyāya rahasya rasa samaya varṇa veda viśva vyavahāra yantra śakra ṣoḍaśa
māya	20	ahi bahu bhūri daśa deva dhānya gata gūḍha kroṣṭu mahā nir puru sameta sarva su vana vi vyoma śata śīrṣa
pitṛ	20	bhoja brahma dakṣa dvi go hata jagat jīva jīvat karṇa koka ku mātā pitṛ preta putra rāja sva tvat śākalya
pratyaya	20	apatya apavāda bheda bhāṣya dṛḍha dṛṣṭa evam glāna jāta labdha loka mithyā pūraṇa sa strī sākṣi sāmanta vi vṛtta yuva
pūruṣa	19	antara ati daśa jala kim madhyama mahā para parama parvata prati pāpa rāja saha sarva strī tri uttama ādi
saptamī	20	gaṅgā jahnu jayantī kalyāṇa lalitā mahā makara mandāra mitra nimitta putra ratha samīpa ubhaya vidhāna vijaya viṣaya śarkarā śītala śītalā
tapas	20	agni agrya atapta bahis bṛhat dīpta dīrgha jñāna kaṣṭa mahā pañca rohiṇī sa satya saṃśita su sūrya tapta ugra śveta
taṇḍula	20	bhṛṣṭa citra gandha hrasva jīva komala kūla kṣudra mauktika pīta snigdha sthūla sāra sūkṣma tāra vaṃśa vīra vṛtta śveta śyāmāka
toya	20	antas gandha ghana gharma karaka kat lavaṇa mantra marīci mṛga mṛt nis prabala stabdha su vi viśva āsvādya śuṣka śānta
trāṇa	20	aṅguli bāhu jaṅghā karaṇa kaṇṭha khura kṣiti kṣā prāṇa pāda tala tanu tvak udara uras varṣa vāta ātma śiras śīrṣa
veśa	20	agni asva cāru cāṇḍāla cūḍāla dāsa kapaṭa malla nai nindya prati pratī sa soma su vahni vastra vidhūta vāraṇa ārya
vivaraṇa	20	aiśvarya dharma dīpikā gṛhya jyotir kalpa kīlaka makaranda mudrā nyāya saṃgraha smṛti spanda sphuṭa upaniṣad vedānta vibhakti vyākhyāna vākya vāsiṣṭha
vratin	20	ahi baiḍāla baka bhrāṣṭra deva mahā matsya mithuna māyūra mūla pāśupata rāma sa snātaka tila veda yāvaka āplava āpluta śiva
vādya	20	bhāṇḍa brahma carma galla ghaṇṭā jala jaya mukha nakha pada parṇa paṭa raṇa tantu tāla udaka vaṃśī veṇu vīṇā śṛṅga
yoṣit	20	dyu guru kula lepya para paura paṇya rāja saha samudra sarva siddha sura svar vara veśa vidhava vāra vṛddha śiva
śastra	19	astra buddhi bṛhatī mahā niḥ nṛ paryāya prauga sa saṃnyasta stuta stuti tīkṣṇa upātta vi vālakhilya vṛtta śilā ṣoḍaśi
śikhara	20	arbuda asta aṭavī bhuja bāhu daśana gayā giri parvata pradyumna pṛṣṭha racita ratna sa sahasra saudha tri vahni vaiḍūrya śaila
śūra	20	candra deva dāna gehe hara karma kṣema nāga pitari piṇḍī pradāna rati raṇa samara samudra sarva soma ādi ārya śṛṅgāra
ṣeṇa	20	bharaṇi bhānu bhūri dhṛṣṇu hari mātṛ nandi pṛthu ravi rohiṇi rohiṇī sindhu su svāti vasu vāri āśu śrī śānti ṛṣṭi
ṣṭha	20	agni barhiḥ bhuvi bhūmi divi dvi go methi nāri nārī parame paśu prakṛti prā puñji savye tri upari śakti śaṅku
bhinna	19	antar chinna chāyā dvaṃdva dāna dūra guṇa mūrdha nakha nir nisarga sambandhi sūci tad tri varṇa vibhāga śaṅkha ūru
bhāvin	19	abhito apunar bhūta bhṛtya cira eka krama loka prathama prāyo punar puro pūrva sadyo saha tathā vinā āśu śvo
bāṇa	19	asama bhasma citra drāvaṇa dṛṣṭi gīr kusuma kāma latā nir pañca piccha puṣpa rāma surabhi vi vilāsa viṣama vāra
carman	19	duś gaja gala go hariṇa kari meḍhra meṣa niśā nīla paruṣa siṃha su vajra vi vyāghra yuga śata śārdūla
daṇḍaka	18	bhuja citra hanumad lupta lāṅgala mantha mātaṃgī pāra rāma sarasvatī saṃhitā stava tri vajra varṇaka vāg śiva śyāmalā
dhṛti	19	acala carṣaṇī dṛḍha garbha ku kṛṣṇa kṣatra kṣmā mahā medhā nija satata satya sendra su sva sāyaṃ tapo śata
divasa	19	adya anadhyāya ardha bhū dur garbha gata guru jani kṣaya lagna parva prathama sapta saura su tri tṛtīya viṣuvad
durga	19	bṛhad danti deva dhanur dhanva giri hanumad ilā mahā mahī manuṣya nṛ parvata prānta ratha rāma vana vāri ṣaḍ
dāra	19	bhū candra cāraṇa dharma guru hṛta karbu ku kṛta mṛta para putra rāja sa saha sva udara vāyu vṛddha
dṛṣṭa	19	anapāya bahu deśa dur ku kṣaṇa pramāṇa pratyakṣa purāṇa pūrva sahasā samāpatti su sva sākṣād veda vidhi viśva śāstra
ghātaka	19	brahma go grāma loha mātṛ pitṛ prāṇa puṣpa rāja sphig strī supta upāṃśu vadhya viśvasta viśvāsa viṣa ātma śaśa
gupti	19	bīja candra dāra kriyā kāraka mantra mitra pañca prajā randhra ratha rāṣṭra su svara veda vidhu ākāra āmra ātma
gīta	19	bahir cāru komala mahā maṅgala maṅki nṛtya pitṛ pramatta purāṇa rudra su sāma upāṅga vaṃśī veṇu vāyu yathā śaṃkarī
gṛhīta	19	aṣṭa aṣṭā bandī catur dhūr dhṛti dvādaśa gandharva karṇa keśa mano pañca pāṇi su sva varuṇa yakṣma śamala ṣoḍaśa
kalā	19	abhyantara ayana brahma candra gāndharva indu kalaṅka kāka kāma mahā ratna rāja sahasra saptama sat tri vibhūṣaṇa śaśi śrāddha
ketana	19	dahana dhūma jhaṣa kapi krīḍā makara mīna mṛga nabhaḥ nakra padma patatri puṣpa saṃketa su utpatti vānara vṛṣa ṛśya
khaṇḍana	19	bheda mahā nyāsa phala pramāṇa pāṣaṇḍa rada samavāya sāṃkarya tuṣa upādhi uttara vaiśvadeva viśeṣaṇa vyākaraṇa vādi vākya śulka śīla
kiraṇa	19	ahima amogha amṛta aruṇa avaśyāya aśiśira caṇḍa dīpta hima manda ravi sahasra tuhina tuṣāra uṣṇa śata śaśi śiśira śīta
kuṭī	18	aśva bhra bhrama bhru bhrū bhṛ caitra gandha grantha jaṅgama khara maśaka parṇa paṭa pāka tṛṇa upari vāsaḥ
kṣit	19	acyuta antarikṣa apsu bandhu bhū dhruva divi giri kṣiti loka mahī parī pāri pṛthivī sa sapatna sarva sindhu vraja
lekha	19	brahma candra catur hasta hṛdaya hṛl jaya khañja kūṭa loka madana manmatha pāṇḍu rāja sakṛl smara su śilpa ṛju
lipi	19	animitta aṅga bhūta dakṣiṇa dakṣiṇā drāviḍa dur haṃsa magadha mudrā prati puṣpa puṣya saṃkhyā sāgara utkṣepa vajra vaṅga vikṣepa
maha	18	brahma candra cūḍā dhanur gaṅgā indra jāti kaumudī kuṭī kāma kāmi madana mahā mātā mātṛkā paitā pitā viśva
maṇḍana	19	antya avasita gaja jina kavi lulita mauli mukha māruta naṭa palāṇḍu priya rūpa sabhā sārasvata sāya vidvan viśeṣa vāstu
mokṣa	19	ati bāṣpa duḥkha gandha garbha hanu kara kāśī mucukunda parama praśna preta prāti rakta saṃsāra sirā śakti śāpa ṛṇa
mukta	19	ati gāṇḍīva jīvan kara līḍha mukti nija nitya pāpa pāṇi pūrṇa pūti roga saṃdhi su yantra yoni ākarṇa śāpa
mānin	19	astena ati bahu darśanīya deha dhāma dhṛṣṭa madrikā mahā paṇḍita puruṣa raho strī su sukha tan vaidya vīra śūra
padavī	19	artha ghana hāsya jala khura kārya muhūrta nayana pavana puṣpa rahasya reṇu saṃsāra smaraṇa sādhu viveka yauvana śrotra śūnya
parī@kṣā	19	daiva dharma dūta kāraka mata maṇi muhūrta mūtra nāḍī nāṇaka puruṣa ratna saṃśaya svapna sākṣi tulā vajra vāstu śakuna
prakāśikā	19	bhaṭa bhāva bhāṣā dravya dīpikā karma kāla maṇi mita naya nyāya prauḍha saṃgraha sāra sūtra vaibhava śruta śruti śāstra
pāyin	19	alpa amṛnmaya amṛta candrikā dugdha dvi kaṇa kuṇḍa kṣīra madhu rakta rasā rudhira soma stana stanya taila vasā śīghra
rakṣa	18	aśva cakra dhana giri go khaṇḍa kṣetra loka pota pura pāda pṛṣṭha saha saro senā soma su śīrṣa
rañjana	19	jana keśa loka mahā mana mano netra pattra paṭṭa pāka rasika ruci sabhā sita strī su vastra yoni śveta
ruhā	19	agni amla apada bahu kaccha kakṣa keśa kāka kāṇḍa kṛtta kṛṣṇa kṣetra kṣudra māṃsa pādapa sthala sthale taru vṛkṣa
sampanna	19	buddhi daiva dākṣiṇya guṇa jāti kāla lakṣmi loka prakṛti rūpa sarva sattva saṃskāra su svara vega vīrya vṛtta śīla
sani	19	abhaya abhra aśva daśa dhana go kāma loka paśu prajā sahasra stanayitnu su vidyut vāja vṛṣṭi ātma śata ūrja
saṃstha	19	bahiḥ brahma brāhmaṇa catuḥ citra dhanuḥ dhara dvi dūra gṛha phala prāk pārśva sarva sukha udak vakra ātma īśa
tulya	19	bhauta brahma candrikā dik dṛk etat go kratu kāka kāla māsa sva tat tāta vajra viṣa śarīra śaṣpa śīla
vasana	18	avadāta bhadra carma cīra daśana dig dīkṣita kaṣāya kāṣāya mukta nīla rakta samudra samāna su varṣa vi visrasta
vigraha	19	anāsādita bhīma kanaka khaṇḍita nāḍī pada pāda raṇa sa sakhi samādhi sarva saṃdhi sthala su supta sva śatru śuṣka
vihāra	19	bhadra brahma divā hiṃsā jaṅghā kaccha kṣapaṇaka mahā mṛgayā nir niśā rāja sparśa sukha vilāsa vraja vāri śama śarad
vāsara	18	bha bhṛgu bindu bodha dharma hari lagna maṅgala mṛta paṅgu ravi saumya soma śani śaśi śrāddha śubha śukra
vṛdh	19	dakṣa girā kṣatra madhu mahi namo payo rayi sa sadyo saho satya su sākaṃ tamo vayo yajña āhutī ṛdū
yava	19	ati bhadra bhṛṣṭa harita indra kaliṅga ku kāka kṣīra madhya mahā sa tri uraga vaṃśa veṇu vi vrīhi śakra
yuta	19	agni bala baḍiśa daiva go gātra kāla kīrti mudā na prasara prāṇa snāyu su sābhijñāna tyāga yaśo śalka śrī
śalya	19	adhva antaḥ bahu brahma grāsa hṛdaya jihma jihvā karma kāma manaḥ niḥ sa su tri vajra vi vāk śata
śīrṣan	19	avanata avācīna ayaḥ eka gṛdhra haya hiraṇya kṛṣṇa mṛga ruru sa sahasra sapta sarpa tri ubhayataḥ vi śata śīrṇa
bhāskara	18	ardha bhagavad bhagavanta bhaṭṭa bhāṭṭa brahmaṇya hari jñāna kaśyapa laugākṣi nyāya saubhāgya saṃskāra smṛti vi yoga śiva śruti
bila	18	arvāg catur ghrāṇa grīvā kumbha kusūla kūpa mahad mahā pañca sado sthālī tiryag tvag uru vasti vi ṛkṣa
cikitsā	18	arka astra aśva bāla jvara kāya mādhava saṃdhiga saṃnipāta sārameya vaidya visarpa vraṇa yoga yoni śastra śruti śvayathu
duḥkha	18	antar duḥkha dvaṃdva dṛṣṭa eka mahā mano nir para sa sama samāna saṃsāra su sukha svalpa tad śiro
dūṣaṇa	18	artha arāti bauddha kanyā kaustubha khara kula kṛtyā loka mukha nārī para paṅkti pūtanā rakta sapatna saṃdhi viṣa
gaṇḍa	18	asi ati chāttra gala gale kapha medo meru mura pala sura turuṣka tūrya vāta vāyu yuva śakula śāstra
hatyā	18	bhrātṛ bhrūṇa bhūta brahma bāla bālaka go mitra muṣṭi pitṛ rāja sarva strī vīra ātma śatru śiśu śūdra
havis	18	aśva deva dvi mahā paro pavamāna pañca punar puro ratna rāta satya su tanū tri upāṃśu yajamāna ājya
kala	18	akhaṇḍa bāṣpa catuṣ daṇḍa kala keli kiṃ kṣayi mada niṣ paryāpta sa su uṣaḥ uṣā vi ṣaṭ ṣoḍaśa
kalaśa	18	bhūti deva droṇa hema indu jyeṣṭha kanaka kara maṅgala mukti praśasta ratna rudra rāja snāna soma stana sudhā
kaṭa	17	alābū avi bhaṅgā bhinna bhoja dhauta divya kara kaṭa paṅkti sa tila tri umā uras vi śruti
kriya	18	anya avitatha bahiṣ bhraṣṭa cira eka hīna jaḍa kṛta naṣṭa niṣ sa sama sat tat viṣama āpta śabda
kutūhala	18	bhojana karaṇa karṇa kṛṣṇa kṣema mīmāṃsā niṣ nyāya rāma sa smārta sāndra tarka vaidya vaiṣṇava viṣṇu vāda yuddha
kāram	18	akṛta ayuja bṛhatī chambaṭ dvedhā guhā gāyatrī ittham kakup kathaṃ kikkiṭā maṇḍalī nānā nīcaiḥ tathā tiryak uccaiḥ yathā
mardana	18	ari cāṇūra graha kaṃsa keśa kukkuṭa kālīya kāma kāsa kṣatriya mainda mura pāṃsu samara samiti vīra yava śatru
matsya	18	alīka bahu dagdha daṇḍa go kuḍya kṛṣṇa mahā mīna nir prati pāka rakta rohita varmi vīra āgata śuṣka
māruta	18	ati caṇḍa dīrgha jhañjhā mallikā mukha paścān paṭīra puro pīta su surabhi sūti sūtikā sṛṣṭa vadana vṛṣṭi ūrdhva
nakṣatra	18	agni deva eka ghāta hari indra janma kula kṣaura kṣura lagna maitra nāga nāḍī puṃ pāpa sūrya yama
nanda	18	bhava bhoja bhūmi bhūta bhūti go hari kṣiti maṇi melā meru parama su sundara sītā vasu viśva yoga
nandin	18	bhava brahma dharma hari jumara kṛṣṇa mahā mañju mātṛ padma rabhasa rudra siddha soma sāgara vijaya vinaya āgata
nāsa	18	chinna cipiṭa go kapi ku kāka kṛśa mahā markaṭa sthūla su tiryag tiryaṅ tuṅga tuṅgī vakra vi śuka
pallava	18	bīja dhūma dīrgha ghana kara lulita nava oṣṭha pañca pramāṇa prati pāṇi rakta sa tāmra vana śrāddha śīta
plava	18	asi aśma dharaṇī dharma jala ku kuśa mahā marut nayana pota puṇḍarīka pāri pṛthivī sukha uda vi vilubhita
prabandha	18	ati bhoja bhānu hanumat kapaṭa kathā kriyā mahā nayana netra rasa rāghava rāmāyaṇa smṛti syamantaka vikrama vākya yātrā
prabhāva	18	alpa candra divya evam hata kim mahā mantra niṣ prāpta sa saumya su tapaḥ tathā vajra yaśaḥ śrī
pradīpikā	18	bhuvana bhāva dhātu galita hara kalpa karma nyāya prākṛta saṃskāra smārta spanda sāra vikṛti vyavahāra yoga śruta śārīraka
prajña	18	antaḥ bahiṣ bahu duṣ dīrgha kṛta manda niṣ pathi pūrṇa pṛthu sa sthita su ubhayataḥ vipula viśada ṣaṭ
prā@ya	18	bhauta bhūta drava hata hiṃsā mṛta naḍa prabhāta priya sa samāpta samāsa saṃstuta siddha siddhi sikatā strī vajra
rakṣā	18	anna bāhu bāla deha garbha gṛha mahā pañca prāṇa rahasya rājya rāma sasya tārkika vedānta ātma śarīra śābdika
reṇu	18	aṇu bhadra bhasma bṛhad candra hema kuṅkuma madhu maha nabho nāga puṣpa rakta ratha saṃsikta su trasa vīra
ruc	18	akṛtta aśīta dhūmra divo ghana kṛta nī puro puru purū sa sahasra su sūrya tanū tigma vasu śīta
rṣi	18	brahma deva dvija jina maha parama rāja rājanya rāma sapta siddha soma sura sādhya ukta vipra yatha śruta
sambandha	18	artha brahma dāra ku kṛta niḥ para piṇḍa roga samavāya saptati siddha su vaiparītya vivāha yauna yoni śarīra
sampad	18	akṣara bhāgya dhana durga guṇa icchā kṣaya lakṣaṇa phala pṛthu rūpa sa samagra sarva su svara vara yathā
sara	17	agra agre dāha jambu khe mauktika maṇi nava parī prāgra punaḥ puraḥ pūrva sarva sva tri vega
sarpa	18	brahma citra duḥ giri go koli kāla kṛṣṇa mahā nai niḥ parī pīṭha rāja sa tāmbūlika śveta ṛju
sattra	18	bhūmi brahma deva dīrgha go kula mahā muni mṛga nakṣatra pañca raṇa rāja rātri sarpa saṃvatsara su yāt
sāt	18	arthi bhartṛ bhasma brāhmaṇa jala loka madhu mṛtyu rāja sarpa sarpis vapus viṣṭhā yajus yama ātma śara śatru
sūrya	18	bāla candra dvi dūra jala kāla mṛdu nānā nṛ pracaṇḍa prati prāpta sāyaṃ uṣāsā vajra vi yama śāli
tarām	18	adhas alaṃ bahu bhūyas kathaṃ kiṃ kutas na nīcais paras prati prāhṇe prāk prātas punas su āvis śanais
taṭa	18	dik kaṇṭha kaṭi kuca lalāṭa mahī nadī sama samudra sarayū stana tāpī uccais udaya velā veṇā śroṇi śīla
vairin	18	baka dhātu dānava dṛḍha indra kapha kopa kāka mura pura pūrva sura tamo tāraka vāta vṛtra yakṛd śuṣka
vallarī	18	amara amṛta aṅgāra candra dhyāna gandha ikṣu indra kadamba kuñja kāka mantra nāga pattra soma su vana viṣa
varṇana	18	arṇava guṇa madhu mantra nala naraka nārāyaṇa pātāla sa sahya samudra vaikuṇṭha vasanta yamunā yoga śarad śoṇita śrāddha
vibhāga	18	anyonya deva dhana dig dur dāya jīvad kiṃ kāla kūrma mantra riktha rūpa sama sthāna uddhāra viṣama yoga
viśeṣa	18	bhagavad bhojana daśā dyūta grāma guṇa gīti karma maṇi nir nyāsa pratimā rasa rata sa vayo vākya śabda
vyādhi	18	anila apagata druma dīrgha go hṛdaya mada mahā mūla nir pavana sa saṃcāra udara vāta yathā śilā śravaṇa
vyākhyā	18	bhārata bhāṣya dīdhiti dīpikā māgha nārāyaṇīya pārṣada pūraṇa saundarya saṃvara saṭṭaya siddhānta stotra svara viṣama śataka śekhara śāstra
yāga	18	antar aṅga brahma darśa gaṇa graha indra mātṛ pakṣa paśu sarpa sattra skanda soma viṣṇu vāstu yama śyena
yāma	18	aiḍa antar ardha citra daṇḍa dīrgha kṛta kṛṣṇa mahā pañca pṛkṣa saurya su tri tveṣa vāg yāta śubhra
śāli	18	araṇya gandha gaura go karaṅka kāla kārttika kṛṣṇa mahā muṇḍa pota prācīna rakta sthūla sūci sūkṣma śoṇa ṣaṣṭi
ṃ-dhara	18	dharaṇī jala jāti kula kuśika nemi nimi seka varṣa vasu vinaya vārṣa vīra yauga yoga yuga śila śruta
ṃ-jaya	18	amara bhāga bhūmi dhana kṛta kṣetra mṛtyu nṛpa pṛthivī pṛthu raṇa ripu samara samiti suta sṛta śatru śruta
akṣa	17	bhūry catur dur dvy hary madhv nir praty pratyag prāty triy try vidyud vy śarad śucy ṣaḍ
aṅga	17	antar bahir bṛhad calad catur dvy hary mṛdv nir paśv praty tanv triṃśad try vy vīthy ṣaḍ
bhrū	16	agre asita ati añcita kapiśa lekhā nata saṃhata saṃnata su valgita vikṣipta vāma ārecita śalākā śubha
bhāṣā	17	bhūta chando deśa dravya janma karṇāṭa karṇāṭaka lāṭa mleccha muhur para piśāca prācya tarka vi vraja yukti
bhūya	17	amutra brahma deva eka ekadhā karma mūrkha nikaṭī putra rāja satya sura tūṣṇīṃ vidheyī vinā vṛtta ātma
brahman	17	anna bhūta bṛhad deva hari ku kṛta mahā oha para parama sad su svara tri tuvi śabda
campū	17	bhoja bhāgavata bhāgīrathī bhārata bhārgava gaṅgā kuśala kārtavīrya lakṣmaṇa mathurā mādhava nala prahlāda rukmiṇī rāmāyaṇa yādava śiva
cchandas	17	bhakṣa deva gaṇa gāyatra kali kṛta madhu madhye rātri sa saha samūḍha sapta vi vyūḍha āpta ṛṣi
cetana	17	apakṛṣṭa dīna gata hṛṣṭa mūḍha naṣṭa niś pratyak prāyaś puru sa su vi vihvala vyākulita śabala śīghra
dagdha	16	agni anagni antar ardha ati bandhu dur duḥkha hīna līlā māṃsa pāyasa samyag tanu vahni vi
daghna	17	atra aṃsa cubuka gaja grīva gulpha jānu kaṇṭha kulpha mukha nābhi puruṣa sphig upapakṣa upastha āsya ūru
dharmin	17	anyonya aprasava atithi cyavana divya maithuna martya patana prasava sa saha su tad vara vi yati yoga
dhāraka	17	daṇḍa deha dṛti eka karṇa kula mṛta nyāsa nāma pṛṣṭha sarpa tri tāla tīkṣṇa vastra vetra śata
drava	17	amla amṛta go hari hṛd hṛdaya kvathita kṛmi madhu mala medinī puṣpa sarala sudhā sāṃsiddhika śallakī śuci
druh	17	akṣṇayā antaka asma asura bhūta dharma garbha hima jagad kratu mitra puru suhṛda tata viṣu vṛtra yajña
dvaya	17	ati bhuvana bṛhatī doṣa haridrā hasta jāra koṭi kṣāra loka muṣka māsa mīna pakṣa rajanī śata śloka
gir	17	apakāra gara grāhya kāmya mañju muhur mṛdu purāṇa ruddha satya saṃdeśa sāma ucca upahāsa vṛṣā yata śama
gola	17	akṣi ardha bha bhū brahma bṛhad dṛg gola hṛd ilā kadamba kha kuṇḍa saumya viriñci viṣṇu yantra
gulma	17	cakra guccha jala kapha kṛṣṇa nalinī nir pitta rakta vana vaṃśa veṇu vāta vāyu vṛkṣa śara śleṣma
gṛhya	17	baijavāpa bhūta drāhyāyaṇa grāma guṇa hasta haste jyeṣṭha khādira lāṅgūla nāma pāda sarva sāṃkhyāyana āpastamba ārya śāṇḍilya
hāni	17	artha dharma dṛṣṭa guṇa hetu kāma māna phala pratijñā prāṇa puru rūpa sparśa vastu vrata vīrya śulka
jaṅgha	17	dīrgha eṇa jānu kharī khārī loha mahā mayūra nāli nāḍī piṇḍī su tāla valgu veṇu vi śuddha
kakṣa	17	bāhya go hasti hema hiraṇya jarat phala puṇḍa puṇḍra sainya sama senā su tulya śiti śrauta śruta
kaustubha	17	bhāṭṭa dāna mitra mīmāṃsā nyāya nāma pratiṣṭhā prayoga rāja saṃskāra saṃvatsara vaidya vedānta vyākaraṇa śabda śābara śṛṅgāra
kāntā	17	arka dik haṃsa kroḍa kāma kāmuka lulāpa rūpa sadā samudra tīkṣṇa varāha viṭa āditya śambhu śiva śrotra
kṣatra	17	ahi brahma bṛhat citra deva dṛk dṛḍha mahi niḥ prati priya su sva tuvi varṣiṣṭha vṛddha śrī
lagna	17	asta caraṇa ghaṭika janma kaṇṭha ku kumbha madhu madhya paṅka prāg pāda pṛṣṭha siṃha su yati śubha
lakṣmī	17	akṛśa ati jaya jyeṣṭha lāvaṇya mahā mihira raṇa rāja rājya siddha vana vasu vaṃśa vijaya viṣama ṛddhi
mahiman	17	alupta bhadrā datta devī hari kāla kārttika mahā mathurā pradoṣa rāma taru tīrtha viṣṇu yoga śiva śrī
nirūpaṇa	17	agra brahma ceṣṭā dravya dātṛ kāla naya pīṭha rasa sampradāya sphoṭa vidhi vyāpti ātma śabda śrāddha śuddhi
nivāsa	17	dyu jagan kva kāśmīrika lakṣmī parvata pūrva san sarasvatī sāyaṃ vidyā vṛkṣa yaṣṭi yādo ārya śara śrī
nāsika	17	avanāṭa cipiṭa gata kṣudra mukha namra nata pralamba pūti rakta sthūla su tīkṣṇa ugra vakra vi vigata
nāḍī	17	gandha garbha jala madhu mahā nata nābhi pakṣa parva prati prā puṣkara rakta sūrya vaṃśa vi viṣa
nṛtya	17	bandha deśī dhruva gīta jhampā kalpa līlā mahā mañca maṇḍala maṇḍalī maṭṭa pramoda rūpaka saha yati śabda
paribhāṣā	17	bhāṭṭa dāna magadha mīmāṃsā nāṭaka praśasta rūpaka saṃjñā smṛti svara tarka vaidyaka vedānta vyavahāra vyāḍi yajña śaiva
pattana	17	deva dharma dhārma jala marīci mañju muracī nārī prastāra romaka sa sthala svara sṛṣṭi vatsa śrī śrīraṅga
pattrā	17	ajina ambu carma dhūmra kaṅgunī kharva kṣara kṣudra mauñjī nāga sa surabhī vyāla vṛta vṛtta śirīṣa śāla
prasaṅga	17	aniṣṭa ati brāhmaṇa doṣa indriya kathā kriyā lekhya nārī strī sṛṣṭi vidhi virata viruddha viṣaya yātrā śāstra
praveśa	17	agni antaḥ citā duṣ dvārakā gṛha kuṭī māsa nyāya pattrikā raṅga su tamaḥ vadhū vana varṣa śāstra
prā@pta	17	avabhāsa bhūmi brahma duṣ hasta jīvikā krama pitṛ rāga sampradāya sukha vaśi vyavahāra yathā yoga yācñā śama
pāra	17	ananta apāra avāra brahma carcā duṣ dūra gata gaṅgā krama mahā māṇi niṣ pāra su śamanī śravaṇīya
pīḍā	17	cakṣuḥ cetaḥ dharma graha hṛdaya hṛt kaṇṭha madana manaḥ marma prāṇi rāhu soma vasti yantra śarīra śiraḥ
pūjana	17	atithi devatā guhyaka haritālikā lakṣmī mānasa mātṛ mātṛkā pitṛ pārthiva rudra sarasvatī viṣṇu vāstu śiva śāci ṣaṣṭhī
rahita	17	abhidheya bhāgya jīva lajjā pāpa saṃskāra saṅga uttara vipad vipatti viveka vyathā vyutpatti vyādhi yuyutsā śabda śraddhā
rakṣaka	17	araṇya bhūmi dhana dvāra go kula mudrā mārga pañca pāri rātri sasya sthāna udyāna vana ātma śarīra
rakṣita	16	buddha daiva deva jina mahā maitreya phalgu ratna sarva saṃgha su vasu vijaya śakti śākya śānti
ratna-mālā	17	dhātu jyotiṣa kula lalita naya paryāya pramāṇa prayoga saṃskāra saṃskṛta siddhānta vaiśeṣika vidhāna vyavahāra vyavasthā yukti śiva
rudra	17	eka hari jambu kapila kākatīya kāla likhita mahā medhā mālava nandi pañca rāma ucchuṣma vi śata śivā
rūpya	17	bāhu dvai dāśa eka garga ku kṛṣṇa maṇi māṇi prati sama viṣama vārka vṛka śaiva śiva śveta
sammita	17	hṛdaya mukha mṛtyu nagara pakṣa prāṇa puruṣa pāpa raśana rudra sahasra saṃvatsara veda vīrya yajña āsya ātma
samāsa	17	anitya anyāya ca dhātu jīva kṣetra nañ nitya prāk saptamī sarva siddhānta tṛtīyā udak upapada vyāsa ṣaṣṭhī
saptati	17	aṣṭa aṣṭā catuḥ dvi dvā eka nava pañca praśna prākṛta sapta sāṃkhya sūrya trayaḥ tri śuka ṣaṭ
saṃkalpa	17	dhṛta gata hṛṣṭa jāta kāma kṛta mahā manaḥ niḥ pāpa samyak sat satya siddha vigata śiva śrāddha
sveda	17	antaḥ dadhi drava gharma gupta karṣū nāḍī piṇḍa prastara puṣpa sa saṃkara su tāpa upanāha uṣma śilā
sūri	17	candra deva dinna divya hema māṇikya nārāyaṇa paṇḍita pūrva rudra samudra sūrya uddyotana vardhana īśvara śānta śānti
vala	17	bhrātṛ brahma dur hema naḍ parṣad payas putra pṛṣad rajas rajo vyāla śata śatru śikhā ūrjas ūrṇā
varti	17	dhūma dhūpa dīpa ghṛta liṅga mahā mūtra nir phala piṣṭa siddha siddhi sneha sudhā sādhaka varṇa vāla
vasati	17	baddha dur duḥkha garbha gūḍha kāma kṛta lakṣmī pitṛ prathama prati ramaṇa rāja saha sattra tad vilāsa
vitta	17	bhaga bhāga gata gṛha hṛta mūla para pitṛ prasāda sa sana strī su upagupta velā yakṣa śraddhā
vivāha	17	aśvattha brāhma dharmya dur gandharva gaurī ku kṛta mahā prīti punar strī sītā sūryā tulasī vidhavā vṛṣa
vāraṇa	17	aśva dig hasta kāṇḍa mada matta para prati sita tala uṣṇa vara vāha vāra vāri ātapa śara
vārṣika	16	aneka aṣṭa bahu daśa dvi dvādaśa mṛta nava pañca pāñca pūrva sapta sārdha tri viṃśati śata
vāṭa	17	akṣa anala cakra go kāṣṭha mañca maṇḍa maṇḍala prācya pāṇḍya raṅga veśa yajña āmra śmaśāna śāka ṛṣi
yodhin	17	agra bāhu cakra caraṇa citra dvaṃdva gaja garud jihma kūṭa māyā vakra vaktra vikrānta āgata āsanna ṛju
yukti	17	artha chattra gandha kalpa kula kṣaya mantra nagarī nir sad su sva vyākhyā vāco yathā yoga ṛta
śūka	17	dhānya dhūmra dīrgha jala kara manaḥ niḥ rodhra sa sita toya tīkṣṇa viṣa yava yāva śāli śīta
ṭīkā	17	bharata bhāṣya bhūṣaṇa bṛhaṭ durga dīpikā jīrṇa madhyama muhūrta pramāṇa pārṣada saṭṭaka stuti tantra śataka śārīraka śāstra
akṣara	16	bahv catur dur dvy gurv kad laghv nir praty saṃdhy svasty trir triṃśad try viṃśaty ṣaḍ
barhis	16	citra jīva kevala kulmala prācīna sa sadma samāna stīrṇa su tri uttara uttāna vṛkta śara ūrdhva
bhraṣṭa	16	bhaya brahma hasta jāti krama kula kārya lakṣaṇa rājya sthāna viveka yati yoga yūtha ācāra āśrama
bhāgin	16	apriya ardha aṃśa dharma duḥkha kleśa kṛṣi lepa mahā manda phala puro riktha saṃcara sukha ṛktha
bhṛtya	16	andhra bāla kim ku kṛśa mūla mṛtyu nai para protkaṭa rāja rāṣṭra sa sad strī viśrambha
bimba	16	bhū bradhna candra hasta indu jagad jala ku nitamba prati ravi stūpa sūrya ādarśa śaśāṅka śroṇi
caura	16	bandi bhitti citta dhānya hṛdaya kāru miśra niś nāma paṭa ratna saṃdhi strī suvarṇa varṇa śāstra
cchid	16	bhava bhīti darpa hṛdaya keśa klānti marma pakṣa paṅka prāṇa sveda timira ukha vana śoka śrama
cintā	16	ari artha bhāva bhūta daiva dharma kārya kṛtya lagna maṭha para su svara upāya ātma śarīra
dheya	16	bahu bhaga bhāga mitra nai nāma prā pāri ratna reto rūpa soma uttara vasu vayo vār
dāvan	16	aśva bala bhūri oṣiṣṭha paśu puṣṭi sahasra satrā su vasu vibhū viśva viśvato vāja āyur śata
gaja	16	araṇya bāla cakra dig diśā duṣṭa eḍa gandha grāmya mahā nabho prati sura vana āśā śveta
ghṛta	16	bindu drākṣā go kalyāṇaka kṣīra mahā mayūra nārāca phala pāda sa soma surabhi taila tikta uttara
gopa	16	aśva dharma dhruva indra kula nanda preta pṛṣṭha rāṣṭra saha senā sva vajra vāta vāyu śakra
hanu	16	adhara ayo aśva candra catur dur dṛḍha kumbha mahā nāga siṃha stabdha su uttara vatsa śveta
harṣa	14	anaṅga danta jina jāta loma pāda roma sa sanna sirā vi vibhraṣṭa vyapeta śrī
haya	16	aśva chattra hari kratu mahā nara nāra sa sapta su uttāna veṇu śata śoṇa śveta śānta
hotṛ	16	agni catur daivya daśa dvi kaṇva kṣīra nitya pañca rudra sapta su sva svayaṃ yajña āruṇi
hāraka	16	artha aśva bhaya dhana lekha mala maṇḍa nakra prāṇa pāda saṃdeśa saṃdhi saṃtāpa vācika vāḍaba śāsana
keli	15	bāla dhana hara hema jala kalā kandarpa karpūra kāma kṛṣṇa puṇḍra pīṭha siṃha vāk vāta
kāka	16	araṇya bhū ciri dagdha daṇḍa droṇa jala kṛṣṇa mṛga nagara nara parvata saraḥ tīrtha vṛddha śveta
laharī	16	bhakti gaṅgā lāvaṇya narmadā pīyūṣa saubhāgya saundarya sudhā sundara sāra vidyā viṣṇu āhlāda ānanda śiva śṛṅgāra
lopa	15	anta anunāsika artha dharma kriyā nyāsa piṇḍa pratyaya smṛti upadhā vidhi viśva viṣvag vrata yajña
mantha	16	agni dadhi dvi hari havir laghu madhu maṇi māṇi māṣa pṛśni sindhu tejo uda udaka vahni
mocana	16	baddhaka bhava bāṣpa cira cīra dūta gaja garbha indriya kapāla kara piśāca puṣkala pāpa svaru ṛṇa
mukhya	16	bala daṇḍa dvija gaṇa mantri paura pāri ratna rāṣṭra sāṃkhya vastra vedha vācaka vāra yodha yūtha
pakṣin	16	ambu ghāti jala kānta madana mahā mṛga pañca prati pura pūrva raṇa sat vanya vāji śārṅga
paryāya	16	anila catuṣ dharma jala manaḥ niśītha ratha rātri rūḍha saṃgīti tri vadhya vasana vāta śakra ṛtu
parākrama	16	bhīma dhṛṣṭa kim laghu niṣ pārtha sa satya siṃha su upakrama vi vyāghra vīra yat śīghra
peya	16	agra anna antaḥ aśva daśa kāka madhu netra prāti pūrva soma sukha suta vāja śrotra ṛta
pitta	16	amla ap asra go jala jhaṣa kūrma māṃsa pañca rakta vāta śikhā śleṣma śoṇita śākhā śīta
prabhava	16	antara bīja jaghanya maināka mekala nakta nitamba pavana saṃkalpa sūrya trailokya vraścana yamunā ānanda śarīra ślīpada
prabhu	16	amara campaka jagat kapi keśava kim ku mahā mūḍha mṛga padma prabhava puruṣa ravi sarva svayam
pradhāna	16	dharma jagat mantri niṣ prayoga sattva strī sva svarga sāma tapaḥ tat vinaya vṛddha yuga śama
prīti	16	bandhu cakṣuṣ duṣ jagat khala manaḥ nayana niṣ paraspara rati saṃstava su vatsa viṣṇu yathā ātma
pātin	14	antaḥ daṇḍa dūra eka laghu pakṣa pṛṣṭha retaḥ sadyaḥ tiryak vyāyata śabda śata śīghra
rakṣin	16	citta deśa dvāra kośa nagara nagarī paśu pura ripu sarva su vaira vitta vyasana ākāśa śiro
rṣabha	16	aja bharata daśa dvija kṣatriya lekha maha puruṣa pārthiva rāja saha siṃha sura vibudha vipra śukra
sakhi	16	arjuna asmat bāla deva go indra kaṇva kiṃ marut mat sa soma su vāyu īśa śrāvayat
saṃyoga	16	asthi atyanta avarṇa duḥkha kāma phala prīti rati saṃyukta sukha svara svayaṃ varṇa viṣa vākya ātma
sraj	16	antra harita hiraṇya lamba maṇi mlāna muktā puṣkara puṣpa sa su uṇḍeraka vadhya vana vara śiraḥ
sthāyin	16	antara bahiḥ cira dūra hṛdaya jaṭhara laṅkā mūla puraḥ rājya sthira upari vana vīra vṛkṣa ākalpa
trā	16	agni anagni asma bahu brāhmaṇa dakṣiṇa deva jala jana manuṣya martya puru puruṣa pāka sa vāri
tāti	16	ariṣṭa asta ayakṣma dakṣa deva gṛbhīta jyeṣṭha riṣṭa sarva satya upara vasu vṛka śaṃ śiva śubha
vaira	16	baddha dur gata jāti kṛta mahā mitra nir prasṛṣṭa prati pūga sa sakta upaśānta viśrānta śuṣka
valaya	16	adhyuṣṭa bhujaga bhū dig krānti ku kṣmā latā lekhā mṛṇāla nāḍī skhalad viṣuvad vratati śaṅkha śāla
vedha	16	akṣuṇṇa arka dūra gambhīra karṇa lakṣya mahā nāsā roma sa sahasra sama sirā śabda śroṇi śruti
vāja	16	barhiṇa bharad citra dāśa gaja gāja gṛdhra jyā pattra puru pāñca rāyo sahasra sanad tuvi śata
vāpa	16	akṣa anya bīja hasta keśa khārī kṛta māṣa mūla parī paṭa pratī sūtra tantra tantu vrīhi
vāyu	16	anukūla apāna cāra deha deva ghūrṇa indra kadamba kalpa kupita kṣaya mahā pitta pūrva stimita viṣvag
śikhā	16	agni atharva bharga dhūma dīpa hema krama mayūra nandi puṣkara rūpa stana sūci yoga śaila śikhi
śiṣṭa	16	anvācaya apratyakṣa deva hata huta hṛta madhu mātṛ pradhāna puru saha su utpatti viṣama yajña śrāddha
śīrṣaka	16	citra dhānya dvi go kaṭi kūrca kṣīra madhu mārga rakta rāja sasya tri ākheṭa ākhoṭa śava
agra	15	avāg avāṅ ayo dadhy dvy go jyotir nir praty prāg sūcy tantv tapur udag vy
bhrātṛ	15	acala bhaginī dharma dur hata ku laghu pitṛ rāja sa saha su sūrya yamunā śrī
bhāgya	14	alpa bahu daur dur hata mahā manda māhā nir para pauro sa sad su
catvāriṃśa	15	arvāk aṣṭa aṣṭā catuś dvi dvā eka nava niś paraś pañca sapta trayaś tri ṣaṭ
cchāya	14	eka hata manda maṅgala pāṇḍu sa sthira su sukha tanu tārā vi vipula vṛkṣa
cihna	15	kṛta maṇḍala nara nṛpa pada puṃś pāda rāja sa saubhāgya sita strī tata vadhya vajra
dalā	15	bhinna gandha kaṇṭa kaṇṭaka kaṭu khara kṣāra lohita madhu picchala rakta sthūla tri uḍumbara vaṃśa
daśā	15	antar dur graha jāgrad jīva kṣauma mahā maraṇa smara upāsaka vastra vipad vyavahāra yauvana yoginī
dhra	15	avanī bhū dharaṇī ku mahī nada nī payo pūṣa pṛṣa pṛṣad vidyā yadu śiro śrī
dyumna	15	abhiṣṭi bhūri bṛhad deva dhṛṣṭa indra pāśa su tuvi tveṣa vibhūta vīra vṛddha śata ṛta
dīkṣita	15	apyaya bhaṭṭoji hari keśava kṛṣṇa nānā nārāyaṇa reṇu saṃvatsara sāmrājya vaikuṇṭha vallabha yajña śaṃkara śītala
gā	14	agamya agre dur dūra ghaṭṭa kalpa kuṭila nimna plakṣa puro svasti sāma tamo vaṃśa
hari	15	bhartṛ brahma dṛti harita iti nara nātha nṛ rāma sa sarva vana viṣṇu śrī śuka
japa	15	bhakṣa brahma deva hotṛ karṇa mahā prātar purastāj rudra sa saṃhitā saṃsthā tya tūṣṇīṃ varuṇa
kalikā	15	cikitsā dīpa indu kāma kānta lavaṃga nyāya padma rasa saṃgīta saṃnipāta sāra vaṭa ānanda śṛṅgāra
kalpa-latā	15	dvija kavi kuṇḍa kāvya mantra nyāya rasa saubhāgya saṃvatsara vijaya vāñchā yoga śyāmā śānti śāradā
kampa	15	bandha bhaya bhū bhūmi gātra hṛdaya hṛt kṣiti mahī niṣ pṛthivī sa svara vidyut śiraḥ
karṣaṇa	15	ari ati danta dhanuṣ dīrgha hrasva keśa kālindī mala mandra rāṣṭra vajra śalya śarīra śatru
koṇa	15	agni antaḥ aṣṭa catuṣ dvi ghaṇṭi khara marut pañca sapta sūtra tri vahni vāyu ṣaṭ
kuñjara	15	aśva dik go indra jaya nārī prati rāja sa sita vana vijaya yāma yāmaka śveta
kuśala	15	akṣa dhātu harṣa jina kalā kumāra kārya kṣudhā mantra nīti pramāṇa saṃdhi vaitāna veda śastra
kuṣṭha	15	citra dadru dhauta eka galita gulma kaṭi kāla kṣudra mahā parimaṇḍala pitta pīta śukla śveta
kānana	15	divya giri keli krīḍā kāma madhu maṇi mṛga nabha nala nandana pitṛ pramada saṃsāra vilāsa
kūla	15	arvāk daṇḍa dākṣi madhu madra mahā nadī prati prācīna prāk pāṃsu rohita udak velā veśma
kṣepa	15	apaṭī bhrū dṛk dṛṣṭi guru iṣu khura kāla kṣaṇa manaḥ pakṣa prati pāda śamyā śara
lepa	15	amedhya kuliśa kuḍya liṅga mukha nir piṇḍa piṇḍī piṣṭa pāda ripta rudhira sa vajra ājya
mallikā	15	bhadra dur giri gūḍha kastūrī kāla kṛṣṇa nava nīla sāyantana sūci vana vṛtta yukti śuci
maraṇa	15	bāla dagdha dhī dur duḥkha icchā iṅgita jīvan jīvita kāmya muni proṣita sadyo saha śvo
maṇḍa	15	bhakta bhūmi bodhi dadhi dharaṇi ghṛta lāja madya nau pṛthivī sarpi sarpir surā vādya vāṭya
moha	15	buddhi citta diṅ duḥkha dvaṃdva hṛn kāma mahā māyā nir purī smara vīta yantra śānta
nigraha	15	bala dur gada graha indriya meḍhra prāṇa rasanā sa stena su sādhu upastha vadha vyādhi
nimitta	15	abhyāsa anukta apathya dur kiṃ kuto mahā nir pūrva san tan vi viṣa vrata yan
niṣṭha	15	antar brahma dharma dhyāna jñāna karma prati puru pṛthaṅ samādhi sva tamo tapo vedānta īśvara
nī	15	bhāma gāthā mana nava pada pṛtanā sadha senā sānanda vahni vaśa vrata vāma yajña śva
nīti	15	asu daṇḍa dur ku nṛpa rāja soma su vasu vidura vāma śardha śikṣā śukra ṛju
parigraha	15	anya artha asat dravya duṣ dāra janma niṣ para prāṇa pūrva sat vigraha ājñā ārāma
pariśiṣṭa	15	dvaita gārgya gṛhya maitrāyaṇī nirukta nyāya pratijñā pravāsa pārṣada pūraṇa rātri saṃskāra sāma vyavahāra śulba
pañcāśat	15	ardha aṣṭa aṣṭā catuṣ dvi dvā eka lakṣmī nyāya pañca sapta svara trayaḥ tri ṣaṭ
paṭu	15	bahu cāṭu daśa deśaka dhruva kriyā ku kumāra mada māyā pañca pravacana tri vacana vāk
prakriyā	15	bodha duṣ mīmāṃsā prācīna sarasvatī saṃjñā svara sārasvata vaidika vardhamāna vedānta vyākaraṇa vyākhyāna śrauta śābda
prasū	15	bahu bala bharata duṣ kuśa kārttikeya lakṣmaṇa maṣi muktā pitṛ putrikā strī su vīra śani
pravāda	15	asti duṣ evam jana jñāna karma loka puṃs sa saha satya veda vidyā vīrya ātma
puṣṭa	15	anya bahu bali cara dhvāṅkṣa dhyāna divā hṛṣṭa jarā kāka nitya para roga su vi
rāji	15	aṅgula bindu dhūma loma megha nīla rakta ratna roma snigdha su tiraści ulapa vana ūrdhva
rāta	15	asmad bhagavad brahma deva hara hiṅgu jaya kratu kīrti kṛti soma vasu veda viṣṇu yaśo
saktha	15	apara añji baka cakra duḥ dīrgha gaura hari lomaśa mṛga phalaka pūrva pṛśni su uttara
salila	15	antaḥ bāṣpa dhārā mṛṣṭa nayana niḥ pṛthak samāna siddha soma su sukha velā ākāśa śānti
sarga	15	aniśita anugraha bhāva bhūta eka go mahā nai prati pratyaya rudra sattva tri vaikṛta ādi
saṃcaya	15	agni artha asthi ati bīja dhana dharma dina dravya puṇya pāṃsu sārtha tṛṇa vitta śabda
sva	15	alpa brahma brāhmaṇa deva nija niḥ para rāja sarva vipra yathā āsura ātta śiva śrotriya
svabhāva	15	bhāva cala jāti komala kuṭila mugdha niḥ strī su sukhi sva vimala vāma yat śuddha
tuṅga	15	bhadra bhṛgu brahma jagat jaya kaśyapa meru māna rāja sa samara su sura udaya vikrama
vaṇa	15	agre antar badarī dūrvā ikṣu khadira kārṣya mūrvā nir prā sidhrakā sārikā āmra śara śirīṣa
viṃśa	15	arvāg aṣṭā catur dvā eka nava paro pañca paḍ sa sapta trayo triṃśad vi ṣaḍ
viṣāṇa	15	cipiṭa go jīva kharī khaḍga kṛṣṇa mūṣika nara nir sa su vikaṭa śaśa śaśaka ṣaḍ
vyaya	15	artha asu ati bahu bhava bhojana daśana dhana jīvita nitya prāṇa samutthāna svalpa vāg āya
vīthī	15	aja gaja go lakṣya mṛga nabho nakṣatra nāga paṇya ratha rāja soma sura vaṇig śmaśāna
vṛt	15	arṇo dakṣiṇā eka hrādunī nadī nī pañca purū ratha sa sahasra su sākaṃ tri viṣū
yama	15	bṛhad catur dvi dūre eka laghu mahā prāṇa samāna sapta su sūrya vācaṃ vāg yāma
yāvan	15	agra akṣṇa deva eka eva prātar puro pūrva ratha sa sva sāyaṃ śubhaṃ śubhra ṛṇa
īśa	14	dig div dur gav gir jagad jyotir manv nir rakṣa srota tiryag vāg yāda
śapha	15	aneka ayaḥ aśva aṣṭā catuḥ dvi eka go kṛṣṇa mukha mṛga pṛśni sapta vasiṣṭha vi
śaṅku	15	ayaḥ aśva danta deha garbha koṇa ku lauha loha mahā sama tri vīra vṛtra śaṅkā
śoka	15	arka bandhu bhartṛ citra harṣa hṛdaya niḥ pati sa su tri ugra vi vīta śīrṣa
śukla	15	ati bhīma candra dvi kṣīra māgha pañca sarva su sundara sādhu tri triḥ śaṃkara śrāvaṇa
bhara	14	antarā cintā dur kalā kavarī nir phaṇā pṛthvī sahasra salila stana su vṛṣa śam
bhedana	14	adri amla aśmarī kālindī leṣṭu loṣṭa marma mata para paṭa puṭa pāṣāṇa rahasya stūpa
bheṣaja	14	akṣi duḥkha harita indra jalāṣa kilāsa kṣipta muni rug su viliṣṭa viśva āhruta āsrāva
bhārata	14	bāla campū citra jaimini mahā prāsa sattva satya saṃkṣepa saṃkṣipta vijñāna vikrama yamaka śiva
bhī	14	apeta ati avadya bhavad gata jāta kaṭa nir prati sura vi vigata vyapeta vīta
budhna	14	adri aśva bhūmi candra giri jīrṇa mahā pṛthu sapta uccā ulūkhala upari śīta ūrdhva
camasa	14	dhānya hotrā hotṛ iḍā kha mahā nabhaś phala phāla saṃdhi soma uda yajamāna ākāśa
candro@daya	14	bhakti caitanya dhātu prabodha pṛthvī rāga saṃketa siddhānta smṛti vaidya viveka vyavahāra vṛtta śṛṅgāra
cañcu	14	akṣara bṛhac cala dīrgha khadira kośa kṛśa kṣudra pīta sthūla vajra vakra vāda śalala
cchattra	14	ahi bhūmi dvija eka haṃsa madhu ratna rudra rāhu sarpa sita smara su śveta
damana	14	dur duṣṭa indra kula kāliya kālīya madana prasabha sarva udgātṛ vana vanya vipra śatru
dhṛk	14	daṇḍa deha dharma pināka prāṇa rūpa sūtra vajra viśva vākya vāsa śakti śarīra śūla
duhitṛ	14	bhartṛ bhoja giri kula meru mātā rāja sapatnī sva sūta ugra vandhyā ārya śaila
dāya	13	akṣa aśva bhaya brahma go graha hasti pitṛ prīti punar su āyur śata
dāyaka	14	agni bhakta bhūṣaṇa jīva kara kānti mala raṅga saukhya sukha tāmbūla uttara vara viṣa
dūrvā	14	ali aruṇa gaṇḍa granthi mugdha mālā nīla pāka rāja sita valli śveta śāṇḍa śīta
gamya	14	abodha bhakti bhāva bodha buddhi dhyāna dur jñāna mano rāhu su sukha vedānta yajña
garta	14	bhūmi bāhu dvi loma mahā mañju roma sthūṇā sṛgāla tri vṛka āsya śamyā śvāvid
geha	14	antar bhū garbha havir jatu khara līlā puṇya rāja sūtikā vāsa śilpa śiro śūnya
hastin	13	danta gandha jala kiliñja mahā matta prati raṇa rāja su vaiyākaraṇa yantra śveta
haṃsa	14	abhavya bhakti eka jina kala mahā mana para parama pāka pārama rakta rāja yantra
hotra	13	agni catur deva kokila pañca puru su veṇu vīra vīti āvir śuna śāli
huta	14	agni brahma brāhmya dur nir prātar puru rātri sadā saha sarva strī su śata
jita	14	astrī bhiṣag bhāryā daṇḍa dyūta hrī karma puṇya satrā strī su sva vaiśva vīra
jāha	14	akṣi bhrū danta gulpha karṇa keśa mukha nakha oṣṭha puccha pāda pṛṣṭha āsya śṛṅga
jāni	14	ananya arundhatī bhadra dvi jagatī priya sa saha sapta sītā vi vitta yuva śubha
jīvita	14	gata hata kṣīṇa prahīṇa priya samabhityakta samparityakta sthira su sāvaśeṣa tyakta ujjihāna vi vyutkrānta
kalaha	14	anyonya gṛha karṇāṭa keli kuṭumba līlā madana māna praṇaya priya sa vyāyāma vāk śuṣka
kukkuṭa	14	agni ambu gartā grāma grāmya gṛha jala kaṇa kulāla prāsāda salila vana vṛkṣa āraṇya
latikā	14	amṛta anaṅga cūta dor kalpa kanaka karṇa mṛṇāla piccha prema roma soma vasanta vijñāna
mehin	14	cira gehe hāridra kṣāra madhu phena sarpir surā uda ālāla śoṇita śukla śukra śīta
muhūrta	14	bhārgava brahma brāhma brāhmya dur hala ku lagna prati ravi san su vairocana ūrdhva
muni	14	dambha deva dvi kabandha kanaka karṇa mahā mukunda rāja san sura sātya tri śākya
muṇḍa	14	ardha gandha gaurī go kamboja muṇḍita nir pīta ruru uru veda yavana śikhā ūrdhva
mūlya	14	alpa bahu bhāṇḍa dhana dur hīna kṛta mahā paṇya piṇḍita sarva surā tulya yathā
nidra	14	alabdha ati bhagna bhraṣṭa gāḍha mahā mukta naṣṭa nir pīta sa su vi vidhūta
nighaṇṭu	14	bāhaṭa bīja deśya dhanvantari hanuman mātṛkā nakṣatra nāma rāja vaidya veda viśva vāmana śāka
nivāsin	14	bharukaccha daṃṣṭrā durga grāma martya prānta sadma saha saubha vaideśika vindhya yathā āsanna śmaśāna
nāma	14	bhagavan chando deva go manuṣya marun nadī nakṣatra rāma sa sarpa satya vṛkṣa yathā
nārī	14	divya krīḍā ku kula lepya lāṭa matsya nāka prati pura suhṛn vara vāra śaṅkha
nāśaka	14	agha artha aśva jvara ku kāma kṛta matsya mūla mṛtyu tārkṣya vighna viṣa śūla
nīla	14	hari indra kāṃsya kāṇḍa kṛpā mahā megha pīta rakta rāja sthūla su vi śveta
prasava	14	anuyāja megha prati puṇya pīta rakta rāga sa satya su sukha suvarṇa tārkṣya śata
pratijña	14	alaghu baddha bahu bhagna dṛḍha hīna kṛta mithyā sat satya sthira su tīrṇa vṛthā
pāli	14	aṅga aṅka danta go kapola kapota kara karṇa kula pakṣa prajā su śravaṇa śrotra
pārśva	14	aja antaḥ bhagna catuṣ gāyatra mahā pāri su suvarṇa vana vi vipula vāma yajña
pātana	14	akṣa bhitti capeṭā chanda chandaka daṇḍa dūra garbha phala prema tiryak vajra vartma ūrdhva
racanā	14	cikura danta dhūrta keśa kūṭa pada padya pakṣa praguṇa sopāna vacana vastu vyūha vākya
rakṣaṇa	14	agni bāla garbha go paśu prāṇa pāda pṛṣṭha sarva su veda ātma śeṣa śīrṣa
rodha	14	kaṇṭha mala mūtra nyag prāṇa pura sa saṃdhi smṛti su taṃsu vega vāg śvāsa
sasya	14	anupta bahu dīrgha jāti mūla nava pañca pūrva sa sarva su ubhayataḥ śarat ūrdhva
satya	14	bahu deva mahā mama niḥ priya sa samyak sarva su tanu tri ārya ṛta
saukhya	14	deśa jina mahā saṃskāra tīrtha vi vivāda vivāha vyavahāra vāstu śama śiśu śrāddha śuddha
saṃvatsara	14	adhika bahu eka karma kṛcchra nakṣatra sahasra saura sārdha tri yuga āditya śata ṣaṣṭi
sphoṭa	13	bhū duḥ hṛt kapāla kara kṣudra muktā narma pāda pīta sūkṣma vākya śabda
sthā	14	antama koṭara koṭi madhyama maru rocana taru veśa viśva śaṃ śreṣṭha ṛk ṛta ṛtu
sudhā@kara	14	bodha chandaḥ prabodha praśna rasa rākā saṃgīta smṛti svāhā vicāra vidhi vāda yoga śṛṅgāra
sundarī	14	dik karṇa kula madana paṇa prati rudra svaḥ sāra vara vraja vāra śiva śṛṅgāra
sāda	13	agni anala aśva go kara khara prā puṣkara sapatna sarva śakuni śarīra ūru
taram	14	abhyātma apa ava avat bhūyas candra gāḍha paras parā prathama suṣṭhu tūrṇa upasti vi
tāpa	14	antas ayas citta guru hata hṛt koṣṭha manas parī paścāt pṛṣṭha sa ulbaṇa uru
tūrya	14	bhakta gandha malla maṅgala mitra mṛtyu nandi raṇa sa saṃgrāma sāyaṃ vṛtra yāma śatru
vyākaraṇa	14	bhoja bāla dīpa dīpaka garbha garbhiṇī hema praśna prākṛta rāma sārasvata vaiṣṇava śākaṭāyana ṛju
vyāpāra	14	danta divasa gṛha jagad karaṇa kiṃ ku mithyā mukta nir prajā sa vāg śūnya
vācaka	14	bhāva dravya eka guṇa jāti kriyā nāma paryāya satya saṃkhyā svasti sādhu tad āśīr
vāhaka	14	aṅga bhāra jala pathi pota ratha skandha sīra tāmbūla vāri yoga śava śiśu śāsana
vāhinī	14	havya haṭṭa jaya kanaka makara manda meṣa mātṛ padma puṣpa sura svar tāmbūla vāyu
vāka	14	bali bhū cakra cīrī dhāra joṣa namo nī sahasra satya sinī sūkta tīrtha ṛta
yajus	14	dvi iṣṭa kṛta lakṣmī sambhāra samiṣṭa saṃsthita stamba su yathā yāvad ādhīta śukra ṛg
yauvana	14	abhinava aprāpta nitya nūtana pattra prathama prauḍha prāpta pūrṇa rūḍha sa samprāpta satya sthira
yogya	14	artha dvai dāna kṛta prācīna rāja sabhā siddhi vara vyākhyāna yajña yathā yuddha śāka
yājin	14	asoma atirātra bahu cāturmāsya deva grāma havir kṣīra paśu sad sahasra soma ātma ṛtu
śiva	14	bhaṭṭa bhūti dhīra guha kavaca mahā para parama sadā sapta sita sāmba vāma śīta
śiṣya	14	bādhūla duḥ ku prati pūrva rāma sa sarva su sūrya vaikuṇṭha vi yajamāna śukra
śloka	14	anuvaṃśa ardha cāṇakya lakṣa prastāva prati puṇya saṃgraha su uttama vi viveka vyākhyā śūra
ṛṣi	14	brahma deva eka kāṇḍa maha rāja rāma sapta sarpa sura vaṃśa yatha śrauta śruta
balā	13	ajita aśva bhadra jyeṣṭha kṣudra nanda ojo pañca rāja tad vṛddha śveta śīta
bhadrā	13	bhiṣag brahma gandha jīva kapila latā pattra putra sadā sva vaiśya viṣa yoga
bhakṣaṇa	13	abhakṣya anna bheṣaja dāḍima kāṣṭha madhu māṃsa prathama pāpa tāmbūla viṣa vrata vāyu
bhañjana	13	aparādha aṅga bhaya gātra gṛha loṣṭa pada prā prākāra pāpa rāga saṃdeha su
bhārya	13	aneka dvi dāsa gārgā ku madrikā rasikā sa saha sauvaśva vaiyākaraṇa śūdrā ūḍha
bhāṣita	13	bandhu bhūta dur guhya gūḍha saṃdhā solluṇṭha su sva vibhrama yāvad ākāśa śṛṅgāra
bodhinī	13	ajñāna bhaṭṭi brahma jñāna laghu mugdha nyāya su sukha sāra tātparya śiśu śīghra
cakṣas	13	apāka bhūri duś ghora nṛ sahasra soma su svar sūra upāka uru viśva
caya	13	agni bhasma ghana kāñcana mṛc payaś prāṇa puṣpa pātra rathya ugra vahni śilā
cintaka	13	artha aśubha buddhi daiva dharma graha kārya megha prasāda sthāna vaṃśa vraṇa śāstra
darbha	13	baddha bṛhad hari hrasva kiṃ pavitra rūkṣa sita sthūla su vi vṛṣa vṛṣā
darśa	13	avasāna deva diva dur nakṣatra pratiṣṭhā pratī priya su vadhū ādinava ātma śubha
deya	13	bahu bala brahma brāhma magha māsa pathi rādho vaira vasu vīra yāvad śraddhā
dhānī	13	aṅgāra bīja dadhi deva dhana jīva khale matsya rāja saktu vāri yama ājya
dveṣin	13	brahma brāhmaṇa dharma dīrgha kriyā kāru makha mitra para puruṣa sindhura stana strī
garbhā	13	citta dhṛta dāru gṛhīta mṛta patita rakta spaṣṭa sravad uṣṇig vi vṛddha āpta
gāthā	13	indra loka muni pañcāśad pitṛ prācīna sthavira vi viṣṇu yajña yama śaila ṛg
jīvaka	13	akṣara bandhu cakra cira jīva kuhaka megha mālya raṅga saṃdhi suta vāri vṛddhi
kadalī	13	araṇya aśma bāla dāru giri kanaka kāka kāñcana kāṣṭha pīta rakta suvarṇa vana
kadamba	13	bhū bhūmi bhūmī dharā dhārā giri keli nadī nīca rakta rolamba rāja sat
kalpalatā	13	avadāna bhakti bhāva jalpa kṛtya phala pratiṣṭhā praśna sahama siddhānta sāpiṇḍya vedānta śruti
kartavya	13	ahaṃ dina iti kakṣī kṛta puras puñjī sat sthirī svī sākṣāt tat yathā
kaṇṭa	13	bhadra bhujā dīrgha go kāṇḍa rakta randhra svādu tri tīkṣṇa vajra vakra śākhā
khāta	13	abhri adhaḥ deva kuddāla kuddālaka mahā pāṇi pṛthvī sama svayaṃ sūci sūcī viṣama
krodha	13	dṛk dṛḍha harṣa jita jāta kāma mahā mithyā niṣ sa upajāta vi śānta
kukṣi	13	bṛhat hiraṇya indra sa samudra su sāgara vajra vi vāma vīra śveta ṣaṭ
kuṇḍala	13	cala citra eka lola lulita makara mṛṣṭa rakta sa su suyyā vasti vi
kālīna	13	bahu prāk pūrva sadyas sama sampūrṇa samāna sarga sarva sāyaṃ utpatti ādi śīta
kīlaka	13	bhagavatī dharaṇī dīrgha guda harṣa haṃsa karma kāṇḍa nara tāmasa yajña yuga āditya
kṛtvas	13	aparimita aṣṭa gaṇa kati nava pañca sahasra sapta tri tāvat yāvat śata ṣaṭ
lohita	12	ati bṛhal dhūmra jala kṛṣṇa nīla sa sarva sita su vi śveta
muc	13	ambho ambu eno jala mada parṇa payo salila toya vana viṣa vār vāri
mukhī	13	guru jvala padma saṃvatsara sudhā sūrya vagalā vara vidhu viśva śarārī śmaśru śuci
mālinī	13	amṛta bhoga dala ikṣu kambu kaṭa kīrti madana muṇḍa nara nava pura śaṅkha
māṣa	13	dhānya kāca mahā nīla nṛpa pauti pūti rāja rūpya sita su suvarṇa tila
mṛtyu	13	chanda janma jarā mahā mṛtyu para pautra punar sarva saṃgrāma su vi viṣa
nagarī	13	abdhi ambara avanti cedi kāntī laṅkā pātāla pūrva rādhā rāja svar vidarbha videha
nipāta	13	ari aśru dhārā dṛṣṭi eka kaśā para pāṃsu pūrva salila śamyā śarīra śastra
nyāya	12	dakṣiṇā kaimutika kaimutya kapiñjala laukika mahā markaṭa mārjāra mīmāṃsā prāṅ pūrva śārīraka
nāsikā	13	agra bisa carma dhvāṅkṣa kapi kari kola kāka kārpāsa prāṅ tuṅga vyoma śuka
nāṭaka	13	bṛhan chāyā hanuman kapaṭa mahā maithilī mathurā puṣpa rukmiṇī rāma rāmāyaṇa sabhā vāla
pakva	13	agni ardha dviṣ ghṛta kandu kāla niṣ sneha sthālī tuṣa vi vṛthā ṛbīsa
palāśa	13	bahula bhū brahma brāhma bṛhat eka paraśu puṣkara sa sapta su vi viṣama
pariṇaya	13	ambikā damayantī jānakī lavalī maithilī mukti pārvatī rukmiṇī saugandhikā sāvitrī vaidarbhī vaidehī vidyā
paṅka	13	candana ku kuṅkuma madya mahā mala nadī niṣ nīla palvala su śoka śīta
pippalī	13	chidra gaja hasti jala kapi kari kuñjara kṣudra markaṭa siṃha sūkṣma toya vana
pota	13	arṇava aśva kari manuṣya markaṭa mṛga nāga pūga sa vara vaṃśa śāka śāla
prabodha	13	duṣ hari hṛdaya jina karaṇa manda mugdha parva prathita prākṛta varṇa viśva ātma
prayatna	13	bhagīratha bāhya dīrgha eka kṛta laghu mṛdu niṣ sarva vitatha ābhyantara āsya śithila
prāya	13	anūpa duḥkha evam gata jala jñāti jāta kapha kṣatriya tuccha tṛṇa utkalikā ārya
puṇya	13	adhyayana alpa gata kṛta kṣīṇa loka mahā manda nai pāpa sarva su veda
pālikā	13	aṅka jala kapota madhu mṛga prapā pāda rāṣṭra suvarṇa udyāna vāri śayana ṛju
pāpa	13	bhadra dhuta dhūta gata kṣīṇa mahā manas niṣ prati pūta svayam uddhūta vi
pāṭhaka	13	avasara dharma likhita mañju maṅgala nakṣatra nānā prastāva smṛti stuti su svarṇa veda
pūjā-vidhi	12	bhagavat bhauma devī maṅgala pradoṣa saṃkṣepa sūrya vināyaka vāstu śamī śastra ṣaṣṭhī
rca	13	ardha aṣṭa aṣṭā daśa dhana dvādaśa nava pañca sa sapta viṣama śata ṣoḍaśa
rohiṇī	13	agni ambu aśoka bhadra kanda kaṭu kaṭuka māṃsa pīta su taru tikta vahni
rtu	13	akhaṇḍita candra gandharva hima nitya prāpta sarva tapa tuṣāra varṣa vasanta yatha śiśira
rāti	13	brahma brāhma citra daiva maṃhiṣṭha piśaṅga pūṣa sa su svādu vibhūta visṛṣṭa śrotu
rūpā	13	bhadra brāhmaṇi caṇḍa deva dṛṣṭa ghana keśa virāḍ viṣa vyāghra vāta ādhāra śrī
sabhā	13	anātha brahma dharma dyūta hrasva indra mahā manuṣya paṇḍita rāja vikrama yama śiṣṭa
saṃcāra	13	asukha bhūta durga duḥ duḥkha mūrti niḥ nāḍī piśāca pātra sukha vākya vāta
saṃghāta	13	akṣara asthi hima kaṭa matsya megha māṃsa pada ratna roga tamaḥ vajra varṇa
saṃsthā	13	ahaḥ haviḥ mat paśu preta pāka sapta savana soma su sva yajña śrī
senā	13	amitra anaṅga daitya kaliṅga kandarpa kubera madana malimlu mṛtyu nabhaḥ nṛ prati āhara
sutā	12	bhagīratha bhīma bāṇa ilā jahnu janaka kalinda madra pārthiva tapana viśvakarma śaila
svarūpa	13	bhagavat brahma cit kiṃ kāla māna nīla pratyak strī sva svara virāṭ śrī
sādhya	13	duḥ kaṣṭa kṛcchra līlā mantra siddha smṛti su sukha sāma tapaḥ tarka śrama
sānu	13	adri agra antaḥ budha divya giri maṇi pṛdāku ramya ratna tri vṛṣa ūrdhva
taraṃga	13	carma jala mahimā nis nāḍī nīra nīti raṅga sabhā sāṃkhya vāri yoga śabda
tikta	13	anārya ardha cira kaṭu kirāta kāṇḍa lavaṇa mahā nāḍī pañca su vana vara
tithi	13	adhika bhīma dhanya divasa dus ghāta janma kula mahā nāga pitṛ rātri viṣṇu
valka	13	bahu bṛhad danta druma dṛḍha parṇa pārṇa soma uru yajña yājña śaṇa śīta
valkala	13	bahu dṛḍha gandha haima jala nir pañca sthūla surabhi svarṇa teja śilā śveta
vani	13	brahma dhānya dhārā kṣatra sajāta sarva upamāti vasu viśva vṛṣṭi āditya śata ṛju
vapus	13	amṛta candra dāruṇa dṛḍha go ku megha pūrṇa saumya stabdha su vitata śata
veṣṭana	13	aṅguli danta gātra ikṣu karṇa latā mūrdha nṛ sa soma sūtra yūpa śiro
vidvas	13	antar aveda brahma dur kalā kāla na su veda viśeṣa viśva yad śastra
vihita	13	aveda aśāstra brāhmaṇa nyāya pratyakṣa pūrva sattva su tredhā veda vidhi śastra ṣoḍhā
vikrayin	13	apatya aśva ghṛta kratu kraya māna māṃsa rasa sarva soma sūtra veda śastra
viruddha	13	deśa loka mano nyāya paraspara saṃdarbha saṃyoga smṛti vacana vidyā vācā ācāra śāstra
viṃśati	13	aṣṭā catur dvā eka nyāsa pañca rudra sapta trayo vetāla vi yāvad ṣaḍ
vīṇā	13	alābu brahma danta kaṇḍola kaṭola ku kāṇḍa mahā piśīla rudra rāma sūtra tumbī
yojana	13	agni bāṇa daśa hari pada pañca pātra sahasra samāna tri āhāra śata ṣaṣṭi
yūpa	13	aśva brahma caṣāla citya eka homa mañca patnī sthūra tri śata śikhi śilā
ādi	12	ad VERB ahar cur VERB cārv etad evam gav manv punar tad tan VERB vidhy
ātmaka	13	antar cid dhvany dvy evam jagad kim nir praty tad vidhy yad ṛg
śreṇī	13	cakra deva dhanu dhanuḥ gṛha haṃsa kaṇṭaka pattra phaṇa pratyak putra suta vara
ṣaṇḍa	13	dhātaki druma grāma ku nīla padma padminī pālāśa taru vana vātika vṛkṣa vṛṣa
antara	12	dig dvy hetv kim manv nir smṛty sṛṣṭy tiryag vastv vedy vy
bandhaka	12	aśva caritra daśa dugdha jala nāga paśu pāśa ratna sa svarṇa śarīra
bhasman	12	abhraka homa kṛṣṇa pravāla pīta rasa sa saha vi śava śaṅkha śveta
bhaṭṭīya	12	hanumanta lakṣmaṇa liṅga nāgoji nārāyaṇa pañca sūrya vajra vandya yalla śambhu śaṃkara
bhedaka	12	aśma granthi maryādā para puṭa pāka pāṣāṇa saṃgha stūpa taḍāga tvag vastra
bhās	12	acira anūrdhva bṛhad hima su sūrya tigma uṣṇa śaśi śaśāṅka śyāma ūrdhva
bhāvana	12	bhava bhuvana bhāvita bhūta brahma loka malla nyag sa sarva viśva yajña
bhāṣaṇa	12	amṛta asphuṭa gadgada kala priya roṣa rucira satya solluṇṭha su ucca uccair
bhīta	12	bhava bhīta divā jarā mahā mṛtyu na nir su vi vyādha śīta
bṛhatī	12	ardha latā mahā pratyakṣa purastād upari upariṣṭād uro viṣṭāra śabda śveta ūrdhva
cchanda	12	abhakta asva bhakta deva indra madhu para prati sa sva vi vijaya
cchedana	12	danta hasta nakha nābhi pāda sama saṃdeha saṃdhi yūpa ārambaṇa śiśna śīrṣa
cchidra	12	bhūmi divasa garbha gṛha karṇa kṛta para sa sapta svara yuga śata
dakṣa	12	atūrta dhṛta dīna kara kārayitavya pūta sa samāna sevā soma su śara
deśya	12	madhya maru māthura paṭu pāra sarva tad vanāyu vidvad vitasti ārya śiśu
dhvaṃsa	12	dhairya dhvani dhārā garbha jāti kalmaṣa karma kāraṇa kṛta kṣudhā sa vighna
dhātrī	12	bhūta bṛhad dharma hasta hṛd jagad kṣudra kṣīra mala sāmānya vajra viṣa
doha	12	asṛg dugdha go kāṃsya nadī prātar su sāyaṃ uktha vi ācyā ājya
dundubhi	12	bhūmi deva dhvānita karṇa laghu megha prasthāna raṇa sura vijaya yāma ānaka
gala	12	bṛhad dur gadgada ghoṭa kuṣṭha kṛṣṇa mahā mecaka medo nīla poṭa ārta
gandhaka	12	hṛdya krūra mukha rakta rasa rūkṣa sama su tri tīkṣṇa āmra śubha
gandhikā	12	aja apara avi bhadra bhasma bhogi droṇa ikṣu mārjāra ugra vṛṣya ṛkṣa
gavī	12	bhilla brahma dakṣiṇā guru kāma mano manuṣya pañca rāja sarva strī śaṃ
gaṇita	12	avyakta bhadra bīja graha kṣetra naṣṭa pāṭī rekhā su suvarṇa sūtra vyakta
govinda	12	bhagavad bāla chando gīta hara jaya mukunda rasa rāma soḍha sānanda śeṣa
grasta	12	bhūta doṣa graha roga rāhu vipad vyādhi vāta vāyu yakṣma āpad śāpa
gāna	12	anirukta guṇa prakṛti rahasya sāma veya yoni āraṇya āraṇyaka śuṣka ūha ūhya
java	12	ati bahu kathā mahā mano pavana puro sroto stimita sṛta vāta śīghra
jihvā	12	ali bhujaṃga dīpta go hasti kukura nāga phaṇi prati vyāla yama śuka
kalpa-druma	12	hautra kaivalya kavi kuṇḍa kṛtya mantra saubhāgya vaidya vedānta vrata yoga śabda
kamalā@kara	12	candra dāna mantra nīti pratiṣṭhā samaya saṃskāra vrata vyavahāra śeṣa śānti śūdra
karkaṭī	12	cīrṇa grāmya kola kula kulaka kāka kṣetra madhu padma rāja trapu vṛtta
kautuka	12	graha jāta kathā krīḍā kṛta rasa rāma sa saṃjāta sāścarya vi vṛtta
kesarin	12	candra indu karaṇa nara nṛ pañjara puruṣa siṃha sneha svalpa vikrama vīra
kulyā	12	cakra candra dadhi deva ghṛta madhu pitṛ rasa retaḥ soma ārya ṛṣi
kālī	12	bhadra gandha gaṇḍa guhya jyotsnā kośa megha rudra sthala ugra vajra śmaśāna
kṣiti	12	asura bhava dhruva dhārayat parī raṇa roha samara su tāra uru viśva
mahat	12	bhakti guṇa māna parama sarva sato su sāra vi viśva śruta śruti
marda	12	ari aṅga cakra graha kara kaṭa kaṭha kāka kāsa picu pāṇi pīṭha
matta	12	artha kadā madhu mahā mṛta pāna rakta raṇa sadā surā vīrya ṣaṣṭi
modaka	12	dala dhātrī khaṇḍa ku madana mudga muktā mātṛ siddha sudhā āsya ḍiṇḍira
mānuṣa	12	ardha divya jala kevala mati nir prākṛta rāja sapta vana vi viśva
mūtra	12	baddha bahu basta go pañca ruddha sakta sāndra viṇ śakṛn śayyā śveta
patita	12	antara bhū caraṇa kāṇḍa kṛcchra madhya pāda sthāne sva svayam sāvitrī vastu
pañcā@ṅga	12	baṭuka bhavānī bhārgava candra durgā grahaṇa gāyatrī hanumat lalitā rāma sūrya śiva
pañcāśa	12	arvāk aṣṭa catuḥ catuṣ dvi dvā eka nava pañca sapta tri ṣaṭ
paṇa	12	ardha kṛta mūlaka prati sa sottara sva veśyā vi vīrya ākṣika śāka
paṭṭaka	12	cola dāna lalāṭa mocana prasāda pūjā su tāra vraṇa yoga śilā śīrṣa
paṭṭikā	12	carma citra kaṣa lalāṭa loha madana nala paryaṅka pradakṣiṇa rāja trapu vraṇa
piṣṭa	12	bhṛṣṭa cīna grāma guḍa māṣa naṣṭa nema su yava ślakṣṇa śrī śāli
pluta	12	anta aśva ghṛta hariṇa madhu maṇḍūka prathama rajaḥ sāntara uda vakra ādi
pravaṇa	12	bhakti dakṣiṇā mātṛkā nimna pratyak prācīna prāk purastāt udak udīcīna vañcana viṣaya
pucchaka	12	asi asita aśva go kāla kṛṣṇa maṇḍala medaḥ rakta romaśa vyāghra śuka
putrikā	12	asi bahu bhīma candana citra dāru gṛdhra khaḍga pāñcāla su vastra yantra
puṃgava	12	gaja gaṇa kuru muni nara pakṣi puruṣa ratha samara sarpa yadu śākya
pālita	12	bandhu buddha cakra deva go guṇa indra mātṛ vasu vāta śrī śīla
pū	11	agre anna ghṛta keta khala madhu mala su sva uda vāta
pūrvakam	12	abhisaṃdhi avidhi bhakti deva jala pratijñā prīti saṃketa sādara vidhi yathā śapatha
pūrvam	12	adya bhakti bodha dayā pradāna prekṣā prīti sneha su sāmānya vidhi vāri
rada	12	cakra dvi dīrgha dū eka hala jihvā latā nī rasanā vajra ṣaḍ
rati	12	adhyātma bhū deva dharma līlā mihira māyā padma su tapo ātma śila
rkṣa	12	bhāgya dahana janma kṣaura mṛga nīca parama raudra sa sūrya yama śaṃkara
rātrika	12	dairgha dvai dāśa dīrgha eka pañca pāñca sapta saukha sāpta sārva śāta
rāya	12	deva hari kacu kalyāṇa kṛṣṇa māṇikya rudra vedāṅga veṅkaṭa viśvāsa yādava ānanda
sadṛśa	12	avikāra bahu icchā kāla mukhya prastāva su sva sūrya tat vi īṣat
sattama	12	bharata bhārata bhṛgu brāhmaṇa dvija kuru mṛga pṛthu ratha sura viśva ṛṣi
saṃhati	12	alaka aṅga bhinna citta dhūma hanu hima naḍa pathika patti su śastra
saṃkhya	12	aneka asta aśva citta go kati niḥ paśu sahasra samāna yathā śata
saṃsarga	12	asat hṛdaya jala khala kṛta mātrā nara saha sat strī sādhu varṇa
saṃsthita	12	bahu cira duḥ dvi paryanta sama su sukha sāmi veda vi vyasana
saṃyukta	12	deva dharma guṇa narma phala pitṛ prasnava prasrava sneha su sva ātma
saṃśita	12	antarikṣa apsu brahma dyau kṛṣi oṣadhī prāṇa pṛthivī su yajña āśā ṛk
srāva	12	amṛta asṛk garbha jala karṇa kṣīra lālā moca mukha nāsā rakta sphik
svapna	12	ati bhadra divā duḥ jāgrat ku mahā priya satya su vi ūrdhva
svasṛ	12	dama hata kṛṣṇa maināka mātuḥ mātṛ pituḥ pitṛ rāma sapta vāsukeya yama
sāhasra	12	adhyardha bahu daśa dvi dvādaśa nava tri triṃśat viṃśati śata ṣaṣṭi ṣoḍaśa
tarpaṇa	12	brāhmaṇa deva ghrāṇa go nitya pitṛ udaka viṣṇu yama ācārya śloka ṛṣi
tūla	12	bhasma cāra haṃsa indra iṣīka lohita picu prāk sa vāta vīriṇa śaṇa
vaṇij	12	biḍāla dur gandha kaṃsa ku mahā pattana pota pāla pāna suvarṇa svarṇa
vedhin	12	hṛdaya koṭi laghu lakṣa marma nimitta rādhā sahasra sāhasra śabda śata śīghra
vijñāna	12	apahṛta artha bhūta dur jñāna nāḍī ratha sa sarva su supta vedānta
vilāsinī	12	buddhi haṭṭa matta parṇa paṇya sevā sura vana varṇa veda velā vāra
virodha	12	hṛdaya kāla loka nir nyāya pratijñā smṛti vacana vāg āgama śabda śāstra
viṣṇu	12	bhūta bṛhad guṇa laghu mahā mātṛ prati su sukha vaikuṇṭha vyāja vṛddha
vāhya	12	bāla dharma kambala nṛ pṛṣṭha rāja skandha strī veda viṣṇu śiro śuci
vāluka	12	brahma elā ghora hari hima jala kāla rakta rūkṣa svaccha sūkṣma tapta
vṛnta	12	deha dīrgha kāla nīla phalgu rāga stana tri tāla tāmra śīrṇa śūka
yamaka	12	garbha kāñcī mahā mithuna māyā puṣpa pāda samudga sarva vipatha vṛnta vṛtta
yāman	12	akhidra dur gāyatrī iṣṭa pravad punar pṛthu raghu sahasra su yāta śata
yāyin	12	agra diśo dūra mano nau pūrva pṛṣṭha saha sarala satata śata śīghra
ācāra	12	asad dur evam kad kim nir paśv praty pum sad sādhv śucy
ātman	12	antar catur cid dur hary jagad pratyag pṛthag saccid sad vāg ṣaḍ
śaṅkha	12	hema jaya kṛmi kṣudra laghu latā mahā nakha sa saṃdhyā tri vṛddha
śila	12	catuḥ dhauta go guṇa kiṃ masṛṇita pañca takṣa tri uñcha śiraḥ ślatha
śocis	12	agṛbhīta ajira citra manthi pāvaka sva tigma vṛddha śreṣṭha śukra śīra ūrdhva
śravaṇa	12	aṣṭa dharma dūra kuru nagna pitṛ prā purāṇa sahasra vi śaṅku śākya
ṣah	12	bhūri dhūr nī nṛ prāśu pṛtanā rayi vane vṛthā śuci ṛtī ṛṣi
ṣaṣṭhī	12	araṇya aśoka bhadra bṛhatī campā guha lalitā mahā mandāra ratna skanda sūtikā
ṣaṣṭi	12	aṣṭa aṣṭā catuḥ dvi dvā eka nava pañca sapta trayaḥ tri ṣaṭ
anna	11	bahv dadhy kad muny nir pīvo sarpir svādv tad yad śāly
bhadraka	11	bāla gṛha maṇi māna puṣpa pāri rāja sarvato su tikta vīra
bhauma	11	antar bahu dvi mahā maru sapta sarva sārva tri valmīka vālmīka
bhitti	11	citra gaṇḍa ghana gṛha kapola maṇi sphaṭika sudhā vilāsa śaila ūru
bhraṃśa	11	artha deśa guda guṇa jāti pada rājya smṛti sthāna yoni śīla
bhujaṃga	11	bhavānī caṇḍa devī kṛṣṇa pṛthivī rajanī rāma rātri viṣa śiva śveta
bhūma	11	dvi kavi kṛṣṇa pāṇḍu sapta su tri udag udaka utkṛṣṭa vi
buddha	11	dhyāni ghoṣa mahā nāga sarva siddha vi ādi śuddha śākya śīghra
bāhya	11	dharma kalā loka nagara sapta sarva vaṃśa veda viyoga yukti śuci
bāla	11	bhīru dur kara pattra punar stana su tana vayo vṛddha śva
cchadā	11	badarī cīrita dardura dhūsara karkara laghu maru māṃsa picchila vṛścika āyata
cchāyā	11	bhuja buddha buddhi gaja madhya prati ratna taru viṣama viṣuva śaṅku
daivatya	11	bahu deva jala pañca pitṛ sarva soma tad viṣṇu vāg vāyu
dakṣiṇā	11	abhaya dharma guru kratu parva piśāca pratyag prāṇa vara veda yajña
darpa	11	ati bala bhagna dhana mṛga rukmi sa sambaddha samiddha siṃha yauvana
dhāriṇī	11	bhūta cihna cāmara dīpikā karṇa keśa loka maṇi saṃvega vasu śiva
dhūpa	11	baka deva kha kḷpta kṛtrima sura vi vṛddha vṛka vṛkṣa yakṣa
dhūrta	11	akṣa kaṭha krūra kṣema mṛga rāja strī sāya vṛka śalāka śva
dvitīya	11	chāyā dhanur etad idam kṛcchra sādhu sārasa tad varga vyavasāya ātmanā
dyūta	11	akṣa buddhi chadma chala dur muṣṭi prāṇa prāṇi punar tintiḍī yuddha
dīkṣā	11	apsu avāntara gaṇa guru kalā pūrva su vivāha yajña śiva śāka
gada	10	avijñāta gardabha grahaṇī hṛd jaṭhara mahā sūtikā udyata vi śiro
gandhika	11	bhrātṛ elā madhu mṛdu nīla pūti sama sarva su utpala āma
gaura	11	bhadra candana hema hima indu kanaka karpūra rakta tuṣāra tṛṇa śaṇa
hartṛ	11	anna bhaya haya mano pratī sudhā viśva viśvāsa vārttā yajña śalya
havya	10	daiva deva dhṛta paśu rāta satya su sātya vīta vṛṣṭi
hāyana	11	catur dvai dvi eka kati mauda pañca pṛṣṭa saptati śata ṣaṣṭi
hūti	11	bhara deva dyumna indra puru pūrva rudra sa soma su yāma
janaka	11	candra haritāla indu karāla khyāti khāṇḍikya kṛṣṇa rati svāmi viṣāda yamunā
jaṭa	11	dhūr eka hema kapila mahā piśaṅga piṅga sarva tri vi śikhā
juṣṭa	11	anārya avīra brahma brāhmaṇa deva saj soma su viṣa vāma ārya
jīvikā	11	aṅgāra bhaikṣa bhāṭaka brāhmaṇa ku sphoṭa vana vṛddhi śilpa śruti śva
jūta	11	adri brahma bāhu dasyu daṃsu deva indra vipra vāta āditya śyena
kandaka	11	bhūmi daṇḍa dīrgha gandha kuru kāla peṭa sthūla su svādu vajra
kanyakā	11	deva gopa ku kula mekala mekhala nāga rāja viṣa vāra vāsara
kaṣāya	11	avipakva aṅga hima karṇa lavaṇa niṣ pakva pañca rasa sa sattva
khura	11	aśva dvi eka go kṛṣṇa mukha prati sa su vaktra vi
kuṇa	11	aśvattha badara karkandhu karīra khadira kola koṇa kuvala pailu pīlu śamī
kārmuka	11	bhīma indra karma kusuma maṇḍala sa samāropita sura tūla udyata śakra
kārī	11	bidala buddhi deśa gandha gaṇḍa jantu jatu peśas pūt svāti varṣa
kṛtsna	11	ap jagat kaśa kāśa lohita nīla pṛthivī ratha vijñāna vāyu śubha
lalita	11	aśva dhīra dur gaurī lalita madana pravara su vijñāna vīra śārdūla
lipta	11	abhra amedhya aśuci gandha maṣī nir pāda soma tāma tāmra ājya
liṅgin	11	bāhya dvija mārjāra sa sarva unmatta varṇi vṛthā ārya śiva ūrdhva
lāñchana	11	hariṇa kuraṅga makara mīna mṛga padma sāhasa vatsa vikrama vṛṣa śaśa
mahas	11	citra mahā mitra puṇya pīyūṣa su uṣṇa vi vidyun viśva vṛddha
mathana	11	abdhi ariṣṭa dakṣa kandarpa keśi madhu makha mano pralamba pura samudra
mohana	11	dhana hara jagan jihma kūṭa madana mahā rādhā rāma viśva vraja
mātrā	11	iṣṭakā khaṇḍa mūrti prajñā prati sarva svara sādhu tejo vitta āpo
netṛ	11	bhū catur daṇḍa dhana loka madhu nau naya pāra su śabda
niryāsa	11	agni hiṅgu kāla moca māṃsa puṣpa tantu vṛkṣa śaila śilā śāla
nāmaka	11	aja aṅghri daśa kapi kiṃ kṛta nāga pattra raṅga sa vyartha
pata	11	bārhas dhānya dhārma prāṇa rāṣṭra saura sthāna vrāta vācas yājña śāta
pañcāśikā	11	bilhaṇa caura kula lekha pavana sambandha sāmba śiva ṛṣabha ṣaṭ ṣaṭka
peśas	11	aśva hiraṇya kīlāla nṛ puru su viśva vāja vīra śuci ṛta
piṅgala	11	babhru dīpta eka hari hema kanaka keśa kṛṣṇa nīla prākṛta śveta
prapañca	11	bahu jāgrat mahā niṣ nāma nāṭaka prekṣā sa sthūla svapna āntara
pratiṣṭha	11	dvi hṛt kṣiti labdha magadha pṛthivī sa su sva vana vedi
purīṣa	11	baddha citi go mūtra niṣ sa samuhya sthālī vedi vi śleṣma
pād	10	aja aśva bahu catuṣ dvi dīrgha sahasra tri vyāghra śata
pādikā	11	aṣṭa dvi hasti haṃsa kīla paryaṅka pañca suta sūkara uṣṭra vi
pālī	11	aṅka danta deśa gaṇḍa kapota kroḍa kula maṇi mārga prapā udyāna
pārijāta	11	dāna madana nyāya prapanna prayoga rasa saṃgīta vidhāna vijaya śrāddha śānti
pāṇa	11	eka kaṣāya kṣīra nṛ pitṛ prati sauvīra surā tri vīra vṛṣa
pīḍita	11	asukha bhṛśa bubhukṣā kāma kṣudhā smara su vyādhi śalya śithila śrama
pūraka	11	bīja karṇa krama maṇi phala rakta sarva su vana vaṃśa śravaṇa
pūrvaka	11	abuddhi amati artha buddhi dakṣiṇa kula mati praśna strī vyāhṛti yathā
rādhas	11	ananya aśva citra ghṛṣvi paṅkti satya spārha su tuvi viśva vīti
rākṣasa	11	bhikṣu bhṛgu brahma daka kacchū kāvya mudrā mānava mānuṣa ripu rāja
sadana	11	brahma deva dyūta keli rasa rāja sura vāḥ yajña yama ṛta
sarasvatī	11	ati bāla gupta indra lakṣmī mahā nīla pratyak rajaka vīra śrī
savana	11	nepathya pañca prātaḥ puṃ satya soma soṣyantī tri tṛtīya upāṃśu śakuni
saṃgama	11	anya dṛk mahī prathama punaḥ sindhu su tvat vyañjana śoṇa śuddha
saṃkāśa	11	adbhuta agni divya ghora hiraṇya madhu padma parigha satya su śāla
stanī	11	dvi gala gale giri kha kumbha lamba prasnuta pīvara saṃhata su
stava-rāja	11	bhavānī bhīṣma mādhava nārāyaṇa pañcamī rāma vināyaka viṣṇu viṭṭhala yoginī śiva
sthālī	11	caru dhruva kāca kāya siddha uda ukthya vijñāta āditya āgrayaṇa ājya
suhṛd	11	alābu bāla kiṃ kumuda madhu manmatha megha narma priya sa vi
sā@hvaya	11	abhūmi cakra cāmara gaja jeta kāla nāga vāraṇa āyudha śoṇita ṛṣi
sāraka	11	kanda pitta pāri pīta reṇu sita tala tantu viśva vṛkṣa śiti
tāra	11	dus hema janma kṛṣṇa nārāyaṇa pañca sa sphuṭa su tāra vi
uttara	10	aham catur dadhy dur nir praty prāg sad vāg ṣaḍ
van	11	dyu gir jā magha saho tad tamas upasad vasu ṛghā ṛṇa
varta	11	andhaka antar bahu brahma cakra kalya krama parī pratī rāja śva
vartani	11	ghṛta gāyatra hiraṇya kṛṣṇa nīti raghu rudra sahasra sphya vṛjina śambhū
varāha	11	dharaṇī dur jagatī mahā nṛ vana viḍ yajña ādi śrī śvā
veṣṭa	11	danta karṇa keśa lakṣmī latā pattra ramā śiro śrī śāla śālmalī
vistara	11	bahu cita grantha guṇa lalita mahā sa su tṛṇa vaṃśa vāg
vāsinī	11	ambu catvara koṭara kuṇḍa kāntāra madya malaya mandara paṭa sahya śikhara
vāṭikā	11	amla gṛha ikṣu jīrṇa mukha phalgu puṣpa sāci vṛkṣa śaśi śāka
vṛta	11	kṛtsna manu pūrva strī surā svayaṃ tamo vara viṣvag vārya ūrdhva
yodha	11	bhīru bāhu dur dvi mitho puro ratha sāra vasanta vi virodhi
śaraṇa	11	agni bhakta maithilī niḥ prati samiddha su tri vi vivikta yajña
śmaśru	11	dīrgha hari hiraṇya hiri jāta keśa niḥ rakta rūḍha sa sita
śrama	11	ati hari jita jāta kṛta mṛtyu niḥ sa su viphala vṛthā
ṃ-dhama	11	ghaṭi jala kara muṣṭi nāsika nāḍi nāḍī pāṇi stana vāta śuni
agni	10	antar bahv bṛhad dvy kad nir praty puro vedy vāyv
aṃśa	10	dvy nir praty pārṣad pṛṣad rāśy saccid try vy ṣaḍ
bhaginī	10	bhrātṛ dharma garga indra kṛṣṇa maināka nāga rāma veśa yama
bhikṣu	10	deśya ku mahā mādhava pāṇḍara sāṃkhya vijñāna śuddha śveta śākya
bhuvana	10	amartya brahma martya pṛthu sapta saura sura tri vaikuṇṭha śakra
bījaka	10	bhaṭṭa danta kumbha kāka kāla piṇḍa pṛthu sphoṭa tṛṇa vajra
campaka	10	bhūmi kanaka kṣudra nāga pīta rāja suvarṇa vana śveta śīta
carya	10	bhaikṣa bhikṣā brahma buddha bāla dauś rathya sāścarya vana vīra
catvāriṃśat	10	aṣṭa aṣṭā catuś dvi eka pañca sapta trayaś tri ṣaṭ
dahana	10	aurva dava kandarpa kāma madana nir pralaya punar puttala smara
daiva	10	ambu catur dur hata kula varuṇa vasu viśva śaśi śiva
dara	10	asṛg dur maṇi nir puraṃ raṇa sa vi vār yakṣa
darśaka	10	akṣa artha bahu bīja mārga patha pāra su vidhi vivara
dha	10	bhāga dvai dvi garbha nāma puro puru puṣpa ratna vitta
dhur	10	akṣa dur dṛḍha guru mahā ratha raṇa su sva yuga
dhura	10	eka mahā mantri prati rāja sa sama sarvato su vi
dhāyas	10	ari bhūri go hari jana kāru sahasra viśva viśvā śaṃyu
dhṛt	10	aneka carṣaṇī dharaṇī dharma keśa mano nitya rūpa su viśva
duh	10	divo gharma ghṛta go homa kāma payo puṇya sabar vrata
dvār	10	darśita gṛha prāg pūr raṅga rāja sahasra saubha siṃha śālā
dāraka	10	bhartṛ karbu kari loha muni pattra pāṣāṇa vana vṛddha śaṅkha
dāraṇa	10	aśma bhaga bhujaga go krauñca kroñca nakha pāṣāṇa rukmi śambara
gīti	10	cāru daśa madraka mañju sahasra su vi vyādha śaṃkarī ūha
hū	10	amitra deva indra mitra pitṛ su sumna varṣā yāma śaka
jambha	10	antar ku madhu mahā su tapur tigma tṛṣṭa vārka vṛka
jambū	9	bhū bhūmi dhvāṅkṣa hrasva kāka kāṣṭha mahā rāja sṛgāla
jīvā	10	bṛhaj dyu koṭi krānti kṣiti kṣudra mahī svarṇa tri śaṅku
kaccha	10	baka bhiru bhīru bhṛgu dāru hasti mahā maru mukta vi
karṇaka	10	aja aśva hasti kṛmi oṣṭha pūti roma sa su ujjhita
kaṭaka	10	dhānya kalyāṇa loha pāda pātra samudra suvarṇa vaṇik yūpa śaila
kilbiṣa	10	brahma caura dagdha deva hata manuṣya niṣ pitṛ rāma saṃśuddha
kola	10	citra grāma grāmya kaṭa pañca pṛthu rāja sama vṛddha śveta
kālam	10	aneka bahu bhūri dvi etat kiyat nitya tāvat ubhayataḥ yāvat
kāmya	10	dhana naiṣ prati priya prā sarva sārva yathā yāthā śava
kāmyā	10	brāhmaṇa go hita jīvātu kiṃ loka putra vadha āhava śubha
kānti	10	bhūṣaṇa candra hema kāñcana lambhita manda su sūrya vaiḍūrya ātta
kāṅkṣin	10	aphala darśana jala jaya mokṣa phala pāra pāri vadha vi
kṣata	10	bṛhat ghuṇa gṛha kṣāra sa sadyaḥ su uraḥ vāk śastra
kṣaṇa	10	bṛhat datta kiṃ kṛta prātaḥ sa samāgama tat vihita śubha
lakṣa	10	baddha dvi labdha paro rati siddha sthūla su vi śata
lakṣya	10	dur iṅgita labdha nir sthaula sthūla sukha sāvarṇa vi yūpa
lih	10	dāma gagana guḍa jihvā madhu nabho puṣpa rasanā yajña śva
locanā	10	citra hariṇa kuraṅga mṛgī sarva sāraṅga sūrya tarala vaṃśa viśāla
lola	10	artha cāṭu dolā kal kāma lola mahā rati strī su
loma	10	antar ati bahir nir pracura prati su vi yakṛl śara
m-manya	10	dhanya nara paṇḍita rajani rātri strī sundara sādhu vīra śūra
maithuna	10	ati dyu gandha gūḍha māṃsa saṃsṛṣṭa saṃyata spṛṣṭa yata yati
makaranda	10	advaita horā lulita mīmāṃsā nyāya saṃgīta siddhānta viveka śuddhi śāhi
manoramā	10	bāla loka madhya nyāya prauḍha praśna prākṛta siddhānta vaidya vidvan
mekhala	9	brahma citra loha maṇi su sāgara upari vasu śaṅkha
meru	10	aja dharma druta guru jñāna ku laghu mahā pluta su
mākṣika	10	dhātu hema kaṃsa pīta pītaka rūpya suvarṇa svarṇa tāra viṭa
māraka	10	ahi aśva haya kali loha madhu paśu sita siti vahni
mārtaṇḍa	10	chando kuṇḍa mantra muhūrta naya nyāya praśna rāja viveka yoga
mīna	10	go jihma kṣudra mahā nala naḍa sphuran su supta tala
mūlī	10	aṣṭa darbha kha kṛṣṇa tāla vajra vāri ākāśa ātma śaṅku
mṛta	10	acira antar bhojanīya jāta jīvan na punar sadyo su svayam
nada	10	dharma koka mahā māhā nadī pañca pāñca sindhu veśa śoṇa
nandinī	10	adri amogha dāsa dāśa giri janaka kalinda naga pārthiva su
navati	10	aṣṭa aṣṭā catur dvi eka nava pañca sapta trayo tri
nibandha	10	deva dharma dhavala gauḍa karma kriyā kārikā rasa rāma smṛti
nirodha	10	apratisaṃkhyā cakṣu cakṣur mūtra nagarī nir saṃvatsara vi virodhi vṛtti
niṣūdana	10	baka daitya hiḍimba kaṃsa keśi krauñca kīcaka madhu puloma pāka
nālikā	10	gandha kapāla karpūra kaṇṭha madana panasa pāda tūla vaṃśa vivara
pariccheda	10	bhāṣā kārya nyāya pratyakṣa pūrva smṛti vivāda vāda vādana śabda
patya	10	anna aṃhas bārhas garta karta nār prajā senā vācas vāk
pañjara	10	asthi baṭuka bha gāyatrī siddhānta sāvitrī vajra vidhu viṣṇu śara
piṇḍaka	10	jyā mastaka mudgara mālya rakta tri vimala vātaka vātika śṛṅgāra
poṣa	9	duṣ go niṣ rāyas sahasra su sāyam ukti vīra
prabhṛti	10	adya etat iti janma nānā sa samāna saṃvatsara tat śvaḥ
prahāra	10	cañcu dṛḍha khaḍga lalita muṣṭi pāda pārṣṇi su tala śastra
prasādana	10	ambu citta duṣ lākṣā priya pārvatī raṅga toya varṇa śruti
prasūta	10	brahma bṛhaspati deva guru indra kula mat savitṛ sindhu tvat
pratīka	10	cāru ghṛta madhu prati siṃha soma su tveṣa vyāghra śuci
prā@yaścitta	10	bhāvi brahma homa laghu rāśi sarva saṃdhyā smārta soma śrauta
pur	10	bāṇa deva karṇa māyā parā prati stamba tri viṣṇu śiva
pālana	10	bhū paśu prajā pratijñā pāśava samyak sthiti tithi vatsa ājñā
pāvan	10	abhiśasti asṛk citta gharma ghṛta jihvā soma suta tanū vasā
pūraṇa	10	dadhi karṇa mukha pada prapā pāda sahasra vardhamāna vākya vṛtta
raṇa	9	bṛhad dhī mahā mahī priya raṇa sa su sute
rocis	10	acira ahima caṇḍa su sva tigma vasu śuci śveta śīta
rogin	10	arśo dadru dadrū dīrgha janma mahā mukha pitta āḍhya śīrṣa
rāghava	10	amogha anargha jānakī ramaṇīya rāya saṃgīta udātta unmatta vijaya vīra
rājaka	10	bhṛṅga dhātu loha mahā nakra sa saha soma su tantra
rājī	10	bhasma catū lakṣaṇa megha rakta roma soma tīrtha ulapa śveta
sabha	10	deva dāsī eka ina nṛpa piśāca rakṣaḥ strī yama īśvara
saciva	10	candra dhī karma keli ku mati narma niḥ sa su
sampāta	10	dhārā kāka niḥ pakṣma sarva tala vrata vṛṣṭi śarāva śastra
saṃdhāna	10	bāṇa duḥ madhu madya pada punaḥ pārśva surā śara śata
saṃhita	10	anṛta bidala mūrdha nyāya prāṇa pārśva rati satya su āgama
saṃhāra	10	asthi kāvya labdha sa sarva stobhana varṇa veṇī viśva ṛtu
saṃkrānti	10	bhava caitra kūṭa mahā makara piṣṭaka ravi sūrya viṣuva viṣuvat
saṃtati	10	bahu bhava dhvānta dhī jñāna kula niḥ pathika priya tantu
sevaka	10	cira dvija gandha kula mṛtyu nitya priya rāja rāma vyāghra
siddhā@nta-saṃgraha	10	bhagavat bhāgavata dhvani dvaita rasa rāma sarva smṛti yajña śaiva
spṛha	10	baddha gata jāta kṛta niḥ sa sampūrṇa uparata vigata vīta
sā@kṣin	10	bhūta gūḍha jagat jīva kauṭa kūṭa mithyā sarva satya viśva
sāyaka	10	asama astra kiṅkiṇī kusuma pañca puṣpa sajya sthūla vāk yantrita
sūci	10	bhārata cañcu dala darbha jala karṇa kha mahā pattra vajra
tanayā	10	adri jahnu janaka kalinda muni puloma taraṇi vidarbha vinatā śaila
timira	10	dara ghana megha nis pradoṣa pāpa sa tejas vi vibhraṣṭa
triṃśa	10	aṣṭa aṣṭā catus dvā eka nis pañca sapta trayas ṣaṭ
tvaca	10	bahala guḍa hiraṇya madhura sa sūrya tanu tṛṇa vara vāk
ukta	10	apunar dur dvir nair paunar punar samyag smṛty yāvad śruty
ukti	10	apunar dur dvir nama paścād prāg punar sad svayam āśīr
vada	10	brahma dhvaja kad ku mahā viśva vāg yad śaṃ śrī
vakra	10	ati aṣṭā danta dhanur kapota kavāṭa ku nadī svayaṃ tāḍa
vaktṛ	10	ati bhaviṣyad brahma priya satya spaṣṭa sphuṭa upasthita ādi śāstra
vakṣas	10	hiraṇya kapāṭa kaustubha mahā pīna pṛthu pṛthula rukma saṃtapta su
vanitā	10	bāla kumudinī lalita nāka prati sāmānya veśa vraja vāra āhara
varcasa	10	brahma brāhmaṇa candra hasti hiraṇya palya rāja samāna saurya su
vasti	10	aja indra lekhana mātrā netra siddha sneha uttara vāta śiro
vatsā	10	anupūrva anusṛta jīvad mṛta prauḍha su vīra yama śukla śveta
vedana	10	bhaga garbha manda naṣṭa pati su sukha svayaṃ utkṛṣṭa śūdrā
vedanā	10	bhṛśa citta naraka prasava trika tīvra vraṇa śiro śīrṣa śūla
viddha	10	apāpa bāhu digdha hima kāma rasa sneha su tiryag śara
vinda	10	bhadra cāru go gātra kara mitra pāra sarva vasu vatsa
viparyaya	10	bhāgya dhana karma liṅga mati rūpa saṃdhi svapna varṇa vidhi
vipulā	10	antya bha jaghana mahā mukha ra repha ubhaya yugma ādi
visarga	10	ardha go kāṇḍa loka lupta mala muṣṭi nir vrata vāg
vivara	10	karṇa kāṣṭha loma nir nāsā pīṭha roma sarpa suṣira śruti
vraja	10	aśma daśa gaja giri go meru ratha uda uru śata
vyasana	10	bahir danta dur durga kārya mṛgayā nau nir svāpa vidyā
vyāpin	10	bahu catur dig kula kāla pakṣa sarva viyad viśva vyoma
vācya	9	bhadra dur kartṛ nir para saha su svasti yuṣmad
yuvati	10	ballava ibha prati sad sura vara veśa vraja vāra vṛddha
yāmala	10	brahma kṛṣṇa rasa rudra saṃketa siddha viṣṇu ādi śakti śrī
yūtha	10	gaja hasti meṣa māṃsa mṛga nir ratha varāha vi śva
īśvara	10	bahv dig gav jagad jyotir nir sad sthāṇv svayam vāg
śaṃkara	10	bhavānī bhaṭṭa bhīma dayā hari jaṭā ramā rāma sadā śiva
śaṃsa	10	agha duḥ gambhīra jāmi jīva nṛ pāka sajāta tūṣṇīṃ uru
śiromaṇi	10	mīmāṃsā nyāya paṇḍita praśna saṃgīta siddhānta tārkika vedānta vāstu yātrā
śuddha	10	buddhi laya saṃdarbha su svara svādu tāla uda udaka vahni
śukti	10	jala kṛmi kṣudra mahā mauktika muktā paṅka samudra sāgara vāri
ṃ-dhaya	10	ghaṭi kara kūla muñja nāsika nāḍi puṣpa pāṇi stana śuni
ṣaṣṭa	10	aṣṭa catuḥ dvi dvā eka paraḥ pañca sapta tri ṣaṭ
artham	9	etad pitr praty siddhy svāmy tvad vasty vṛtty yuṣmad
aṣṭaka	9	catur devy hanumad hary madhv muṣṭy svāminy try ṣaḍ
baka	9	go kara koka kṣudra nagarī ākhanika āḍi āḍī śrī
bhogya	9	bhukta eka gaṇa phala rāja sarva su sukha vahni
bhāryā	8	bhrātṛ dur guru jyeṣṭha kula rāja sraughnī vīra
bhāvanā	9	antar antara dur indriya samāsa tulya viśeṣa yoga śubha
bhūmika	9	bahu catur daśa eka kṛṣṇa madhu mahā sapta su
bādha	9	alpa bāhu devatā mahā nir prāṇa pūrva sa tuvi
caturdaśī	9	ananta bhūta campaka kālī kṛṣṇa madana pāṣāṇa vaikuṇṭha śiva
cchedya	9	duḥkha kuḍya laghu nakha pattra sukha viśeṣaka yantra śīrṣa
ceṣṭa	9	anurūpa bhagna gātra naṣṭa niś sa saṃruddha vi yukta
chada	9	bṛhac duś mahā niśā puraś snuk tvak uraś vakṣaś
cintana	9	ari artha daiva dharma droha eka laghu pūrva su
cita	9	alaja aśma kusuma muni sāmi upari vipaś vipra śyena
cyut	9	acyuta bāhu dhanva dhruva mada madhu parvata tṛṣu ṛṇa
cāmara	9	ambu karṇa mañjarī niś pañca puṣpa pāṃsu sa vyajana
damanī	9	agni bhujaṃga bhūta deva keśa kāla nāga sarpa vahni
dantaka	8	bāhu hasti kāla kṛmi nāga viṣa vāji śyāva
dantī	9	bahu bṛhad cakra dhvāṅkṣa krūra kuḍmala laghu rakta sarpa
dattā	9	bhoga bhūta gandharva kāma manasā priya rāja surabhi yakṣa
dhauta	9	kala kupya māṃsa rūpya sahasra su sudhā vahni śata
dhyāna	9	antar dur mūrti para pūrva rāma sūrya vigraha śukla
dugdhā	9	bhūri droṇa hima phena pīta samanta svarṇa tikta tāmra
dugha	9	bhāga gharma kāma madhu sabar su āhlāda āśira śukra
dvipa	9	gandha jala mada maru prati sura vana vanya śveta
dūṣaka	9	brahma kanyā kora mahā paṅkti pānīya varṇa śruti śāsana
gandhin	8	puṇya su surabhi ugra vasanta vṛtta āma śava
gaurava	9	brahma jaghana kula kārya mahad nir su vacana śiro
ghaṇṭā	9	caṇḍa grīvā jaya mukha paṭu saubhāgya śata śveta śyena
grāhaka	9	gandha guṇa hasta hṛdaya pāṇi rasa śakti śastra śulka
guḍa	9	ayo giri kalyāṇaka kaphoṇi kṣudra priya sa saha tulā
gāyatrī	9	bali brahma gaurī paśu rudra rāma viṣṇu vṛṣa śiva
hantrī	9	bhūta carma jantu jvara keśa nāga phaṇi plīhā śūla
heti	9	asi deva dhṛta dūre hari nir tigma viṣa śvāsa
jantu	9	bhū dhūrta hiṃsra jala kṣiti kṣudra nir su tṛṇa
janya	9	bahu bāhu karma pāñca sa saha samāna sārva viśva
jaṭā	9	amṛta bhūta brahma krama kṛṣṇa rudra saj tāla śītalī
jvāla	9	agni hema jaṭā mahā sapta udvahni vahni vidyuj vāyu
jū	9	dhī mano nabho sadyo sanā senā vayo viśva yātu
kalmaṣa	9	dhūta gata jala kṣīṇa vi vidhūta vigata vyapeta vīta
kalpa-taru	9	dāna kṛtya nīti samaya sūrata vaidya viśvāmitra yukti śabda
kalpanā	9	asat aṃśa bhāga keśa patha rasa taila ucchiṣṭa vibhāga
kalyāṇa	9	bahu kṣamā mahā naṭṭa prakṛti pravara rukmiṇī sītā vara
kambala	9	citra gala ghṛta meṣa mṛta paṇya pāṇḍu rakta su
kapha	9	abdhi ambu ghana mauli megha samudra sarit sindhu vaṃśa
karañja	9	ghṛta guccha hasti kaṭu latā mahā pūti rīṭhā valla
karī	9	guḍa guṇa jana kaṇḍū kṣut peśas rāma sālā śilpa
katha	9	anṛta ati citra iti mahat vicitra viśrānta yantrita śubha
kaṇṭhaka	9	bhṛjja dīrgha kāla kṣīra maṇi saha śiti śukla ūrdhva
keśava	9	amṛta dina miśra muktā vyāsa vṛddha ādi āditya śrī
keśin	9	dhāma hiraṇya mañju pula sarva su svalpa vyoma yūpa
koṣa	9	amara ardha aṇḍa dharma dhānya garbha indra kara tulā
kroḍa	9	grāma grāmya madhu nyāya sa sādhāraṇa śaṃkara śāstra śāṃkarī
kulīna	9	bahu jñāta mahā māhā pāra sat saṃhata su āḍhya
kālika	9	aṣṭama māsa niṣ pūrva saṃdhyā sārva sāyaṃ āpat āsanna
kīrtana	9	bhūti guṇa hanumat hari kṛṣṇa mahā nāma śalya śiva
kṛṣṭa	9	anuloma ardha duṣ eka indra phāla su svayaṃ upta
kṣobha	9	bala hṛdaya jāta pitta ratha sainya vāta vīci āgata
kṣīrī	9	hema kanaka kāñcana soma suvarṇa svarṇa tugā tvak vaṃśa
lajja	9	agaṇita gata mukta nir prāg sa saṃjāta tyakta vi
lekhaka	9	adhikaraṇa citra daiva danta dyūta grāma khaṇḍa kāṣṭha nakha
leśa	9	artha aśru daṇḍa sa siddhānta sukha sveda vighna vāri
likhita	9	ardha brahma citra dur lalāṭa su sva śaṅkha śivā
lobha	8	artha ati dhana lambhita nir rājya sa ṛśya
lohaka	9	candra haṃsa indu kṛmi pañca su tri vahni vajra
līla	9	gaja haṃsa rati raṅga sa siṃha varṇa vīra śarabha
m-bhara	9	deha hari kula puṣṭi sahasra suta viśva vāja śaka
madhu	9	adhara deva idam mukha priya tri vāṅ yaṣṭi yaṣṭī
makṣikā	9	araṇya dhenu go jala kumbhīra madhu nakra nīla vana
mallī	9	bhūri dur dīpa karuṇa madhu nava vana śaila śiva
manda	9	bhadra cakra go kara manasi mṛga picu su vāsu
mantrin	9	indra kim ku mahā mukhya pradhāna rāja su sura
mastaka	9	asta kukkuṭa loca madhu parvata pīta rakta taru śrī
mauli	9	cakra candra indu sahasra saudha vi śaśi śiro śiva
medhas	9	alpa dur hari hata ku manda puru satya su
mukti	9	ati bāṇa jīvan lohita saṃdhi sāyujya videha śāpa ṛṇa
mukuṭa	9	candra mauli māṇikya ratna rāja rāya tri vajra śaśāṅka
muṣ	9	cakṣur dhṛti graha iṣṭi netra smara yajña śemuṣī śrī
mālaka	9	bahu gaṇḍa giri kali ketu kāla kṛta loca loha
mātṛka	9	adeva anya deva dvai mṛga mṛta nadī saha vijñāna
māyā	9	asura hasti prati siṃha sthira strī sva viṣṇu yoga
mūḍha	9	agni diṅ go hrī kāma mahā tri vi vicāra
naya	9	apayātavya bhaṅga dur nyāya rāja samaya su vāhya śubha
nidāna	9	alpa dhātu haṃsa laghu mādhava mādhavīya nimitta nāḍī tato
nindā	9	daridra deva kula kṛpaṇa para veda vyāja ātma śāstra
nāśinī	9	bhava dadru daṃśa duṣṭa jvara kuṣṭha kāsa kṣaya śūla
nīḍa	9	brahma eka gūḍha gṛha nir ratha sa śakaṭa śilā
parva	9	catuṣ kūṭa kṛta pañca prati tri vi yathā śata
payas	9	chagala dadhi dhārā gharma kṣāra su vi āsru śata
paṇya	9	adhyardha aśva dvi jñāna kara maṣi prati tara viṭ
praja	9	anurakta bahu dhṛta duṣ gata jīva sa sakṛt su
prakarṣa	9	dravya guṇa mati patat praṇaya vapuḥ varṇa vayaḥ śakti
pralaya	9	anna brahma jala khaṇḍa mahā nitya prakṛti prākṛta tithi
prathama	9	etat idam jyeṣṭha kaniṣṭha soma tat varga yat yavasa
pratimā	9	ayaḥ daivata deva devatā hema loha mārtaṇḍa saṃvatsara śaila
pravāha	9	aśru bahu jala megha rakta ruddha stimita vāri yantra
prā@pti	9	artha brahma phala sarva sthāna suhṛt vidyā vyasana yathā
puṣkara	9	dvādaśa hema hṛt jyeṣṭha mūla pratyak su tri śata
pākin	9	cira dina garbha kṣipra laghu phala svādu tāmra varṣa
pāvana	9	bhuvana danta jñāna pavana paṅkti puṇya sarva viśva śṛṅgāra
pūga	9	bhū guṇa jaṅga kāla latā muni rāja rāma varṣa
pūjita	9	deva dānava loka maṅgala nakṣatra pūrva sarva su viśva
rakṣas	8	brahma giri mahā pathi puruṣa saha vi ṛte
rasā	9	ati drava mṛga pañca saha surabhī tāmra vala yukta
rddhi	9	adhika maha prema pāpa rāja vana vikrama vitta vāta
roha	9	abhra bharata dū prā su vasā śami śuṇḍa śṛṅga
rāva	9	dīrgha ghaṇṭā ghuraghurā mahā megha sapta sindhu su tri
sarit	9	amara daivata dyu ku nabhaḥ siddha sura svaḥ vyoma
sarṣapa	9	deva gaura kṛṣṇa meru rakta rakṣā rāja sita śveta
saṃdeha	9	anna artha gata jīvitavya kārya niḥ prāṇa sa ātma
saṃdeśa	9	aṅguli haṃsa madana mat megha priya uddhava vyāhṛta śuka
saṃketa	9	bṛhat divā kṛta nyāya rasa sa sthita utsava vṛtta
saṃkhyā	9	agra daṇḍa kratu kula kāla lipi nāḍī sapta sāma
saṃśaya	9	anartha artha chinna jīvita mukta niḥ prāṇa sa vi
saṃśraya	9	anyonya bhuja dharma eka kali nṛpa rāja ucca vana
skanda	8	dadhi ghrāṇa madhu pāra rudra sva tṛṇa śiva
sthūṇa	9	asthi ayaḥ chinna dvi dṛḍha gṛha sa sahasra tri
stūpa	9	agāra aruṣa dhātu droṇa ghariṇī hairaṇya hiraṇya mahā vaṃśa
supta	9	alīka bhukta divā lakṣa lakṣya pūrva sukha viśrabdha vyāja
sāha	9	amitra mitra prā sabhā sapatna sarva vrāta śabda śatru
sāti	9	arka arṇa dhana dyumna kṣetra medha toka vāja śūra
sāvarṇi	9	agni dakṣa deva dharma hema indra meru rudra sūrya
tarka	9	bheṣaja dus ku rūpa sa sat tulya vivikta śuṣka
triṃśat	9	aṣṭa aṣṭā catus dvā eka pañca sapta trayas ṣaṭ
tumbī	9	bhū divya dugdha kaṭu kumbha kṣīra tikta vṛnta vṛtta
tur	9	mithas pṛtsu radhra rajas ratha sapatna viśva vṛtra āji
tāna	9	ananta cyava eka māṃsa parī VERB paścima prācīna su vi
tāraka	9	candra dhruva hema maṇi ramaṇīya spaṣṭa su vilola vyakta
tāt	9	adharāt apāk avas deva paras satya tāvat udak vṛka
tūlikā	9	akṣara citra haṃsa kala nyāsa ratna su taru varṇa
vaidya	9	aśva go ku paṇḍita sad svar vidagdha viṣa śārīra
varya	9	arya deva dvija hotṛ kareṇu raghu sa vyāsa yati
varṇaka	9	dagdha kuru kīra padma pīta rāja tri vāri śaṅkita
vatsala	9	bhakta dharma dīna kṛpaṇa mitra mātṛ nir sad suta
vedas	7	anaṣṭa jāta keta sa sarva su viśva
vibhrama	9	bhrū citta dhī dṛṣṭi jāta mati pāna sa smṛti
vighna	9	bahu karma kṣaṇa mahā mārga nir prasthāna siddhi sūrya
vikalpa	9	aprāpta aṣṭa daṇḍa dur mithyā nir prāpta sa vyavasthita
vikraya	9	kraya madya māṃsa paṇya rasa veda vidyā yoga ātma
vinaya	9	dur hata jīva lakṣmī pranaṣṭa sa sammukha smṛti su
vyāghra	9	citra go kala nara nir puruṣa puṣkara siṃha śva
vāhas	9	brahma gir mṛkta nṛ sindhu stoma uktha vipra yajña
vīja	9	bahu dhānya indra kalyāṇa madya nir rakta vana śiva
yuvan	8	ati bhallūka haṃsa kṣatriya lāsaka punar ārya śailāli
āgama	9	ahar antar dur nir punar rātry sad suhṛd śarad
āhuti	9	havir madhv meda paya praty prāg prātar sāyam ṣaḍ
śimbī	9	asi khaḍga kola ku kāka kṛṣṇa mahā sthūla śūka
śoṇita	9	jīva manuṣya māṃsa pitta pīta pūya tṛṇa vi vāta
śrava	9	duḥ karṇa madhu pṛthu su sukha viṣṭara vāja śrauta
śrut	9	bhadra deva dīrgha havana karṇa satya su tri vandana
śyāma	9	ardha ghana marakata maṇi megha rakta sita śastrī śveta
śākhin	9	avaroha bahu kalpa mārga sura taittirīya vasanta yajuḥ śakra
śārdūla	9	bharata bhṛgu kṣudra nara pakṣi puruṣa rasa rāja yādava
śāstrin	9	bāla dharma mādhava rāma satata svāmi valli viśvakarma ṣaṭ
śīta	9	bahiḥ hema laghu pānīya su sukha tṛṇa vara śṛta
śṛṅgī	9	aja basta duḥ ghana kulīra kṣīra meḍhra pattra putra
ṃ-karaṇa	9	andha ayakṣma bhadra nagna palita priya sphāti sthūla vana
ayana	8	gavām muny paśv svasty tiryag udag vāry ṛg
babhru	8	aja aruṇa gṛha hari mahā randhra su śuka
bhakṣya	8	ambu dur punar sarva su vāji vāyu śva
bhogin	8	bhujaṃga kāla kṛṣṇa mahā paryaṅka phala sarva sukha
bhoja	8	bali bhūri kunti kuntī mahā su svayam vṛddha
bhojya	8	agra bāla deva ku nīca prājya prīti vaṃśa
bhrama	8	bha buddhi cakra citta dig mati sadā sthāṇu
bhukti	8	ku māsa pakṣa pūrva saṃsthāna saṃvatsara tīra vīra
bhā	8	akṣa anita aṇu dūre guḍa pala sūrya viṣuvad
bhāgavata	8	dāna jaimini laghu mahā mantra yati śiva śrī
bhṛti	8	dur hala idhma nir piṇḍa rāṣṭra sa sudhā
bhṛṣṭi	8	bhrāja catur kṣura piśaṅga sahasra tigma śara śata
bālaka	8	ati mṛga pakṣi su vatsa vatsīya vāri vṛddha
bījā	8	dugdha dīrgha gandha kaṭu lamba pīta tikta īṣad
caturthī	8	gaurī karaka kunda saṃkaṭa tila umā vināyaka yava
cela	8	bhāryā brāhmaṇa carma ku mṛta sa su tuṇḍi
chandas	8	akṣara bṛhac jagac kiṃ mātrā niś tretā yac
citraka	8	barhi bhāṣā bindu carma janma mayūra rakta su
codana	8	brahma eka juhoti kīri radhra tulya śruti ṛṣi
dantin	8	bāhu deva dig dyu matta prati svar śakra
deśika	8	mārga nai nair prā pāra su sāmāna vedānta
deśīya	8	madhya māgadha paṭu sarva vidvad ācārya śarmaṇya ṭakka
dhita	8	hṛd mitra nema su tad tvad vasu yuva
dhiṣṇya	8	adhvara akuṇṭha cāru deva eka nānā samāna uru
dhvaṃsin	8	abhidhā bali dhenuka khara kratu kāma kāraṇa vaiśya
dhātṛ	8	deha jagad loka puro samasta su sāra viśva
dhṛta	8	garbha guṇa kara nitya sama satya su varṣā
drāvin	8	bhūta laghu loha mala māṃsa pitta rasa śaṅkha
duṣṭa	8	antar hetu karma mano su vāg śleṣma śruti
dvaṃdva	8	devatā nakṣatra nir prati rajanī sa vigata yad
dāna-vidhi	8	dāsī nakṣatra pṛthvī ratha rudra sarasvatī varāha śibikā
dāsī	8	cāpa dāsa ghaṭa jñāti paṇya vihāra yajña yakṣa
dātrī	8	garbha jīva kṣīra putra siddhi stana varṇa vṛddhi
dṛśvan	8	bahu dīrgha hari meru pāpa pāra sīmanta viveka
dṛśya	8	anati eka ku na pratyakṣa su sukha viśeṣa
gara	8	aja araṃ bhū pataṃ sa su vi vār
garva	8	dhana jaya nir sa veda āpta ātta śṛṅgāra
go	8	ati bahu bhoṭa ku kāma pṛśni su vana
goptṛ	8	cakra dhana pināka samyag sītā vaṃśa vitta viśva
gopāla	8	bhaṭṭa bāla gaṇḍa kaṇḍa madana mauna rāma tīrtha
grāhya	8	bhāva buddhi dur mano muṣṭi su sukha svayaṃ
gṛhya-sūtra	8	kauśika kātīya kāṭhaka mānava pāraskara vājasaneya śaunaka śāṅkhāyana
hatya	8	ahi asi dasyu rakṣo vārtra vṛtra śambara śuṣṇa
hautra	8	iṣṭi paśu prakṛti sa sapta sautrāmaṇī soma vikṛti
hārikā	8	gandha kaṅkaṇa kuṭa kuṭṭa mano svayaṃ vyañjana ṛtu
hārya	8	dhana eka guṇa hasta prāti pāri vāḍaba śīrṣa
indriya	8	antar bahir cakṣur catur kad nir samāvad tvag
jaṅghā	8	agra dhvāṅkṣa khara kāka prati ratha sthūla vāyasa
jīvika	8	aja akṣara alaṃ nau pautra suvarṇa yāvaj āpanna
ka	8	atejas dvi guha gṛha naiṣadha prakāra sahasra tejas
kalpadruma	8	muhūrta saṃgīta smṛti sāhitya vṛtta āgama śaiva śruti
kalāpa	8	kaṭha kāṣṭha muktā nyāya raśanā raśmi samit śṛṅkhalā
kantha	8	cihaṇa cikkaṇa kukkuṭa mandara sauśami vaitula vaitālikarṇi āhvara
kleśa	8	bhinna dhṛta garbha kāya kṣaṇa mārga niṣ su
kovida	8	artha aśva daiva iṅgita mantra muhūrta naya śāstra
kubja	8	bāhu dvi hiraṇya kanya kanyā karṇa kaṇṭha vāri
kumārī	8	ghṛta gṛha kanya kanyā karṇa kula mātaṃga śakra
kāmin	8	kāma prati prāti raṇa sarva sva yathā śarat
kṛtyā	8	apātra araṃ artha puṃs puṇya pāpa su sādhu
kṣema	8	ayoga deva dhruva diddā samāna su vṛddha yoga
lakṣaṇā	8	bhāga cakra jñāna lakṣaṇa sattva upādāna viparīta vṛṣa
lamba	8	antar ati bahir hema prā rajju sama siṃha
lava	8	dhūma go kuśa padāti siddhānta sukha tri tṛṇa
lekhya	8	dur kapaṭa kraya kūṭa loha pāṇḍu saṃdigdha ṛṇa
lālasa	8	caṭu darśana madya pati putra rudhira sarva śoka
līlā	8	bāla hari kanduka madhya mātaṃga puṣpa rājya rāma
m-paca	8	alpa droṇa mita mukha muṣṭi māna nakha prastha
maho@tsava	8	dīkṣā indra kaumudī ratha rāsa vasanta yajña yātrā
makha	8	dhanur dur indra mahā soma su vaśā śata
manaska	8	ananya anya bahir mahā nir su uddhata vi
mañjūṣā	8	laghu muhūrta nyāya praśna siddhānta smṛti vaiyākaraṇa yajña
maṭha	8	bhaṭṭāraka brahma cakra megha valgā vidyā vipra śūra
mithuna	7	anyonya deva devatā dāsa go nṛ vi
mudga	8	araṇya harin kṛṣṇa pīta rāja snigdha vallī vana
mārin	8	dhātu jantu kāka pūrva sasya vyāghra yuva śata
mūlikā	8	bhūri bhṛṅga danta dhūmra guccha kha tāla śata
mūlā	8	billa jaṭā mūlaka rakta rasa sūkṣma tāmra śveta
mūrdhaja	8	dhvasta luñcita mukta patita pravara vikīrṇa vikṛta vyākula
mṛttikā	8	dhavala kṣāra lohita nīla pāṇḍu sapta saurāṣṭra sura
nakula	8	gandha geha jala pānīya pāṇḍava veśma śriyā śva
navamī	8	aduḥkha akṣayya dhvaja durgā mahā rāma tāla ulkā
navata	8	aṣṭa catur dvi dvā eka pañca sapta tri
nidhāna	8	agni bhūti daṇḍa garbha keśa nāma piṇḍa tapo
nidrā	8	divā dīrgha kāka moha saṃnipāta yoga yogi śvāna
nilaya	8	chāttra pātāla sarva spanda sura yoga śatru śmaśāna
nirghoṣa	8	gambhīra haya madhura megha ratha vajra veda vādya
nud	8	arāti garbha jaṭhara saṃnipāta tamo timira viṣa śrama
nīta	8	asu dur ku mano nava su yuvā yuṣmā
nṛpati	8	araṇya bhoja ku mālava nāgara prati pravara rāma
padā@rtha	8	aham amata ayukta bhāva dravya pramāṇa sāmānya viśeṣa
pala	8	barhiṣ bhū daśa kanaka pañca pānīya tri vi
paricchada	8	agni alpa krīḍā niṣ rūḍha sa sāṃgrāmika vaiyāghra
parā@yaṇa	8	ananya dharma mat moha mokṣa nārī viṣṇu śoka
parī@ta	8	cintā dāva kopa kṣut mūrchā roṣa upacāra vepathu
parṇaka	8	ghṛta granthi mudgara sapta su taila uttāna vi
pathin	8	aghora ati atūrta dharma dṛṣṭi saha su veda
patāka	8	ahi niṣ sa tri uttoraṇa vi vidyut vilasat
pauruṣa	8	dvi kṛta niṣ sphuṭa sāpta tri tīvra vivṛta
pavana	8	apāna danta dīrgha go madhu paurastya vadana vi
paṭaha	8	lambā lampā prayāṇa preta saṃgrāma vadhya vivāha yaśaḥ
phena	8	abdhi ahi dugdha jala niṣ samudra su śyāma
pra	8	bhūmi ikṣu khura kāma kṣura pṛthivī vātsa ākūti
prabhāsa	8	amita dharma gandha mahā meru raśmi samanta suvarṇa
praharaṇa	8	bhasma bāhu dakṣiṇā dhvaja indra kṛta pañca vyāla
prajanana	8	alaṃ apeta phala pratīcīna prācīna puṃs saṃruddha viddha
pralāpa	8	aitaśa dhūrta jvara kala sambhinna su vi vāk
praroha	8	bīja dṛḍha mahī māṃsa piśita plakṣa prabhā yava
pravṛtti	8	ati cit dharma duṣ mithyā phala samyak sneha
pre@kṣin	8	antara avatāra dīrgha jihma mukha mṛga tiryak vṛka
preman	8	bhūri dhvasta manda sa samāna sthira sthita vi
putrī	8	asi bhoja candana dāru kṛpāṇa laya meru śaila
pāpman	8	apahata dhauta dhūta jagdha mahā pūta vi vidhūta
pāramitā	8	dhairya dhyāna dāna kṣānti prajñā satya vīrya śīla
pīlu	8	bṛhat giri ku kāka madhu mahā rāja vāyasa
raja	8	agni bhṛṅga eka kṣoda nī parama sa vi
rajanī	8	araṇya kaumudī kāṣṭha kṣaṇa nakha nakhara su vastra
rasā@yana	8	dharma karṇa prema prīti siddha vaidya vidhi yoga
raya	8	ambu bhūta nadī payo rugṇa salila saṃvatsara śānta
rohita	8	dhūmra karkandhu sarva stana vi śukla śveta ṛju
rāmāyaṇa	8	adbhuta adhyātma bāla campū kavi mahā mantra mūla
saktu	8	badara dadhi karkandhu kuvala su uda udaka yava
samanvita	8	bhāva harṣa kopa krodha kāla vīra śraddhā śubha
sambhāra	8	alpa jñāna labdha puṇya pūjā sambhṛta stabdha śamatha
sammata	8	dhana mahā parama smṛti su sādhu veda śiṣṭa
samādhi	8	asakṛt go samyak tapaḥ vajra yoga ānantarya śithila
samāgama	8	bhūta cyavana dhūrta graha paraspara priya sat vipra
saptata	8	catuḥ dvi dvā eka pañca sapta tri ṣaṭ
saurabha	8	ati kula mañju piṣṭa sa sama vedānta vi
saṃdhyā	8	bāla mantra nīla prāk prātaḥ pūrva sāyaṃ yajuḥ
saṃgha	8	bhikṣu bhūta grāma siddha sura vṛddha ārya śīla
saṃjñā	8	anvartha aṅka chāyā hasta mahā sarva sukha śabda
saṃkaṭa	8	mahā prāṇa sa su vana vi vṛkṣa yoni
saṃsparśa	8	duḥkha ghora kīla rāhu sukha vajra śīta śūdra
sevin	8	agandha dviṭ rāja saha tīrtha vivikta vṛddha śatru
smita	8	antaḥ ku manda sa su sāci sākūta śuci
snāta	8	mṛta rajaḥ su vidyā vrata śira śiraḥ śoṇita
sudhā	8	kāvya nyāya saṃgīta sāhitya vyākhyā vākya śakra śama
sura	7	bhū dharaṇī kṣiti mahī mukha sa yudhā
sā@rtha	8	bhaṅga bhṛṅga mahā pathika sa vaṇik yuvatī śakaṭa
sādhaka	8	artha dīna karma kārya loka mantra siddhi uttara
sādhvasa	8	ati gata hata jāta niḥ sa saṃgama āgata
sāhasa	8	iṣṭa madhyama mahā prathama priya pūrva uttama viṣama
sāro@ddhāra	8	pravacana praśna saṃgīta vaidya vyavahāra śakuna śākuna śāstra
sūta	8	aśva baddha hata mahā sa sūra sūrya vi
talpa	8	deva guru para paṭṭa ratna su yoga śara
tamas	8	dīrgha gṛtsa kṣīṇa madhya mahā stoka vi virajas
tamām	8	ati jyok kiṃ na pratyakṣa prāhṇe su uccais
tila	8	carma khasa khākhasa kṛṣṇa māṣa sa ṣaṇḍa ṣaṇḍha
tvana	8	jani kavi mahi martya pati sakhi vasu vṛṣa
tviṣ	8	acala ahima arka hata hima sama tuṣāra vāta
tīra	8	gaṅgā mālatī nadī palvala pālvala samudra saras vāyasa
tṛtīyā	8	abhīṣṭa akṣaya ananta aviyoga lalitā rambhā saubhāgya ānantarya
tṛṣṇa	8	ati baddha bahu nis sa su vi vīta
vahni	8	adri anta makha megha pāṇḍava samudra su vana
vardhaka	8	agni kapha maitra māṣa mūtra vyādhi śikhi śmaśru
vartikā	8	citra giri jala māsa sarva vana varṇa yoga
vedi	8	antar bahir brahma mahā paśu uttara yajña yathā
vedī	8	antarā liṅga makha nāṭya parā rodha yajña ācāra
vepathu	8	ati baddha jāta kṛta sa saṃjāta saṃtata stana
vetasa	8	ambu amla bhūri jala sthala su vīra āmla
veṇī	8	cāru eka ku padya puṣpa sa tri vaidhavya
vikṣepa	8	aṅga bhrū bāhu citta dṛṣṭi iṣu lāṅgūla pada
virodhin	8	buddhi deśa kapha karma loka nyāya vana vega
vyāpti	8	anvaya ati siddhānta sāmagrī viśeṣa viśva vyatireka yāvad
vādā@rtha	8	laghu pratijñā saṃnikarṣa saṃskāra saṃśaya sāmagrī viśiṣṭādvaita śabda
vājin	8	bharad daśa sad sita sthira su viśva śveta
vāpī	8	jyotsnā jñāna karkoṭa krīḍā līlā mataṃga svar vihāra
vārttā	8	dur grāmya loka mithyā prati sad su śubha
vāsaka	8	antara aśuddha jāta paṭa sarva su vindhya śrī
vāsana	8	go mukha nir samucchinna su sukha vana śubha
vāsika	8	daṇḍa kaṣāya kāṣāya nai rūpa saha āśrama śāṇa
vāstu	8	mahā malla nāpita pura pṛṣṭha su yajña yathā
vāya	8	pada tandra tantra tantu tiraścīna tunna vāla vāso
yu	8	ahaṃ duroṇa duvo kiṃ prā sva śaṃ śubhaṃ
yātu	8	brahma deva gṛdhra koka ulūka śata śuśulūka śva
ākāra	8	dhanur kad kim kīdṛg nir nāv praty tad
śalākā	8	ayaḥ eka ikṣu madana ratna vaṃśa vāk vākya
śikhin	8	avabhāsana pañca ratna roha tagara tila tāmra śastra
śilpa	8	deva kṛta maya prati su viśvakarmīya vīṇā śāmbara
śroṇi	8	agni dakṣiṇā pippali pṛthu strī su vedi vipula
śuka	8	gṛha kiṃ līlā pañjara roma rāja sasya śrī
śukra	8	ati mūtra niḥ sa tri yugma śaṃkara śuddha
śuṣma	8	ananta satya soma tuvi uktha unnīta vīra vṛṣa
śveta	8	anyaṅga arya mahā pṛṣṭha sadṛśa sarva triḥ vyāghra
śvāsa	8	jita kha kṣudra mahā nabhaḥ nai sa ūrdhva
śūraṇa	8	araṇya kanda pañca paṅka sita sthūla vana śveta
ṃ-ga	8	abhra bhuja jala mata plava prava tura viha
ṣṭoma	8	agni catu catuḥ go jyoti jyotiḥ tri āyuḥ
aśana	7	dvir havir nir prātar sāyam vy yad
bhīti	7	daṇḍa deva divā doṣa mahā sa vīta
bhūpāla	7	avanti bhukka haṃsa prati siṃha vema śiṅga
bhūyas	7	asthi brahma catur eka su yad yathā
caitanya	7	bhūta kṛṣṇa mahā māgha rāghava sa śuddha
catura	7	līlā prapañca priya pāda su tri vi
caṭaka	7	araṇya carma grāma gṛha mayūra veśma śyāma
cchala	7	bahu dharma kathā pracura sa sāmānya upacāra
cchinna	7	bāhu duḥkha dvi grīva mūla śīrṣa ūru
chas	7	etāvac pac pañcāśac samāvac tāvac yāvac ṛk
cyuti	7	deśa garbha hasta jaghana rājya sa samaya
cātana	7	abhiśasti amīva arāya bhrātṛvya piśāca sapatna yātu
cūḍā	7	barhi kroḍa kṛṣṇa mahā vidhama śyāmala śyāmalaka
daṇḍin	7	bahu bilva brahma datta dvi tri vrata
dhanva	7	aniṣu iṣu maru priya pāre su tisṛ
dharā	7	asṛg garbha grāma keyūra medo varī śiro
dhāvana	7	bila danta kośa koṣa maryādā māṃsa pāda
dhīra	6	dhyāna gambhīra rāja su viśuddha yajña
dhūmra	7	dhūli dhūma hari pāṃsu sa tāmra vi
diva	7	ahar bṛhad dvi kiki kikī su tri
dvayasa	7	gaja gulpha hasti kaṇṭha puruṣa tāvad ūru
dveṣa	7	anna atithi baddha bhakta brahma rāga sparśa
dāhin	7	agāra gehe hṛdaya laṅkā mano āgāra śava
dīpta	7	agni kopa ravi sthāna su svara vāyu
gaṅga	7	lohita pañca sapta tri tūṣṇīṃ uṣṇī śīghra
gaṇa-pati	7	haridrā sambandha saṃskāra saṃtāna śrāddha śuddha śānti
golaka	7	bhū ghana gṛha hala kha kuṇḍa nābhi
gopā	7	ahi candana deva soma su utpala vāyu
goṣṭhī	7	dur kāvya pāna rāsa sa vīra āpāna
guṇita	7	daśa nava sahasra sneha tāvad viraha śata
gūḍha	7	dvi mantra pañca su tri upānad viṣṇu
harmya	7	mahā maṇi mārga rāja sauvarṇa sphaṭika tṛṇa
jambhana	7	ahi kaṇva maśaka piśāca vyāghra yātu śapatha
janīna	7	māhā prāti pāñca sarva sārva vaiśva viśva
jya	7	brahma piṅgala sa vi śithilita ṛta ṛṇa
jāgara	7	ati mantra rātri sa yajña śakti ṣaṣṭhī
jī	7	hara kṛṣṇa sūra vallabha śaṃkara śiva śāha
jīraka	7	bṛhaj dīrgha gaura kaṇa kṛṣṇa sthūla śveta
kacchapa	7	avaṭa giri gṛha kūpa māṃsa sa vi
kandara	7	bhūmi giri kāñcana kūpa parvata surabhi vindhya
kandā	7	payaḥ putra puṃ snigdha vṛṣya śrī śyāma
karaṇīya	7	bahu iti malinī prabhāta puras svī sāmīcī
karṇika	7	cīvara hasti mādhu padma su ugra uṣṭra
kauśika	7	balākā budha caṇḍa ghṛta kula māla vṛddha
kaṇā	7	araṇya dīrgha ibha kari nīla sthūla vana
kaṇṭhin	7	bisa cela kala madhura rakta rājju śveta
keśī	7	alpa arāla guṇa miśra nīla pūtanā vāla
kha	7	duṣ go pāri pūrṇa su tri ākta
krānta	7	aśva nabhaḥ ratha svayaṃ sūrya vidhu viṣṇu
krī	7	deva guṇa rāma sadyas sadyaḥ yava śata
krīta	7	alpa aśva duṣ kraya paṇa ratha yava
kuśa	7	daṇḍa hrasva latā mahā sa samit śveta
kuṭi	7	bhra bhramat bhru bhṛ kaṭa maśaka tṛṇa
kālaka	7	apagata nava niṣ snātvā tila uru ādya
kārita	7	andha balāt camat jhaṅ kāla saṃśraya śeṣa
kāśa	7	bṛhat mahā nī pratī prā sa vi
lakṣmaṇa	7	giri jaya saha siddha śaśa śrī śāṇḍilya
lalāṭa	7	candra kapi mahā nimna rukma su śiti
laukika	7	brahma brāhma daiva mānuṣa pāra satya sārva
loṣṭa	7	dūrvā iriṇa mṛl sītā vedi ākṛti śmaśāna
lubdha	7	artha ati dhana gandha guṇa kāma māṃsa
lāla	7	hari mohana mukunda nanda vraja śaṃkara śiva
lāṅgūla	7	añcita go lola mṛtyu samuddhata vakra śuno
magha	7	go jyā mahi punar tuvi tuvī śatā
mahā@rṇava	7	kṛtya kṣīra madana rasa smṛti vyasana vāda
manya	7	anutta divā doṣā gāṃ punar puṇya tvan
mardaka	7	aṅga cakra kara kukkuṭa kāka kāsa tāla
marīci	7	acaṇḍa caṇḍa maru sahasra sapta vilasan śīta
meda	7	ahi ari asi giri go mahā pūti
moda	7	aja antar jala kaṭu mahā mukha śveta
mohinī	7	ali gandha jagan jana mano nara sura
muktā	7	gaja hāra kari kola maṇi sūkti śaṅkha
mustā	7	bhadra kṣudra nagara nāgara piṇḍa pīta svādu
māraṇa	7	dhātu haya jana manuṣya mauktika rātri tāmra
māsika	7	ardha daśaka dvādaśa māgha pañcaka ṣaṇ ṣaṭka
māsya	7	catur daśa dvai pañca prati sapta ṣaṇ
mīḍha	7	aja deva dvi pauru puru sahasra su
nandi	7	buddha madhu mahā padma suṣi yaśo śiśu
naraka	7	gṛha ku kumbhi mahā paphaka svarga uṣṇa
nicaya	7	bhūta ratna samā vitta śarīra śikhara śilā
niketana	7	kailāsa keli lakṣmī saṃketa svapna vairocana śrī
nitya	7	araṇya dharma dhyāna tapo vana ātma śastra
nivṛtti	7	icchā karma kṣun phala piṇḍa rasa vāyu
niyama	7	karaṇa mahā puruṣa sa tithi viśeṣa vācaṃ
niśā	7	amla ardha dāru gandha mahā rākā āmra
niṣka	7	bahu dvi pan prati pāda su tri
nādin	7	gardabha haṃsa khara megha siṃha vṛṣa yāma
nāsā	7	dhvāṅkṣa gaja hasti kari karṇa nāga yoni
nāśin	7	anartha bhaya kīrti pāpa rūpa sarva viṣa
paca	7	duṣ iṣṭi khāriṃ kim mṛt paca śva
pakṣaka	7	daṇḍa dvāra kukkuṭa kāka preta sa tri
pannaga	7	bahu brahma sa vana vi viṣa śava
paramparā	7	kula muni sopāna sopānaka vaṃśa śiṣya śrotra
pathika	7	mahā prāti sthāla vāri ākāśa śata ṣaṣṭi
pañcamī	7	iha lalitā manasā nāga vasanta śrī ṛṣi
phalī	7	bhūri dāśa mṛt pāṇḍura pūti rāji saktu
pitṛka	7	jīva jīvat makat niṣ sa tvakat tvatka
piśāca	7	abhra bhūmi brahma durga pāṃsu sa udara
piṭaka	7	abhidharma gaṇi go māṃsa sūtra tri vinaya
prayojana	7	dravya kṛta niṣ para siddha smṛti ātma
prayāga	7	bhaṭṭa deva gupta karṇa nanda pañca rudra
pre@psu	7	aphala hita phala priya prāṇa sama tat
psu	7	ahruta aruṇa pruṣita viśva viśvā vṛṣa ṛta
puṃs	7	mahā na parama rāja strī tulā yajña
puṅkha	7	citra kṛta rukma su svarṇa sāyaka śara
puṇḍarīka	7	eka hṛdaya hṛt karuṇa puruṣa sita sphuṭa
pākya	7	bahu kumbhī kṛṣṭa sahasra su śata śīta
pāṣāṇa	7	dugdha gandha gaurī kaṣa kānta vajra ākhu
ratnamālā	7	abhidhāna saṃgraha saṃgīta sāhitya upadeśa āścarya śāṃkarī
raṅka	7	jala kaṅka matsya mīna raṇa rādha vṛddha
ruja	7	alpa mahā nī sa su tīvra vi
rākṣasī	7	apeta apreta jala preta pāpa rajani āma
rāmā@yaṇa	7	hanumad saṃgraha saṃkṣepa vāsiṣṭha vṛtta ārṣeya āścarya
rātrī	6	andha dharma kāla mahā piṣṭa siddha
sakhī	7	guru gurvī ku kumuda rahaḥ vyāja śayana
samācāra	7	kiṃ krūra kṣudra pāpa sādhu vaṃśa śuci
samūha	7	bala bha kriyā kāma pada vana śastra
sarasa	7	deva dāsa jala jāla mataṃga maṇḍūka sāma
saṃkara	7	catuḥ grāma loha loka saṃkara varṇa yoni
saṃsthāna	7	akṣara aneka artha sama sapta sarva su
saṃtāna	7	jñāna niḥ pada sa tantu yāga ātma
saṃvara	7	cakra kāla manaḥ sasya tṛṇa vāk śikṣā
saṃyuta	7	amala bhṛśa mṛtyu praiṣya su śubha ṣāḍguṇya
sphaṭika	7	kha kṣīra piṅga pīta taila viśva ākāśa
spṛṣṭa	7	ardha duḥ kāṇḍa nema īṣat śaṅkā śva
stamba	7	brahma darbha kuśa rāja vana vīraṇa śara
stobha	7	antaḥ daśa nava pada purastāt ubhaya ubhayataḥ
stut	7	chandaḥ deva grāva indra sūrya vaiśvadeva yathā
sā	7	aśva dhana sadā sahasra urvarā vāja śata
sāhi	7	bhīma candra hṛdaya prema rāma saṃgrāma siṃha
sārin	7	aśma mayūra puṣkara pūrva sāra trāṇa āmnāya
sūkṣma	7	bhūta kāśika mahā sarva sthūla su yathā
tantrī	7	bahu ku vatsa vi śata śveta ṣaṭ
tapta	7	agni antas gharma sadyas su tapta tāmra
thā	7	bahu itara pratna pūrva sarva tiraśca ṛk
trapa	7	arata gata hata muṣita nis sa vi
trika	7	eka kaṭu pañca phala pāra taurya tri
tuṇḍaka	7	caṇḍa kāka maṇi mukha rakta siṃha śuka
tāmra	7	arakta kuṅkuma kṛṣṇa saṃrambha su tapta tri
tārā	7	akṣi dhruva ketu mahā ugra yoga śata
tāta	7	bhavānī budha jyeṣṭha khulla kṣudra kṣulla prasū
tīkṣṇa	7	ati mahā mṛdu sarva su ubhayatas varta
vaktrā	7	apara candra gṛdhra picu pṛthu vahni śubha
varṇin	7	amara bala brāhmaṇa jyeṣṭha kāka sarva vara
vata	7	bhāga hima mālā mṛttikā pātnī sātya śālā
vidviṣ	6	ahi brahma madhu sura vibudha vṛtra
vindu	7	go loka nātha rakta senā uda udaka
vināśa	7	artha buddhi jagad prāṇa pāpa sarva sva
vināśana	7	artha citta mūla pitta sarpa śatru śoka
vipāka	7	daśā dur karma kaṭu madhura tīkṣṇa tīvra
vivāda	7	nir paraspara praśna sīmā vidvad vāda śānta
vyathā	7	ati hṛd hṛdaya jaṭhara mano marma śīrṣa
vyatikrama	7	bhartṛ dharma mahad maryādā nīti saṃvid yuddha
vyañjana	7	ajāta hīna nir puṃ sa strī ubhaya
vyāsa	7	ardha bṛhad hari laghu soma veda yādava
vāraka	7	aśva bahu kara ratha sindhu vajra śrī
vāyasa	7	araṇya jala nagara nir pāṇḍara tīrtha śukla
vāṇa	7	agni aṃśu gīr pārṣad pṛṣad rāma vāra
vāṭī	7	gṛha ikṣu karma puṣpa sṛgāla vṛkṣa śrī
vṛkṣaka	7	daṇḍa dhūpa gandha guṇa nandi phala śrī
vṛnda	7	brahma eka go mahā megha niśā vaidya
vṛṣabha	7	go hiraṇya khara maṅgala su suvarṇa śata
yati	7	bhāratī karaṇa mahā sa varṇa vijñāna vyāsa
yaṣṭikā	7	brāhmaṇa eka khara madhu nāga nīla rakta
ānanda	7	bhagavad cid hary jagad nir pratyag saccid
śakala	7	candra hiraṇya kṛśānu tri vi yūpa śaṇa
śamana	7	doṣa manyu pitta pāpa virodha vivāda vāstu
śauca	7	artha bahiḥ karma kṛta preta pāda sadyaḥ
śavas	7	abhiṣṭi apratidhṛṣṭa asāmi dvi nakṣatra satya vṛddha
śigru	7	guḍa kṛṣṇa madhu nīla rakta tīkṣṇa śveta
śipra	7	ayaḥ daśa hari hiraṇya hiri su vṛṣa
śira	7	caṭikā dīrgha mārga mṛga tri veda vi
śiṃśapā	7	guru kapila ku kṛṣṇa sita śveta śyāma
śobhā	7	dvāra mukha mārga samāsa sūrya āhārya śabda
śopha	7	danta liṅga muṣka pitta sthūla su śleṣma
śoṣa	7	duḥ jala kaṇṭha mukha nāsā samudra tālu
śrauta-sūtra	6	lāṭyāyana mānava paśu sāma vaikhānasa śāṅkhāyana
śreṇi	7	madhu niḥ pada ratha sama triḥ śiraḥ
śāṇa	7	adhyardha danta dvai dvi nayana ratna tri
śṛṅgin	7	cāru dvi hema kāñcana tri viṣa śāta
ṛca	7	ardha bahv catur dvy triy try ṣaḍ
ṣama	5	duḥ su tri vi ṛk
ṣā	7	aśva go nṛ paśu su svar uru
ṣāman	7	hotṛ rātri saṃdhi setu sindhu su ṛtu
ṣṭhā	7	barhiḥ giri hari pathi rayi savya ṛtu
aha	6	catur dvy praty try yāvad ṣaḍ
anīka	6	bṛhad catur dvy jyotir praty try
avastha	6	dur etad evam kim tad triy
aṅgula	6	catur dvy muṣṭy nir try vy
bahula	6	duḥkha gandha pātre samāsa vyādhi vāta
barha	6	barhi citra nir pāri vi śuka
bhaga	6	dur go hata kṛta strī su
bhartṛkā	6	gata jīvad mṛta proṣita sa viproṣita
bhañjikā	6	damana ikṣu māla pada saṃdeha śāla
bhedinī	6	cakra mala parṇa pūrṇa sauvarṇa varṇa
bhoktṛ	6	bahu guṇa huta prātar ucchiṣṭa yajña
bhāsa	6	bṛhad candra daṇḍa sarva su vimala
bhūyiṣṭha	6	abhirūpa brāhmaṇa duḥkha samāpta sneha śūdra
bhūṣā	6	bāhu bāla karṇa kaṇṭha kāñcana tārā
bilva	6	cira ciri jala kuru tindu śāka
cakravartin	6	acyuta ardha giri nārāyaṇa suvarṇa vidyā
caṇa	6	akṣara cāra kathā keśa māyā vidyā
caṇḍa	6	ati mahā niśītha pañcāla vikrama śrī
ceṣṭita	6	alpa bhāva cira krūra yantra śṛṅgāra
ceṣṭā	6	duś karma ku pṛthak vṛtta śṛṅgāra
cintā-maṇi	6	dhātu kalpa nakṣatra upamāna ārogya śveta
citti	6	māhā prāya prāyaś pūrva vi vipra
codita	6	ananya anya kāla pūrva sama vāta
cāpalya	6	ati hasta mukha pāda pāṇi vāk
cāraka	6	go lauha loha phala varṇa yavāgū
cāritra	6	ananta duś loka samyak viśiṣṭa viśuddha
cīra	6	darbha jaṭā kuśa maṇi nāḍi pañca
daitya	6	brahma danti kapaṭa mahā vāji ādi
dama	6	dur go gāṃ kiṃ puru su
dantikā	6	bhadra guccha kāma puruṣa rakta śata
dattaka	6	anitya jīva vasu viṣṇu vāyu yajña
dayita	6	indirā prāṇa su yāminī śrī śva
daśaka	6	maṅgala nyāsa sapta vidyā śikṣā śiva
daśama	6	aṣṭā catur kalyāṇī pañca sapta ātmanā
daśan	6	aṣṭā catur dvā nava pañca sapta
daśana	6	kaṣāya nir su vajra śukla ṣaḍ
daṃśa	5	kṣamā mṛga vārṣa vṛka vṛṣa
daṃśaka	5	dṛḍha mṛga puru sa vṛṣa
dhanya	6	bahu jīva nair taraṇi vaidya śata
droṇa	6	dharma dvi sa saha vrīhi ṛṣi
droṇī	6	deva jala mahā mandara snāna taila
durdina	6	bāṣpa hima mada nir sa śara
dvaidha	6	chinna guṇi mati sākṣi vidhi śruti
dvitīyā	6	bhrātṛ ehi iha prehi purāṇa yama
dvārika	6	dakṣiṇa paścima paścād prāg pūrva sarva
dyota	6	cintya hṛd kha pratiṣṭhā ratna vidyud
dānu	6	jīra jīva saha su sṛpra ārdra
dāruṇa	6	ati bhṛśa parama ramya su vipāka
dīrgha	6	ati jñāna pañca su tāra yuga
gahana	6	ati nir parama su taru vana
geya	6	araṇye grāma grāme prātar punar āśīr
ghaṇṭa	6	aghora caṇḍika gopa matsya vara yama
ghāsa	6	aśva go mahā nava nija pūti
ghātinī	6	bhujaṃga garbha ghaṭa pati sarpa śumbha
grāvan	6	aśani bṛhad citra ravi yukta ūrdhva
guccha	6	ardha bhoga cakra chattra dhūli roma
guda	6	baddha bhraṣṭa jāghanī saṃniruddha vāg ūrdhva
guhya	6	deva haṃsa rāja saṃgha veda yajña
gārgya	6	ati brahma daśa pañca uttara vṛddha
hanana	6	antar bhrūṇa kaṃsa sa stamba ātma
harā	6	bīja daśa dhī kuca madana smṛti
hāriṇī	6	bīja jala jāta pāri pāṅgulya vākya
hāsaka	6	aṭṭa gaṇa grāma hima jala rāja
hāsya	6	aṭṭa kāvya loka manda pāri sarva
hṛta	6	ananya caura dhvaja dur vaḍabā śyena
jambu	6	bhū bhūmi mahā sṛgāla śabara śāka
jara	6	ati dur go nair nir vi
jaṭhara	6	antar dagdha kuṇḍa lamba mūtra vāja
jihvikā	6	ali go guḍa phaṇi prati tālu
juṣ	6	ahaṃ kaṇḍū maru rajo sa ṛtu
jyotiṣa	6	pakṣi prāg sphuṭa uttara vaiśva viśva
jñu	6	anūrdhva asita mala mita vatsa ūrdhva
jñānin	6	avadhi brahma gṛha kevala kāla mahā
jāmi	6	deva sa sapta soma su vi
jānuka	6	dīrgha ghaṭa saṃhata vara virala ūrdhva
jātīyaka	6	anyathā ayathā kathaṃ taj tathā yathā
jīra	6	araṇya go kaṇa kṛṣṇa kṣudra vana
jūti	6	deva ratha saṃkalpa vipra vāta vṛṣa
kadambaka	6	baddha bhū giri mahā reṇu sakhī
kakud	6	ajāta dvi hala pūrṇa tri śiti
kakṣya	6	baddha daśa hasti hema hiraṇya suvarṇa
kakṣā	6	bha indu krānti madhyama yoga ākāśa
kalpataru	6	bhakti jalpa prākṛta vedānta vivāda vyavahāra
kalā@pa	6	cikura jaṭā jāta keśa kriyā kāñcī
kampana	6	bhūmi hema hṛdaya kṣiti sa sva
karaṇḍaka	6	bhramara jyotiṣ puṣpa rakṣā ratna yoga
karin	6	dik mada madhu sura tiras vana
karma	6	deva pañca su viśva vīra yathā
karpūra	6	cīna rasa rāma turuṣka vāri ārādhya
karṇi	6	bhū dvīpi mahā manda ubhayā ubhā
kautūhala	6	jñāna jāta rāma sāhitya vyāvṛtta vāda
kañcuka	6	ahi dharma mukta prati sa śunaka
kaṭuka	6	dadhi kāṇḍa lavaṇa sa tri vipāka
kedāra	6	bhaṭṭa dhūli kalama kalpa pīta śāli
ketakī	6	dhanu hema kanaka suvarṇa svarṇa tṛṇa
khadira	6	asra duṣ rakta sāra viṭ śveta
khala	6	dhānya go kana pāṃsu raṇa yava
kheda	6	citta rati sa upajāta vi vyāja
kitava	6	akṣa dhūrta prati strī tika yājñika
kiṭṭa	6	ayaḥ dīpa karṇa loha taila tila
klama	6	gata hṛdaya jita kāya vigata āhita
komala	6	dala khara kusuma mṛṇāla rasa su
krīḍa	6	candra māṇavaka paṅka raśmi sa ātma
kunda	6	brāhmī bāla campa ghāsa śata śvā
kusumā	6	gandha maṅgalya nīla su sāṃdhya śata
kuṭa	6	kuṭī mālā nār puṇya pāri pūrṇa
kuṭṭa	6	aśma kāṣṭha nakha su tāmra śilā
kuṭṭaka	6	aśma dṛḍha ikṣu sthira tāmra śilā
kāśyapa	6	bhū gayā hasti mahā nadī pūraṇa
kūrca	6	bahu brahma dayā dīrgha pañca ṣoḍaśa
kūrma	6	ambu jala kūpa mahā nakṣatra tṛṇa
kṛmi	6	antaḥ tāmra udara vasu viṣa viṭ
kṛtvan	6	mrakṣa puru pāpa rāja saha su
kṣetra-māhātmya	6	māyā nānā satya surabhi svāyambhū sāra
kṣīrā	6	asti bahu droṇa sampanna soma tvak
labdha	6	cira puṇya svapna vara vidyā yathā
lauha	6	candra kāla kānta rukma sarva tri
laya	6	bhūti dvi laghu mano nabho prakṛti
laṅghana	6	ati dur durga pati śāsana śīghra
lodhra	6	mahā paṭṭi paṭṭikā valka śabara śveta
lupta	6	anartha indra visarga vrata ādi śaśa
lāghava	6	artha buddhi graha guru hasta kriyā
lāṅgala	6	duṣṭa mukha pañca viṣa āsya śuka
m-bhaviṣṇu	6	andha dūra nagna palita priya sthūla
madhura	6	bhāva idam praṇaya su tri vāṅ
madhyama	6	alpa pipīlika su tanu vi yava
mahiṣī	6	agra dhūma grāma paṭṭa rāja samudra
mardin	6	aṅga kṣura loṣṭa nagara prākāra ripu
maryāda	6	bhinna dur dyu nir sambhinna vitatha
matsara	6	dharma nir vi vivṛddha vāṅ vīta
maṇḍūka	6	kumbha kūpa mahā nir pīta rāja
mekhalā	6	gala hara kroṣṭuka samudra vedi vilāsa
modā	6	aja ali ati basta sukha śikhi
mohita	6	kāma lobha mada māra smara śrama
māṣaka	6	dṛṣadi pañca raupya su suvarṇa ādya
mūka	6	eḍa jaḍa kala kalla riṣya ṛśya
netrā	6	camūru citra kuraṅga mīna raudra sarpa
nikara	6	bhramara bhā cikura pika puṣpa śara
nipuṇa	6	ati kumāra nisarga nīti prayoga smara
nirdeśa	6	kriyā nakṣatra nāma sādhana vastu vimala
nirmita	6	daiva deva maya muni snāyu su
nirmāṇa	6	avyakta buddha navya navīna prapañca vāstu
nirṇij	6	aśva candra ghṛta hiraṇya sahasra varṣa
nāḍikā	6	hiṅgu kaṭi nata pattra vaṃśa vi
nītha	6	deva dīrgha sahasra su vasu śata
nṛpa	6	dur ku madana mukhya siṃha su
pacana	6	anvāhārya eṇī māṃs māṃsa odana piṣṭa
padikā	6	aṣṭa dvi godhā haṃsa tri ṣaṭ
padya	6	daśa pūrva tri vyāghra yauga śṛṅgāra
pakṣīya	6	apara paśu pūrva sva śuka śukla
paridhi	6	antaḥ bahiṣ bhū manda yathā śīghra
paridhāna	6	agni antaḥ gagana phalaka punaḥ vastra
parājaya	6	akṣa duṣ jaya madana punaḥ śatru
parāka	6	bhikṣukī dvai dvi mahā para sapta
parṇi	6	bāṇa madhu pilu tāmra śrī śīta
patākā	6	dravya jaya preta raṅga vijaya viyat
peśī	6	bilva kāla māṃsa vastra āmra śukti
peṣam	6	cūrṇa māṣa rūkṣa taila uda śuṣka
piśācikā	6	bhoga dhana gandha pattra āyudha āśā
piṇḍī	6	buddha dvāra jaṅghā tri śāka śūka
prai@ṣa	6	anuvācana anuyāja dvi prati puru sa
prajas	6	alpa duṣ iḍa iḍā sa su
prakhya	6	amara bibhrajjiṣu cāmīkara eka phena su
prapāta	6	dṛṣṭi giri jala madhu maru vīrya
prasravaṇa	6	bhṛgu mada plakṣa puraḥ uccāra udak
prasthāna	6	jaya jñāna mahā mithaḥ sūtra vara
prasūtā	6	acira cira madhya nava prathama sadyaḥ
prati	6	māṣa odana prati sūpa tuvi śāka
pratigraha	6	asat duṣ keśa niṣ sat yājana
pratāpa	6	mahā niṣ prauḍha puṇya pāṇḍava rudra
pravṛtta	6	cira hita kṣaya pūrva su ārya
praśasta	6	bha kavi lakṣaṇa puru su vāk
pro@ta	6	ota ratha sūcī sūtra śalya śūla
prā	6	antarikṣa carṣaṇi kakṣya kratu kṛṣṭi ratha
prā@pya	6	duṣ hasta punaḥ su sukha yajña
prā@śana	6	amṛta anna aṅguli ghṛta madhu nava
prākāra	6	bahiṣ prati prāṃśu su tiras vajra
prāsāda	6	candra pañca ratna saṃgīti vāsa śilā
puroḍāśa	6	eka garbha paścāt paśu purastāt tarasa
purā	6	agni aśma jīva tri uda āśā
puñja	6	bhasma gola māṇikya raśmi saphena vidyut
puṭaka	6	carma cañcu ghrāṇa pāṇi tri śravaṇa
pācaka	6	antra miṣṭa piṣṭa rasa viśva vṛṣala
pādaka	6	dvi eka lohita pīta tri śata
pāṇḍava	6	kuru madhyama niṣ pracaṇḍa rāghava vi
pāṭala	6	citra divya mahā saṭā su vi
pītha	5	asoma go mañca soma surā
pīti	6	nṛ pūrva sa saha soma uda
pīḍana	6	atyanta cakṣu graha hṛt pāṇi su
pūjā-paddhati	6	baṭuka bhavānī devī hari liṅga sundarī
pūla	6	barhiṣ darbha dhānya maṇḍa samit tṛṇa
pūrṇimā	6	aśoka bhūta calat dyūta kārttika vijaya
rasika	6	kāma māyā raṇa sparśa vinoda śīta
rañjanī	6	harid nakha rāmāyaṇa smṛti vibudha śruti
rañjinī	6	bāla mano rasika sudhā śata śruti
retasa	6	agni deva hiraṇya kapota sauvarṇa suvarṇa
roṣa	6	dīrgha jāta mukta sa su vi
rīti	6	brahma rāja saṃnyāsa svarṇa vaidarbha śakṛd
sadas	6	amara antaḥ bahiḥ brahma yajña śakra
sah	6	carṣaṇī dhanvā prā sadā satya viśvā
sambhavā	6	carma gautama sura valmīka vedi vyoma
sampatti	6	dhana rūpa sarva saṃkalpa vasu śarīra
samplava	6	ambu bhūta garbha gātra sattva viśva
samudbhava	6	carma hiṃsā kanyā kula majja tāpī
sauhṛda	6	dṛḍha gata ku nisarga rūḍha sthira
saṃdarbha	6	bhakti bhāgavata pada prīti siddhānta svara
saṃdha	6	deva dṛḍha jala jarā satya su
saṃdhya	6	bahiḥ dvai dvi dīrgha sa tri
saṃghā@rāma	5	bodhi haṃsa masūra nara nava
saṃkhyāka	6	bahu sahasra sapta saptati tat yat
saṃnibha	6	krīḍanīyaka kāñcana pitṛ satya stabaka śaśi
sevana	6	dharma indriya mūrti pāda vṛṣalī śūdra
snigdha	6	ati bhāva mandra prīti su sāndra
spanda	5	kara niḥ pakṣma snāyu sparśa
sravā	6	amṛta giri madhura sudhā surabhi vipula
stanā	6	aṣṭa aṣṭā catu catuḥ dvi su
sthalaka	6	dāṇḍāyana māna māṣa rāja sāmudra ānaka
sthya	6	dauḥ mādhya mādhyama pārama sāma vaiṣama
sthāpana	6	ghaṭa mātṛkā nakṣatra upari vayaḥ vāstu
suvarṇa	6	adhyardha bahu dvi gaura kṣudra sa
svarga	6	bhū bila dūra jita rudra vaikuṇṭha
svastika	6	adhara apara bāhu hasta muṣṭika padma
sā@hvayā	6	gaṇḍa mitra ratha vana vṛṣa śukti
sāma	6	antaḥ bhādra brahma prati yathā ṛk
sāmya	6	avyakta dhātu dik sarva tri vāri
sūcaka	6	aniṣṭa bha maṅgala nakṣatra toya viṣa
sūkara	6	ambu grāma grāmya jala mṛga yajña
sṛṣṭi	6	ati bhūta rudra svapna viśva viśvāmitra
tana	6	agre arvāk doṣā prage pūrva tadānīṃ
taskara	6	ambu jala pūrva rati saṃdhi vāri
tati	6	baudhāyana nati punas sa tamas yajña
tiktaka	6	kaṭu kirāta kāṇḍa mahā su vara
toraṇa	6	aṅguli kautuka mārga pura sa yantra
tāpana	6	candra indra para sarva saṃha śatru
tāpasa	6	chadma kapaṭa ku kūṭa siddha vipra
tātparya-nirṇaya	6	bhāgavata bhārata rāmāyaṇa viṣṇu vyāsa śruti
tāḍana	6	bherī daṇḍa ghaṇṭā jala kapola marma
tīrtha-māhātmya	6	bhṛgu bṛhat pitṛ sītā vajra vṛṣabha
tṛtīya	6	ardha etat sva tat vi ātmanā
tṛṣ	6	artha mṛga nis prīti sa vi
tṛṣṇā	6	artha bhoga dhana jīvita madana mṛga
upaniṣad	6	devy etad hanumad sāvitry yāvad śira
vahā	6	asṛg citra jagad mano puṣpa sroto
vaikalya	6	artha citta vrata vṛtti śakti śarīra
valli	6	aṅghri bhūmi pattra su tagara viṣa
vandana	6	hari pāda pātra saṃdhyā sādhu tṛṣṭa
vandhura	6	aṣṭā hiraṇya pañca pūrṇa sṛpra tri
varaṇa	6	brahma maśaka mitra punar svayaṃ vara
vargīya	6	artha bhadra mad sa sva ṣaḍ
varūtha	6	sa sapta su tri vi śarma
vayaska	6	gata madhyama pūrva sa sama samāna
vaśya	6	kāma para pāra strī su sva
vaṃśya	6	hari soma sva sūrya viśuddha śuddha
veṣṭaka	6	aṅguli danta karṇa veṣṭana śrī śālmalī
vidagdha	6	dur mahā pitta su vāg śleṣma
vihvala	6	bhaya gandha harṣa mada su śoka
vihārin	6	gagana kāma mṛgayā rātri saṃghāta svaira
vikṛti	6	anna aṅga khaṇḍa kṣīra prakṛti uttīrṇa
vimala	6	cakra candra jina su ānanda śaśi
viniścaya	6	artha pramāṇa pāpa roga rug su
vinnā	6	kroṣṭu kṛṣṇa matsya pheru siṃha sṛgāla
viplava	6	bhāgya citta dharma rāṣṭra sattva śīla
vipra	6	graha jaḍa kula su sāma śiva
vivardhana	6	brahma buddhi dharma harṣa nandi śoka
vivṛti	6	bīja chando dharma makaranda spanda upādhi
viyoga	6	bhūri mad sad saṃnidhi strī tvad
viśeṣaṇa	6	artha kiṃ kriyā liṅga sa śabda
viśārada	6	naya raṇa su vidyā vākya yuddha
viṃśaka	6	eka mokṣa pañca sapta saṃvara ṣaḍ
viṃśat	6	catur eka pañca sapta trayo ṣaḍ
vrāta	6	bhadra mahā ratha tapo vṛṣa śara
vrīhi	6	aṇu bahu kṛṣṇa mahā vana āśu
vrīḍa	6	hata mlāna nir sa svalpa vīta
vyatha	6	gata guru jala nir sa sama
vyavasthā	6	dharma dvīpa satya smṛti varṇa viṣa
vyākhyāna	6	eka gaṇa pada phakkikā vāstu śrauta
vyāpad	6	bala garbha sarva vasti viraha yoni
vāh	6	indra madhyama pārṣṇi pṛṣṭha pṛṣṭi śveta
vālukā	6	hima karambha pīta sthūla su śaila
vāma	6	akṣa anti hasta saṃyad vārita yajña
vānara	6	duṣṭa hasti kṛṣṇa mala nir nīla
vāṇi	5	antar para prati vāra śara
vāṇī	6	daiva deva masṛṇa nir sarasa ākāśa
vīthi	6	gaja ghana naya svar uttara vṛṣabha
yavam	6	khale lūna lūyamāna pūta pūyamāna saṃhriyamāṇa
yā	6	deva duvo eva tura śubhaṃ ṛṇa
yājaka	6	grāma nakṣatra rāja vrātya vṛṣala śūdra
ādhāra	6	dur jagad kim madhv maṣy nir
ākṛti	6	dhanur dur evam nir tiryag vedy
āśraya	6	dur kim mahad nir sthāny vy
śakuna	6	kṛṣṇa mūla puṇya puṣpa su śubha
śala	6	daśa duḥ pañca sahasra tri śata
śamī	6	bhū catuḥ laghu mahā su ṣaṭ
śasta	6	ati bahu duḥ kavi su vāk
śaṅkā	6	aniṣṭa ati mṛta sarva vi vistara
ścandra	6	aśva hari puru su sva viśva
śikharin	6	guru hima kanaka kula sphaṭika tuṣāra
śiśu	6	bhujaṃga deva draviḍa haya siṃha śaśaka
śobhana	6	ati karṇa parama samiti su vana
śramaṇa	6	kṣamā mahā nagna pramatta punaḥ śākya
śrī-garbha	6	buddhi nārāyaṇa puṇya puṣpa rucira vimala
śubhra	6	bhūti candra hima mahā sudhā tanū
śuci	6	jala para rahaḥ upadhā vajra viśva
śva	6	adya mātari su yama ākarṣa śvaḥ
śākaṭa	6	ikṣu mūla mūlaka vārttāka vāstuka śāka
śākina	6	ikṣu mūla mūlaka vārttāka vāstuka śāka
śālikā	6	bandi candra citra nāpita pānīya taila
śārada	6	pūrva rajju su vi viśva śata
śāyikā	6	giri kośa mṛga puṣkara sthaṇḍila vṛkṣa
śṛṅkhalā	6	asthi dīpa kaṭi vajra vāṭa śāri
ḍiṇḍima	6	abhaya bhaya udghoṣa vijaya vāda ārava
ṃ-kāram	6	bhīta caura cora dvaidha sampanna svādu
ṇī	6	agra agre grāma sahasra samagra yantra
ṣada	6	barhi go nār pāri su śamanī
ṣāh	6	abhimāti bhūri dhūr nī nṛ pṛtanā
ṣṭhāna	6	bhīru go madhu rayi su sādhu
ṭama	6	jyotiṣ mīḍhuṣ sarpiṣ tuviṣ vapuṣ yajuṣ
ahna	5	dur nir prātar try vy
apatya	5	bahv kad nir pum tad
ardha	5	dvy praty tithy vedy śakty
aśīta	5	arvāg catur dvy try ṣaḍ
aśīti	5	catur dvy try ṛg ṣaḍ
badara	5	kara laghu nṛpa rāja vāri
badarī	5	bhū kaṭu kṣiti sūkṣma vallī
bandham	5	caṇḍālikā coraka granthi gupti krauñca
bhadrikā	5	bala catur gopa vana viṣa
bhairava-tantra	5	māyi siddhi yoginī śakti ḍāmara
bhakṣin	5	abhakṣya kaṭuka kravya sarva utpanna
bhakṣā	5	gaja mṛga pika uṣṭra vṛkṣa
bhavā	5	bhīma bhṛgu grīṣma indu marud
bhaṭṭāraka	5	indra parama svāmi sāra vijñāna
bhaṭṭārikā	5	bṛhad jayā mahā vijaya śīla
bhedya	5	dur nir sukha sūci sūcī
bhikṣā	5	māṃsa piśāca turya tṛtīya vrata
bhramaṇa	5	cakra deśa dhruva gagana paṭaha
bhukta	5	ajñāta ku mita su sāmi
bhāvya	5	dur dvai prāti pāri vinā
bhīma	5	anaṅga mahā sa su vikrānta
bhūtika	5	drāviḍa maru prā su śiva
bindū@paniṣad	5	amṛta dhyāna nāda nārada tejo
bodhaka	5	bhāva bāla dhvani prā sāmya
bodhi	5	agra deva mahā prāg saṃgha
bodhikā	5	druta hṛdaya naya su sukha
bruva	5	brahma brāhmaṇa dvija kṣatriya vrātya
bāṣpa	5	antar kha mogha sa ānanda
cala	5	bhūmi harṣa niś sa śikhā
cchalā	5	gāna stobha veya ūha ūhya
cchedin	5	kuḍya marma māṃsa saṃśaya tṛṇa
cheda	5	medaś niś tvak vṛthā śiraś
chāya	5	bhū duś mahā niś prāk
citya	5	catuś nai naiś sahasra sāgni
cora	5	hṛdaya miśra puṃś saṃdhi śabda
cāru	5	bhadra ku sa su vi
cūla	5	puṣpa surabhi suvarṇa svarṇa vāma
dasyu	5	dṛḍha nir puru trasa śāstra
datti	5	daiva dvai sauma soma vyāsa
daṃṣṭraka	5	asi sūkara tīkṣṇa vyāla śva
daṃṣṭrā	5	aśva madana makara viṣa śva
deṣṇa	5	cāru kumāra skambha su tuvi
dhanvin	5	bahu dṛḍha iṣu sarva śārṅga
dhas	5	payo puro reto varco vayo
dhānyaka	5	bahu hema kumbhī kusūla tuccha
dhāva	5	asi caila danta dur maṇi
draṣṭṛ	5	mantra sarva su sūkta vyavahāra
droha	5	mitra nir para prāṇa rāja
drohin	5	bhāryā dharma mitra pitṛ ātma
duḥkhita	5	ati bhṛśa dina parama su
dvija	5	amara mṛga sita su viṃśati
dviṣṭa	5	indra kṛta kṛṣi mleccha yavana
dyut	5	danta mṛga su vi śikhi
dārin	5	karṇa pāra reśaya rukmi veṇu
dātu	5	dvāra sahasra su vara śata
dūra	5	ati kha kiyad su vi
dūtī	5	bhakti kāma kṣetra praśna śiva
gadya	5	prā vaikuṇṭha vyāsa vāyu śrīraṅga
gambhīra	5	megha sarva su sāgara tri
gandharva	5	deva manuṣya sa sāmi tantra
gandhinī	5	aja bhasma hema malaya mātṛ
gat	5	adhva dvi dyu jana nava
gaurī	5	bhūti daṇḍa hara jagad mahā
gañja	5	dharma gagana kha sindhu śāstra
gaṅgam	5	madhye prāg pāre unmatta śanair
gaṇaka	5	patti ratha rātha soma su
gaṇe@śa	5	haridrā mahā nīla ucchiṣṭa śrī
gha	5	dru pāṇi rāja tāḍa śatru
ghaṭikā	5	carma nata vaṃśa vi viṣa
ghora	5	arśo mahā nīla su śata
ghoṣā	5	dhātu hasti pīta śabda śveta
goṣṭha	5	antar aśva go mahiṣī sāyaṃ
grāham	5	jīva kara keśa nāma yaṣṭi
guha	5	bṛhad hema kāka mahā sakṛd
guṇin	5	atyanta doṣa sarva sattva su
gādha	5	alabdha aritra dur su ugra
gāminī	5	gaja haṃsa matta mṛga siṃha
gāyana	5	bhīta deva divya madhu sura
gūrta	5	ari puru rādho sva viśva
harītakī	5	amṛta bhṛgu go guḍa paśu
harṣaṇa	5	danta loma roma rāja śepa
hastaka	5	ardha dāru gandharva kapota prati
hasti	5	jñāna paula prati ubhayā ubhā
hava	5	daiva indra mahā su vana
heman	5	hiraṇya kūṭa rasa siddha āśu
hima	5	hata nir pattra sa śata
horā	5	kāla laghu pārāśara siddhānta yavana
hrasva	5	ardha ati catur mahā ubhayato
hā	5	aja kṛmi mala mano mūrkha
hārī	5	kali mano phala svayaṃ śoka
hṛd	5	dur klinna sa sarva su
iṣṭi	5	div dur gav paśv tad
janana	5	indra medhā paśu tuṣṭi vīra
jvālā	5	ghana jaṭhara tarka tīvra vajra
jñā	5	gandha jīvita pada sama ṛta
jātā	5	maru nepāla plakṣa sadyo śaila
kalatra	5	ku para priya sa su
kalaṅka	5	hariṇa kula niṣ sa vi
kali	5	kṛṣṇa māna niṣ rāja śastra
kalita	5	citta dhairya kelī lāvaṇya su
kalka	5	bahu dhānya jala tila tīkṣṇa
kalpa-sūtra	5	jīta kātīya mānava vidyā śaunaka
kapi	5	ambu jala mahā vana vṛṣā
kapota	5	gṛha jala mahā pañjara śveta
karaṇī	5	dvi loma soma tri tṛtīya
karmaka	5	dvi sa samāna tulya śabda
karmin	5	anārya kevala pāpa rāja sva
karśana	5	akāma gātra kāma sapatna śatru
karṣa	5	dākṣi prā suvarṇa tri vāḍaba
kaṃsa	5	adhyardha ayas bhakta payas pūrṇa
kaṇikā	5	nyāya prasveda pīyūṣa svarṇa vaṭa
kaṭu	5	kedāra kāṇḍa pācī tri śruti
keta	5	ajñāta manas sa su śreyaḥ
khara	5	ati bhās gaura kāka uṣṭra
kharjūrī	5	bhū bhūmi madhu madhura rāja
kila	5	go keli kola koli paṭṭa
kirī	5	deva goṇḍa guṇa madhu rāma
kiśora	5	divira mayūra nanda rāma vraja
kiṃkara	5	rāma sa yama śaṃkara śiva
koli	5	hasti kapi latā sṛgāla vana
kośātakī	5	bṛhat grāmya hasti mahā rakta
koṣṭaka	5	dhānya dvāra malla mukti sāraṇī
koṣṭha	5	koṇa krūra laghu mṛdu uda
koṭī	5	ardha dhanuṣ dhī yama yava
krama-dīpikā	5	lalitā putra saubhāgya sāṃkhya śāradā
kraya	5	kṛta mithyā rāja su śvaḥ
kulya	5	bahu dauṣ druma sa sva
kumbhī	5	ayas bhū mahā sita sāṃnāyya
kusumā@ñjali	5	dāna mīmāṃsā nyāya stuti śiva
kāla-nirṇaya	5	laghu mādhava nakta vrata śloka
kāminī	5	dik kha lepa sura veśya
kāmā	5	buddhi puṃs vajra vatsa virāṭ
kāriṇī	5	dharṣa kāñcana mālā śilpa śiva
kāsa	5	jarā kṣata kṣaya śuṣka śvāsa
kāñcana	5	deva maṇi rakta sarva vrīhi
kāśin	5	anna apāpa artha jita kṛpaṇa
kīlā	5	acala adri kḷpta parvata pīta
kūbara	5	dvi nala naḍa ratha vi
kūpī	5	dīpa jala kāca maṣi tunda
kḷpti	5	citi kāma kṣudra paśu yathā
kṛṣṇā	5	gaja jatu kari pṛthu śveta
kṣayaṇa	5	arāya asura bhrātṛvya piśāca sapatna
laulya	5	ati jihvā mano rājya strī
liṅgaka	5	anya bhinna ku tri vācya
lāsikā	5	hṛl kavi sura svara tūla
līlāvatī	5	bhāṣā bīja haya kautuka nyāya
līna	5	anta antar danta sva svar
m-bhāvuka	5	andha dūra palita pāmana sthūla
m-ejaya	5	anaṅga ari jana sattva viśva
madana	5	agni bhaṭṭa gandha su vasanta
madya	5	daur madhu pīta vi vicchinna
mahe@śvara	5	bhūta loka vidyā viśva vīra
maho@dadhi	5	mantra nyāya sūta vaidya āyur
mallaka	5	jñeya kroḍa mala skandha śiva
manman	5	dur satya su vipra yajña
manohara	5	budha dāna madana māna su
mantu	5	dur nir puru su tri
manuṣya	5	deva dur līlā mahā nir
mara	5	dru dur nār nṛ su
mauna	5	baddha gṛhīta haṃsa māna vi
mayūra	5	gṛha krīḍā matta tila śruti
maṇas	4	ara nṛ vṛṣa śrī
maṇḍalin	5	cakra kara pārśva vakṣo ūrdhva
mokṣaṇa	5	bāṇa prāṇa pārvatī rakta saṃsāra
mudra	5	antar bahir jñāna nāga vi
mukhā	5	chattra nakta priya sato svapna
musala	5	cakra kandarpa kaṅkāla sanna ulūkhala
muṣṭika	5	catur keśa pañca sapta viṣa
mārgaṇa	5	kusuma kṛṣṇa naṣṭa sāra ṛṇa
mārjāra	5	araṇya gandha jala lomaśa vṛkṣa
mārī	5	bhramara bhūta bhṛṅga kīṭa mahā
māṃsī	5	abhra gandha jaṭā svādu ākāśa
mīḷha	5	aja pauru puru sahasra svar
mūṣikā	5	andha bāla prati svarṇa sāra
namra	5	bhakti mañjarī pāda stoka vi
nandā	5	alaka bhaga deva sakṛn sura
nasa	5	go kumbhī mahi su vi
nau	5	bhinna dṛṣan nāma saha su
nayanā	5	hariṇa kuraṅga kuvalaya mṛga vāma
naṭa	5	bṛhan eka ku kuṭan mahā
neri	5	bhāva karaṇa naḍa saṃkīrṇa śuddha
nibandhana	5	artha iṣu mauñjī strī vṛtti
nihita	5	antar kara madhya su upari
niketa	5	cala pāda saṃketa vi śrī
nimba	5	bhū giri mahā nepāla pañca
nivaha	5	ambu duḥkha jala mleccha puṇya
niveśa	5	bṛhan dharma pura vāhinī śara
niviṣṭa	5	antar cira pūrva su sukha
nāya	5	aśva go jīva puruṣa śyāva
nāyikā	5	bhūta caṇḍa kula pīṭha sāmānya
pari	5	akṣa dvi eka su śalākā
pariṇāma	5	bhagna duṣ evam phala ratna
pariṣad	5	brahma deva pañca sabhā vidagdha
parus	5	sarva su tri vi yajña
paruṣa	5	locana niṣ saṃrambha su śravaṇa
paryaya	5	abda anila kāla vāsa ṛtu
parāyaṇa	4	daṇḍa jagat japa tat
parāṅmukha	5	prasāda viṣaya vyaya yuddha śāsana
parṇinī	5	bhujaṃga hasti khara lomaśa āditya
pattrin	5	mayūra puṣpa su sūtra śikhari
pañcama	5	ardha kalyāṇī āmra ātma ātmanā
pañcā@nana	5	bāṇa nyāya nṛ siddhānta tarka
paṅkaja	5	hṛt kara mukha pada sa
paṭṭana	5	dharma mañju nāga surabhī vikrama
peśala	5	ati ayoga praṇaya puṣpa su
peṭaka	5	bhaṭa kapota kośa taraṇi viṭa
phalikā	5	bahu madhu nava śaṅku śrī
pidhāna	5	dvāra guhya khaḍga sa su
pitāmaha	5	jyotiḥ loka pūrva ādi śuka
piṇḍā	5	hari rāja sthala sva svādu
poṣaṇa	5	garbha gṛha pakṣa udara yoni
pracāra	5	dharma go kaumudī niṣ su
pradeśa	5	gaṇḍa krīḍā niṣ pulina skandha
pradāyin	5	agra bhaya jīvita prājāpatya prāṇa
prahārin	5	dṛḍha randhra vyasana āgata śṛṅga
prakopa	5	oṣṭha pakṣma pitta vāta śastra
pramāda	5	hata lekhaka niṣ punaḥ sa
prasara	5	labdha megha sneha suvarṇa vicchinna
prasavā	5	kanaka mauktika prāpta vīra āsanna
prastāra	5	khaṇḍa mantra meru rāga svara
prasūna	5	bisa kanaka sadā śilā śrī
pratiṣṭhā-vidhi	5	bhagavat bimba devatā pratimā ratha
pratiṣṭhāna	5	antaḥ chandaḥ pāda satya su
pratīkāra	5	bhaya duḥkha kṣut niṣ vaira
pravara	5	hotṛ pakṣi putra raghu śaṅkha
pravṛddha	5	ati coda mahā punaḥ su
prayukta	5	duṣ mithyā phala su vidhi
prayāṇa	5	askhalita bahiḥ indra prāṇa yajña
praṇaya	5	ati madhu niṣ rūḍha sa
praṇidhāna	5	devatā mahā mithyā samyak īśvara
praṇāma	5	daṇḍa kṛta prati pāda śiraḥ
prā@nta	5	jala karṇa nagara paṭala yauvana
prā@varaṇa	5	cīra ku kunta kuṭṭa śiraḥ
prā@śa	5	anna cyavana dhūma ghṛta śāmya
prī	5	brahma ghṛta vatsa viśva yajña
purohita	5	brahma bṛhaspati daitya deva sa
pustaka	5	gīta prati prayoga vrata śānti
putrā	5	apati indra kevala vṛtra śūra
putrīya	5	paitā rāja sāvitrī vātsī śākya
puṣ	5	kalevara kāma rasā viśva viśvā
puṣpi	5	brāhma hiraṇya sāma vyāghra vāsa
pākī	5	arjuna odana rakta śveta śīta
pāruṣya	5	bandha daṇḍa dhik tvak vāk
pātaka	5	ati garbha karma mahā virala
pāyya	5	bahu dvi kuṇḍa nṛ pūrva
pāñcālaka	5	ardha dakṣiṇa pūrva sarva su
pāśaka	5	daṇḍa kaṇṭha paśu vāla vāruṇa
pīḍa	5	akṣa asahya sa tila tṛṇa
pūjya	5	daitya deva gaṇa viśva vāsu
pūtanā	5	ahi andha dṛṣṭi gandha śīta
pṛṣṭhaka	5	hasti kaṭhina kūrma ratni śukla
rasana	5	dvi dīrgha latā sneha viloma
rathyā	5	grāma jyoti mahā vi śākhā
raśana	5	hiraṇya nī sa samudra vāta
raṃhas	5	ati pavana sama upātta vāta
rekha	5	bahu sama su suvarṇa tri
rocana	5	bhakta gharma puṣpa su viśva
roma	5	bṛhad dīrgha jāta sa sthūla
ruta	5	garuḍa go haṃsa śivā śyāmā
rājñī	5	eka mahā paṭṭa sarpa sindhu
rāvin	5	bṛhad krūra madhura mita vaha
rūḍha	5	ardha dū su yaugika yoga
sa	5	gautama go kiṃ kula priya
sahasra-nāma-stotra	5	jina jānakī laghu sītā vārāhī
sajjā	5	agni lipi raṇa vāsa vāsaka
sambaddha	5	nyāya phala roga su tila
sambhṛta	5	cira prāṇa puru su svayaṃ
sampuṭa	5	bahu harṣa kṛta mallaka vacana
samṛddha	5	rūpa sarva su tri vīdhra
samṛddhi	5	bhāgya manaḥ rūpa su yajña
sapta-śatī	5	bhukti laghu mohana mukti śṛṅgāra
sarja	5	mahā nadī rajju sindhu vane
satī	5	bhikṣuka brahma eka mahā satya
saṃbhava	5	kamala kanda kapha karma āhāra
saṃdṛś	5	hiraṇya piśaṅga raṇva su tveṣa
saṃgara	5	anṛta dharma raṅga satya sthira
saṃgata	5	ku kula para sarva vi
saṃjīvanī	5	hasta kāvya manmatha mṛtyu prākṛta
saṃkṣaya	5	bhāgya jana loka mūtra śuci
saṃkṣepa	5	nyāya rāmāyaṇa su sāma śārīraka
saṃsad	5	brahma deva jana rāja su
saṃskṛta	5	ati punaḥ sneha su sādhu
saṃtāpa	5	bhūta koṣṭha laghu manaḥ mānasa
saṃvāda	5	prāṇa sa saha śrotra śuka
siddhā@nta-kaumudī	5	laghu madhya svara sāra vaiyākaraṇa
stana	5	bhūyaḥ go pīna tri ūrdhva
sthalā	5	ghṛta kratu kṛta puñjika ṛtu
sthira	5	ati bhāva guru saṃstava su
sthāla	5	hiraṇya kaṃsa kaṭa mahā varṣa
sthūla	5	ati mahā muktā sthūla yathā
stoka	5	agni ghṛta lohita madhu uda
stubh	5	arka chandaḥ gharma vṛṣa ṛta
svayaṃvara	5	jānakī kanyā pārvatī sundarī sītā
syanda	5	madhu niḥ pitta sarala sudhā
sādhāraṇa	5	ananya anya bahu puṣpa sarva
sākṣin	5	duḥ karma loka mṛṣā uttara
sāmānya	5	aloka mahā niḥ pitṛ sarva
sāra-samuccaya	5	bhāgavata lakṣaṇa prayoga smṛti sāraṅgī
sāriṇī	5	dala lagna muhūrta nyāya pāta
sāvitrī	5	bhārata durgā go rudra sāma
sāyujya	5	bhava brahma deva rāja śiva
sīman	5	niḥ sa samara sthala su
sūti	5	bahu mṛtyu ratna sa sudhā
sūtraka	5	hasta hema kāla pārśva vṛddha
takṣa	5	grāma kauṭa pañca tapas tri
tanmātra	5	bhūta pañca rasa sparśa śabda
tanū	5	atapta gharma indra sarva yajña
tapa	5	dus ku mahā pañca su
tapasvin	5	ati bhaṇḍa ku mahā su
taraṇa	5	bāhu dus pratīpa su ūrdhva
tarā	5	brāhmaṇi gīs kumāri rātri strī
tattva-prakāśikā	5	bimba piṅgala pratyaya smara vastu
taṇḍulā	5	balakṣa kṛṣṇa pattra tikta tīkṣṇa
tiktā	5	bahu bṛhat kāka sarva yava
toyā	5	indra kara sadā sravat vara
tri-rātra	5	baida cāraka garga kusurubindu vyuṣṭi
triṃśati	5	dvā pañca sapta trayas ṣaṭ
trāta	5	bhava deva dharma hari su
tuṣa	5	hiraṇya nis sa vi vāla
tya	5	dūre kutas kutra tatra tyatra
tyaj	5	dhana roma su tanu tanū
tyāgin	5	dāra guṇa mahā yajña ātma
tāpinī	5	madhya pūrva rāma sundarī sūrya
vartaka	5	bāhu guru kāka prā sad
vañcaka	5	bandhu jagad viśvasta vārka ātma
vaśā	5	ardha candra go nāga sūta
vepas	4	gabhīra gambhīra gāyatra puru
veṇu	5	bhadra dīrgha kvaṇita piṇḍa tri
vi	5	bahu manas nī pada rāja
vibhava	5	gata rājya vāg yathā ātta
vibhraṃśa	5	citta deśa manda mati yajña
vida	5	dur dvi nai su trayī
vidheya	5	cintā pañca strī sva vāg
vidyut	5	sa su sva vi ṛṣṭi
vigama	5	divasa karaṇa kheda rātri sampradāya
vihīna	5	dṛg kāraṇa mad mṛjā vidyā
vilocana	5	aśru eka eṇa rājīva viṣama
vinyāsa	5	akṣara bala bhuvana hasta vākya
viraha	5	lobha mahā prathama viveka āhāra
visarjana	5	deha mala sakhya vrata vāg
vivarjita	5	dāva kāma mūlya nāma vyabhicāra
viśiṣṭa	5	mahā saṃskāra su vidyā vīrya
viśāla	5	kriyā nāndī su tamo śrī
viṣ	5	dhātu go jarad karṇa netra
vrata-kalpa	5	hanumad vināyaka viṣṇu vyatipāta śiva
vratika	5	baiḍāla baka biḍāla mahā āditya
vyadha	5	jala karṇa sa sirā śaravya
vācaspati	5	maithila mayūra nyāya siddhānta vāsiṣṭhika
vādana	5	bhāṇḍa gīta nakha veṇu vīṇā
vāhaṇa	5	garga nṛ purīṣa ratha roṣa
vāram	5	aneka bahu eka sarva śata
vārika	5	bhājana nāga pariṣaṇḍa pānīya utpatha
vārtta	5	agni gala pusta sva śastra
vāruṇī	5	bṛhad drākṣā indra mahad mahā
vāsiṣṭha	5	aiḍa bṛhad laghu vaidhṛta yoga
vāsya	5	amā prathama vana vāra ūrdhva
vāṇija	5	aśva go gāndhāri kāśmīra madra
vī	5	deva hiraṇya pada parṇa pratī
vṛdha	5	kavi marud namo sadā su
vṛttā@nta	5	bhuvana kārya loka prathama ātma
yajvan	5	astṛta bahu pṛṣṭha śata śiva
yakṣa	5	antar kaparda mahā pūrva vyāḍa
yata	5	hasta su sva tva vāg
yatna	5	nir sa sarva sva vyartha
yudh	5	goṣu prā puro vṛṣā āyur
yāja	5	ati dhārā jīva upāṃśu ṛtu
yāta	5	cira saha svar tiryag unmārga
yātrika	5	loka mahā prā siddha siddhi
ādhāna	5	antar dvy nir punar samid
āgata	5	dig dur punar svayam tiryag
āhāra	5	kad kim laghv nir punar
āsya	5	dvy nair pāṇy surabhy sūcy
āyata	5	nir prāg prāṅ tiryag udag
āśa	4	dur nir prātar sāyam
āśaya	5	dur hṛtsv kad nir sad
śaka	5	avagraha aśva duḥ kanaka su
śalka	5	hiraṇya mahā niḥ sa sthūla
śama	5	manaḥ niḥ roga su śama
śambhu	5	brahma kedāra mahā soma viśva
śauṇḍa	5	akṣa dāna pāna raṇa strī
śaśin	5	mukha paṇḍita prati rākā sama
śaṃsin	5	agha hotrā su uktha śubha
śaṅka	5	niḥ sa vi vīta śakya
śikhāmaṇi	5	nyāya prayoga siddhānta vedānta yamaka
śilpin	5	carma deva roga sura śāstra
śimbikā	5	kṛṣṇa su śaśa śveta śūka
śleṣa	5	antaḥ artha sa su śabda
śliṣṭa	5	danta hetu prā prāk su
śreyasa	5	ahaṃ nai naiḥ niḥ śvaḥ
śrit	5	divi nabhaḥ sūrya uddhati śiraḥ
śrotra	5	cakṣuḥ catuḥ divya ghaṭa stabdha
śrīka	5	niḥ puṇya sa su vigata
śuc	5	mānasa pati sa tri viśva
śuktikā	5	irvāru kṣudra svarṇa toya śaṅkha
śulka	5	eka kanyā kula prati vīrya
śvan	5	araṇya mātari piśāca vana vyāghra
śṛta	5	duḥ kṛṣṇa rātri su svayaṃ
ḍīna	5	ati kha mahā punar tiryag
ṃ-dada	5	abhaya dharma priya prāṇa sarva
ṃ-dadā	5	dhana dāna lakṣmī phala pṛthivī
ṃ-kaṣa	5	abhra haya kūla pala sarva
ṃ-tapa	5	dviṣa jana lalāṭa para śatru
ṇidhana	5	bahir dakṣa svar tri ṣaṇ
ṛṣabha	5	bharata deva hasty saha vāg
ṣaṃdhi	4	dvi niḥ su tri
ṣṭuta	5	ari duḥ puru su ṛṣi
ṭara	5	duṣ sarpiṣ vapuṣ viduṣ yajuṣ
ṭva	5	cakṣuṣ haviṣ jyotiṣ sarpiṣ yajuṣ
abhidhāna	4	bahv kim punar rāśy
adhika	4	dvy vāyv ṣaḍ ṣaṣṭy
adhipa	4	dig kṣity rāśy vāg
ambara	4	cid dig harid nir
amitra	4	bahv dūre nir praty
amla	4	bṛhad catur svādv vy
anvaya	4	apunar dur nir tad
anya	4	bhavad dvy tad tvad
ape@kṣa	4	nair nir tad śakty
ara	4	praty triṃśad try ṣaḍ
argala	4	bahir nir praty vyādhy
arha	4	anaḍud atad bahv tad
arka	4	bṛhad galv praty vy
avadhi	4	etad nir tad yad
avara	4	dvy praty try śakty
aṅgiras	4	bhṛgv bṛhad praty viṣṇv
bandhin	4	matsya phala rāga vātsalya
bhagna	4	dharma dur kāṇḍa svayam
bhakṣaka	4	bhaga gaja kaṇa vāyu
bharman	4	ariṣṭa garbha jātū vāja
bhautika	4	bhūta pañca pāñca sārva
bhavat	4	atra tato tatra vīra
bhavya	4	bhūta pāri sadā su
bhaṅgi	4	bāhu pattra tri vi
bhaṇḍa	4	kakub rikta viśva vādya
bhiṣaj	4	deva su viṣa śata
bhojas	4	puru su sṛpra viśva
bhrāj	4	deva su sūrya viśva
bhrānti	4	cakra citta kha mati
bhu	4	agni mayo svayam śam
bhujā	4	aṣṭā daśa krānti viśva
bhāraka	4	loha palāla paṅka yoga
bhāsvara	4	mahā parama su śukla
bhāvita	4	mūtra su sākṣi yajña
bhāṇḍaka	4	aśoka mṛtsnā suvarṇa vi
bhāṣa	4	dur parasmai ubhayato ātmane
bhīruka	4	daṃśa maraṇa su śīta
bhūbhṛt	4	cedi hima prati siṃha
bhūṣaṇī	4	nṛpa rāja vana yati
bodhi-sattva	4	ati deva dhyāni śākya
brahma	4	asura avanti ku mahā
budha	4	dur su uṣar vi
bāhuka	4	dvi hanumad hrasva su
bṛhat	4	daśa kaṇva sato śyena
calana	4	bhūmi garbha jānu kṣiti
candraka	4	ardha barha māṇikya sa
capala	4	kumāra mukha netra vāk
caru	4	dugdha māṃsa sapta sarva
catuṣṭaya	4	kṣura sādhana upāya vivāha
catvara	4	jala pāda pāṃsu vāri
cayana	4	agni loṣṭa pātra sāvitra
caṇḍikā	4	cukra ku maṅgala pracaṇḍa
cchad	4	dhāma kavi prathama tanu
cchandaka	4	prati sarva sva vi
cchandasa	4	deva manuṣya mādhu puruṣa
cchanna	4	bhasma hema rāga vastra
cchavi	4	arjuna kṛṣṇa madhūka mukha
cillī	4	gaṅgā śunaka śva śveta
cinta	4	niś sa samāpta vīta
cirbhiṭā	4	karka kṣetra laghu mṛga
citika	4	eka pañca sapta ṣaṭ
cārika	4	bhājana brahma harita māsa
cūrṇikā	4	bhāgavata lakṣmaṇa lekhya pānīya
cūta	4	bāla kapi mahā vibuddha
dambha	4	mahā sa su vīta
danti	4	kāka rāja ubhayā ubhā
daridra	4	mahā su sūtra vāg
datī	4	aruṇa ayo phāla śikhara
daya	4	nir puru sa tuccha
devya	4	su viśva vāma śaura
dhairya	4	antar sabhā vibhinna vyapeta
dhava	4	dharā menā ramā strī
dhavala	4	ati mṛṇāla sudhā udaya
dhaya	4	khariṃ khāriṃ muṣṭi saṃsṛṣṭa
dhiti	4	mitra nema vana vasu
dhoma	4	purastād samid tiṣṭhad upasad
dhruva	4	indra nai vikṣepa vyākula
dhurya	4	dharma kula mahā ratha
dhurā	4	akṣa bāndhava raṇa rājya
dhurīṇa	4	dakṣiṇa eka sarva uttara
dhāraya	4	aṃśu dharma karma uttara
dhūpaka	4	kṛtrima su sūpa vṛkṣa
dhūta	4	babhru kala nṛ vṛṣa
divi	4	ahar kiki kikī manu
diśam	4	catur prati sarvato yathā
dos	4	bhadra catur lūna sahasra
dra	4	kṛṣṇa madhu nai vāri
drauṇika	4	ardha pañca vrīhi ārdha
drāvaka	4	dhātu mahā svalpa śaṅkha
dughā	4	dharma droṇa samrāḍ vrata
duha	4	go kāma nabho su
durgā	4	jaya nava raṇa vana
dvādaśa-nāma-stotra	4	rāma sarasvatī vināyaka viṣṇu
dyū	4	akṣa eka hiraṇya mṛga
dāruka	4	asnigdha surabhi vara śata
dāva	4	antar mṛga nava viśva
dāyā@da	4	artha bandhu karma vidyā
dīpana	4	agni anala bhairava smara
dūtikā	4	kāma kṣetra mano śiva
dūṣi	4	arāti kṛtyā tanū ātma
dūṣita	4	agni doṣa mala na
dṛh	4	apāna khaḍga prāṇa vyāna
dṛti	4	mahā surā śuṣka śva
dṛśa	4	bhagavad bhavā dur yuṣmā
enas	4	bahv nir praty vy
gabhasti	4	pūrṇa su syūma śiśira
gairika	4	kāñcana rakta suvarṇa svarṇa
gardabha	4	jāla jālaka pāṣāṇa śva
garga	4	jyotir laghu paila vṛddha
gavyūti	4	dūre paro svasti uru
gaḍa	4	payo tṛṇa vallī vālukā
gaṅgā-dhara	4	gīta laghu rasa vaidya
gaṇapati	4	muhūrta svarṇa ucchiṣṭa vyāsa
gaṇi	4	harṣa sundara vallabha vijaya
ghaṇṭikā	4	kṣudra sūkṣma vara śaṇa
ghaṇṭī	4	kṣudra sṛgāla vara śveta
ghaṭī	4	kāca malla manthana maṣi
ghṛṇa	4	nir sa vyapeta vīta
glāni	4	mano para sāṅga ūru
gopaka	4	bhāṇḍa cīvara hari śakra
grābha	4	grāva hasta tuvi uda
grāmika	4	dāśa pāra pāri sāmāna
grāsa	4	go rāhu sarva su
guhā	4	bahu bhūmi giri tāmra
guptaka	4	candra kartṛ kriyā viṣṇu
guptā	4	manasā svayaṃ ātma śata
guṇya	4	bāhu dvai nair prā
gva	4	atithi eta nava śata
gātra-tā	4	mṛdu viśuddha śuci ṛju
gāḍha	4	ati dur pada upta
gṛhaka	4	hima saṃketa sūci śānti
hala	4	bhikṣu daśa dur su
hana	4	aśva mitra su yajña
haridrā	4	amla dāru karpūra vana
harita	4	pīta śuka śukla śāda
hasita	4	ati aṭṭa sotprāsa sākūta
hemanta	3	apara grīṣma su
hemā@dri	4	dāna mantra pratiṣṭhā śrāddha
hiraṇya	4	bahu go sa su
hitā	4	arka prāṇa viṣṇu śiṣya
hārika	4	bhāra haraṇa prā pāri
hāsin	4	aṭṭa cāru mogha su
hūṇa	4	cedi hāra sita śveta
iṣṭa	3	dur marud smad
jagdha	4	deva kṛmi śāka śārṅga
jaghana	4	aśva bṛhaj pṛthu su
jalpa	4	bahu citra mano su
jambhan	4	harita soma su tṛṇa
jambuka	4	mṛga raṇa samara āḍhaka
janana-śānti	4	vaidhṛti vyatipāta yamala yugma
jani	4	kāma sumaj tanū śvā
janīya	4	mahā sa sarva viśva
jvalana	4	antar jaṭhara vajra ūrdhva
jāra	4	agni ahalyā brahma sa
jāyā	4	bhrātṛ brahma vahni ācārya
jīvantī	4	bṛhaj dīrgha hema su
jīvātu	4	jyog mithyā punar vaiyākaraṇa
kallola	4	graha rakta samudra vinoda
kandala	4	hema kalaha rakta ratna
kaparda	4	catuṣ dakṣiṇā mahā su
kapāṭa	4	dala dvāra grahaṇī uraḥ
karkaṭikā	4	cīna gopa kola madhu
kartṛka	4	bhāva sa samāna svayaṃ
karuṇa	4	asta mahā niṣ sa
karāla	4	daṃṣṭrā kiṃ vi ṭhiṇṭhā
karṣita	4	vṛtta vṛtti śoka śrama
kathana	4	ardha muṣṭikā māna yukti
kathita	4	prathama viśrambha yathā śruti
kaśā	4	aśva carma madhu varma
kaṅgu	4	kāka rakta sthūla śyāma
kaṇṭhā@bharaṇa	4	kavi sabhya sarasvatī sāmudrika
kevala	4	niṣ pralaya prāk vijñāna
kharjūrikā	4	bhūmi madhu madhura muni
khaḍga	4	kūṭa sa vakra vyāla
khela	4	khañja līlā phaṇi sindhu
khyāti	4	anyathā ku su viveka
khāda	4	amitra asthi kulmāṣa vṛtra
khādi	4	hiraṇya su vṛṣa śubhra
khāna	4	khāna lāḍa mirā satya
kirāta	4	ambu kiṃ kubja pārtha
kopana	4	atyanta bhṛśa māruta vāta
kośaka	4	mukti phala su udbhava
kośī	4	arka bhoṭīya dīrgha kāṃsya
koṣṭhaka	4	anna graha koṇa mala
krameṇa	4	bhāgya iti prastāva yathā
krośa	4	ardha indra karṇa pañca
krānti	4	bhūta para parama viṣṇu
krīḍana	4	bāla mṛgayā pāṃsu udaka
kumārikā	4	ghṛta grāma kroñca śakra
kuntala	4	cūrṇa jala kha salila
kuñja	4	kāla vi śaila śrī
kuṃsa	4	bhra bhru bhrū bhṛ
kuṃśa	4	bhra bhru bhrū bhṛ
kuṇṭha	4	bāhu kāla kāsa vi
kuṭumba	4	ratha sa sarasvatī sva
kālikā	4	dakṣiṇa gandha vajra śmaśāna
kāntāra	4	ambu bhava jala saṃsāra
kāpālika	4	caṇḍa khaṇḍa māyā ṣaṇḍa
kāyika	4	mahā māra nīla tuṣita
kāśikā	4	nyāya tīrtha vārttika śrāddha
kāṇḍā	4	lomaśa rakta śveta śyāma
kāṣṭhikā	4	carma khara vana varuṇa
kīra	4	kamala paṅka rāja vāk
kīṭaka	4	ghuṇa kaṭu kuṭila śūka
kūpikā	4	dugdha smara tunda varṇa
kūṭaka	4	akṣi grāma kāla vindhya
kṛtin	4	nai su svayaṃ śīt
kṛṣṇala	4	hiraṇya pañca yugma śata
kṣura	4	go kṣudra puṃ tri
labhya	4	daur kaṣṭa prāṃśu su
lalāma	4	candra dhūmra gaura kṛṣṇa
lomaśa	4	ati haṃsa su tapta
madhye	4	pathi sabhā vyoma yan
madhyā	4	druta hari madhya mṛdu
mahiṣa	4	aśva nīla pañca prati
mahā-devī	4	loka rudra vijaya śrī
mahī	4	kāla maru sarva vi
makṣika	3	kāṃsya nir sūkṣma
manmatha	4	jāta manmatha rati sevita
manorama	4	mithyā sarva siddha su
manoratha	4	anadhigata bhagna kṛta samāgama
manu	4	bṛhan kālī mālā vṛddha
mardala	4	guru tāla vijaya vīra
marica	4	sita sthūla tikta śveta
marman	4	antar bhinna snāyu śiro
marut	4	jhañjhā latā malaya sūrya
marṣaṇa	4	agha dur su īṣan
mattaka	4	mada mṛga mṛta sadā
mañjari	4	chando khara vinoda śāli
mañjarikā	4	dvādaśa kaṭu puṣpa rāga
maṇḍalikā	4	gaja ghṛta sura svara
medhika	4	aśva paitṛ pauruṣa sārva
medinī	4	cakra suvarṇa viśva yuddha
melaka	4	cakra grāha kṣāra naṭaka
mitri	4	daiva daur dvai dāsa
mlāna	4	palita svayam vi ādhi
modinī	4	megha moda vidvan vṛṣā
muca	4	dāru na nakha raśmi
mukhyā	4	go guṇa phala priya
muktā@vali	4	madhva manu rasa sūkti
muṣka	4	kumbha sahasra srasta ṛju
mādana	4	deva gandha indra nṛ
māgadhaka	4	ardha pūrva sarva su
māli	4	ketu su veda yajña
mālya	4	gandha kali nir su
mālā-mantra	4	hanuman reṇukā saubhāgya śarabha
mālī	4	kāca nava nir taila
mārjana	4	keśa mukha sukha vapā
mās	4	garbha puṣpa pūrṇa sūti
mātaṅga	4	abhra daṇḍa diṅ jala
māyu	4	aja dur go ūrdhva
māṇava	4	ardha bhikṣā daṇḍa svapna
māṇikya	4	garuḍa jina raṅga vīra
māṣā	4	haṃsa hema māṃsa ārdra
mūlika	4	dāśa pāñca vindhya vṛkṣa
mūrdha	4	dvi sahasra tri yūpa
mūrkha	4	gaṇḍa hata mahā pratiniviṣṭa
mūṣaka	4	mahā mārjāra nir sarva
mṛd	4	giri kṛṣṇa pāṇḍu śveta
mṛttika	4	kṛṣṇa pāṇḍu pūti udaṅ
nadikā	4	giri gṛha ku kuru
nakhī	4	bṛhan dhvāṅkṣa gṛdhra śūrpa
nare@ndra	4	bhoja dur ku mahā
nas	4	ahi aviddha śiti ṛjū
nava	4	nava paunar prati punar
nava-ratna	4	devī ramala vikrama śyāmalā
navanīta	4	rahasya riṣṭa sa samudra
nibha	4	candra eka piśita svarṇa
nindaka	4	brāhmaṇa deva rāja veda
nirgama	4	guda jala madhu sindūra
nirvāṇa	4	brahma mahā para saṃkleśa
niryāsaka	4	nīla puṣpa rakta sarja
nitambā	4	pīna sphīta vikaṭa śrī
nivasana	4	cīra cīvara kaṭī paṭṭa
nivāraṇa	4	astra jyā prasaṅga ātapa
niśa	4	ahar dyu prage śva
niṣadana	4	hasti krauñca sopāśraya uṣṭra
nyasta	4	citra dur su upari
nālā	4	dhvani nābhi tūla śīrṇa
nālī	4	aśru gandha tūla yāma
nāma-mālā	4	deśī gaṇita pramāṇa urvaśī
nāmadheya	4	gṛhīta kiṃ puṃ su
nāmika	4	māhā nāma sārva tan
nāmā@valī	4	bhairava devī oṣadhi śiva
nāpita	4	grāma pāpa rāja ūrdhva
nārāśaṃsa	4	dvi sa sakṛn vi
nāśā	4	bāṇa dharma karma śuka
nīlaka	4	haṃsa kaṇṭha su vi
nīrājana	4	bhāratī jaya pañca viṣṇu
pada-mañjarī	4	paryāya saṃnyāsa vaiyākaraṇa śabda
pada-vṛtti	4	pañcāla prācya udgrāha viṣama
padam	4	antaḥ calat eka yathā
padika	4	dvai paurva prāti pūrva
pakṣman	4	akṣi kuṭila nīla su
palita	4	tvak valī vṛthā yuva
palvala	4	kaṭa keli mīmāṃsā paśu
panasa	4	amla kṣudra latā prācīna
parama	4	mat parama sahasra viśvāsa
paribhraṣṭa	4	rājya sāvitrī upacāra yūtha
parivarta	4	kāśyapa rāja svara tri
parvā	4	rohat rohit sahasra su
paryanta	4	netra niṣ samudra sāgara
parāśara	4	bṛhat jyotiḥ laghu vṛddha
parī@kṣaṇa	4	nitya pratyakṣa su sākṣi
parṇā	4	bhadra eka sūkṣma vidyut
patnīka	4	bahu dvi eka saha
pavi	4	kṛṣṇa kṣura su ārdra
pañca-mūla	4	dvi laghu mahā tṛṇa
pañcikā	4	brāhmaṇa soma tṛṇa vi
pañcāla	4	apara dakṣiṇa kuru pūrva
piccha	4	citra mayūra nīla śikhi
piś	4	su sva viśva śukra
piśācī	4	dhana karṇa strī āyudha
piṅga	4	chāyā eka hari śveta
piṇḍītaka	4	kṛṣṇa mahā snigdha śveta
potaka	4	caṇḍa gṛha kalaśa mṛga
poṣaka	4	aśva mayūra rāyas śva
pragraha	4	prāñjali sāyudha tulā vimukta
prajā	4	jahnu mṛta nṛ vṛthā
prakampa	4	bhū duṣ mahī niṣ
prakāśaka	4	bhāva loka para prāpta
prakṛtika	4	brahma krūra miśra sa
pralāpin	4	anibaddha bahu madhura viśrabdha
pramukha	4	gaṇa prīti sāmātya vasiṣṭha
prapatana	4	aśva haṃsa maru vidyut
prasiddha	4	ati jagat loka su
prastara	4	agni hṛdaya prāsāda śāri
prasāra	4	bāhu caraṇa keśa sva
pratibandha	4	niṣ sa sthira varṣa
pratikriyā	4	manyu ruk vaira vighna
pratikṛti	4	citra deva ātma śilā
pratiṣṭhita	4	antaḥ su tri ākāśa
praśasti	4	chanda chandaḥ khaṇḍa vijaya
praṇetṛ	4	bhuvana ratha rāsa senā
praṇāda	4	mahā siṃha sukha śaṅkha
praṇī	4	dina hita tithi śuci
praṇīta	4	aśva duṣ manaḥ manu
prut	4	antarikṣa kṛṣṇa uda upari
prādur-bhāva	4	matsya vāmana śaṃkara śiva
pucchikā	4	haya kroṣṭu kroṣṭuka siṃha
pucchī	4	bhalla dugdha kroṣṭu siṃha
puraka	4	brahma go kāñcī siṃha
puṅkhā	4	bāṇa kāṇḍa sita śveta
pācana	4	badara badarī dugdha nīla
pādukā	4	carma mīmāṃsā suta yoga
pādya	4	adhyardha aṣṭā dvi piṇḍa
pādī	4	daśa sūkara tāmra śata
pājas	4	acitta acyuta pṛthu sahasra
pālin	4	bṛhat gandha kula pūrva
pārthiva	3	eka kuṭi śāka
pātrī	4	aṅgāra iḍā kāṃsya piṣṭa
pātṛ	4	nṛ stana vasu viśva
pāṃsula	4	daṇḍa kula vana vi
pāṇin	4	cakra vajra śāstra śūla
pāṇḍu	4	harita puṣpa vi īṣat
pāṭa	4	akṣa meda meha tri
pīṭhikā	4	maṇḍa pāda pūrva rajju
pūjaka	4	deva pūjita īśvara śakti
pūram	4	carma sruva udara ūrdhva
pūrvin	4	bhukta daśa kṛta strī
pūrvā	4	ananya anya para virāṭ
pūya	3	antaḥ ku rakta
rabhasa	4	ati baddha go sa
racana	4	artha muhūrta puṣpa śayana
rambhā	4	kanaka pīta suvarṇa svarṇa
rathi	4	bārhad dāśa satya sātya
ratna-kośa	4	nāṭaka pāṭhya saṃkhyā svara
ratna-mālikā	4	kula lakṣaṇa prayoga saptati
ratnaka	4	nīla pīta ravi sarva
raṅgā	4	dīrgha dṛḍha sthira vastra
repha	4	citra dvi sa vi
rocanā	4	go mṛga vaṃśa yoga
ruṣ	4	acyuta ati sa ugra
rādha	4	aryama dū jñāna pratī
rāghavīya	4	bhārgava bāla yādava śrī
rājika	4	mahā māhā vrīhi ṣoḍaśa
rājikā	4	dharma soma su ulapa
rātram	4	abhito divā dīrgha prati
sac	4	apatya ayajña dhāma yajña
sadya	4	adma antarikṣa sattra upari
sainya	4	patti sa sva vīra
sakthi	4	duḥ lomaśa stabdha su
sambhūta	4	kṣetra nāga sva śaila
sambādha	4	jana kṣut niḥ śara
samiti	4	bhāṣā sura utsarga ādāna
samīpa	4	ati bhasma etat su
sapta	4	pañca tri triḥ ṣaṭ
saptaka	4	sa saparyā sapta tri
saraṇi	4	niḥ prayoga saṃsāra setu
sarpis	4	kumbha kṣīra madhu saindhava
sarva	4	ati jagat su sva
saṃcara	4	dakṣiṇā divā durga mūrti
saṃcārin	4	bhūta sparśa sukha śīghra
saṃhṛṣṭa	4	bhṛśa nitya parama su
saṃjñaka	4	naṭa para ravi vahni
saṃkrama	4	nau svara svarga sūrya
saṃkramaṇa	4	darvī garbha jīva makara
saṃnahana	4	asthi idhma patnī sarva
saṃnāha	4	kṛta lipi sarva vi
saṃvaraṇa	4	mantra sasya veṇī yoni
saṃvid	4	na sa sthita sva
saṃvṛddha	4	cira jāta su sukha
saṃvṛtti	4	adhyayana ghana loka su
saṃyama	4	indriya prāṇa vāk ātma
secana	4	tūla udaka viṣa vṛkṣa
seka	4	jala retaḥ sudhā varṣma
seni	4	bhaima sārva tīrtha śālva
sevita	4	muni siddha su ugra
sevya	4	duḥ su sukha ṛtu
sic	4	retaḥ su sva śirasi
siddhānta	4	abhyupagama adhikaraṇa kalpa kandarpa
sita	4	bhūti sa su sudhā
sitā	4	dāru mahā puṣpa tri
siṃhī	4	mātṛ sita vaidya śveta
snāyin	4	nitya prātaḥ sakṛt tila
snāyu	4	alpa cora mahā taskara
so@dara	4	amṛta arka bhṛṅga kālindī
sopāna	4	maṇi mukti siddha siddhi
spardhā	4	anyonya sapatnī sapta vi
sphoṭā	4	karṇa muktā nāga śruti
srakti	4	catuḥ dik dvi nava
srava	4	lālā madhu vapuḥ vāja
sravas	4	madhu rāja satya vāja
sravaṇa	4	aśva plakṣa prā āsya
srut	4	amṛta hima moca sa
srāvin	4	asṛk garbha lālā mada
stabaka	4	kusuma mīmāṃsā śrāddha śṛṅgāra
stambhana	4	agni diva jala rambhā
sthavira	4	dharma mahā sthavira ārya
stheya	4	duḥ madhyama su uccaiḥ
sthānaka	4	go patākā vaila vaiṣṇava
subhaga	4	garbha karṇa prakṛti śravaṇa
subodhinī	4	dharma manda svara sādhana
sudhā-nidhi	4	citra rasa rādhā yoga
sugandha	4	sa su tri tvak
suparṇa	4	indra mahā sa tri
surata	4	caurya caurī dīrgha vara
sutyā	4	adya sadyaḥ soma śvaḥ
svarita	4	anta madhya sarva ādi
svāpa	4	divā indriya su sukha
sā@hva	4	indra iṣu viśva yava
sādhu	4	mahā sarva su udaka
sādi	4	go puṣkara sa uṣṭra
sākṣika	4	agni eka loka rāja
sāraṅga	4	kṛṣṇa lohita loka sarva
sārivā	4	candana kāṣṭha kṛṣṇa utpala
sāvarṇa	4	brahma dakṣa meru sa
sīta	4	catuḥ kṛṣṇa sa sahasra
sūcī	4	agra roma sāhitya vajra
sūkta	4	akṣa devī oṣadhī āditya
sūtra-vṛtti	4	laghu pākṣika pāṇini vāmana
sṛj	4	bhūti brahma prajā viśva
sṛt	4	sva viśva vāja āji
tamaska	4	nis rajas sa vi
taraṇī	4	durga rāja rāma saṃsāra
tattva-nirūpaṇa	4	prakṛti prema samāsa saṃśaya
taṭinī	4	amara kaṇṭha vibudha śṛṅgāra
tinduka	4	kāka kāla markaṭa viṣa
tokā	4	jāta jīva jīvat manas
toṣa	4	dus parī su āśu
toṣaṇa	4	hari priya rāma su
toṣiṇī	4	prāṇa vaiṣṇava vidagdha viṣṇu
tritaya	4	guṇa jagat kāla kṣāra
tulā	4	hasta kūṭa sama saṃgrāma
turaga	4	bhadra hari jala sita
tāntava	4	kārpāsa nava nis śaṇa
tātparya-saṃgraha	4	bhārata prauḍha rāmāyaṇa śaiva
udaka	4	nir nāvy vy śānty
upā@ya	4	dur nir rātry vṛtty
vadanā	4	candra vidhu śaśi śaśāṅka
vaidika	4	sa svara sāma sārva
vaijayantī	4	kari prayoga siddhānta yajamāna
vaiyākaraṇa	4	abhinava carama kevala prathama
vajraka	4	dvi granthi ku mahā
vajrā	4	gandha rūpa upendra śabda
vapra	4	hastaka kāñcana nadī rodho
varatra	4	dairgha su yauga yuga
vargya	4	mad pāra sva vāsudeva
varjam	4	mantra ukta śroṇi śūdra
varpas	4	bhūri ghora hari puru
vartana	4	loka mahā rajju śīrṣa
varā	4	kṣatriya mahā pṛṣad sarid
varṇā	4	kula sammita utpala vidyud
varṣaṇa	4	apātra bāṇa sadyo sama
vatsara	4	cāndra idā prati śaka
vayasa	4	pūrva sa uttama uttara
vaśāt	4	bhāgya prasaṅga vidhi vivakṣā
vaṭī	4	dugdha madhu mārga rakta
vedam	4	brāhmaṇa prati yathā yāvad
vedhana	4	dṛḍha kṛta matsya sirā
vedya	4	nai pāri sparśa sārva
vela	4	abhinna mahā su śīla
vetana	4	gṛhīta kṛta nir ubhaya
vetāla	4	agni loma sa śmaśāna
veṣin	4	chadma sarva su vikṛta
vibhakti	4	asarva eka kāla svara
vibhaktika	4	sa sārva vi āpta
vibhāṣā	4	aprāpta mahā prāpta vyavasthita
vibhūti	4	mahā rājya sarva vīrya
viccheda	4	gṛha pada pāṭha sad
vighāta	4	danta praṇaya vighna viḍ
vihaṃga	4	grāhaka nir sa sthala
vihaṃgama	4	candra jala rāja sthala
vijayin	4	samara samyag viśva śvo
vikala	4	kala kalā pakṣa śoka
vikriyā	4	bhrū bhūta roma varṇa
vikrānta	4	bhīma kṣīṇa siṃha su
vimocana	4	agni dur ratha śāpa
vimāna	4	nau puṣpaka vedi yantra
vinimaya	4	kārya sadṛśa sampad vastu
vināyaka	4	bhūta loka siddhi vighna
vinīta	4	dur nisarga su āpad
vismaya	4	kṛta sa su āgata
vista	4	bahu dvi kuru tri
vistāra	4	grantha loka prakāma udara
vivecana	4	dharma dur guṇa vṛtta
viśa	4	asura dur manuṣya vi
viśva	4	prati priya sarva viśva
viṣṭara	4	muni puṣkara sa siṃha
viṣṭhā	4	go mukha vāji śva
vyacas	4	deva samudra uru viśva
vyakti	4	artha maga sneha vacana
vyatikara	4	anyonya dṛṣṭa toya vārttā
vyavahārin	4	asad asadṛśa kūṭa samudra
vyāja	4	māndya nir ruta sa
vācana	4	brāhmaṇa svasti vipra śānti
vācika	4	daṇḍa dur paunar tri
vānta	4	dur samyag su svayaṃ
vāpin	4	bīja māṣa vrīhi śakra
vāstuka	4	araṇya kāṣṭha su sṛgāla
vātsalya	4	bhṛtya janma kharī svāmi
vīvadha	4	sa uda udaka vi
vṛntā	4	kāma kṛṣṇa rakta sṛgāla
vṛṣaṇa	4	go meṣa sa tīkṣṇa
yaśasa	4	deva manuṣya yajña śrī
yodhana	4	daur dur prāṇi su
yopana	4	jana jīvita pada śapatha
yugala	4	hasta haṃsī vastra vi
yugma	4	nṛ tri vastra śroṇi
yājyā	4	ghṛta prasthita soma ṛtu
yājñavalkya	4	bṛhad vṛddha yoga yogi
yāmala-tantra	4	devī graha skanda viṣṇu
yāṇa	4	nara pitṛ pūr svarga
āhva	4	dadhy sūcy yaṣṭy śry
ājīva	4	hasty samyag stry vṛddhy
ākhya	4	kad kim nīcair pum
āpa	4	dur dvir mana sad
āsa	3	dur nir pad
ātmya	4	daur etad nair praty
āvarta	4	bhiṣaj dur hṛd punar
āvāsa	4	etāvad madhv mahad yāvad
āyus	4	go jagad kim yāvad
āśin	4	bahv laghv madhv praty
āśir	4	dadhy dur gav try
āśis	4	dur nir pratyag sad
īṣa	4	adha nir prāṅ udaṅ
śa	4	giri sthaṇḍila vāri vṛkṣa
śabala	4	kṛṣṇa lohita sāraṅga śyāma
śakṛt	4	aśva bhinna go mūtra
śalāka	4	mṛṣṭa niḥ sapta śata
śarkara	4	niḥ sa sama śata
śarāva	4	catuḥ pañca uda vrīhi
śarīrin	4	dama eka tri yoga
śasya	4	jāti pañca sa yava
śayya	4	adri bhūmī gātra samāna
śaṭha	4	danta krama mahā su
śikhaṇḍin	4	citra gṛha sa vana
śiraska	4	dvi prāk sūkṣma vi
śiñjinī	4	cara doḥ krānti kṣiti
ślokī	4	daśa pañca sapta śata
śobhin	4	aya smita āhava āji
śoṇa	4	dadhi gaṅgā mahā su
śravasa	4	dairgha prāti sāma uccaiḥ
śrotas	4	prati pratyak prāk sapta
śrotriya	4	dāsī kaṭha mahā mantri
śubha	4	anna apramāṇa na su
śuśrūṣā	4	agni caraṇa guru śarīra
śuṇḍī	4	gala kaṇṭha nāga nāma
śvas	3	apara para paraḥ
śvaśura	4	bhrātṛ kumārī śaṃkara śvaśrū
śālaka	4	catuḥ priya pīta tri
śālūka	4	bisa gala kaṇṭha viṣa
śāpa	4	dakṣa vara vi vimukta
śāsa	4	chinna duḥ parī sarva
śātana	4	garbha loma palāśa roma
śāva	4	aśva kāka mṛga siṃha
śāvaka	4	kari muni mṛga pakṣi
śīlin	4	sama satya utthāna vṛddha
śṛṅkhala	4	kandarpa loha vi viṣṇu
ḍhakkā	4	bṛhaḍ daṇḍa gaja jaya
ṃ-dama	4	ari bali sarva śatru
ṃ-gata	4	avani pūrva vaśa śaraṇa
ṃ-kāra	4	astu bhakṣa priya satya
ṃ-saha	4	jana sarva sārva śatru
ṛkṣa	4	sa vana viṣṇu ṣaḍ
ṛtu	4	eka hima praty ṣaḍ
ṣaṣṭha	4	ardha arvāk manaḥ mātṛ
ṣaṭka	4	dāru nava pūrva utpala
ṣvasṛ	4	mātuḥ mātṛ pituḥ pitṛ
ṣṭhira	4	gavi jātū yudhi ṛbhu
ṭas	4	cakṣuṣ haviṣ sarpiṣ yajuṣ
abhāva	3	maṣy prāg vastv
adhikaraṇa	3	kim smṛty vy
adhipati	3	sarid try viṃśaty
adhva	3	dur nir vy
adhvan	3	kad triy vy
adhyakṣa	3	dṛg hasty stry
amara	3	bṛhad hary laghv
anantara	3	bhūmy praty tad
antika	3	praty prāty pāry
anūka	3	prāg purastād tiryag
apavarga	3	paścād pratyag prātar
apavāda	3	dur nir purastād
ape@ta	3	cakṣur smṛty vāg
apā@ya	3	bahv nir praty
artha-sāra	3	manv smṛty ṛg
atikrama	3	dur svar viṣṇv
atyaya	3	dur nir prāvṛḍ
avadhāraṇa	3	dur hetv vy
avagraha	3	dur mṛdv nir
avayava	3	antar nir praty
añjana	3	nir sad try
aśra	3	catur try ṣaḍ
aśri	3	catur trir ṣaḍ
aṃsa	3	praty vy śity
aṃśu	3	nir praty sumad
aṅguli	3	nir viṃśaty ṣaḍ
bahu	3	ati su tad
balam	3	ayathā yathā yāvad
balāka	3	puro vi śata
bandhanā	3	cakra skandha śīrṣa
bandhinī	3	dṛḍha gaja mṛga
baṭu	3	darbha māyā naṭa
baṭuka	3	duṣṭa puṣpa śuddha
bhairavī	3	caitanya rudra śmaśāna
bhaktika	3	nitya paurva uttara
bhaktā	3	arka takra āditya
bhakṣikā	3	ikṣu pūrva uṣṭra
bharata	3	jaḍa nandi yadu
bhastrā	3	hema mātrā tanu
bhavānī	3	caura tulā ādi
bhañjaka	3	bāla kara stambha
bhaṅgī	3	mukha pattra tri
bheda-tantra	3	hṛd mātṛ mātṛkā
bhikṣa	3	daur dur su
bhogīna	3	rāja su ācārya
bhogīṇa	3	mātṛ pitṛ sarva
bhrami	3	cakra saṃvatsara svayam
bhuva	3	bhūr mayo svayam
bhāga-hara	3	bhinna ubhayato ūrdhva
bhāgavata-purāṇa	3	bhagavatī devī viṣṇu
bhāratī	3	dvaya hari sarasa
bhārika	3	aṃsa vāṃśa śīrṣe
bhārin	3	bhāra māla rājju
bhāva-prakāśikā	3	muni mūla śruta
bhāvinī	3	aniruddha hari tila
bhū-bhṛt	3	kula malaya pūrva
bhūmi-jā	3	brahma kṛṣṇa kṛṣṭa
bhūpati	3	pravara vīra śiśu
bhṛtaka	3	adhama bhoga madhyama
bhṛṅga	3	mahā pañca rāja
bhṛṣṭa	3	ghṛta tila āma
bilvaka	3	kuru vane śāka
biḍāla	3	bhikṣā jala vana
bodhana	3	dhvani indriya sukha
bradhna	3	ahi krauñca śata
brahmacārin	3	kumāra sa vyasana
brahmo@paniṣad	3	kevala pañca pāśupata
budbuda	3	jala nayana viśva
bādhā	3	bhramara madana piśāca
bāheya	3	bhādra hairaṇya mādra
bālikā	3	ikṣu jana kula
bārhata	3	gāyatra kākubha mahā
bṛhaspati	3	bṛhad soma vṛddha
caila	3	ku pāpa sa
caitya	3	grāma keśa lalita
cakra-vāla	3	sama saṃsṛti viṣama
capalā	3	go jaghana mahā
carma	3	hasti sa ṛṣabha
carṣaṇi	3	ratha vi viśva
catur-bhuja	3	miśra sama viṣama
caturtha	3	ardha jñapti ātma
caurya	3	bhaya druta kāvya
cañcala	3	candra jala strī
caṇḍāla	3	karma sarva śva
caṇḍī	3	maṅgala rudra śata
cchadana	3	danta daṇḍa phala
cchedaka	3	granthi pattra saṃdhi
cchidrā	3	dina maṇi vasu
ceṭa	3	garbha mātṛ pitṛ
chabda	3	dik mahac pac
chedana	3	jihvā tvak śiraś
chidra	3	niś nāsikā nāsā
chinna	3	duś reṣma sadyaś
chāstra	3	asac bhagavac sac
chīla	3	sac tac yac
cid	3	kiṃ kuha kū
cihnita	3	su upari āśvina
cillikā	3	rakta śveta śvāna
cintita	3	duś su yathā
cintya	3	duś naiś su
cira	3	ati na su
citīka	3	eka pañca tri
cukrikā	3	amla su śāka
cuñcu	3	akṣara cāra vidyā
cīrā	3	cela ku su
cūḍaka	3	citā svarṇa udgāra
cūḍā-maṇi	3	bhāva kandarpa nakṣatra
daihika	3	paurva prāg pūrva
dantā	3	hema ibha lamba
darśinī	3	pratīpa su vara
dayālu	3	rāma śaṃkara śiva
daśin	3	daśa pañca sapta
daśya	3	nair pāñca sāpta
dehin	3	sthūla vajra śanair
devana	3	akṣa priya su
devin	3	akṣa sura sādhu
devā	3	aryama dhṛta pati
deśanā	3	dharma pāpa varṇa
dharaṇa	3	kāma pṛthivī viśva
dharṣa	3	dur su varṣa
dhenukā	3	asi khaḍgi tila
dhiṣaṇa	3	bodha udāra viśuddha
dhma	3	tūṇava veṇu śaṅkha
dhmāta	3	bahu darpa māna
dhvāna	3	mahā mandra yuddha
dhānikā	3	aṅgāra māna rāja
dhāraṇā	3	aṅka kāla yoga
dhātuka	3	sapta svaccha sārva
dhāya	3	jana su śata
dhūli	3	gandha go madhu
dhūrtaka	3	mṛga strī vṛka
dhūsara	3	kapila rāsabha vi
dig-vijaya	3	sarva yakṣa śaṃkara
digdha	3	ati paṅka viṣa
divākara	3	bhaṭṭa mātaṃga śaśi
diśā	3	antara avāntara vi
dohada	3	divya palāla vṛkṣa
dohana	3	go kāṃsya su
dolā	3	nava saṃdeha vilāsa
drapsa	3	dadhi lohita puru
druti	3	bāhya garbha śata
drākṣā	3	kapila kākalī laghu
durbala	3	jñāna rūkṣa su
duḥsaha	3	ati nirghāta su
duṣkṛta	3	lūna su vi
dvaita	3	dravya kriyā tithi
dvādaśī-vrata	3	buddha kalki pipītaka
dyotana	3	ayathā hṛd kha
dāma	3	sa su vasu
dānta	3	ari dur su
dārikā	3	brāhmaṇa catur pāda
dīkṣa	3	avāntara eka saṃvatsara
dīkṣin	3	apara avāntara muhur
dīna	3	dīna na śiva
dīpti	3	agni gṛha vṛka
dṛśīka	3	citra dur su
dṛḍha	3	gavya su yantra
eka	3	nir praty vy
gamana-vat	3	avāg prāg viṣvag
gandhya	3	daur nair vāja
garvita	3	ati dhana dravya
gatika	3	ananya pāñca sa
gaurī-vrata	3	bṛhad svarṇa sītā
gautama	3	su vṛddha śloka
gauḍa	3	karṇāṭa mālava prācīna
gaya	3	dur mahā śaṃ
gayā	3	buddha śiva ṣaḍ
gaṇḍaka	3	mantra pañca rakṣā
gaṇḍikā	3	kāla puṣpa sūtra
gholī	3	araṇya kṣudra vana
ghoṣaka	3	bhadanta paṭaha su
ghātana	3	khara kravya śūla
ghāṭa	3	danta kara paścād
godhikā	3	gṛha mīna āgāra
godhā	3	gṛha kṛṣṇa tṛṇa
godhūma	3	laghu mahā śveta
gomaya	3	harita sa śuṣka
gomin	3	candra chāttra mudgara
gopana	3	ratha vastra ākāra
grahaṇī	3	cakra havir saṃgraha
grahi	3	mala phala rajo
grathita	3	balāsa bāṣpa su
grāha-vat	3	bhīma caṇḍa śastra
grāmaka	3	kuśi vana vāsava
grāmam	3	bahir prati prāg
grāmaṇī	3	graha sura sūta
gulika	3	nir sa vāg
guñjā	3	sita tikta śveta
guṇḍa	3	kāṇḍa pāya vṛtta
gāndhāra	3	deva piṅgala rasa
gātha	3	prā veda ṛju
gātratā	3	adīna anupūrva utsāha
gātu	3	ariṣṭa su tura
gāya	3	sāma uru uttama
gāyaka	3	sura sāma vṛnda
gītikā	3	brahma daśa rāsa
gṛbh	3	jīva sute syūma
gṛhapati	3	aryama keśi su
gṛṣṭi	3	go mahā vāśitā
hali	3	dur suvarṇa śata
halya	3	dvi eka tri
hariṇa	3	alpa mandara vegi
harī	3	maśa maśaka tāpa
hastinī	3	mada phalgu śrī
hastā	3	dhanu jyotir paraśu
hati	3	bhrūṇa hala kara
hautra-prayoga	3	pauṇḍarīka sapta soma
haṇa	3	kṣatriya rakṣo vīra
haṭṭa	3	heramba vasu śrī
hiti	3	antar deva puro
hiṃsā	3	go jīva prāṇi
homa-paddhati	3	laghu saṃhitā sāmānya
hrada-tīrtha	3	kāka nandā pañca
hut	3	agni sarva yajña
hārda	3	daur jāta sa
hārīta	3	ku laghu vṛddha
hāyaṇa	3	agra catur tri
iṣ	3	aram gav paśv
jagat	3	mahar sarva tri
jaghanya	3	jaṅghā jyeṣṭha taj
jambīra	3	amla madhu madhura
japya	3	dhyāna kara kiṃ
jatru	3	mahā su ūrdhva
jatu	3	aśma indra śilā
javas	3	makṣū mano su
jaḍa	3	dhī harṣa śuddha
jaṅgala	3	dīrgha laghu nara
jina	3	pūrva vi ādi
jiti	3	puro satya vāja
joṣaṇa	3	bhūmi sa saha
jur	3	amā sanā ṛta
jyakā	3	krama krānti lamba
jyoti	3	daśa karṇa śata
jyotsnā	3	sa siddhānta śaraj
jābālo@paniṣad	3	bhasma bṛhaj rudra
jālaka	3	bindu madhu śara
jāmala	3	brahma viṣṇu śakti
jāmātṛ	3	saumya vi viṣṇu
jīvanī	3	kṛṣṇa rasika smara
kaca	3	vi viṣvak ūrdhva
kalevara	3	duṣ nṛ sa
kalpika	3	mātṛ prathama pārāśara
kalpā	3	adhvara brāhmaṇi siṃha
kaluṣa	3	sa sakala saṃkula
kamaṇḍalu	3	daṇḍa tīrtha uda
kambu	3	jantu kṣudra mahā
kanya	3	brahma mahā rāhu
kanyaka	3	brahma maitra su
kapiśa	3	ardha harita sūcī
kapola	3	bṛhat mahā su
kapālin	3	daṇḍa pāśa śiraḥ
karaṇḍikā	3	matsya smṛti yantra
kardama	3	deva kṣāra yakṣa
kari	3	bhās stamba śakṛt
karma-paddhati	3	daśa sīmanta vivāha
karmika	3	nava pāñca sārva
karmā@nta	3	aṅgāra kṛṣi samyak
karmīṇa	3	alaṃ sarva vācā
kartana	3	aṅga dhānya śalya
karṇin	3	dāru stava trapu
karṇā	3	aviddha giri megha
karṣin	3	nī śarkara śarkarā
kastūrī	3	bhojana kāla latā
kauśala	3	hasta krīḍā yuddha
kauḍavika	3	ardha dvi ārdha
kaśa	3	danta prati tri
kaṃdhara	3	kambu nata valita
kaṅkaṭa	3	vajra vi vyūḍha
kaṇḍu	3	gaṇḍa sa su
kaṇṭakā	3	laghu phala su
kaṇṭhikā	3	bisa kala śrī
kaṇṭā	3	bahu sita sthūla
kaṣṭa	3	dṛṣṭa prati su
kaṭhina	3	saṃghāta vardhra vaṃśa
kaṭī	3	makara puṃs strī
kelī	3	bāla rāma vāk
keśaka	3	lamba sarva śasta
keśara	3	ambu amla vyākīrṇa
khā	3	bisa kūpa viṣa
kiraṇā@valī	3	dravya guṇa nyāya
kiṣku	3	catuṣ sat vi
klānta	3	āśu śrama śrānta
kolaka	3	pañca śveta śyeta
kośā	3	dīrgha pūrṇa su
koṭa	3	amara devī tala
koṭara	3	bhuja sarpa taru
koṭara-puṣpī	3	antaḥ aṇḍa vṛddha
kranda	3	aśva śiśu śuci
kruddha	3	ati parama su
krāntā	3	hari nīla varāha
krīḍanaka	3	kumārī māṇavaka paṅka
krūra	3	danta prati su
kuhara	3	giri rati rodaḥ
kukṣitā	3	abhugna gambhīra kṣāma
kulāya	3	aindrāgna muñja śaṇa
kumāraka	3	jala su śakti
kuru	3	deva madhya uttara
kutsa	3	hari pauru puru
kuñcikā	3	kali keli mañjūṣā
kuśā	3	ayas brahma payas
kuḍya	3	hema sphaṭika tiras
kuṇapa	3	aśva puruṣa sahasra
kuṇḍalikā	3	graha vasti vāta
kuṣmāṇḍa	3	akāla bhūmi rāja
kvaṇa	3	guṃ sa su
kāca	3	maṇi nīla sita
kālin	3	kośa su varāha
kāmika	3	putra sarva sārva
kāraṇa-vāda	3	brahma liṅga pradhāna
kāru	3	jarat sura viśva
kāruṇika	3	adhimātra mahā mithyā
kārṣika	3	ardha tila tri
kārṣāpaṇa	3	adhyardha dvi loha
kātara	3	anugraha sa samara
kātyāyana	3	kakuda mahā vṛddha
kāñcī	3	samudra viṣṇu śiva
kāṅkṣa	3	jala niṣ vi
kāṇa	3	dṛk giri janaka
kāṣṭhaka	3	danta pūti su
kāṣṭhā	3	kambu kṣīra pūrva
kīrṇa	3	keli uda vāstu
kūrcaka	3	kṛta maṣī tri
kḷpta	3	kṣura liṅga tṛca
kṛntana	3	nābhi tantu śiraḥ
kṛte	3	kiṃ tat yat
kṛśa	3	ati dravya tapaḥ
kṣaṇam	3	kṣaṇa prati vi
kṣetrin	3	graha gṛha kuru
kṣoda	3	guḍa kṣiti yava
kṣudrā	3	para sita vane
kṣveḍa	3	go karṇa sthūla
kṣīṇa	3	kṣāra mlāna vṛtti
labdhi	3	jina mitra nārāyaṇa
lakṣaṇa-paṭala	3	bhū dvāra muhūrta
lakṣmīka	3	gata puṇya pūrṇa
lambaka	3	bhīmaka hema pañca
lambin	3	ājānu śikhā ślatha
lampaṭa	3	puru rati strī
lekhana	3	punar pāṃsu sukha
lepana	3	bhasma bhūmi hasta
lipsā	3	anna lābha sukha
lokya	3	anya pāra sa
lokā	3	ahar māsa ṛtu
lolupa	3	madhu vi viṣaya
lomī	3	aja go śāra
loḍya	3	aṅga aṅka kaṅka
lāva	3	kāṇḍa puṣpa śatru
lū	3	eka sakṛl su
lūna	3	sakṛl vaṃśa śamī
m-bhari	3	sahasra sarva viśva
m-inva	3	aviśva ghṛta viśva
mad	3	sadha soma śam
magna	3	jala mahā paṅka
maho@daya	3	bhakti varṣa vyavahāra
mahā	3	kṣudra su svarṇa
maitra	3	dur kṛta mahā
makara	3	hasti kari mātaṃga
man	3	agni kakud vaśi
mana	3	nṛ su vi
manasa	3	man vāg vāṅ
manta	3	go madhu śrī
manthana	3	agni amṛta dadhi
manv-antara	3	prati siddhi vaivasvata
mardinī	3	mahiṣa viṣa śumbha
markaṭaka	3	lūtā śāla śālā
maryādā	3	grāma kula loka
marṣa	3	aṅga dur īṣan
mata-khaṇḍana	3	dur māyi nyāya
mathi	3	havir urā vastra
mathita	3	reṣma svayam śiśira
matya	3	dvai paitṛ yaśo
mauktika	3	gaja vṛtta śaṅkha
maulin	3	cakra candra sammoha
mañjara	3	deva rakta vyoma
maṇḍalī	3	muṇḍa vāta vātala
maṇḍita	3	kari maṇi pulina
medaka	3	ahi ari go
mekhalin	3	hara maurvī muñja
meni	3	pañca varuṇa yajña
mihira	3	avanti padma varāha
min	3	go kakud vāg
mita	2	pāṇi su
miti	3	sama su sāra
mocā	3	parvata suvarṇa vana
moṭana	3	aṅguli gaja gala
mud	3	ghana ku rucira
mudgara	3	kūṭa moha vyoma
mudita	3	prahṛṣṭa sadā su
mudrikā	3	aṅguli haima vīra
muñja	3	bhadra sapta vi
muṣṭikā	3	akṣara raṇa su
mācī	3	dhvāṅkṣa kāca kāka
māda	3	gandha sadha saha
mādhavīya	3	muhūrta sāyaṇa vidyā
mālatī	3	gandha gaṇita su
mālā-tantra	3	khaḍga muṇḍa sādhana
mānika	3	daśa deśa paṇḍita
mānikā	3	nara pāṇi su
mānya	3	bahu mahā māna
mānī	3	ojo pārśva tiryaṅ
mārja	3	astra śastra śata
māta	3	deva gārgī nir
mātram	3	ayathā rekhā yathā
mātreṇa	3	jala līlā sva
mātura	3	bhādra dvai san
māyin	3	ananta dur puru
māṇavaka	3	ardha dāsī svapna
māṇḍavya	3	aṇī vi śveta
māṣya	3	adhyardha dvi pauti
nagna	3	dvir mahā vi
naiṣkika	3	bahu dvi tri
nakra	3	gaja mātaṃga vakra
nala	3	bṛhan deva mahā
nalinī	3	kubera phulla sthala
namana	3	gṛha nār nṛ
namaskāra	3	nir prati sūrya
nandaka	3	sa su vasu
nardin	3	gehe siṃha āgata
nartaka	3	dhūrta hara hariṇa
nata	3	paścān su vāma
nauka	3	atīta bhinna sanna
nemin	3	ariṣṭa harita kāla
nepathya	3	baddha su vivāha
nidarśana	3	deśya svapna śruti
nikāya	3	deva jīva śatru
nimeṣa	3	akṣi nir sa
nimnagā	3	giri kula sura
ninada	3	nemi parjanya su
niraya	3	mahā tiryaṅ yoni
nirdiṣṭa	3	prathama svayaṃ yathā
nirhrāda	3	dundubhi ratha śata
nirvapaṇa	3	havir nyāya piṇḍa
nirvāha	3	gṛha kāla ukta
nirvṛtti	3	artha kārya phala
nisvana	3	harṣa madhura ratha
nitamba	3	cakra giri pṛthu
niveśana	3	antar putra rāja
nivātam	3	kuṭī mātṛ śamī
niś	3	dina dyu mahā
niśam	3	divā niśā prati
niḥsaraṇa	3	dur guda puro
niṣedha	3	atikrānta dur īśvara
niṣpatti	3	alpa dharma phala
niṣpāva	3	kaṭu nadī śūrpa
niṣyanda	3	baddha go guhya
nābhya	3	sa su sva
nāha	3	nāsā nī pratī
nāli	3	daśa pañca tri
nālika	3	bṛhan laghu laya
nāmā	3	sapta śubha śuka
nāra	3	kuśa mati ranti
nāthīya	3	mūla soma viśva
nāḍi	3	budha saṃcala śukra
nīca	3	ati mahā ucca
nīhāra	3	ghana sa su
nīlikā	3	jala jani rāja
nīlī	3	bṛhan jala ku
nīra	3	dṛḍha kaccha kṣīra
nīraja	3	dṛṅ nīla sthala
nṛ-siṃha	3	jaya lakṣmī saṃskāra
nṛmṇa	3	puru tuvi tveṣa
odana	3	dadhy vy śāly
ojas	3	bhūry bāhv tad
okas	3	tad vy vāry
oṣṭhya	3	dvir nir pāry
padaka	3	biḍāla mayūra yoga
padā@rtha-saṃgraha	3	purāṇa smārta vedānta
paka	3	hasti taila śva
palika	3	pañca pañcāśat ṣaṭ
palāṇḍu	3	kṣīra nṛpa rāja
paraśu	3	aśva khaṇḍa pattra
paricaya	3	niṣ rati varṇa
parikara	3	baddha niṣ sa
parimala	3	rasa vedānta vyākhyā
parimāṇa	3	bhūmi madhya āhuti
paripluta	3	aśru mūrchā śoka
paripṛcchā	3	siṃha sāgara vyāsa
parivartana	3	aṅka pārśva saṃsāra
parivāra	3	kim sa śata
pariśuddhi	3	nyāya sampradāya tātparya
parāmarśa	3	laghu liṅga niṣ
parīkṣā	3	agni udaka ālambana
parśu	3	khaṇḍa pattra pṛthu
parṇin	3	kṣīra su āditya
pastya	3	aśva tri vāja
pathaka	3	cyuta tri viṣaya
pathya	3	hita niṣ su
pattra-phalā	3	laghu prati pūjita
patvan	3	raghu āśu śyena
paurṇamāsī	3	mahā phālgunī uccaiḥ
payoda	3	niṣ saṃdhyā śarat
pañca	3	bhāgya catuḥ catuṣ
pañca-ratna	3	devī sopāna śiva
pañcā@dhyāyī	3	nyāya rāsa vākya
pañjī	3	purāṇa vrata śuddhi
paścima	3	dakṣiṇa pūrva uttara
paścāt	3	dakṣiṇa pūrva su
paśya	3	mām ugra vāstu
peśa	3	puru su uras
peśikā	3	bilva bīja kāla
peṣa	3	piṣṭa āma śilā
phala-da	3	apuṣpa sattra yajña
phalgunī	3	prāk pūrva uttara
phalinī	3	mṛdaṃga nakha uttama
phullaka	3	abhra mukha prati
phāla	3	lāṅgala phulla su
piḍakā	3	kumbhīka sammūḍha yauvana
piṇḍi	3	sthaula śuka śūka
plavana	3	amṛta kuśa sāgara
potikā	3	kṣudra mūlaka śākaṭa
prabodhinī	3	bhāva bāla vidvat
pracetas	3	bṛhat su vatsa
pradā	3	sampat sṛṣṭi vāk
praghaṭṭaka	3	kāśī prayāga sāmānya
pragātha	3	sa sāma ṣaṭ
praharṣa	3	duṣ pravaṇa sirā
prahāṇa	3	kleśa prāṇa samyak
prajñapti	3	candra sūrya vāhana
prajñāna	3	divya duṣ su
prajāpati	3	brahma mahā śilpa
prajāta	3	puru su ṛta
prakrama	3	bhagna navati niṣ
prakāśinī	3	deva karma sampradāya
prakāṇḍa	3	aśva go mantri
pralamba	3	muktā tri tāla
pralambha	3	duṣ su īṣat
pralapita	3	bālaka supta unmatta
prameha	3	madhu rakta vāta
pramoda	3	antaḥ guru pramāṇa
pramudita	3	asat nitya sadā
pramāthin	3	citta hṛdaya vinaya
prastāva	3	bhaya jijñāsā nānā
prasādhana	3	duṣ mukha preta
prasūti	3	naśyat phala śata
pratara	3	duṣ su taṇḍā
pratibha	3	lupta niṣ sa
pratipanna	3	pūrva su viśvāsa
pratipatti	3	samāna spaṣṭa viśeṣa
pratiṣedha	3	bhūta timira viśeṣa
pratyakṣa	3	maṇi sarva spārśana
pratīpa	3	niṣ su vi
pravīra	3	hata sura śini
pravīṇa	3	bhaima pramāṇa yuddha
prayas	3	ghṛta hita su
praśaṃsā	3	aprastuta ātma śrāddha
praṇava	3	para sa ubhayataḥ
praṇayin	3	lakṣmī netra pāṇi
praṇutta	3	bṛhaspati sāyaka vaibādha
praṇālikā	3	kaṇṭha kāla sruk
pre@kṣa	3	dharma duṣ mukha
pre@kṣaṇa	3	dik prati tiryak
pre@ṣya	3	grāma sa śūdra
pro@kta	3	muhuḥ purāṇa svayam
pruṣ	3	abhra aṣṭā ghṛta
prā@rthanā	3	bhakti samāgama vara
prācī	3	dakṣiṇa mādhava vasiṣṭha
prāpta	3	kara āśā ṛtu
prātiśākhya	3	taittirīya vājasaneyi śākala
prāyaścitta	3	agni aṅga paśu
prāṇa	3	kathā ubhayataḥ udaya
prīta	3	manu parama su
psaras	3	deva madhu su
pulaka	3	roma sa tṛṇa
pulāka	3	bhakta niṣ sthālī
puram	3	ayathā upakanyā yathā
puraścaraṇa	3	gāyatrī sa yajña
purodhas	3	daitya su sura
purogama	3	agni indra sāgni
purogava	3	brahma soma stoma
puruṣam	3	daśa pañca yathā
puṃsa	3	mahā na strī
puṃska	3	bhāṣita ukta vigata
puṣpita	3	phala su suvarṇa
puṣṭi	3	satya su vi
puṭī	3	kara pāda pāka
pādā	3	citra pīta taraṇḍa
pālya	3	paśu prajā pāri
pāraṇa	3	pratijñā su vrata
pārevata	3	bṛhat mahā svarṇa
pārā@yaṇa	3	mantra nāma pramāṇa
pārāvata	3	ardha geha jala
pārṣṇi	3	viśuddha vyūha śuddha
pātraka	3	carvita ku yāna
pāśyā	3	bāla pattra vāla
pāṃsu	3	kṛṣṇa lohita mudrita
pāṇi-lekhatā	3	gambhīra snigdha āyata
pāṇḍura	3	bilva kṛṣṇa stoka
pāṭalā	3	eka kāṣṭha śveta
pāṭikā	3	dina rāja tri
pīna	3	jala su vṛtta
pīthin	3	asoma kośa soma
pītā	3	dāru gandha vatsa
pīṭhī	3	naya pṛṣṭha tūla
pūjā-vidhāna	2	lalitā śaiva
pūrva-pakṣa-rahasya	3	sādhāraṇa vyatireki vyāpti
pūtana	3	ahi kaṭa vṛṣa
pṛkta	3	ghṛta jala mayūkha
pṛśni	3	rājīva tiraścīna ūrdhva
pṛṣata	3	ruru sa sthūla
pṛṣṭa	3	baddha brahma gārdhra
pṛṣṭhya	3	mahā purastāt yathā
rahasyo@paniṣad	3	rāma sarasvatī śuka
rajasa	3	amūrta asūrta sa
rajata	3	mahā saṃtapta suvarṇa
rakṣi	3	pathi paśu soma
rakṣya	3	dū go su
rambha	3	go parī stambhita
ramya	3	bahu śrotra śīta
rathaṃtara	3	bṛhad kaṇva sāma
rathā	3	jyoti potri sarva
ravas	3	bṛhad purū tuvī
raṅgikā	3	megha nī su
raṅku	3	go jala rādha
rddhika	3	kula parama rata
rodhin	3	dharma mārga vyāpāra
rohaṇa	3	dū kṣata pāda
rudh	2	dṛg kara
rudita	3	araṇya prabala śuṣka
rugṇa	3	vāyu śaila śoka
rāja-caritra	3	kalyāṇa śambhū śarabhoji
rājña	3	dhārta dāśa sārpa
rāsa	3	rāma sarva uparata
rāśika	3	nava pañca sapta
rūkṣa	3	roṣa saṃrambha vi
rūpiṇī	3	aṃśa brahma mṛtyu
rṇa	3	adhama dhana kucika
s-para	2	apara avara
sahacara	3	arundhatī lopāmudrā rati
sahasrika	3	khāra naiṣka vārṣa
sahasrin	3	bāhu putra ṣaṣṭi
saho@dara	3	amṛta lakṣmī śrī
sahā	3	kṣudra rakta sarpa
sahā@ya	3	ku su viśva
sakhya	3	hīna paraspara paura
samartha	3	ati duḥ udyoga
samavā@ya	3	guru puruṣa saṃyukta
sambhoga	3	bhuja bāhya strī
sambhrama	3	niḥ sa su
sambhāṣa	3	brāhmaṇa madhura sneha
samparka	3	ati atyanta jala
sampradāna	3	pārvatī vidyā yāga
sampādana	3	artha vrata vāstu
samuttha	3	kha kāma sva
samāja	3	dyūta prekṣā sukha
samāmnāya	3	akṣara paśu varṇa
samāna	3	manmatha sva śākhā
samāpta	3	karma mahā su
samāyukta	3	duḥkha kāla śāpa
sana	3	ahaṃ catuḥ vāja
sanātha	3	kusuma lakṣmī mūrti
sapti	3	ayuga sapta sita
sarpaṇa	3	kha kṣata saṃdhi
sarpin	3	pīṭha udara upānta
sarva-jña	3	bhā loṣṭa viṣṇu
satkriyā	3	anta viniyoga ātithya
satkāra	3	atithi pūjā ātithya
sattva-vat	3	vīrya yama yāmya
sauparṇa	3	aiḍa tri vilamba
savya	3	dakṣiṇa kṛta prati
saṃcita	3	cira pūrva su
saṃdarśana	3	mārga punaḥ svapna
saṃdheya	3	ati duḥ āśu
saṃdhika	3	bhagna tri vi
saṃdhita	3	mṛtyu sama su
saṃgati	3	bauddha prīti sat
saṃgatā	3	bhujaṃga manasā su
saṃgrahaṇa	3	haya pāṇi strī
saṃhanana	3	hanu siṃha ūrdhva
saṃhata	3	adri su vajra
saṃjīvana	3	bāla madana mṛta
saṃkula	3	raṇa su vi
saṃkīrtana	3	guṇa hari nāma
saṃnidhi	3	deva guru kula
saṃnidhāna	3	kṛta rāja sat
saṃniveśa	3	bhūmi jala lakṣaṇa
saṃnyāsa	3	pratijñā prāṇa veda
saṃnyāsin	3	artha nitya veda
saṃrakṣaṇa	3	rahasya satya vrata
saṃrambha	3	raṇa sattva su
saṃrodha	3	gṛha kāla prāṇa
saṃstara	3	darbha parṇa yajña
saṃtata	3	dhamani snāva tantu
saṃyāna	3	samudra sukha vadhū
saṃśliṣṭa	3	madhu sarva su
saṅgin	3	bhava pat sukha
saṭa	3	calat lamba sa
secaka	3	mukha sukha vi
sektṛ	3	bīja piṇḍa retaḥ
senya	3	bhaima sārva śaura
siddhā@nta-dīpikā	3	vaiyākaraṇa vaiṣṇava śaiva
siddhā@nta-rahasya	3	vaiyākaraṇa vivāha vyatireki
siddhā@ñjana	3	nyāya siddhānta vyādhi
sikta	3	jala sthūla su
sira	3	gūḍha vi vyadhya
siṃha-deva	3	devī kārti kīrti
smara	3	duḥ jāti kṛta
smaya	3	kṛta sa vi
snu	2	bhūmi ghṛta
snuṣā	3	nṛpa padma śvaśrū
snātaka	3	ubhaya vidyā vrata
somā	3	bhadra hasti prati
spandā	3	nīla taila śveta
sparśa-vat	3	rūpa udbhūta uṣṇa
sparśana	3	gagana na udaka
spṛt	3	dhana kilbiṣa loka
spṛśa	3	duḥ harita hṛdi
srota	3	prati sahasra śuṣka
sruti	3	hima mala tuṣāra
steya	3	brahma rukma suvarṇa
stotriya	3	sahasra samāna śvaḥ
stuka	3	keśa sahasra viṣita
su	3	bahu dāva virāṭ
sudho@daya	3	bhakti pañcamī vṛtta
sumna	3	anti bṛhat svabhiṣṭi
surasa	3	candra indra sāma
suti	3	kuru pṛt soma
sutvan	3	pāka sa soma
suvarṇaka	3	bahu catuḥ niḥ
svadha	3	sa su sva
svarā	3	khara pañca pika
svarṇa	3	kūṭa kṣudra rāja
svin	3	sarva śata śrotra
svādu	3	niḥ su svādu
svāhā-kāra	3	purastāt sa upariṣṭāt
svāminī	3	gṛha vinaya śikhara
svāti	3	megha skandha śiva
sādin	3	aśva puṣkara vṛtta
sāhasraka	3	aṣṭa catuḥ śata
sāhasrī	3	upadeśa upasthāna ṣaṭ
sākṣya	3	deva kūṭa manuṣya
sāla	3	chattra eka niḥ
sāmrājya	3	aśeṣa bhūmi sāhitya
sārasvata	3	bhartṛ sapta siddha
sārikā	3	madana urabhra viṭ
sārvabhauma	3	kṛṣṇa siddhānta vaidika
sārā	3	agra guru mṛdu
sārā@valī	3	saṃhitā smṛti vṛtta
sāta	3	saṃvatsara vāja ṛta
sūraṇa	3	sita sthūla valli
sūtaka	3	mṛta rāhu śrāddha
sūtrikā	3	dṛḍha go uraḥ
tailika	3	mādhu mūrdha piṇḍi
tamasa	3	andha asura dairgha
tamā	3	brāhmaṇi kumāri strī
tanti	3	sapta tri śata
tapana	3	amitra mahā rāma
taraka	3	abhinna chinna vārtta
tarala	3	prabhā prakṛti pīna
tari	3	nūtana siddhānta vaiśva
taruṇī	3	bhadra marut rāma
tarṣa	3	jāta sa svarga
tatpara	3	dhyāna eka śruti
tattva-dīpikā	3	bhagavat pratyak vivāha
tattva-prakāśa	3	rāma śabda śaiva
tattva-sāra	3	bhāgavata ramala rasa
tattva-viveka	3	pratyak saṃnikarṣa ātma
taulika	3	daśa uda viṃśati
taṣṭa	3	stoma su vibhva
tejana	3	eka su tigma
tilaka-sūri	3	hema siṃha soma
tiryak-pramāṇa	3	paścāt prāk purastāt
tna	3	parut parāri purastāt
toda	3	asthi pratī sa
toka	3	bhūri rajas sa
trairāśika	3	krama viloma vyasta
trayī	3	kathā veda śata
trirātra	3	aśoka aśva vyuṣṭa
triṃśika	3	nais pañca ṣaṭ
trāsa	3	jala proṣita sa
trātṛ	3	bhaya makha yajña
tta	2	parī punar
tti	3	bhaga magha vasu
tulasī	3	araṇya kṣudra vyāsa
turīya	3	aindra indra upāya
tuttha	3	kharparī mayūra mūṣā
tuṇḍī	3	dhvāṅkṣa kaṭu tikta
tuṣṭa	3	hṛṣṭa su vi
tvacas	3	hiraṇya sa sūrya
tvakka	3	bahu sa su
tālaka	3	deva kara prati
tālī	3	mahā rata vakra
tāpanīya	3	pūrva rāma uttara
tātparya	3	bhāgavata veda vedānta
tāḍa	3	deva ghaṇṭā śrī
tāṇḍava	3	vivāda śabda śiva
tīrthaka	3	go sama su
tīrthya	3	eka sa su
tṛpta	3	viśva ākaṇṭha ātma
tṛpti	3	ati dhana yathā
uda	3	dadhy vy śānty
udarka	3	dur purastād upariṣṭād
uddhāra	3	jagad purastād vipad
uktha	3	bārhad bṛhad dvy
unnata	3	trir try ṣaḍ
upacāra	3	dur purastād śucy
upasthāna	3	dur prātar smṛty
uṣṭra	3	catur kad praty
vaca	3	dur ku su
vadya	3	brahma priya satya
vahana	3	cakṣur rāja soma
vaidehī	3	chidra kṣudra sthūla
vaidyaka	3	go hasti jagad
vaikṛta	3	aṅga prakaṭa varṇa
vailakṣaṇya	3	janma jāti śabda
vaināśika	3	ardha pūrṇa sarva
vaistika	3	bahu dvi tri
vaiyākaraṇa-bhūṣaṇa	3	bṛhad laghu vṛddha
vaiśvadeva	2	kṣullaka mahā
vaiṣṇava	3	praśna śaiva śrī
vakrā	3	rodha rodho tri
valana	3	kāya tiryag ākṣepa
valśa	3	muñja sahasra śata
vana-māhātmya	3	badarikā vetra śakti
vanī	3	candana dyu kelī
vapana	3	bīja dhānya keśa
vardha	3	mitra nandi śākya
vardhin	3	bala liṅga vaṃśa
vardhinī	3	bhakti saubhāgya śukra
vartanin	3	eka sahasra ubhaya
vartula	3	ati phala su
varuṇa	3	sūrya vi śatā
varī	3	prajā sūnṛtā vasatī
varūthin	3	lalanā sa su
varṇika	3	daur prati sārva
varṣaka	3	dvi pañca tri
varṣika	3	dvai paurva pāñca
varṣika-maha	2	pañca ṣaḍ
varṣābhū	3	nīla rakta sita
vasiṣṭha	3	bṛhad vṛddha śrāddha
vasudhā	3	janma kṣetra samara
vasyasa	3	apāpa pāpa śvo
vaṃśa-ja	3	magadha pravara sva
vaṅga	3	cīna ku svarṇa
vaṭaka	3	amlaka khaṇḍa kāñjika
vedhaka	3	bhasma cukra kṛta
vedika	3	bahir sa āyur
velam	3	bahu prati sapta
vettṛ	3	parī ruta sarva
veśika	3	nai prā prāti
veśin	3	kāma prati pratī
veśya	3	agni prati prāti
veṇā	3	ku kṛṣṇa tuṅga
vibhakta	3	catur sama su
vibheda	3	bhrū rahasya roma
vibhāvana	3	dur viśva ṛkṣa
vicakṣaṇa	3	saṃdhi su śata
vicārin	3	bha graha svapna
videha	3	kosala mahā pūrva
vidhvaṃsana	3	ajñāna kāla madhva
vidhā	3	agni go marud
vidhāyin	3	bhaya prāya viśva
vidāraṇa	3	anīka marma śravaṇa
vijñeya	3	bhāga dur su
vikramin	3	ananta mahā trailokya
vikārin	3	ceto citta vāta
vilasita	3	bhramara bhramaṇa dur
vilaya	3	asthi su śīla
vilāsa-kāvya	3	hari jñāna rāma
vimarda	3	aṃśu bāhu graha
vimarśa	3	dur nir sa
vimukha	3	praṇaya stanita śāstra
vinata	3	go prakāma tri
vinayana	3	krodha mano śrama
vinaṣṭa	3	bāla jāta su
vindhya	3	bali prati vi
vipatti	3	artha garbha kārya
vipina	3	ati su vilāsa
virati	3	dig prahara prati
virecana	3	mūla śiro śīrṣa
vismita	3	bhṛśa parama su
vistīrṇa	3	bahu su vāpī
vitarka	3	dur nir sa
vitti	3	bhāga su vipra
vitāna	3	latā megha śilā
vivarta	3	lakṣmī vaikṛta vastu
viś	3	agni deva manuṣya
viśada	3	himānī su viveka
viśrambha	3	amukta sa saṃjāta
viśruta	3	loka puru viśva
viśuddha	3	ratna su vaṃśa
viḍa	3	iḍa mahā vijjala
viḍambana	3	dhūrta mūḍha pāṣaṇḍa
viṃśatika	3	pañca sapta ṣaḍ
viṣkambha	3	daṇḍa mantha vajra
viṣkambhaka	3	miśra saṃkīrṇa śuddha
viṣāda	3	dor harṣa sa
viṭka	3	baddha bhinna karṇa
vrata-dhara	3	bhava daṇḍa nagna
vratā	3	apati cāru pati
vyagra	3	bhojana nir ugra
vyajana	3	cāmara sa vāla
vyakta	3	avyakta su tāvad
vyasanin	3	samara sūta śama
vyasta	3	asta ati su
vyayin	3	bahu mita udaya
vyañjaka	3	prauḍha sauhārda utpatti
vyutpatti	3	mahā yathā śāstra
vyāhārin	3	alpa kāma mithyā
vyākula	3	bali gandha nir
vyāma	3	ardha dvi tri
vyāvṛtti	3	nir paraspara ṛtu
vyāyāma	3	bāhu dvi samyag
vācas	3	sa su vi
vādika	3	hetu ku syād
vādā@valī	3	avatāra bhasma nakṣatra
vāgīśa	3	nyāya vedānta vidyā
vāhika	3	bhāra nair rūpa
vāhyaka	3	kambala vana śiśu
vājita	3	gārdhra gṛdhra kaṅka
vāladhi	3	cakra su vakra
vālaka	3	ati jala vāri
vāmana	3	dadhi kubja vīra
vāna	3	pṛtha tantu vāri
vār	3	dāna netra su
vārija	3	rakta sa śveta
vārāha	3	mahā ādi śveta
vāstūka	3	amla araṇya cukra
vāsā	3	badarī bhaṅga padma
vāśin	3	basta ghora rūkṣa
vāṭaka	3	amla āmra śāka
vīrudh	3	indra nir phaṇi
vīthikā	3	mṛga paṇya smara
vīti	3	deva gauri ratha
vṛka	3	eka sālā śālā
vṛkti	3	namo su sva
vṛntaka	3	dīrgha nīla tāla
vṛti	3	nī prānta sva
vṛttika	3	naga prā sa
vṛṣan	3	kavi kṣiti tri
yaj	3	deva divi satya
yajñika	3	paitṛ pāñca sārva
yajño@pavītin	3	dvi sita śmaśru
yakṣma	3	ajñāta pāpa rāja
yamana	3	mahiṣa veśa vāg
yantraka	3	ghaṭī jala śara
yaṣṭika	3	kṣīra musala śata
yaṣṭī	3	brāhmaṇa loha madhu
yoginī	3	siddhi vajra ākāśa
yojaka	3	ratha vāji yuddha
yojanā	3	bahu pada vārttika
yojanī	3	bhinna pañca sapta
yoktra	3	bhuja daśa prā
yoṣā	3	deva garbha jarad
yuti	3	gandha graha sva
yāminī	3	darśa sita śarad
yāsa	3	dhanur dhanva prā
yātanā	3	bhairava vaira yama
yāti	3	ahaṃ megha su
yāvaka	3	latā prasṛta sa
yāvanāla	3	dhavala rakta tubara
yūthikā	3	hema suvarṇa śaṅkha
yūthya	3	sa sva śva
yūthī	3	pīta suvarṇa svarṇa
yūti	3	bahir gav go
yūṣa	3	badara kṛta mudga
ābhāsa	3	hetv nir sad
ācārya	3	dhvany laghv sad
ādāna	3	dur nir srug
āgamana	3	antar dvir punar
āgraha	3	asad dur nir
āgāra	3	antar nir praty
āhika	2	dvy try
āhnika	3	laghv prāg śrī
āhāva	3	dvy try vy
āloka	3	dhvany dur nir
āmaya	3	hṛd nir pāṇḍv
ānana	3	catur sad ṣaḍ
āroha	3	dur hasty nāv
ārṣeya	3	dvy try yad
āsana	3	dhanur pad vār
ātma	3	nair praty pratyag
āvṛtta	3	parāṅ punar udag
āvṛtti	3	apunar punar udag
āyudha	3	mahad nir vy
āśā	3	mahad praty vy
śabara	3	parṇa pattra smara
śaithilya	3	hṛdaya prāpti smṛti
śakalā	3	indu matsya soma
śakaṭa	3	go rohiṇī śakaṭī
śakaṭī	3	agni aṅgāra puṣpa
śakta	3	ati duḥ su
śakuni	3	kṛṣṇa mahā vana
śaphara	3	ardha mahā rāja
śapharī	3	indu pūti sarpa
śarā@sana	3	prati śakra śunāsīra
śata-nāma-stotra	3	devī viṣṇu śiva
śatika	3	naiṣka pañca vārṣa
śaṃsana	3	anuśaṃsa maṅgala viruddha
śikhaṇḍa	3	catuḥ nīla ratna
śimbi	3	ku śuka śūka
śirā	3	danta mṛga sapta
śirīṣa	3	arjuna karṇa pañca
śita	3	dhārā soma śilā
śiṣṭi	3	pauru su śiṣya
ślakṣṇa	3	ati su yathā
śobha	3	kṛta spṛhaṇīya udāra
śoṣaṇa	3	gātra hṛdaya śarīra
śrapaṇa	3	caru paśu vrata
śrauta	3	bodhāyana soma āpastamba
śravā	3	hari madhu sudhā
śreṣṭhin	3	dharma keśava kula
śreṣṭhā	3	jīva lakṣmī purī
śri	3	antaḥ bahiḥ veṣa
śroṇī	3	pṛthu vedi śruta
śrāvaka	3	agra mahā vṛddha
śuddhi-kara	3	bhasma loha tāra
śuklā	3	jīva mahā pāka
śyāmā	3	kṣudra mahā priyaṅgu
śyāmāka	3	ambhaḥ hasti rāja
śāha	3	bhīma nema nemi
śānta	3	dhīra su śrī
śārṅgadhara	3	sāhitya viśeṣa śeṣa
śātrava	3	adhvānta dhvānta kṛmi
śāṇya	3	adhyardha dvi tri
śāṭaka	3	paṭṭa sthūla śiraḥ
śāṭī	3	snāna sthūla varṣā
śī	3	jihma madhyama syona
śīghra	3	manaḥ sarva su
śīrṣikā	3	sama sthūla śravaṇa
śītala	3	hima su sukha
śītā	3	ambu candra mahā
śīvan	3	talpa uttāna vahya
śūrpa	3	adhyardha dvi śāta
śṛṅgāra	3	sa su sundara
ūdhnī	3	catur smad vy
ūna	3	gaty īṣad ṣaḍ
ūṣaṇa	3	catur try ṣaḍ
ḍambara	3	megha trailokya vāg
ḍimba	3	go jala toya
ḍāmara	3	bhūta caṇḍī ramaṇīya
ṃ-dina	3	daina madhya mādhya
ṃ-jīva	3	cira jīva putra
ṃ-tara	3	ratha rātha viśva
ṃ-tuda	3	aru tila vidhu
ṇadī	3	cakra giri svar
ṇasa	3	dru khara khura
ṇāman	3	dur puru tri
ṇīti	3	agra dur sahasra
ṣac	3	hari nṛ rayi
ṣadana	3	hotṛ nṛ pitṛ
ṣvaseya	3	mātṛ paitṛ paitṛka
ṣāhya	3	abhimāti nṛ pṛtanā
ṣāti	3	go nṛ svar
ṣāṣṭika	3	adhika dvi kṣīra
ṣū	2	strī su
ṣṭhala	3	kapi vi śami
ṣṭhīvin	3	hiraṇya suvarṇa svarṇa
ṭaṅka	3	kanaka mṛga vajra
'dhika	2	rajo vayo
'hvā	2	mano tejo
'nugata	2	sadyo sroto
'rti	2	mano śiro
'sthi	2	abhito śiro
'śana	2	ayo tapo
abda	2	try ṣaṣṭy
abhibhava	2	dur nir
abhiprā@ya	2	dur nir
abhra	2	nir vy
abhīmāna	2	nir vy
ac	2	bahv dadhy
ad	2	havir madhv
adhiṣṭhāna	2	nir try
adhyeya	2	dur prātar
adhyāya	2	bahv saṃdhy
adhī@ta	2	dur svar
agha	2	nir āre
agāra	2	stry vrīhy
ahan	2	dvy vy
akṣan	2	hary try
alaṃkṛti	2	nir sad
ambaka	2	triy try
andha	2	jāty rātry
antaka	2	dur jagad
antya	2	bhavad yāvad
anuga	2	dur nir
anugraha	2	nir sad
anugāna	2	catur dvir
anumāna	2	nir praty
anuprā@sa	2	praty śruty
anuṣṭhita	2	dur viṣṇv
anuṣṭhāna	2	svayam yaty
apa	2	bahv nir
apaccheda	2	prāg tiryag
apadeśa	2	hetv sad
aparādha	2	nir vidhy
apatrapa	2	nir vy
apavargam	2	prāg udag
apā@śraya	2	vidhy vy
aratni	2	try ṣaḍ
arjita	2	pitr svayam
arthaka	2	nir tad
arya	2	kad sādhv
asi	2	vy vāg
asra	2	catur try
asthi	2	jānv nir
asthi-mālā	2	cid sad
astra	2	nir praty
asu	2	punar vy
atri	2	bṛhad laghv
aupāsana-prayoga	2	prātar sāyam
auṣadha	2	nir vasty
avabodha	2	dur samyag
avadya	2	nir āre
avarodha	2	bahv nir
avasthā	2	jāgrad prāg
avatta	2	catur ṣaḍ
avatāra	2	dur viṣṇv
avi	2	triy try
ayika	2	nair prāty
añc	2	madhv praty
añjala	2	dvy try
aśman	2	dṛṣad praty
aṃsaka	2	dvir nir
aṅgaka	2	calad ṣaḍ
aṅganā	2	dig gurv
aṅguṣṭha	2	nir vy
aṅka	2	bāhv praty
aṅkuśa	2	nir vy
aṇuka	2	catur dvy
aṇḍa	2	jagad ṣaḍ
aṣṭhīlā	2	madhv praty
aṣṭo@ttara-śata-nāman	2	hanumad viṣṇv
badha	2	vajra śuddha
bahala	2	cakṣur gandha
bahulā	2	kanda madhu
bali-bhuj	2	dvāra dāra
bali-karman	2	vaiśvadeva vicchinna
balika	2	dur hetu
balin	2	bhuja bāhu
ballava	2	aśva go
balya	2	daur prā
balī	2	bala dhauta
bandhakī	2	kaumāra kumāra
bandhura	2	pañca pūrṇa
barbara	2	vana śveta
barhas	2	adri dvi
barhin	2	citra granthi
barhiṣa	2	kambala kulmala
bhagīna	2	veśa yaśo
bhaikṣa	2	kanyā su
bhajaka	2	bhāṇḍa cīvara
bhakṣita	2	ikṣu palāṇḍu
bhakṣyā	2	cilla gaja
bharas	2	sa viśva
bharita	2	puṇya vasu
bharā	2	jāra kim
bhasad	2	su śiti
bhastraka	2	bahu nir
bhauta	2	jala rāja
bhavam	2	prati sadṛg
bhavas	2	su sva
bhavika	2	carama paunar
bhaviṣṇu	2	alam viphalī
bhayaṃ-kara	2	sarva su
bhañja	2	koṭṭa sukha
bhañjam	2	ikṣu mṛṇāla
bhaṅgin	2	kṣaṇa svara
bhaṇita	2	su vakra
bhaṭika-vihāra	2	naṭa nāṭa
bhaṭṭa-prayoga	2	mādhava mūla
bhaṭṭī	2	nārāyaṇa śaṃkara
bhedā	2	kṛṣṇa tiryag
bherī	2	jaya maṅgala
bhettṛ	2	māṃsa setu
bhidya	2	pūr śīrṣa
bhikṣuka	2	dharma śākya
bhiṣa	2	śata śāta
bhogā	2	dur su
bhojaka	2	adhikaraṇa bahu
bhraj	2	giri mṛta
bhru	2	su śiti
bhrājas	2	agni śuci
bhrātra	2	daur mātur
bhrātṛka	2	mūrkha sa
bhujaṃga-stotra	2	datta viṣṇu
bhuji	2	daśa śata
bhāgavatā@mṛta	2	bṛhad saṃkṣepa
bhāgika	2	ardha praveśa
bhāgineya	2	daur kaṣṭa
bhāgā	2	sūrya tṛca
bhāgīya	2	mokṣa pañcama
bhājin	2	puṇya svadhā
bhānavīya	2	svar śīta
bhārgava	2	caṇḍa pravad
bhās-kara	2	loka varṣa
bhāsika	2	prā prāti
bhāsin	2	jyotir ūrdhva
bhāsā	2	pūṣa vṛṣa
bhāvam	2	tūṣṇīṃ vinā
bhāvuka	2	maṣī priya
bhāṇa	2	cola miśra
bhāṇḍī	2	kāka tri
bhāṣitṛ	2	madhura mita
bhūman	2	prakṛti pum
bhūmikā	2	silha svarṇa
bhūmī	2	dyāvā pāna
bhūruha	2	sura śakra
bhūtvā	2	nyag vinā
bhūṣaṇā	2	bhadra bhilla
bhṛtin	2	asaṃvatsara saṃvatsara
bhṛtyā	2	kula kumāra
bhṛṅgāra	2	svarṇa śuṣka
bodhanī	2	bāla su
bodhin	2	indriya nāga
brahma-cārin	2	kaumāra samāna
brahmacarya	2	ati veda
brahmaṇya	2	parama su
buhnā	2	nīla śveta
busa	2	nir yava
bābhrava	2	kāpileya śaṇaka
bādh	2	jñu sa
bādhana	2	sapatnī śatru
bādhya	2	nair strī
bālā	2	cakra candra
bāra	2	jihma nīcīna
bāṇī	2	dvi pañca
bībhatsa	2	ati su
bījakā	2	rakta vṛtta
bījam	2	prati yathā
cakita	2	cakita kuhaka
cakra-vartin	2	bhāvi kavi
cakraka	2	gaṇa māla
cakrin	2	ardha ācāra
cakrā	2	sarva vahni
cakṣu	2	sahasra su
cana	2	akṣara kiṃ
canas	2	sa svar
candrā	2	eka punaś
capeṭikā	2	mukha pāṣaṇḍa
caraṇa-bhāṣya	2	liṅga nāma
caraṇā	2	kapota śata
carcā	2	anadhikāra śoka
carmaka	2	bahu duś
carmīṇa	2	sarva sārva
carvaṇa	2	carvita punaś
carā	2	su śubhaṃ
carṣaṇa	2	ratha vi
catur-aśra	2	sama viṣama
caturdaśa	2	mukunda tri
catuṣ-koṇa	2	sama viṣama
catvāriṃśaka	2	aṣṭā ṣaṭ
caula	2	vṛtta ānanda
caurikā	2	suvarṇa taila
cañcalā	2	candra sthāna
caṅkramaṇa	2	krīḍā śākhā
caṇḍe@śvara	2	kṛmi praśna
cchadi	2	kāka nava
cchadman	2	kūṭa palita
cchandaḥ-sūtra	2	piṅgala prākṛta
cchannā	2	eka ubhaya
cchardi	2	kāka rakta
cchattraka	2	ahi sarpa
cchattrā	2	nāga ākṛti
cchavī	2	nīla vatsa
cchaṭā	2	haya pattra
cchāga	2	vana yajña
celikā	2	gandha pāpa
celī	2	brāhmaṇi pāpa
ceṭī	2	ulūka yāma
chakti	2	cic yāvac
chala	2	kathā vāk
chalya	2	vāc vāk
charīra	2	bṛhac mac
chata	2	hanumac tāvac
chattra	2	ati dṛk
chinnī	2	nāsikā nāsā
chloka	2	bṛhac sac
choka	2	bṛhac hṛc
chuka	2	bṛhac cic
cikitsaka	2	astra deva
cikīrṣu	2	cūrṇī priya
cilla	2	kuru śaṅkha
cintin	2	dharma duś
ciram	2	mā prāk
citrita	2	varṇa varṇaka
citta-vivaraṇa	2	bodha bodhi
cittā	2	bhartṛ māra
codanā	2	karma sāma
coraka	2	parṇa phala
cyavana	2	duś niś
cyavas	2	tṛṣu viśva
cyutaka	2	akṣara mātrā
cālana	2	kāma lāṅgūla
cāli	2	mukha śabda
cāndrāyaṇa	2	śiśu ṛṣi
cāpala	2	pāda pāṇi
cāraṇa	2	go śāstra
cāriṇī	2	loha padma
cāturya	2	sabhā śabda
cātvāriṃśika	1	dvi
cāṇakya	2	bṛhac vṛddha
cīrin	2	kuśa valkala
cīvara	2	cīra tri
cūlin	2	hema vi
dadha	2	ilā iḍā
dairghatamasa	2	mahā saho
daiva-jña	2	kṛṣṇa soma
daivika	2	mānuṣa rāja
dalana	2	māṃsa pāṣaṇḍa
dalo@pama	2	nāga puṇḍarīka
dambhana	2	amitra sapatna
dantura	2	ati vadana
daraṇa	2	nir sthālī
darbhā	2	brahma ikṣu
dardura	2	jala kūpa
darva	2	paurṇa pūrṇa
darśana-cāra	2	bhauma budha
darśanin	2	daiva deva
darśivas	2	dīrgha pratyakṣa
datra	2	puru su
daurbalya	2	hṛdaya pāra
dayitā	2	pitṛ samudra
dayā	2	bhūta rāma
daśa-ślokī	2	sarasvatī vyavahāra
daśā-phala	2	sūrya varṣa
daśā@ha	2	antar chandoma
daṃsas	2	puru su
daṃśin	2	nir tṛpra
daṃṣṭra-tā	2	sama śukla
daṃṣṭratā	2	anupūrva tīkṣṇa
daṃṣṭrin	2	sahasra śva
daṇḍana	2	adharma samyag
daṇḍika	2	bahu vetra
dehika	2	paurva pūrva
devaka	2	jaya sa
devatam	2	ayathā yathā
devatāka	2	tad vāg
devi	2	saha su
devikā	2	pūrva su
deśaka	2	dharma vidhi
deśam	2	prati yathā
deśana	2	prā vijñāna
dhama	2	khariṃ khāriṃ
dhan	2	bṛhad sad
dhanika	2	mahā prā
dhanu	2	maṇi śata
dhanī	2	maṣī vār
dharma-nirūpaṇa	2	daivika vaidika
dharma-sāra-saṃgraha	2	kali nārāyaṇa
dharma-śāstra	2	hārīta mānava
dharmaka	2	kiṃ sa
dharmikā	2	nāṭya vasu
dharmiṇī	2	strī āyudha
dharīya	2	nāga śaśa
dharṣaṇa	2	dur su
dhattūra	2	kṛṣṇa rāja
dhattūraka	2	kṛṣṇa rāja
dhavā	2	mṛta sa
dhena	2	visṛṣṭa viśva
dhenuka	2	mārga pāra
dhik-kāra	2	bauddha bheda
dhrī	2	aṃsa saura
dhunī	2	sura svar
dhurā-vaha	2	eka sarva
dhvajā	2	bahir madana
dhvasta	2	hima kṛta
dhvānta	2	antar hata
dhyāyin	2	mṛṣā sad
dhāma	2	priya su
dhānā	2	arka guḍa
dhāraṇī	2	vastra ātma
dhārya	2	dur śiro
dhāvaka	2	asi kambala
dhāvin	2	parī vastra
dhīti	2	adabdha ṛta
dhīva	2	daśa pañca
dhīvan	2	bahu su
dhūmaka	2	sa vṛka
dhūpana	2	sūpa vraṇa
dhūpita	2	dhūpa dhūpana
dhṛṣṭa	2	gehe raṇa
didhiṣu	2	agra agre
dig-īśa	2	pūrva uttara
dik-pati	2	paścima pūrva
dinakara	2	bhāṭṭa dāna
divam	2	naktaṃ rātri
divasam	2	cira prati
divākīrtya	2	antar mahā
diṅ-mukham	2	sarva sva
diṇḍima	2	vadhya vedānta
diṣṭa	2	nābhāga pūrva
diṣṭi	2	ku smad
dogdhrī	2	dharma su
dogha	2	madhu su
dohanā	2	bahu kāma
dohas	2	sūda viśva
dohyā	2	duḥkha sukha
dohā	2	dur sukha
dola	2	catur paṭṭa
doṣam	2	prati yathā
draviṇas	2	su vāja
draṅga	2	mārga srava
drāva	2	candrikā śaṅkha
dugdhikā	2	bahu kaca
dugdhī	2	svarṇa tāmra
dukūla	2	pāṇḍu su
durdharṣa	2	ati su
durgata	2	ati satata
durvaha	2	anya su
duṣkara	2	ati su
duṣṭa-dhī	2	aniṣṭa ariṣṭa
dveṣas	2	tarad yuta
dvirada	2	gandha prati
dviṣat	2	haya vāha
dvādaśa	2	aśva garbha
dvādaśā@ha	2	bharata saṃkrama
dyotanikā	2	artha bhāva
dyu	2	daśa su
dyumaṇi	2	naya vṛtta
dyus	2	pare ubhaya
dāham	2	sa tūla
dāla	2	rajju rājju
dālikā	2	deva rasa
dāmo@dara	2	rādhā saṃgīta
dāmā	2	bahu svarṇa
dāna-ratna	2	lavaṇa sarpir
dānava	2	haya maya
dārava	2	bhādra daiva
dāru-maya	2	śubha ṛju
dāvat	2	bhūri prāṇa
dāyinī	2	mārga tāmbūla
dīkṣā-vidhi	2	soma vivāha
dīpa-dāna	2	bhairava śyāmā
dīrghikā	2	rasa sura
dīvi	2	kiki kikī
dīyamāna	2	apunar punar
dūta-kāvya	2	bhramara mano
dūṣa	2	kora paṅkti
dūṣikā	2	carma mukha
dṛk-karman	2	akṣa ayana
dṛkṣa	2	bhavā sa
dṛpta	2	gehe su
dṛṣada	2	samid śamī
enī	2	try vy
eva	2	dur marud
gaccha	2	tapo śaśi
gadgada	2	harṣa sa
gadā-dhara	2	vaidya ādi
gaha	2	daur dur
gahana-vat	2	guhā latā
gamanā	2	marāla mṛdu
gamanīya	2	agamyā dur
gantṛ	2	puro śīghra
garala	2	pīyūṣa sthāvara
garbha-ja	2	aśma śila
garbhaka	2	keśa ratha
garbhiṇī	2	bāla kumāra
garda	2	ala ali
gardabhaka	2	jvālā kīṭa
gardha	2	ala ali
garhita	2	khyāta su
gariman	2	kula tulya
garjana	2	deva megha
garjita	2	ghana kari
garīyas	2	artha ati
gatā	2	tyāga ṛśya
gaurī-pūjā	2	indrāṇī maṅgalā
gauḍaka	2	draviḍa drāviḍa
gavam	2	yathā āyatī
gavya	2	pañca su
gavā@kṣa	2	jāla nir
gaḍu	2	antar dor
gaṇanā	2	agra tṛṇa
gaṇin	2	ku śva
gaṇya	2	agra vārṣa
gaṇā@dhipa	2	sārameya uḍu
geham	2	bahir prati
gehinī	2	ku su
gharma	2	dadhi svarṇa
gharma-ja	2	mṛga śiva
gharṣa	2	danta su
ghaṇa	2	antar dru
ghaṭaka	2	bhadra veśyā
ghaṭana	2	hṛd kāṣṭha
ghaṭita	2	kāṣṭha su
ghaṭṭa	2	ara kālī
ghni	2	sahasra śata
ghoratara	2	aghora ghora
ghoṇa	2	cāru pracaṇḍa
ghoṇṭā	2	gopa mahā
ghoṣaṇā	2	jaya paṭaha
ghoṣin	2	grāma vasanta
ghrāṇa	2	cipiṭa gandha
ghuta	2	prāg samyag
ghā	2	droṇa viṣa
ghātam	2	pada samūla
ghātya	2	jīva sukha
gila	2	gila sarva
gin	2	pataṃ vala
gira	2	bahir bārhad
giri-māhātmya	2	svāmi vṛddha
giri-vihāra	1	abhaya
girika	2	caṇḍa haima
glaha	2	akṣa mithyā
godāna	2	agni apara
gopī	2	kalama śāli
goṇi	2	daśa pañca
gra	2	daśa tuvi
graha-yoga-śānti	2	pañca ṣaḍ
grahaṇam	2	yathā yāvad
grahītṛ	2	guṇa pāṇi
granthika	2	mahā sarva
granthī	2	pañca sapta
grāhika	2	dāṇḍa vārka
grāhikā	2	garbha śṛṅga
grāhiṇī	2	chattra cāmara
grāmin	2	daśa pūrva
grāmī	2	pañca tri
guggulu	2	kaiśoraka kaṇa
gumpha	2	vidhāna vāg
guṇana	2	bhinna tiryag
guṇika	2	dvai sārva
guṇṭhita	2	pāṃsu reṇu
guṭikā	2	hāra loṣṭa
gvin	2	daśa śata
gāha	2	uda udaka
gārhapata	2	kuru vṛji
gātram	2	prati yathā
gātrikā	2	bhinna dṛḍha
gītaka	2	komala stuti
gū	2	agre ayo
gṛbhi	2	dur paḍ
gṛdhra	2	sapta sārasa
gṛha-pati	2	soma varuṇa
gṛham	2	prati yathā
gṛhya-pariśiṣṭa	2	pāraskara śaunaka
gṛhīti	1	kara
gṛhītin	2	catur yāvad
hananī	2	stamba śumbha
hanman	2	aśma puru
hara-caturthī-vrata	2	saṃkaṣṭa saṃkaṭa
harṣin	2	loma roma
harṣita	2	roma sa
hasa	2	niśā sa
hasra	2	rāvaṇa sa
hastita	2	sva vi
hastya	2	madhu su
hataka	2	daiva mataṃga
hatā	2	brāhmaṇi pāṇi
havana	2	agni rudra
haṃsa-gaṇi	2	hema vijaya
haṃsya	2	pāra pārama
haṇḍaka	2	kula kūla
hema	2	bhartṛ tapta
hetika	2	svadhiti śakti
hetuka	2	sa sphoṭa
hikkā	2	huḍukka śvāsa
hitai@ṣiṇī	2	śiśu śiṣya
hiṇḍaka	2	rata rātri
hlāda	2	mano nir
homa-prakāra	2	saṃkṣipta vasiṣṭha
horā-prakāśa	2	lagna śambhu
hotṛ-saptaka	2	pauṇḍarīka soma
hrāsa	2	tejo vṛtti
huti	2	havir sarva
hvara	2	agni dharuṇa
hvāna	2	ku su
hārd	2	dur su
hārita	2	kumāra kṛṣṇa
hāsinī	2	bhaṇḍa jāla
hāsā	2	māṃsa rajanī
hāva	2	pañca sa
hāyas	2	sarva vi
hūta	2	pauru puru
hūya	2	deva pitṛ
hṛdaya-stotra	2	lakṣmī viṣṇu
hṛdya	2	kubera ārya
ibha	2	dig smad
indra	2	aham vāg
ita	2	daur dur
iti	2	antar dur
iḍa	2	dvir ṣaḍ
iṅga	2	jyotir nir
iṅgaṇa	2	jyotir svar
iṣu	2	bṛhad āsan
jagdhi	2	kalya saha
jaghanā	2	pulina vipula
jalada	2	nir prauḍha
jalpita	2	hata mithyā
jalā	2	gopa maṇi
jalūkā	2	karṇa tṛṇa
jambukā	2	bhūmi jala
jambāla	2	ghana sa
janam	2	prati tiro
janika	2	māhā sārva
janmika	2	paurva pāra
janmā@ṣṭamī	2	kṛṣṇa rādhā
janā@rdana	2	lakṣmī śukla
japa-vidhāna	2	nitya śūdra
jaras	2	ati manda
jarjara	2	ghuṇa vi
jarāyu	2	jyotir nir
jayanta	2	dur śyāma
jayantī	2	bhakta hanumaj
jaṅgama	2	sthira sthāvara
jaṭi	2	dhūr siṃha
jenya	2	sva vi
jeṣa	2	kṣetra svar
jhampa	2	gaja ūrdhva
jhaṃkāra	2	pattra rāja
jhaṣa	2	abdhi mahā
jhiṇṭī	2	nīla śoṇa
ji	2	bhānu yudhā
jihma	2	vi śotha
jihva-tā	2	jimbha mṛdu
jihvatā	2	prabhūta tanu
jijñāsa	2	kṛta nir
jijñāsā	2	brahma dharma
jinva	2	dhiyaṃ viśva
jityā	2	vāja āji
jman	2	pṛthu uru
joḍa	2	jahi markaṭa
joṣas	2	sa vi
jrayas	2	pṛthu uru
jvalita	2	kopa sambhrama
jyotir-vid	2	kṛṣṇa śiva
jyotiṣmatī	2	purastāj upariṣṭāj
jyoḍi	2	hasta kara
jña-tā	2	akṛta aviśeṣa
jñāna-vādā@rtha	2	viśeṣa viśeṣaṇa
jñāti	2	nir sva
jāgarika	2	go hasti
jāhnavī	2	ardha siddhānta
jālikā	2	gṛha mṛga
jālī	2	bahu mahā
jānapada	2	jāti paura
jāti-viveka	2	laghu pāñcāla
jātya	2	hrasva sva
jātī	2	svarṇa śaṅkha
jāvan	2	pūrva vāri
jāya	2	sa ṣaṣṭhī
jāyin	2	anyatastya pāra
jāḍya	2	nir śraddhā
jīrṇa	2	ati su
jīvantikā	2	bṛhaj svarṇa
kacchapikā	2	kara pāṇi
kacchū	2	muṣka vṛṣaṇa
kacu	2	kāla vana
kadru	2	vi viśva
kaitava	2	niṣ sa
kajjala	2	kula siddha
kakubh	2	tri ākhaṇḍala
kakuda	2	tri śiti
kalam	2	prati sāma
kalila	2	moha su
kaliṅga	2	tri veśma
kalpa-grantha	2	aurva auṣadha
kalpa-latikā	2	nyāya śyāmā
kalpaka	2	ratha vāda
kalpalatikā	2	sāpiṇḍya vedānta
kalpam	2	prati yathā
kalpita	2	prathama su
kalyāṇaka	2	mahā pañca
kalāpaka	2	nāḍī raśanā
kalāyī	2	lavana lavaṇa
kamalinī	2	bāla sthala
kampin	2	śaila śiraḥ
kandalī	2	bhūmi nyāya
kandikā	2	aśva tikta
kapaṭa	2	kṛta niṣ
kapittha	2	bhū mahā
kapālam	2	prati yāvat
kapīvat	2	ghana vana
kara-tva	2	asat sat
karambha	2	bali mahā
karavīra	2	kṛṣṇa rakta
karavīraka	2	pīta rakta
karaṅka	2	jala tāmbūla
karaṇaka	2	sa vyaya
karaṇḍa	2	nyāya puṣpa
karaṭa	2	bhinna gaṇḍa
kareṇukā	2	yāma yāmaka
kariṣṇu	2	alaṃ bahulī
karkara	2	barkara veṇu
karkaśa	2	prati tarka
karkaṭaka	2	kṛṣṇa śālā
karma-kara	2	bhṛti dāsa
karma-kārin	2	anumata tat
karma-vidhi	2	śrāvaṇī ṣoḍaśa
karpaṭa	2	kaṭi pañca
karpūra-ja	2	dvīpa dīpa
karpūraka	2	dvīpa rāma
kartarī	2	pattra udvega
karttṛ	2	tantu śalya
karā	2	kisalaya vīra
karīra	2	su vetra
karśita	2	vyāyāma śrama
karṇā@mṛta	2	rāma śiva
karṣaka	2	kṣetra palvala
karṣū	2	dākṣi hasti
kathika	2	kathaṃ vaiśva
kaurava	2	niṣ sa
kauśeya	2	dhauta tri
kauṇḍinya	2	vyākaraṇa ājñāta
kavī@ndra	2	hari rudra
kaśyapa	2	bhū vi
kaṃsika	2	ardha ārdha
kaṅka	2	svalpa vrīhi
kaṅkata	2	satīna vi
kaṇṭakinī	2	mahā viṣa
kaṇṭakārī	2	kṣudra śveta
kaṇṭham	2	mukta prati
kaṇṭikā	2	dara kṣudra
kaṇṭārikā	2	kṣudra sita
kaṭaṅkaṭa	2	kāla śāla
kaṭha	2	kāpiṣṭhala prācya
kaṭhinika	2	vārdhra vāṃśa
kaṭukā	2	kedāra kṛṣṇa
kaṭya	2	nai prā
kaṭā	2	ehi prehi
kaṭāhaka	2	khaṭa śleṣma
kendra	2	drāk śīghra
kesarā	2	bhūta cāru
ketuka	2	tṛṇa āruṇa
keśatā	2	citra snigdha
keśaṭa	2	madhu mātṛ
keśi	2	jaya su
keśya	2	hiraṇya sārva
khalati	2	yuva śukti
khana	2	mṛt rasā
kharjūra	2	kṣīra piṇḍa
kharva	2	mahā tri
khañja	2	kalāya kāla
khaṇḍin	2	vaira yaśaḥ
khaṭva	2	pañca tri
khelam	2	sa yathā
khelā	2	phala phāla
kheṭa	2	khañja ratna
kheṭaka	2	prati ṣaṭ
khilya	2	bāla saindhava
khyāna	2	puṃ samāna
khyāta	2	mahā su
khādaka	2	kaṭa khaṭa
khādikā	2	abhyūṣa bisa
khānaka	2	kūpa mūla
khāni	2	lavaṇa ratna
khārī	2	ardha śūrpa
khārīka	2	adhyardha dvi
khāḍava	2	rakta rāga
kilbiṣin	2	artha rāja
kim	2	mā na
kirīṭa	2	ati indu
kirīṭin	2	ratna vāma
kis	2	mā na
kisalaya	2	caraṇa kara
kiñjalka	2	hema nāga
kiṃcana	2	na niṣ
kiṃśuka	2	su vane
kliṣṭa	2	madana sparśa
knopam	2	cela vastra
kohala	2	kṛṣṇa mada
koka	2	vi vāk
kokila	2	nyāya puṃs
kokilā	2	gandha unnata
kolāhala	2	jaya rāja
kopin	2	āśu śīghra
kośala	2	prāk viṣṇu
koṣaka	2	aṇḍa indra
koṣaṇī	1	jīva
kra	2	dadhi vasu
krama-mālā	2	dhātu smaraṇa
kramaṇa	2	naiṣ sapiṇḍī
kramya	2	naiṣ saha
kramā@gata	2	pūrva vaṃśa
kratava	2	sauma śāta
kratavīya	2	sauma soma
krauñca	2	aiḍa nīla
krimi	2	udara vāri
kriyamāṇa	2	paryagni yathā
krudh	2	ati sa
kruṣṭa	2	anupahata ati
krīḍita	2	kṛṣṇa upāṃśu
kubjaka	2	jala vāri
kuha	2	duṣ mahā
kulijika	2	dvai dvi
kuliśa	2	kṣudra nyāya
kuliṅga	2	gṛha veśma
kulo@dvaha	2	bhṛgu yadu
kumbhā	2	madhu toya
kumuda	2	rakta sthala
kumāra-carita	2	daśa megha
kumārīka	2	su tri
kurabaka	2	bhūmī pṛthvī
kuraṇḍa	2	pūlāsa pūlāsaka
kurīra	2	kumba su
kusama	2	pāṭala vasanta
kusumbha	2	araṇya kari
kutsita	2	ati dvija
kuṅkuma	2	grāmya tṛṇa
kuṇḍaka	2	ku lakṣmaṇa
kuṇḍalinī	2	kula yoga
kuṇḍikā	2	darbha sarpiṣ
kuṭumbinī	2	kauleya ku
kuṭīra	2	kuñja tṛṇa
kuṭṭima	2	dhūli vastra
kvāṇa	2	kaṭu khara
kādambarī	2	padya saṃkṣipta
kāku-rava	2	kāma madana
kākud	2	pūrṇa vi
kākīya	2	haṃsa śveta
kāleya	2	kṣullaka mahā
kālidāsa	2	abhinava nava
kālya	2	paurva sārva
kāma-dhenu	2	hiraṇya kāvya
kāmadhenu	2	ahalyā prākṛta
kāmam	2	yatra yāvat
kāmanā	2	phala vṛṣṭi
kāmi	2	dyau sātya
kāmuka	2	haṭha niṣ
kānana-māhātmya	2	heramba ānanda
kāntī	2	viṣṇu śiva
kāpotī	2	kṛṣṇa śveta
kāraṇāt	2	artha lābha
kāri	2	cira gaṇa
kārika	2	cira rātha
kārmika	2	pāri sārva
kārṣāpaṇika	2	adhyardha dvi
kāsīsa	2	dhātu puṣpa
kāti	2	kāma ṛṇa
kātya	2	harita jihvā
kāśī	2	bhadra mahā
kāṃsya	2	mṛt uda
kāṇva	2	paiṅgala piṅgala
kāṇḍaka	2	kāṇḍa kṣīra
kāṇḍam	2	prati yathā
kāṇḍikā	2	karabha su
kāṣa	2	gaṇḍa kapola
kāṣam	2	samūla sarva
kīm	2	mā na
kīśa	2	ambu matta
kūja	2	antra niṣ
kūjita	2	kukṣi rata
kūlaka	2	gṛha mādra
kūlika	2	prati prāti
kūlā	2	aja citra
kūpaka	2	jaghana smara
kūrcikā	2	dadhi tṛṇa
kūṇikā	2	kala kaṇṭha
kūṭī	2	gandha grantha
kṛ	2	khilī navī
kṛcchraka	2	varuṇa śīta
kṛkara	2	grāhaka krūra
kṛpa	2	niṣ sa
kṛpaṇa	2	pradāna prakṛti
kṛtha	2	putra tanū
kṛtika	2	nai naiṣ
kṛtvā	2	alaṃ nīcaiḥ
kṛṣṇīya	2	praśna pūrva
kṣa	2	dyu tuvi
kṣapaṇaka	2	mahā nagna
kṣauma	2	maṅgala pelava
kṣaṇāt	2	etat vastu
kṣeman	2	pārṣṇi su
kṣepaka	2	astra pāri
kṣepika	2	prāti pāri
kṣipta	2	pavana tiryak
kṣita	2	parī pāri
kṣmā	2	raṇa yuddha
kṣmā-bhṛt	2	carama tuhina
kṣudra	2	pāra vi
kṣālana	2	prā pāyu
kṣāma	2	kṣut kṣāma
kṣāmā	2	dyāvā madhya
kṣānta	2	ahaḥ candra
kṣāraka	2	mālatī samūha
kṣīraka	2	madhu tāla
labha	2	dur su
lagnā	2	bhū bhūri
laguḍa	2	kṣipta vāditra
lahari	2	lakṣmī ānanda
lajjā	2	sparśa śṛṅgāra
lakṣa-homa	2	bṛhal laghu
lakṣaṇaka	2	daśa kiṃ
lakṣaṇī	2	dvādaśa pañca
lakṣita	2	su vi
lakṣma	2	deva jyeṣṭha
lakṣmī-pūjā	2	sāmrājya vara
lalitā	2	jyeṣṭha kumāra
lalāṭikā	2	bhasma ucca
lalāṭā	2	ucca vistīrṇa
lambana	2	aja dṛg
lavya	2	duḥkha eka
laśuna	2	rakta sita
leha	2	madhu rasa
lehin	2	havya madhu
lehya	2	hṛdaya śva
lekhanī	2	ghṛta smara
lipsu	2	mṛga prāṇa
liptā	2	kṣetra vi
liṅga-dhara	2	mithyā suhṛl
liṅgam	2	prati yathā
liṅge@śvara	2	maṇi ratna
liṅgī	2	sahasra viṣṇu
lobhin	2	dhana vipra
lodhraka	2	hasti paṭṭi
lohin	2	kāṣṭha su
loka-dhātu	2	saha śava
lokī	2	sapta tri
lolikā	2	ahi amla
lomadhi	2	sa su
lomaka	2	mṛdu prati
lomaśā	2	ati pāṇḍu
lomika	2	mṛga prāti
lopaka	2	dhāra vidhi
loṇī	2	amla caṇaka
lulita	2	ati su
lumpa	2	śata śatru
luṅga	2	mastaka mastu
lālā	2	aśva haya
lāsa	2	hṛl yava
lāsaka	2	hṛl tarku
lāvaṇika	2	daka uda
lāvaṇya	2	rūpa samadhika
lāṅgula	2	go samunnata
līḍha	2	go kubja
m-bhaṭṭa	2	bāla rāya
m-bhāva	2	śithila śītī
m-bhūmi	1	sama
m-indha	2	agni bhrāṣṭra
m-ita	2	asta pāra
m-para	2	para pāra
m-ugra	2	satya sātya
ma	2	dvādaśa nava
madga	2	pauru puru
madgu	2	jala kāka
madgurikā	2	grāma grāmya
madhuka	2	yaṣṭi yaṣṭī
madhurā	2	kṣīra mādhvī
madhya-ga	2	bahu mārga
madra	2	pūrva su
madā	2	rati viśva
magadha	2	pūrva su
maghavan	2	mahī sato
mahe@ndra	2	bhū mahī
mahimā@darśa	2	brāhmaṇa rāmāyaṇa
mahā-mātra	2	dharma gaṇanā
maithunā	2	aspṛṣṭa saṃspṛṣṭa
maitrāvaruṇa	2	kokila soma
majjan	2	madhu svādu
makuṭa	2	ardha śrī
makṣā	2	madhu nīla
malina	2	bhūti su
mallika	2	bharata su
manana	2	vedānta vāsudeva
manas-ka	2	gata ātta
mandara	2	meru māna
mandra	2	mṛga puru
mandāra	2	kṛta śveta
mano-buddhi	2	avipluta samāhita
manthara	2	dara vi
mantra-bhāṣya	2	chāndogya homa
mantra-sādhana	2	vagalā śyāmalā
manuja	2	kāśi nir
mardanī	2	ahi viṣa
markaṭa	2	jala loca
martya	2	pautra upari
marīcikā	2	maru su
masi	2	jala vāri
mata-vicāra	2	navya navīna
matallikā	2	aśva go
math	2	madhu manmatha
matha	2	go vāra
mathanī	2	keśa śumbha
mathya	2	sindhu ulmuka
matikā	2	buddhi samādhi
mattā	2	mada yauvana
mayūkha-mālikā	2	maṅgala naya
mayūraka	2	matta yantra
mañca	2	citra prati
mañjarī-guṇa-leśa-sūcaka-daśaka	2	moda māna
maśaka	2	daṃśa nir
maṅgala-dīpikā	2	vedānta vijaya
maṇi-mañjarī	2	naya siddhānta
maṇi-mālā	2	nava viruda
maṇī	2	kaṅkaṇa śoṇa
maṇḍalika	2	mahā nāga
maṇḍanā	2	nagara prāsāda
maṇḍūkī	2	abdhi brahma
medas	2	varṣa yakṛn
medhya	2	sarva su
mekhalaka	1	citra
meya	2	muṣṭi nai
meḍhra	2	nīcā paśu
meṣī	2	kāka kāla
mitrika	2	dāsa sauma
mitrāyaṇa	2	bāhu dāsa
moca	2	dur gandha
mocaka	2	granthi kṣīra
mocikā	2	gala gṛha
moda-taraṃgiṇī	2	bhakta vidvan
modana	2	gandha ucchiṣṭa
modin	2	dhvana gīta
mogha	2	nir vi
mohaka	2	aśva kṣīṇa
mohin	2	mahā śṛṅga
moṣa	2	nagara vāma
mradas	2	ūrṇa ūrṇā
muda	2	ku nir
mudgā	2	kāka āraṇya
muh	2	mano yajña
muhūrtam	2	catur prati
mukha-capeṭikā	2	para pāṣaṇḍa
mukha-mardana	2	madhva pāṣaṇḍa
mukharī	2	prati suvarṇa
mukhin	2	hrīta ākāśa
mukhīna	2	brāhmaṇa yathā
muktā-phala	2	bhāgavata śruti
muktāmaṇi	2	muhūrta sāhitya
mukula	2	nīti prati
mukura	2	karṇa mati
musta	2	bhadra kaivarta
mustaka	2	bhadra kaivarta
muṇḍā	2	carma caṇḍa
muṣita	2	nagna su
muṣkaka	2	asita kāla
muṣṭim-paca	2	nīvāra śyāmāka
mā	2	candra pūrṇa
mācala	2	gaja kari
mācikā	2	gṛha kāka
mādhavī	2	latā madhu
mādhurya	2	mukha vāṅ
mādya	2	prā sadha
māgadha	2	mādhava su
māhātmya-saṃgraha	2	badarikā mathurā
mālika	2	daśa sukha
mālyā@nulepana	2	priya śukla
mānaso@llāsa	2	prabodha rāja
māndya	2	agni muṣṭi
māninī	2	nara sraughnī
mārgī	2	bahu dvi
mārikā	2	daśa tri
māriṣa	2	alpa latā
mārjanī	2	gātra gṛha
mātaṃga	2	mātaṃga vana
mātraka	2	aṅguṣṭha tan
mātre	2	bhukta jñāta
mātrika	2	ardha aṇu
mātrikā	2	hula siddha
māṇa	2	parī uru
māṇika	2	nair prā
māṇikya-mālā	2	praśna vṛtta
māṇya	2	prā pāri
mī	2	manyu srava
mūra	2	saha vasā
mūrchana	2	nara vi
mūrchita	2	krodha śoka
mūta	2	kāma vana
mūtra-tā	2	kṣipra rakta
mūtraka	2	bahu daśa
mūṣika	2	gandha mahā
mūṣā	2	andha mṛn
mṛdu	2	svādu ūrṇā
mṛtsna	2	kṣīra mṛdu
mṛṇāla	2	bāla śithilita
mṛṣṭa	2	mātṛ su
nadi	2	madhye prati
nadī-bhava	2	srota sroto
nagaram	2	madhye prati
naimittika	2	nimitta nitya
naka	2	kuṭan śaṅkha
naktam	2	dina divā
nakṣatra-mālikā	2	vāda śiva
naptṛ	2	prati tanū
napāt	2	tanū vatsa
nara-siṃha	2	lakṣmī ujjvala
narda	2	go su
nare@śvara	2	pāṇḍya vikrama
narta	2	nitya sadā
nati	2	su śiro
naukā	2	bṛhan vijñāna
navanītaka	2	abdhi samudra
nayanī	2	dvi tarala
naḍa	2	bṛhan sūtra
naṣṭa	2	dṛṣṭa jāta
nediṣṭha	2	nābhā nābhāga
nejana	2	muñja pan
netraka	2	eka ku
netrikā	2	rasa śata
netrī	2	jīva rasa
nibarhaṇa	2	pitta śatru
nidhi-tīrtha	2	satya vidyā
nigadin	2	śruta śruti
nigama	2	cāpa devatā
nighna	2	vi vāyu
nigrahaṇa	2	purīṣa roga
nikhāta	2	antar su
nikṛntana	2	mūla nakha
nikṣepa	2	pakṣa rahasya
nilayā	2	gandha vindhya
nimaya	2	su īṣan
nimita	2	cakṣur dur
nimīlikā	2	gaja ibha
nimīlita	2	gaja rajo
nināda	2	mahā nāndī
nipātana	2	daṇḍa śastra
nirata	2	ahiṃsā videśa
nirati	2	pāpa viṣaya
nirgamana	2	bahir dhūma
nirgata	2	cira su
nirghāta	2	doṣa sa
nirghṛṇa	2	sa su
nirmala	2	su vi
nirmocana	2	sarpa saṃdhi
nirmoka	2	dala mukta
nirmālya	2	deva rudra
nirukta	2	brahma yāska
nirukti	2	sāmānya viśeṣa
nirvacana	2	bhārata rāmāyaṇa
nirveda	2	sa saṃjāta
nirviśeṣa	2	mūṣika sa
nirvṛti	2	citta vṛka
niryukti	2	ogha piṇḍa
niryātaka	2	mṛta preta
niryātana	2	maṇi vaira
nirīkṣaka	2	divasa mukha
nirṇejaka	2	cela vastra
nirṇejana	2	kṛta pātrī
nisūdana	2	bala daitya
nitya-pūjā-vidhi	2	devī pādma
nivartana	2	chandaka ruṅ
nivedana	2	priya ātma
nivṛtta	2	anāśaka dur
niyoga	2	daṇḍa kāla
niścala	2	su vi
niśreṇī	2	deva vaṃśa
niśvāsa	2	dīrgha kṣaṇa
niṣeka	2	prajā salila
niṣevita	2	amanuṣya dvija
niṣkramaṇa	2	dur go
niṣkrayaṇa	2	puruṣa ātma
niṣkuṭa	2	samudra sāmudra
niṣkṛta	2	punar su
niṣkṛti	2	garbha pāpa
niṣpeṣa	2	tala vajra
niṣpāvikā	2	nakha vṛtta
niṣṭhura	2	prakṛti su
niṣṭhā	2	puru vāṅ
nu	2	na su
nyagrodha	2	gautama plakṣa
nyaṅga	2	viṣṇu śveta
nyāsa-vidhi	2	mahā pūjā
nyāyam	2	prati yathā
nābhaka	2	su sva
nādaka	2	siṃha su
nāgara	2	keli pauṇḍra
nāgarī	2	deva nandi
nāka	2	tri śiśu
nālaka	2	cāru su
nāmikā	2	añjana bhadra
nāmnika	2	mahā māhā
nānā-tva	2	mahā vāyu
nārada-purāṇa	2	bṛhan śrī
nāradīya	2	bṛhan laghu
nārāca	2	ardha rata
nārāyaṇo@paniṣad	2	bṛhan laghu
nāsikī	2	prāṅ tuṅga
nāthaka	2	nāka vṛkṣa
nāḍa	2	puṃ vi
nāṭa	2	bṛhan puṃ
nīkāśa	2	babhru dhūmra
nīvī	2	akṣaya toya
nṛsiṃha	2	siddhi vallabha
opaśa	2	dvy go
oṣṭha	2	sphurad śity
pac	2	odana śva
pacya	2	akṛṣṭa kṛṣṭa
pade	2	antaḥ iḍas
padi	2	sa āḍhya
padin	2	parasmai ātmane
padmaka	2	sa śoṇa
padmam	2	madhye prati
padra	2	kaṭu nanda
padā	2	krauñca upastha
paiśācika	2	cūlikā mahā
pakti	2	loka śarīra
pakṣapāta	2	sama vi
pakṣas	2	pṛthu vi
pakṣika	2	bodhi kṣudra
pakṣya	2	dvai prāti
pallī	2	saṃnyāsa ābhīra
palāśikā	2	gandha pṛthu
paramā@ṇu	2	bhṛtya vāyu
paribhava	2	para pracura
paribhāṣā-vṛtti	2	laghu vyāḍīya
paribhūta	2	sadā su
paricāraka	2	pratimā pāda
paridhvaṃsa	2	varṇa vidhu
parigṛhīta	2	prathama ubhayataḥ
parihāra	2	doṣa virodha
parihāṇi	2	samādhi vīrya
parijñāta	2	ku su
parikrama	2	laghu sa
parikriyā	2	agni rājya
parimocana	2	dveṣa indriya
parimuktā	2	dveṣa moha
parinirvāṇa	2	mahā skandha
paripāka	2	daśā kāla
paripālana	2	prajā pratijñā
paripāṭī	2	guru yuddha
paripūrṇa	2	dhṛti su
parita	2	manyu para
paritoṣa	2	paṇḍita sa
parityakta	2	saṃkhyā upapatti
parityāga	2	prāṇa ātma
parivartin	2	abhyāsa pārśva
parivāda	2	aślīla para
parivāsa	2	kāla mūla
parivṛtti	2	jāti phala
pariśrama	2	bhraṣṭa saṃsāra
pariṇata	2	jarā su
pariṇati	2	phala vayaḥ
pariṇayana	2	umā śūdrā
pariṇītā	2	anuloma paṇya
parkika	2	madhu mādhu
paro'kṣa	2	loka sarva
parvaka	2	mṛdu śata
parvataka	2	eka krīḍā
parvaṇa	2	su vārṣa
paryantam	2	kim svapna
paryuṣita	2	rātri sadyaḥ
paryāyam	2	anna prati
paryāṇa	2	sa vi
parāga	2	kanaka kha
parājita	2	pāpa ātma
parī@kṣita	2	ku su
parī@kṣya	2	duṣ su
parṇeya	2	su śāta
parṇika	2	sura taila
patatrin	2	amala nīra
pataṃga	2	kīṭa patat
path	2	sat su
pathyā	2	viparīta śākvara
pathīna	2	sarva sat
pati-caritra	2	maṇi muni
patika	2	eka prajā
patman	1	vi
patna	2	sa vi
patni	2	prati saha
pattra-maya	2	cāru harita
pattrita	2	sa su
pattrā@kṣa	2	añcita kamala
patī	2	jāyā tri
paura	2	nīla sa
pauruṣika	2	prāti rāja
pavitraka	2	sa śiva
payodhara	2	cāru ghana
pañca-rātra	2	deva nārada
pañca-śatī	2	devī lalitā
pañcamīka	2	kalyāṇa kalyāṇī
pañcan	2	ardha pañca
pañcaviṃśatikā	2	dharma gaṇita
pañjikā	2	praśna upalekha
paścā@rdha	2	dakṣiṇa uttara
paścāttāpa	2	gṛhīta kṛta
paṇika	2	pañcāśat prā
paṭī	2	tūla ārdra
peja	2	aśva tila
peyā	2	dugdha lāja
peṣaṇa	2	duṣ piṣṭa
peṭikā	2	bhūṣaṇa tāmbūla
peṭā	2	vastra vitta
peṭī	2	bhūṣā vitta
phalin	2	sat śata
phaṇa	2	khaṇḍa sarpa
phenā	2	bahu bhūri
pheṇa	2	phaṇi samudra
phulla	2	sphāra su
phāṇṭa	2	paraśu vi
piba	2	sindhu tri
picchaka	2	citra śāṭī
pippala	2	pārśva su
pipīlikā	2	mārkaṭa taila
piñja	2	taila tila
piñjara	2	kṛttikā suvarṇa
piśaṅga	2	aruṇa śalalī
piṅgalaka	2	daṇḍa śveta
piṅgalā	2	gandha su
piṅgā	2	brāhma kṛṣṇa
piṭa	2	nīla tri
plakṣa	2	hrasva tri
plāvita	2	aśru rudhira
podakī	2	bali valgu
pora	2	nīla śata
potī	2	mūla mūlaka
poṣin	2	bhūri sahasra
poṣya	2	dugdha sahasra
prabala	2	su vāta
prabhañjana	2	duṣ varṣā
prabheda	2	nabhaḥ śabda
prabhedana	2	nabhaḥ śata
prabhāta	2	kāla su
prabuddha	2	su supta
pracchada	2	uttara śāṭī
praceya	1	kara
pracyuta	2	sthāna vāyu
pradhana	2	mānuṣa sahasra
pradigdha	2	rudhira viṣa
pradoṣa	2	grahaṇī śani
pradyota	2	caṇḍa pakṣa
prahara	2	ardha prātaḥ
prahasana	2	dhūrta muṇḍita
prahṛta	2	jaṅghā jānu
prajita	2	daṇḍa tottra
prajñā	2	pūrva strī
prajāvatī	2	mahā vīra
prajāyinī	2	abhirūpa vīra
prakāraka	2	niṣ sa
prakāram	2	idam kim
prakāśana	2	loka sāma
prakṣepa	2	dhūli mṛt
prakṣālaka	2	cela sadyaḥ
prakṣālana	2	danta pāda
pramathanī	2	bala bāla
pramati	2	daśa indra
pramaya	2	duṣ su
pramocana	2	bāṣpa unmocana
pramāṇa-saṃgraha	2	sakala vaiṣṇava
pramāṇaka	2	alpa niṣ
prapadana	2	duṣ gṛha
prapā	2	dvija śakuni
prasakta	2	dhātu pāna
prasavana	2	kṣipra sukha
praseka	2	mada mūtra
prasiddhi	2	loka samāna
prasthika	2	ardha ārdha
prasthānika	2	catuṣ mahā
prastuta	2	prāk svayam
prasupta	2	mithyā sukha
prasuta	2	mahā vāja
prasveda	2	pāda sa
prasādaka	2	mucukunda su
prasārin	2	dūra vāk
prasūtikā	2	naśyat sakṛt
pratha	2	pṛthu sa
prathas	2	sa uru
pratibhāna	2	mahā niṣ
pratibhū	2	darśana dāna
pratibimba	2	bimba payaḥ
pratigha	2	niṣ sa
pratighāta	2	mūtra ājñā
pratihāra	2	dvi eka
pratihāram	2	antaḥ triḥ
pratika	2	adhyardha dvi
pratikara	2	su sva
pratikriya	2	ananya niṣ
pratima	2	su vimāna
pratinidhi	2	raghu sva
pratipakṣa	2	niṣ sat
pratiprasthātṛ-prayoga	2	paśu soma
pratirūpaka	2	dharma saptamī
prativacana	2	pratyaya pṛṣṭa
pratiṣṭhā-paddhati	2	viṣṇu śiva
pratiṣṭhā-prayoga	2	brahma nūtana
pratoda	2	sa vāk
pratyabhijña	2	duṣ vṛtta
pratyarthin	2	sukha vijaya
pratyave@kṣā	2	anitya anātma
pratāna	2	latā utsava
pratāra	2	go su
pratī@kṣam	2	sa śarat
pratīnāha	2	karṇa nāsā
prau@ḍha	2	mṛdu su
prauga	2	hiraṇya ubhayataḥ
prauḍha	2	ati puru
pravacana	2	dharma sāṃkhya
pravaktṛ	2	dharma krama
pravalha	2	manu saṃvatsara
praveśana	2	agni sabhā
pravibhāga	2	dik rāśi
pravācana	2	dvi su
pravādin	2	mithyā para
pravāhin	2	loka loma
pravāla	2	kula maṇi
pravāṇa	2	lohita niṣ
pravṛddhi	2	sasya śmaśru
prayoga-kārikā	2	smārta soma
prayoga-paddhati	2	soma śrāddha
prayoga-ratnā@kara	2	naimittika nitya
prayoga-sāra	2	baudhāyanīya mahā
prayoga-vidhi	2	vārāha śyāmā
prayāvan	2	su vṛṣa
praśamana	2	labdha vāstu
praśaṃsin	2	varga ātma
praśiṣṭa	2	varuṇa ṛṣi
praśno@paniṣad	2	śiṣya ṣaṭ
praśīrṇa	2	agra svayam
praṇayana	2	agni daṇḍa
praṣṭha	2	māruti ratha
pre@kṣya	2	duṣ sukha
pre@raṇa	2	paśu viphala
pre@ta	2	mahā pūrva
premā@mṛta	2	gopī kṛṣṇa
preyasī	2	bahu sūkara
preṣya	2	kārya rāja
pri	2	kāma vatsa
priyatama	2	hiṇḍī yāminī
proktā	2	ṛśya ṛṣi
protha	2	kaṭi pṛthu
proṣṭha	2	ratha rātha
prā@pa	2	duṣ su
prā@rthana	2	bhāgīrathī saphala
prā@sa	2	śamyā śata
prā@sana	2	tṛṇa śamyā
prā@vī	2	duṣ su
prā@yaścitta-sūtra	2	vaitāna yajña
prā@śanin	2	parṇa prāṇa
prā@ṇa-hara	2	sadyaḥ viśalya
prā@ṇe@śvara	2	niśā siddha
prā@ṇin	2	antaḥ hiṃsā
prācīra	2	kṣauṇī mahī
prādeśa	2	eka pañca
prādurbhāva	2	abhūta puṣkara
prātar	2	su sāyam
prātibhāvya	2	darśana dāna
prātiveśya	2	brāhmaṇa tiraḥ
prāvan	2	kratu varṣa
prāvaraṇa	2	garbha karṇa
prāyaścitti	2	adhvara agni
prāś	2	prati śabda
prīya	2	vatsa vātsa
psā	2	ratha viśva
punarnavā	2	rakta śveta
punā	2	kim punaḥ
puppuṭa	2	danta tālu
pura-kṣetra-māhātmya	2	sarpa sarva
pura-māhātmya	2	nandi śoṇī
puraścaraṇa-vidhi	2	rahasya saṃkṣepa
puraṃdara	2	daśa śacī
puraṃdhri	2	dyu nāka
puraṃjaya	2	para svara
puruṣa-kāra	2	lakṣmī virodhi
puruṣikā	2	aho āho
purāṇa-saṃgraha	2	viśvakarma śruti
purāṇaka	2	tri viṣṇu
purāṇīya	2	pañca tri
purī-bhaṭṭāraka	2	gaṅgā ratna
purī-māhātmya	2	deva puruṣottama
puṃsaka	2	na vi
puṃsī	2	su vi
puṇḍra	2	tri ūrdhva
puṇḍraka	2	tri ūrdhva
puṣkala	2	eka su
puṣpa-maya	2	gaja maṅgala
puṣpā@ñjali	2	nyāya saṃgīta
puṣā	2	plīha tri
puṣṭā	2	jīva vāk
pāda-stava	2	rāma veda
pādam	2	antaḥ prati
pādika	2	ardha tagara
pākinī	2	su śīta
pāla-deva	2	hari vigraha
pālika	2	dvāra māṇi
pālinī	2	loka nara
pāntha	2	nabhaḥ samit
pānīya	2	agni sampanna
pāpaka	2	dhūta dveṣya
pāpīyas	2	māra proṣya
pāra-ga	2	marma śruta
pārada	2	cūrṇa rakta
pāraga	2	pratijñā veda
pāraṇā	2	vrata śoṇita
pārā@yaṇa-vidhi	2	veda ṣaṭ
pārāśarya	2	laghu vṛddha
pārśvaka	2	su yuga
pātam	2	sāṣṭāṅga vyāyata
pātrikā	2	karaka yāna
pātya	2	antaḥ nai
pāva	2	hiraṇya su
pāyika	2	stana taila
pāśika	2	daṇḍa dāṇḍa
pāśupata	2	mahā śaiva
pāṇika	2	dāṇḍa vikala
pāṇini	2	iti tat
pāṇinīya	2	odana pūrva
pāṇḍara	2	bilva su
pāṇḍya	2	vara vīra
pāṭaka	2	akṣa makara
pāṭali	2	bṛhat ghaṇṭā
pāṭalikā	2	lavaṇa sita
pāṭava	2	sampāta vāk
pāṭhin	2	tri veda
pāṭhī	2	catuṣ tarku
pāṭī	2	catuṣ saṃjñā
pīluka	2	kāka kāla
pītaka	2	sa vara
pīyūṣa-latā	2	māṃsa pala
pīṭhaka	2	gaṇa mṛdu
pūjo@dyāpana	2	lakṣa liṅga
pūlī	2	daśa pañca
pūrva-pakṣa	2	bhakti vāṇī
pūrva-pakṣa-grantha-ṭīkā	2	bādha viruddha
pūrvikā	2	aham nakha
pūrī	2	bīja kūṭa
pṛc	2	ghṛta madhu
pṛthak-tva	2	eka saṃyoga
pṛthivī	2	dyāvā mahā
pṛṣṭhī	2	kaṅka krakaca
ra	2	dvi vāri
radana	2	maṇi sūci
rai	2	bahu su
raivataka	2	keli rakta
rajaka	2	grāma vastra
rajana	2	mahā māhā
raktaka	2	nava su
rakṣikā	2	pāda udaka
rakṣitaka	2	dāra śakti
rakṣitā	2	dharma tiṣya
ramaṇī	2	kūrma vipakṣa
ramaṇīya	2	pradoṣa viśeṣa
rasa-ja	2	kharjūrī tālī
rasa-mañjarī	2	rādhā vaidya
rasaka	2	kharparī tri
rasāyana	2	nāma upadeśa
rathya	2	vi vāma
rathyam	2	madhye prati
ratna-kroḍa	2	prayoga prayāga
ratna-maya	2	hema jātya
ratnā@vali	2	dravya vṛtta
ratnā@ṅkura	2	praśna śuddhi
raudra	2	mahā soma
ravasa	2	puru purū
ravi	2	bhā tapo
rayi	2	bṛhad sanad
rañjaka	2	citra paṭṭa
raṅgaka	2	matsya nāga
raṅgī	2	megha nī
raṇḍa	2	jala śākhā
revatī	2	aṇu śuṣka
reṇuka	1	nī
reṣaṇa	2	puruṣa śarīra
ri	2	bṛhad su
riṣṭa	2	drākṣā mahā
roca	2	go mahā
rocanī	2	maṇi śuṇḍā
rodhas	2	parvata su
rogika	2	mukha sārva
rohaka	2	grāva kaṭi
rohikā	2	māṃsa su
rohiṇikā	2	kaṭu tikta
rohā	2	bhasma māṃsa
romaka	2	mṛdu pāṭala
romaśa	2	ati mahā
ropaṇa	2	dhānya vṛkṣa
roṣaṇa	2	dīrgha su
rtuka	2	sarva yatha
rtvij	2	daitya maha
rucaka	2	adhara oṣṭha
rucira	2	ati su
rud	2	agha bhava
ruddha	2	gadgada kara
rudhira	2	agādha sa
ruhiṇī	2	ambu saro
rujā	2	vāyu śiro
rukma	2	pṛthu su
rukma-maya	2	raupya rūpya
ruru	2	kathaṃ mahā
rāgiṇī	2	hema pāṃsu
rāgā	2	dīrgha sthira
rāhu	2	dhruva sa
rāja-deva	2	lakṣmaṇa vallabha
rāja-putra	2	cīna kūṣmāṇḍa
rājanya	2	brahma samanuṣya
rājin	2	dhvaja soma
rājīya	2	bhoja muhūrta
rāmā	2	vraja vāra
rāsnā	2	yukta śveta
rātraka	2	pañca sapta
rātrīṇa	2	dvi eka
rāvan	2	bṛhad puru
rāvaṇa	2	kṛtyā māyā
rāṣṭraka	2	sa vana
rāṣṭrīya	2	anya sva
rāṭikā	2	go mṛga
rūpa-samanvita	2	vayo ślakṣṇa
rūṣita	2	reṇu rudhira
rṣa	2	pārama śrauta
s-pati	2	ratha vana
sabhika	2	pradhāna pūrva
sabhya	2	deva sa
sada	2	sabhā sadaḥ
sadasam	2	antaḥ bahiḥ
sadhātu	2	akṣara pada
sadma	2	prati saukara
sadṛkṣa	2	go prati
sadṛś	2	prati vi
sahasra-bhṛt	2	bāhu doḥ
sahasra-nāma-bhāṣya	2	lalitā madhva
sahasraka	2	putra śata
sahita	2	sakhī vārṣṇeya
saindhava	2	lāvaṇa pāna
sama-prakaraṇa	2	anitya saṃśaya
samarpaṇa	2	asthi ātma
samarthana	2	veda viśiṣṭādvaita
samatā	2	sarva traidhātuka
sambandhi	2	prati sukha
sambhāvita	2	yathā ātma
sambhūtā	2	liṅga śrī
sammohana	2	bhūta mahā
sampada	2	hata sa
samprahāra	2	dvaṃdva priya
samprayoga	2	nepathya sat
sampro@kṣaṇa	2	pratimā vaikhānasa
sampātam	2	vidyut yāvat
sampūrṇa	2	su vasu
samuccaya-ṭīkā	2	māna śeṣa
samudaya	2	parama senā
samudbhavā	2	kṛṣṇa plakṣa
samuddhāra	2	rāma ṛṇa
samudgata	2	abja bhaiṣajya
samunnati	2	citta manaḥ
samutthāna	2	laghu nānā
samā	2	niḥ parimala
samādhāna	2	agni dṛḍha
samāhita	2	bhāva su
samāpana	2	saṃkhyā vrata
samāpti	2	veda vi
samārādhana-vidhi	2	bhagavat yati
samīhita	2	su yathā
samīraṇa	2	manda śvasana
samīṣantī	2	savana stotra
sandha	2	ajina asatya
sandhi	2	asthi kāṇḍa
sanna	2	mahā su
sap	2	keta ṛta
saparyā-vidhi	2	bhairava śyāmā
sapatna	2	adhara niḥ
sapta-sama	2	gāndhāri prācya
saptama	2	ardha ātmanā
saptamī-vrata	2	kamala śubha
saptan	2	dvi sārdha
saraka	2	salila tri
saraṇa	2	soma su
sargam	2	prati stukā
sargika	2	nai naiḥ
saroja	2	mahā vadana
saroruha	2	nīla rakta
sarpiṇī	2	ambu jala
sarpiṣka	2	bahu priya
sarva-sva	2	vaidya vaidyaka
sarvajña	2	bhaṭṭa śaila
sarvā@ṅga	2	cāru sambhinna
sattrin	2	sa sarpa
sattvā	2	antaḥ āpanna
satvan	2	satya satīna
saubhaga	2	su viśva
saudha	2	rāja sphāṭika
saugandhika	2	padma rakta
sautrika	2	kārpāsa āvika
sauvarṇa	2	samagra sarva
sauvarṇika	2	adhyardha dvi
savarṇa	2	para pārāvata
saṃcayana	2	asthi dhana
saṃcāriṇī	2	deha tanu
saṃdaṃśa	2	kara mukha
saṃdhāna-bhāṇḍa	2	nīla nīlī
saṃdigdha	2	bāṣpa niḥ
saṃdoha	2	kūṭa spanda
saṃdīpana	2	agni bindu
saṃghāṭa	2	pada varṇa
saṃgrahītṛ	2	kṣatra kṣāttra
saṃgīti	2	buddha dharma
saṃjñita	2	uttara vi
saṃkalana	2	bhinna nīti
saṃkathā	2	dharma viśrambha
saṃkocin	2	gātra sparśa
saṃkīrṇa	2	buddhi vākya
saṃnipāta	2	lakṣaṇa vyañjana
saṃnyāsika	2	karma veda
saṃnāma	2	mantra sa
saṃpad	2	iṣṭakā uktha
saṃsarga-lavaṇa	2	sarva sārva
saṃsiddhi	2	yajña yoga
saṃskriyā	2	aṅga mantra
saṃstham	2	pratyak yathā
saṃsthula	1	vi
saṃsupta	2	sukha viśrambha
saṃsṛṣṭa	2	su sūpa
saṃtapta	2	ati śoka
saṃtoṣa	2	su sūri
saṃtrāsa	2	sambhūta vigata
saṃtuṣṭa	2	parama su
saṃvanana	2	dāna viśva
saṃvarga	2	rāṣṭra varṇa
saṃvat	2	cedi siṃha
saṃvedana	2	nāsā sva
saṃvedya	2	kanyā sva
saṃvejana	2	netra roma
saṃveśin	2	adhaḥ jaghanya
saṃvāhana	2	hasta śrānta
saṃvāsa	2	priya saha
saṃvāsika	2	nānā steya
saṃvīta	2	su valkala
saṃvṛta	2	su sva
saṃvṛti	2	su yoni
saṃśrava	2	satya vidūra
saṃśuddhi	2	bhāva sattva
saṅgam	2	akṣa yathā
saṅgya	2	naiḥ prā
senaka	2	rāma vaṅga
siddhā@nta-candrikā	2	laghu svara
siddhā@nta-grantha-ṭīkā	2	bādha viruddha
siddhā@nta-mañjarī	2	svara śabda
siddhā@nta-sāra	2	mādhva śaiva
siddhā@ntin	2	kāruka soma
siddhā@rtha	2	sarva sita
sikata	2	pāṇḍu ūṣa
sikatā	2	pāṃsu su
siktha	2	bhakta ghana
sikthaka	2	bhakta madhu
sindūra	2	rasa svarṇa
sirā	2	pattra sapta
siṃha-gaṇi	2	cāritra mahima
skambha	2	sphaṭika ūru
skandana	2	retaḥ su
skandhaka	2	pañca tri
skandhin	2	kāla mahā
smaraṇa	2	jāti prātaḥ
smayana	2	ku vivṛta
smāraka	2	anuṣṭhāna dharma
smṛt	2	loka sarva
snapana	2	avabhṛtha saptamī
snehya	2	nai naiḥ
snāna-vidhi	2	rudra setu
somaka	2	deva niḥ
spandana	2	sadṛśa satata
spardhin	2	anyonya sudhā
sparśin	2	preta śrotra
spaṣṭa	2	ratha su
sphuliṅga	2	sa vahni
sphura	2	niḥ sa
sphuṭa	2	su varāha
sphya	2	saha śata
sphāti	2	gaya payaḥ
sphūrja	2	kāka narma
spṛh	2	puru śata
spṛhā	2	viṣama viṣaya
srag-anulepin	2	divya rakta
srag-dhara	2	su surabhi
sraja	2	tvak śrī
sras	2	su svayaṃ
sravantī	2	sura svaḥ
sraṣṭṛ	2	jagat viśva
sruc	2	udyata yata
sruva	2	pūrṇa sruk
stambi	2	rāja sāma
stanita	2	megha vaṃśa
stara	2	sa sva
stena	2	brahma vācā
sthala-māhātmya	2	mayūra sapta
sthala-nagara	2	candra ratna
sthāman	2	niḥ pāka
sthānīya	2	kaṇṭha rāja
sthāṇu	2	sabhā yajña
sthūṇā	2	dvāra veśma
stoma-bhāgam	2	antaḥ bahiḥ
strīka	2	hata sa
stukā	2	balbaja ūrṇā
stutya	2	prā sadha
stū	2	ghṛta āyata
su-darśana	2	laghu mahā
subhagam	2	skhalita stanita
subrahmaṇya	2	rāma sa
sugandhi	2	su tri
suhita	2	ati bhuktvā
sujāta	2	sanat ubhayataḥ
sukṛta	2	kṣīṇa vi
sulabha	2	ati sarva
sumanas	2	deva śmaśāna
sumati	2	deva śānta
sundara-gaṇi	2	rāja samaya
suptaka	2	alīka ardha
supti	2	sama sukha
surabhi	2	sarva sārva
surā	2	indra yava
surāṣṭra	2	cinti kunti
sut	2	soma tīvra
sva-bhāva	2	dvi madhyama
svam	2	prati yāvat
svara-lakṣaṇa	2	hasta sarva
svara-rāja	2	bhīṣma megha
svaram	2	prauḍha yathā
svarūpa-vicāra	2	devatā vidhi
svarūpiṇī	2	naga śrī
svayaṃ-vara	2	draupadī rukmiṇī
svedana	2	prastara pāda
svinna	2	ati su
svya	2	nai naiḥ
svā@rtha	2	gata jahat
svāda	2	su vi
svāgata	2	racita su
svāhā-kṛti	2	purastāt upariṣṭāt
svāmika	2	bahu pranaṣṭa
svāpin	2	adivā vyādāya
syad	2	havana sa
syada	2	laghu raghu
syandin	2	madhu sudhā
sā@dhāra	2	bahu niḥ
sā@hvā	2	carma vṛṣa
sā@kṣi	2	loka samasta
sāc	2	dhāma droṇa
sācaya	2	pṛṣṭi rātri
sācin	2	savya ātma
sādhanaka	2	paśu sthira
sādhikā	2	lavana lavaṇa
sādhita	2	siddha su
sāh	2	satrā śyāma
sāhasrika	2	daśa śata
sāmagrī	2	atyaṣṭi vi
sāmaka	2	jyeṣṭha pañca
sāmanta	2	mahā prati
sāmarthya	2	niḥ prati
sāmā	2	bārhat tri
sāphalya	2	janma jīva
sāptatika	2	adhika dvi
sāra-maya	2	adri manaḥ
sāra-sarvasva	2	mumukṣu smṛti
sāra-saṃhitā	2	pañcama siddha
sāra-viveka	2	bhāva sāṃkhya
sāram	2	pratī yathā
sārasa	2	gṛha rāja
sāraṇa	2	gandha tala
sāraṇī	2	graha prayoga
sārika	2	tala tara
sārī	2	puṣkara viṭ
sāva	2	prātaḥ sahasra
sāvarṇika	2	dharma rudra
sāvitra	2	su sūrya
sāyam	2	ati prati
sāṃtapana	2	mahā yati
sāṃvatsarika	2	dvi pañca
sīma	2	prāti su
sīmā	2	grāma kṣetra
sītya	2	dvi tri
sū@kta-bhāṣya	2	bhū veda
sū@kti-mālā	2	stuti śruti
sūda	2	deva havya
sūka	2	sa sudhā
sūnā	2	asi pañca
sūpa	2	kalāya māṣa
sūra	2	dhārā ādi
sūryaka	2	bāla jala
sūryo@daya	2	jñāna saṃkalpa
sūtikā	2	cira nava
sūtra-bhāṣya	2	paila ratna
sūtrin	2	brahma dīrgha
sūvarī	2	bahu jīva
sūḍa-nṛtya	2	sālaga śuddha
sṛgāla	2	vṛddha śva
sṛṣṭa	2	deva tila
sṛṣṭā	2	śakra śukra
tad-vid	2	na prati
taila-garbha	2	vijñāna viśāla
tailā	2	pūti su
takṣ	2	kāṣṭha kūṭa
takṣaka	2	kāṣṭha vṛkṣa
talpika	2	pāra śāra
tamisra	2	nis vibhinna
tandra	2	nis sa
tandri	2	asta nis
tandrī	2	nis sambādha
tantava	2	paurava sāpta
tantrika	2	pāra sva
tantrīka	2	bahu śata
tantī	2	vatsa āntra
tanūruha	2	hṛṣṭa samprahṛṣṭa
tap	2	agni pṛṣṭha
taraṃga-ṭīkā	2	dhyāna mahima
taraṃgaka	2	nārī tvak
taraṇi	2	go saṃsāra
tardana	2	prā su
tardma	2	nava śata
tarkaka	2	para piṇḍa
tarkya	2	dus nis
tarpaṇa-vidhi	2	homa viṣṇu
tarpita	2	hīna su
tarī	2	goṇī kāsū
tata	2	sa tata
tatha	2	vi yathā
tattva-bhāskara	2	bhāgavata rāma
tattva-bodhinī	2	kṛt śrī
tattva-candrikā	2	mīmāṃsā sāṃkhya
tattva-dīpa	2	bhāgavata vivāda
tattva-kaumudī	2	haṭha sāṃkhya
tattva-pradīpikā	2	karma sāṃkhya
tattvā@mṛta	2	śaiva śānti
taya	2	aṣṭa aṣṭā
taṅka	2	jaṭā tapas
taṇḍulīya	2	jala pānīya
taṭī	2	gṛha pura
tikta-kaṣāya	2	amla svādu
tiktikā	2	jala vana
tilvila	2	dhānya ibhya
tindu	2	kāka viṣa
tithi-nirṇaya	2	paitṛka prathita
tittiri	2	gaura ku
todin	2	vakra śṛṅkhala
toyada	2	gata nīla
traya-vidhāna	2	bandha makha
trayodaśī	2	madana maghā
tri	2	dvi kat
tri-bhuja	2	sama viṣama
tri-śatī	2	lalitā rudra
triphalā	2	dvitīya surabhi
triṃśikā	2	dvā parā
tsaru	2	maṇi su
ttha	2	aśva vāhi
tumula	2	deva su
tura	2	vārtra yājña
turaṃga	2	homa yajña
tuṇḍika	2	ahi bhūmi
tuṇḍikā	2	kaṭu svādu
tuṣāra	2	antas loka
tva-prayoga	2	neṣṭṛ potṛ
tvacā	2	pṛthak sthūla
tvak-ka	2	sāndra tanu
tvaka	2	drava guru
tvara	2	kṛta sa
tājika	2	hillāja jīrṇa
tālikā	2	eka panasa
tālin	2	gati rata
tālīya	2	dugdha kāka
tāmasa	2	andha vi
tāmisra	1	andha
tāmrā@kṣa	2	roṣa rudhira
tāpanī	2	rāma sundarī
tāpin	2	jala śiras
tātparya-dīpikā	2	nyāya rāmāyaṇa
tāvā	2	dvis tris
tīrthika	2	anya para
tīvra	2	ati vipāka
tūlī	2	su varṇa
tūṇa	2	bāṇa pūrṇa
tūṣa	2	dāma kṛṣṇa
tṛp	2	asu paśu
tṛṇaka	2	mālā paṭu
tṛṇā@ṅkura	2	rūḍha virūḍha
tṛṣa	2	sa vi
udara	2	nir yakṛd
udbhava	2	vāry śukty
uddharaṇa	2	vipad āpad
udita	2	svayam śruty
udātta	2	dvir dvy
ukṣ	2	bṛhad sākam
upadrava	2	nir vy
upajīvin	2	vāry vṛddhy
upakrama	2	dur nir
upala	2	dṛṣad nir
upanayana	2	bhagavad punar
upayāma	2	purastād upariṣṭād
upaśama	2	vy vyādhy
upā@dāna	2	nir pṛthag
uta	2	dur praty
utpatti	2	prāg punar
utsāha	2	dur nir
uttama	2	yajur ṛg
uttha	2	barhir nir
utthāna	2	punar yaṣṭy
uṣṇa	2	kad īṣad
uṣṇih	2	para pura
vacanam	2	yathā yāvad
vacā	2	śukla śveta
vadhyā	2	brahma ātma
vahaka	2	dur pailu
vahikā	2	dharma rāja
vaibhava	2	bhakta buddhi
vailakṣya	2	nir sa
vairasya	2	mukha āsya
vairāgya	2	maithuna śmaśāna
vaitaṃsika	2	dharma dyūta
vaiśasa	2	ardha ati
vaiśvānara	2	saurya sūrya
vaiṣṭambha	2	kṣullaka mahā
vaktavya	2	bahu punar
vakṣaṇa	2	lomaśa vīra
vali	2	pañca tri
valiśa	2	sahasra śata
valkalā	2	komala śaila
valkya	2	pārṇa yājña
valī	2	tri tāla
vanaspati	2	kṣīra oṣadhi
vandhyā	2	kāka mahā
vandin	2	ananya rāja
vandya	2	candra jagad
vanya	2	cakṣur raṇa
vapuṣa	2	sa varāha
vara-locana	2	candra pṛthivī
varcaka	2	su sukha
vardhamāna	2	navya pippalī
vardhanī	2	jīva smṛti
vargīṇa	2	mad vāsudeva
varja	2	parva rasa
varma-deva	2	lakṣmī pāṇḍu
vartam	2	hasta kara
vartu	2	dur tri
varāḍī	2	deśī deśīya
varāṭaka	2	kiṃ kāla
varṇana-stotra	2	parvata rāma
varṇikā	2	pānīya sarva
varṇī	2	citra priya
varṣikā	2	catur eka
varṣīya	2	daśa pañca
vas	2	su uru
vasa	2	dur mahā
vasantaka	2	priya su
vastrin	2	rakta śveta
vastṛ	2	doṣā prātar
vasā	2	candra varāha
vasīyas	2	pāpa śvo
vasīyasa	2	pāpa śvo
vat-tva	2	ana artha
vatsalā	2	bhartṛ vara
vatya	2	marut śālā
vaya	2	catur pūti
vayasin	2	prathama pūrva
vañcanā	2	ātma śīla
vaṃśaka	2	kuru nir
vaṃśin	2	soma sva
vaṃśā	2	indra kṣudra
vaṃśā@valī	2	bhoṃsala madhva
vaṣaṭ-kāram	2	prati yathā
vedasa	2	sarva sārva
vedhanī	2	karṇa veṇi
veditṛ	2	karuṇa sarva
vedā@nta	2	madhva saṃkṣipta
vedā@ṅga	2	muṇḍa veda
vegin	2	su vāyu
vegā	2	kapota varuṇa
vena	2	malla su
veśmika	2	antar prāti
veṇi	2	eka tri
veṇikā	2	saṃdhā tri
veṣa-dhārin	2	sad strī
veṣya	2	hasta nī
veṣṭita	2	latā vastra
vibandha	2	nir uro
vibhinna	2	dūra āśā
vibhrama-sūtra	2	haima hema
vibhraṣṭa	2	yajña yūtha
vibhāta	2	sakṛd su
vibhūṣaṇa	2	bhāla kaṇṭha
viceṣṭa	2	dur nir
viceṣṭita	2	bhrū manda
vicitra	2	citra kusuma
vicyuti	2	garbha saṅga
vidala	2	masūra veṇu
vidarbha	2	dadhi su
vidatra	2	dur su
vidhi-jña	2	māyā sāṃgrāmika
vidhvaṃsin	2	kṣata kṣaṇa
vidhya	2	dvai pāñca
vidhātṛ	2	anāgata aśvastana
vidita	2	bhuvana su
vidradhi	2	gala rakta
vidradhī	2	danta tālu
vidyam	2	prati yathā
vidārikā	2	kṣīra payo
vidāriṇī	2	ruru vaṃśa
vigarhita	2	sad sādhu
viguṇa	2	su viveka
viharaṇa	2	agni dhiṣṇya
vihāra-kārikā	2	prakṛti soma
vijita	2	puṇya strī
vijña	2	candra mahā
vijñāta	2	anivedita loka
vijṛmbhita	2	bhujaṃga siṃha
vikatthana	2	dur sva
vikhyāta	2	sarva viśva
viklava	2	madana su
vikretṛ	2	māṃsa rasa
vikrāyaka	2	kratu śruti
vikrīḍita	2	siṃha śārdūla
vilambam	2	mā sa
vilambin	2	ati dūra
vilokana	2	dig sūrya
vilokita	2	mugdha sāci
vilāpa	2	brāhmaṇa tārā
vilāsin	2	kālī vāg
vilīna	2	svayaṃ śākhā
vimba	2	prati śroṇi
vimita	2	dīkṣita hiraṇya
vimokṣaṇa	2	asṛg śarīra
vimukta	2	jīvan śraddhā
vimukti	2	deha kara
vindhyā	2	nir ṣaḍ
vinigraha	2	pāpa varco
vinirṇaya	2	kārya sīmā
viniyoga	2	mitho vartana
vinna	2	aviśva viśva
vinoda-kāvya	2	rādhā vidvad
vināśin	2	utpanna śoka
vināśinī	2	kali mala
vinī	2	srotas tamas
vipad	2	darśa parva
vipluta	2	bhaya sādhvasa
viplāvaka	2	veda vīra
viprakarṣa	1	kāla
vipratiṣedha	2	pūrva śāstra
viprayoga	2	priya prāṇa
vipīta	2	gardabhī pīta
virahita	2	vīrya śraddhā
virakta	2	kathā rakta
virasa	2	prānta viraha
virohaṇa	2	sthūṇā śuṣka
viruddha-tā	2	khyāta khyāti
virāj	2	bhadra śuddha
virāma	2	pada ṛg
virāva	2	ali mahā
visarpa	2	agni manda
vistṛta	2	vyoma ṣoḍaśa
vit-tva	2	brahma veda
vita	2	gaurī su
vitala	2	su vasanta
vitata	2	go su
viti	2	bhava gaurī
vitta-vat	2	alpa svalpa
vitṛṇṇa	2	nava śata
vivadha	2	sa vi
vivaktṛ	2	dur su
vivakṣā	2	pādapa saha
vivartin	2	madhya pārśva
viveka-saṃgraha	2	prayoga śrāddha
vivekin	2	madhya svādu
vivikta	2	cintā su
vivṛddhi	2	rāṣṭra ātma
vivṛta	2	su īṣad
viśaṅka	2	nir sa
viśeṣaka	2	pattra sa
viśikha	2	puṣpa viṣama
viśodhana	2	dāna mala
viśvāsa	2	jāta upajāta
viśā	2	deva manuṣya
viśākha	2	skanda skandha
viḍambaka	2	āśrama śāka
viḍambanā	2	arcā ku
viṃśatikīna	2	adhyardha dvi
viṃśatima	2	sapta ṣaḍ
viṃśatka	2	eka ṣaḍ
viṇ-mūtra	2	baddha sṛṣṭa
viṣama	2	prakṛti sama
viṣayaka	2	kiṃ tad
viṣkira	2	nakha smera
viṣuva	2	jala mahā
viṣā@pahā	2	ahi ākhu
viṣāṇikā	2	kulīra kṣīra
viṣṭambha	2	mala pada
viṭapa	2	kaṭuka taru
viṭapin	2	kalpa viṣa
viṭṭhala	2	puṇḍarīka vyāsa
voḍhṛ	2	bhāra dhūr
vrata-cārin	2	kaumāra samāna
vrata-pūjā	2	lakṣmī vināyaka
vyabhicāra	2	sa samaya
vyadhana	2	kṛta sirā
vyalīka	2	kṛta nir
vyapatrapa	2	nir sa
vyape@kṣa	2	nir sa
vyapā@ya	2	ghana kṣapā
vyathana	2	ati nir
vyatireka	2	anvaya upamā
vyatirekin	2	anvaya kevala
vyavahṛti	2	dur krākacya
vyavasita	2	dur samyag
vyavasthā-saṃkṣepa	2	śrāddha śuddhi
vyavā@ya	2	abhyāsa anusvāra
vyañjanā	2	sambhinna śābda
vyaṃsaka	2	chāttra mayūra
vyoma	2	madhye prati
vyādha	2	dharma mṛga
vyāhṛta	2	dur su
vyāhṛti	2	mahā sa
vyāla	2	jala kṛṣṇa
vyāla-niṣevita	2	bahu mṛga
vyāpaka	2	sādhya viśva
vyāptika	2	sama viṣama
vyāpṛta	2	kuṭumba saṃgīta
vā	2	atho tad
vācanika	2	paunar svasti
vācas-pati	2	dharma vaidya
vācin	2	dvi kriyā
vādaka	2	veṇu vīṇā
vādita	2	jala sad
vāg-īśa	2	siddhānta tarka
vāhi	2	ūrṇa ūrṇā
vāhikā	2	dvi rāja
vāhita	2	dur preta
vāhā	2	hala śila
vājapeya	2	kuru śrauta
vākā	2	amṛta śāmya
vālikā	2	kara tara
vālā	2	dīrgha vṛka
vāridhi	2	vivāda śabda
vārin	2	mala mūla
vārita	2	daṇḍa sindhu
vārttākī	2	kaṭu śveta
vāruṇa	2	saurya vaiṣṇava
vārṣikā	2	mahā ṣaḍ
vāsi	2	vara vāra
vāsita	2	lipta su
vāstva	1	nava
vāsudeva	2	prati śini
vāsī	2	ambu amā
vātika	2	kapha kevala
vātsapra	2	kṣullaka mahā
vātā	2	apehi su
vātīya	2	madhu pañca
vāvat	1	antar
vāyu-stuti	2	hari laghu
vāñchita	2	amogha mano
vāñchā	2	mano sva
vāḍa	2	cakra kavya
vāṇijya	2	danta lākṣā
vāṭika	2	abhra āmra
vīci	2	mahā velā
vījya	2	sukha vāla
vīraka	2	kara su
vīrya-vat	2	tāvad yāvad
vīryaka	2	vaicitra śīta
vīsarpa	2	granthi kardama
vīṇa	2	tumba vāg
vīṭikā	2	parṇa tāmbūla
vṛddhi-kara	2	paśu vīrya
vṛddhika	2	indra sa
vṛddhā	2	indra marud
vṛkṣīya	2	eka nānā
vṛndāraka	2	aśva go
vṛndāvana	2	tulasī vivāha
vṛntikā	2	kṛṣṇa tri
vṛntākī	2	kaṇṭaka vana
vṛtta-phalā	2	dhūmra dīrgha
vṛtti-prakaraṇa	2	lakṣaṇā śrāddha
vṛtā	2	marud tri
vṛścika	2	jala pattra
vṛṣ	2	prā śṛṅga
vṛṣala	2	dur ku
yaja	2	asau dvi
yajana	2	antar deva
yajur-veda	2	kṛṣṇa taittirīya
yajñam	2	madhye ṛte
yajñi	2	daiva sātya
yajño@pavīta-vat	2	hema śukla
yakṣman	2	rāja sa
yantraṇa	2	mukha nir
yantraṇā	2	hrī jaṭhara
yantrika	2	kāra sa
yantrita	2	su śāpa
yantṛ	2	pārṣṇi vi
yatya	2	nai prā
yavana	2	kāla vṛddha
yavāgū	2	gavīdhuka jartila
yaśa	2	ati su
yaśaska	2	mahā nir
yoga-kṣema	2	nir samāna
yoga-ratnā@valī	2	laghu sad
yoga-saṃgraha	2	pavana purātana
yogam	2	prati yathā
yoge@śvara	2	dharma mahā
yudhvan	2	rāja saha
yugvan	2	sa sva
yuja	2	aśva dhūr
yājana	2	ayājya grāma
yāmila	2	brahma rudra
yāmya	2	mahā pūrva
yānika	2	pāri saukha
yātrā-vidhi	2	dvāra setu
yāśu	2	budbuda su
yāṇika	2	nair prā
yūka	2	loma paśu
yūpam	2	prati yathā
ābhāva	2	apunar punar
ābādha	2	dur nir
ācārin	2	asad sad
ādarśa	2	praty sūkty
ādheyika	2	paunar punar
ādhi	2	dur nir
ādhī	2	dur dūra
āgati	2	gaty sad
āghāta	2	cārv yaṣṭy
āgāmin	2	punar sakṛd
āhvaya	2	dadhy yaṣṭy
āhṛta	2	sakṛd svayam
ājya	2	bahv pṛṣad
ākara	2	dadhy śānty
ākhyā	2	rātry stry
ākranda	2	dur nir
ākrānta	2	dur vipad
ākula	2	nir vy
ākāśa	2	antar nir
ākṣepa	2	bhaviṣyad hetv
ālamba	2	dur nir
ālambana	2	nir vāg
ālambha	2	dur punar
ālu	2	madhv svar
āluka	2	hasty madhv
ālāpa	2	dur nir
āmarṣa	2	nir vy
āmnāya	2	dur ṣaḍ
āmuṣyāyaṇa	2	dvir dvy
āpīḍa	2	praty pṛthivy
āra	2	bṛhad ṣaḍ
āraṇyaka	2	bṛhad yajur
ārta	2	rug vyādhy
ārāma	2	antar lakṣmy
ārūḍha	2	dur svar
āspada	2	nir vāyv
āsuti	2	bhūry sarpir
āsvāda	2	madhv nir
ātmam	2	bahir praty
ātreya	2	bṛhad svasty
āvali	2	gurv ṣaḍ
āvaraṇa-pūjā	2	devy viṣṇv
āvartana	2	apunar punar
āya	2	antar nir
āyatana	2	devy ṣaḍ
āyuṣa	2	dvy try
āśrita	2	sad sarid
āḍambara	2	nir vāg
īha	2	dur nir
īkṣa	2	dur tiryag
īśitṛ	2	jagad kad
śabda-saṃgraha	2	deśī deśīya
śabdam	2	sphuṭa uccaiḥ
śabdika	2	naitya pāñca
śaiśava	2	gata mukta
śakaṭikā	2	puṣpa suvarṇa
śakra	2	bhū pṛthivī
śakya	2	draṣṭu mahā
śalyā	2	vakra ātma
śamanīya	2	pṛṣṭha saṃśodhana
śamya	2	hiraṇya yuga
śara-kārmuka	2	gṛhīta pracaṇḍa
śarad	2	apara varṣā
śarmi	2	bhādra daiva
śarīram	2	prati yathā
śata-pattra	2	cakra lohita
śaunaka	2	bhadra laghu
śaunakī	2	laghu vṛddha
śauṇḍī	2	auṣaṇa mahā
śayyā@sanā@śana	2	saha yāna
śaśa	2	gosa uṣṭra
śaśā@ṅka	2	pratimā rākā
śaṅkita	2	anya nitya
śaṇa-puṣpikā	2	kṣudra mahā
śaṣkulī	2	karṇa āgama
ścut	2	ghṛta madhu
ścyut	2	ghṛta madhu
śekharā	2	hara ugra
śepa	2	eka śunaḥ
śeva	2	duḥ su
śibira	2	sa śaila
śigruka	2	hrasva madhu
śikā	2	hema puṣkara
śikṣita	2	duḥ su
śimbika	2	dīrgha sita
śimbā	2	śuka śūka
śiphā	2	puṣkara śākhā
śirasa	2	prāk sahasra
ślatha	2	dara vi
śleṣaṇa	2	antaḥ loha
ślāghin	2	vṛtta ātma
ślāghā	2	guṇa sva
śmaśāna	2	akṛta mahā
śmaśānam	2	madhye pāre
śoci	2	bhadra śukra
śodhin	2	mukha vaktra
śodhinī	2	dhī tūla
śoka-samāviṣṭa	2	bhaya tīvra
śotha	2	pāda sadyaḥ
śoṣin	2	mukha vraṇa
śravya	2	dṛśya sukha
śreyas	2	ahaṃ utkrānta
śrutya	2	bāhu mantra
śruṣṭi	2	eka viśva
śrāddha-prayoga	2	saṃkalpa tīrtha
śrāddha-vidhi	2	dīpa sāmānya
śrāvaṇa	2	satya triḥ
śrī-kānta-miśra	2	bhārga garbha
śukram	2	prati puraḥ
śukta	2	madhu rasa
śuṅga	2	eka śveta
śuṣka	2	vi ātapa
śuṣman	2	barhiḥ soma
śvabhra	2	bhū ku
śvetā	2	kṣudra sura
śvit	2	sūrya uda
śyeta	2	haṃsa tri
śyāparṇa	2	sa vi
śābara-tantra	2	deva siddha
śādvala	2	rūḍha sa
śākhaka	2	anya vi
śāla-bhañjikā	2	kelī viddha
śāla-vana	2	bhadra yamaka
śālika	2	kāṣṭha lekha
śālinī	2	dala giri
śālmalī	2	ku kūṭa
śālīna	2	mahā nisarga
śānti-paddhati	2	mūla vināyaka
śānti-saṃgraha	2	sakala vināyaka
śānti-vidhi	2	mūla pañcaka
śānti-vidhāna	2	laghu mūla
śārīraka	2	mantra saṃkṣepa
śāsin	2	ari bhuvana
śāsita	2	mātṛ su
śāya	2	kakṣa kaṅka
śāyika	2	saukha saukhya
śīkara	2	kara śrama
śīlā	2	dhyāna khaṇḍa
śīma	2	duḥ su
śīrṇa	2	antaḥ svayaṃ
śīrṣi	2	kāka pailu
śīrṣṇī	2	kapi nīla
śītalā	2	rāma ārāma
śūdra	2	mahā viṭ
śṛṅgikā	2	dvi guḍa
śṛṅgāṭa	2	kaṭu sthala
śṛṅgāṭaka	2	graha sthala
ūha	2	dur nir
ūrmi	2	ruśad ṣaḍ
ūti	2	sadya su
ūḍhā	2	dvir prāg
ḍimbha	2	brāhmaṇa toya
ḍākinī	2	apavitra pañca
ḍāś	2	dū puro
ḍāśa	2	dū puro
ṃ-bhara	2	asu kaṭa
ṃ-cara	2	kṣudra rātri
ṃ-dha	2	paṇya stana
ṃ-dhari	2	yauga śila
ṃ-dharā	2	bala vasu
ṃ-gavīna	2	aśita uṣita
ṃ-jīvaka	2	jīva putra
ṃ-karā	2	bhoga vīra
ṃ-kṛta	2	bhakṣa vaśa
ṃ-liha	2	abhra vaha
ṃ-vada	2	priya vaśa
ṇakhā	2	vajra śūrpa
ṇas	2	khara khura
ṇata	2	indra tri
ṇava	2	punar tri
ṇavata	2	catur ṣaṇ
ṇaśa	2	dur dū
ṇitamba	2	cakra giri
ṇāha	2	parī prā
ṇāya	2	parī śūrpa
ṇāyya	2	prā pāri
ṇāśa	2	dū tūr
ṇīta	2	dur svar
ṇītha	2	puru sahasra
ṛc	2	bahv madhv
ṛjīka	2	go āvir
ṛtu-varṇana	2	hemanta śarad
ṛṇa	2	nir sa
ṣa	2	pañca paśu
ṣadman	2	nṛ su
ṣadvan	2	dru nṛ
ṣadya	2	pāri upari
ṣaha	2	duḥ su
ṣakhi	2	go su
ṣanti	2	dauḥ puru
ṣaḍgava	2	aśva hasti
ṣaṅga	2	aṅguli niḥ
ṣaṇi	2	go pitu
ṣaṣ	2	dvi tri
ṣaṭ-ślokī	2	prasāda sarasvatī
ṣaṭpada	2	sthūla vilīna
ṣecana	2	nau su
ṣedha	2	su vidhi
ṣeka	2	parī su
ṣeṇya	2	pāri vāri
ṣkambha	2	hanu ūru
ṣoma	2	apsu su
ṣoḍaśī	2	kṣamā vihṛta
ṣupta	2	duḥ su
ṣut	2	madhu su
ṣuta	2	adri su
ṣvapnya	2	dauḥ duḥ
ṣvasrīya	2	mātṛ paitṛ
ṣvātta	2	agni anagni
ṣāc	2	nṛ rāti
ṣāha	2	abhimāti su
ṣāhasra	2	dvi tri
ṣāḍava	2	phala rāga
ṣū@kta	2	dvi go
ṣūta	2	nṛ su
ṣṭhi	2	go parame
ṣṭhita	2	prāti su
ṣṭhu	2	duḥ su
ṣṭhīla	2	madhu mukha
ṣṭhīva	2	hiraṇya pada
ṣṭu	2	pṛthu su
ṣṭubh	2	su tri
ṣṭuti	2	duḥ su
ṣṭāva	1	vi
ṭippana	2	pavamāna vārttika
ṭippaṇī	2	raghu sudhā
ṭā	2	sarpiṣ yajuṣ
ṭīka	2	vajra ṭaṅka
'-bhilāṣa	1	mano
'bhibhavana	1	tejo
'bhidhā	1	mano
'bhikāṅkṣin	1	śreyo
'bhiniveśa	1	mano
'bhiprā@ya	1	mano
'bhirāma	1	mano
'bhitāpa	1	śiro
'bhivarṣa	1	sadyo
'bja	1	uru
'dhinātha	1	mano
'gra	1	ayo
'graka	1	ayo
'hnya	1	tiro
'hu	1	paro
'javāja	1	go
'jira	1	sado
'kṣa	1	paro
'kṣam	1	puro
'kṣara	1	bhūyo
'kṣi-śiro-mukha	1	sarvato
'mbhas	1	go
'mbu	1	go
'mbu-pa	1	nabho
'mṛta-maya	1	tejo
'mṛta-tīrtha	1	payo
'navasthāna	1	mano
'ndhakāra	1	tamo
'ni	1	ayo
'nta-kṛt	1	tamo
'ntya	1	tamo
'nubhāva	1	tapo
'nuga	1	mano
'nukūla	1	mano
'nurūpa	1	vayo
'nuvākya	1	araṇye
'nuvākyā	1	puro
'nuvṛtta	1	chando
'nuśāsana-vṛtti	1	chando
'nāgamana	1	bhūyo
'nū@cya	1	araṇye
'pa	1	pare
'paha	1	tamo
'pahārin	1	mano
'pahārā@vali	1	chando
'pe@ta	1	mano
'pāṣṭi	1	ayo
'rbuda	1	medo
'ri	1	tamo
'rthin	1	śreyo
'rthīya	1	tapo
'ti-rātra	1	ubhayato
'tiga	1	vayo
'tī@ta	1	vayo
'valambikā	1	mano
'varam	1	paro
'vasikta	1	reto
'vasthā	1	vayo
'ñjana	1	sroto
'śva	1	go
'śāna	1	āpo
'śīta	1	paro
'ṃhu	1	paro
'ṅga	1	ubhayato
'ṅgaṇa	1	nabho
'ṭa	1	khe
<root>akṣ	1	nir
<root>kṛ	1	amithyā
abaddha-pralāpin	1	bahv
abdam	1	praty
abdhi	1	sarpir
abhi	1	dur
abhibhūta	1	vāyv
abhidhāna-cintāmaṇi	1	bṛhad
abhigamana	1	stry
abhigraha	1	dur
abhigūrta	1	svayam
abhihita	1	prāg
abhijana	1	uccair
abhijña	1	ṣaḍ
abhijñāta	1	ṣaḍ
abhikhya	1	mahad
abhilapya	1	nir
abhilāṣa	1	nir
abhimati	1	pṛthag
abhimāna	1	nir
abhimānin	1	dur
abhirakṣa	1	dur
abhisambhava	1	dur
abhisaṃdhi	1	dur
abhisaṃdhāna	1	nir
abhivāda	1	prātar
abhiyoga	1	dvy
abhiṣeka	1	punar
abhiṣuta	1	sakṛd
abhyanū@kta	1	evam
abhyasta	1	dvir
abhyaṅga	1	nir
abhyunnīta	1	punar
abhyāghāram	1	punar
abhyākāram	1	punar
abhyāsam	1	praty
abhyāsā@kūpara	1	dvir
abhyāvartam	1	punar
abhāve	1	yad
abhīkṣṇam	1	yāvad
abhīśu	1	smad
ac-ka	1	bahv
acit	1	cid
acī	1	gav
ada	1	havir
adana	1	cārv
adharo'ṣṭha	1	sphurad
adhidevatā	1	praty
adhiga	1	dur
adhigata	1	svayam
adhikaraṇam	1	praty
adhivāsa	1	sāyam
adhiṣṭhita	1	dur
adhva-gā	1	try
adhvaga	1	kad
adhyavasāya	1	dur
adhyaya	1	dur
adhyayana	1	bahv
adhyayanam	1	yāvad
adhyetṛ	1	asad
adhyāyika	1	catur
adhyāyikā	1	catur
adhyāyī	1	catur
adhī@yāna	1	dur
adhī@śa	1	try
adhī@śvara	1	dur
aditi	1	kṣity
admanī	1	dur
adri	1	udag
adya	1	havir
adyaka	1	kim
adṛṣṭa	1	dur
agam	1	praty
agna	1	bārhad
agni-parī@kṣā@di-grantha	1	śānty
agni-vat	1	catur
agni-ṣṭoma	1	purastād
agnihotra-kālā@tikrama-prā@yaścitta	1	prātar
agnika	1	nir
agraha	1	praty
agraka	1	nir
agrikā	1	aham
agurutva	1	svayam
aham	1	nir
ahamikā	1	aham
ahanī	1	rātry
ahar	1	ahar
ahas	1	paścād
ahaṃkāra	1	nir
ahaṃstambha	1	nir
ahe	1	tad
ahika	1	prāty
ahniya	1	tiro
ahnya	1	tiro
aho-rātra	1	ṣaḍ
ahīna	1	dvy
aihika	1	try
ailaba	1	vy
aiḍa	1	viṣvag
ajana	1	go
ajavika	1	bahv
ajina	1	nir
ajira	1	praty
ak	1	praty
akna	1	jānv
akṣaka	1	try
akṣam	1	paścād
akṣaraka	1	laghv
akṣi	1	nikāṇam
akṣika	1	prāty
akṣīṇa	1	ṣaḍ
alaṃ-kriyā	1	vidhy
alaṃ-kāra	1	vidhy
alaṃkāra	1	nir
alaṃkāra-candrikā	1	sad
alaṃkṛta	1	sādhv
alinda	1	try
alkaśa	1	vy
alīka	1	vy
amara-kośa	1	bṛhad
amarṣa	1	nir
amatram	1	yāvad
ambha	1	sad
ambhas	1	vidyud
ambhoja	1	hṛd
ambikā	1	jagad
ambu	1	nir
ambu-dhara	1	śarad
ambuka	1	try
ambā	1	jagad
ambā-śataka	1	bṛhad
ambālikā	1	bṛhad
anadyatana	1	bhaviṣyad
ananta	1	vasv
anartha	1	bahv
andhakāra	1	praty
andhas	1	nir
anilam	1	praty
anindita	1	sādhv
anta-karma-paddhati	1	yaty
anta-nirṇaya	1	tithy
anta-sura-druma	1	śruty
antam	1	yāvad
antar-ātman	1	jagad
antaraṇa	1	havir
antarya	1	nair
antarāla	1	nir
antaḥstha	1	antar
ante	1	bahir
antikā	1	naḍ
antima	1	praty
antāt	1	praty
antāya	1	yāvad
anu	1	tad
anubandha	1	nir
anubodha	1	dur
anugama	1	vyāpty
anugama-prakāśa	1	vyāpty
anugama-rahasya	1	vyāpty
anugama-vādā@rtha	1	vyāpty
anugamā@loka	1	vyāpty
anuja	1	stry
anujñāta	1	dur
anujā	1	pum
anukrośa	1	nir
anukṛti	1	tad
anuneya	1	dur
anunāsika	1	nir
anuprāsa	1	vṛtty
anupālana	1	dur
anurodha	1	nir
anurāga	1	prāg
anusamprā@pya	1	dur
anusaraṇa	1	tad
anusthita	1	viṣṇv
anusāra	1	gaty
anuvartya	1	dur
anuvāka	1	prātar
anuyoga	1	praty
anuyojya	1	nir
anuśaya	1	nir
anuṣaṅga	1	pad
anvavasāyin	1	paścād
anvaya-mahā-ratna	1	ṣaḍ
anvaya-śāmbhava-raśmi-pūjā-krama	1	ṣaḍ
anveṣya	1	dur
anvita	1	rug
anūcāna	1	dur
anūkā@ntam	1	praty
anṛta	1	bhūmy
ap	1	bahv
apacāra	1	dur
apagama	1	punar
apahnava	1	nir
apahāraka	1	vāg
apahārin	1	jāty
apakarṣa	1	purastād
apakrama	1	nir
apam	1	prāg
apamūrdhan	1	vy
apara	1	praty
aparuddha	1	jyog
aparā@yata	1	prāg
aparādha-kṣamāpaṇa-stotra	1	devy
apas	1	tad
apavarta	1	nir
apavartana	1	nir
apaśa	1	go
ape@kṣya	1	nair
apo@dita	1	svayam
apramoṣa	1	smṛty
apā@sa	1	dur
apā@sana-vidhi	1	sādhv
apā@ṅga	1	tiryag
apūpa	1	vrīhy
araṇya	1	praty
arbuda	1	nir
arca	1	ṣaḍ
arcana	1	bhagavad
ardhi	1	praty
argha	1	go
arham	1	praty
ari	1	praty
ari-lauha	1	yakṛd
ari-rasa	1	pāṇḍv
arkṣa	1	saṃdhy
arman	1	snāyv
arpaṇa	1	tad
artha-bodhaka	1	vṛtty
artha-candrikā	1	manv
artha-carita	1	svasty
artha-darpaṇa	1	ṣaṣṭhy
artha-muktā@valī	1	manv
artha-nirṇaya	1	ṣaḍ
artha-ratna-mālā	1	śruty
artha-ratnā@kara	1	smṛty
artha-saṃkṣepa	1	ṣaḍ
artha-sāgara	1	smṛty
artha-tva	1	alam
artha-tā	1	alam
artha-vacas	1	alam
artha-vicāra	1	liṅ
artha-vāda	1	liṅ
arthe	1	tvad
arthin	1	punar
arthya	1	nair
arthā@bhāva	1	śruty
arti	1	nir
aruṇa	1	try
aruṣa	1	try
arā	1	praty
arṇa	1	vy
arṇam	1	praty
arṇas	1	go
arṇaś	1	madhv
as	1	hṛtsv
asad	1	sad
asammata	1	svāmy
asamāpta	1	īṣad
asamāpti	1	īṣad
asan	1	sad
asat	1	sad
asiddhi	1	siddhy
asra-yāna	1	catur
asra-śobhin	1	catur
asraka	1	catur
asta-gamana	1	praty
astam	1	praty
asthaka	1	vy
asthi-bhūta	1	tvag
asthi-śeṣa	1	tvag
asādhu	1	sādhv
asṛṅ-mati	1	bṛhad
atikrānti	1	sthity
atipāta	1	tad
atirikta	1	etad
atiśaya	1	nir
atyetu	1	dur
atī@ta	1	vāg
atīcāra	1	nir
aukasārā	1	vasv
aupamya	1	yāvad
auṣadhika	1	bahv
ava	1	nir
ava-marṣa	1	praty
ava-marṣa-vat	1	praty
avabhāsa	1	pāṇḍv
avabhāṣa	1	praty
avabhāṣā	1	praty
avacchada	1	dur
avadhāraka	1	dur
avadoṣa-tva	1	nir
avadya-pa	1	mitho
avadāna	1	paśv
avadāra-prā@paṇa	1	vy
avadīrṇa	1	svayam
avagama	1	dur
avagāha	1	dur
avahālikā	1	nir
avakāśa	1	nir
avalamba	1	nir
avalepa	1	dur
avana	1	hary
avanata	1	try
avanega	1	prātar
avapanna	1	svayam
avarajā	1	sāvitry
avaroha	1	dur
avarā@rdhya	1	catur
avasita	1	dur
avaskṛta	1	nir
avasthāna	1	dig
avastāra	1	nir
avasāda	1	nir
avasāna	1	yad
avasānika	1	pāry
avavada	1	dur
avayavam	1	praty
avaśeṣa	1	nir
ave@kṣaṇa	1	viṣvag
ave@kṣita	1	dur
ave@kṣā	1	prāty
avyaya	1	nir
avā@nin	1	vy
avā@pa	1	dur
aya	1	gavām
ayanam	1	praty
ayanastva	1	praty
ayantra	1	paśv
añcala	1	dṛg
añcana	1	viṣvag
añjali	1	try
añjanā	1	nair
añji	1	vṛṣad
añjīra	1	laghv
aśanā	1	hasty
aśanīya	1	yad
aśraka	1	ṣaḍ
aśrā	1	ṣaḍ
aṃhri	1	ṣaḍ
aṃsam	1	praty
aṃśa-vat	1	catur
aṃśaka	1	vy
aṃśuka	1	vy
aṅga-tva	1	antar
aṅgada-saṃvāda	1	hanumad
aṅgaṭa	1	try
aṅghri	1	ṣaḍ
aṅginī	1	ṣaḍ
aṅgirasa	1	praty
aṅgirasikā	1	bhṛgv
aṅgirā	1	praty
aṅguli-datta	1	ṣaḍ
aṅgāra	1	vy
aṅgīna	1	yāvad
aṅka-kula	1	hary
aṅkam	1	praty
aṅkaṭa	1	try
aṅkura	1	tvag
aṇu	1	srag
aṇḍaka	1	jagad
aṣṭa	1	dvy
aṣṭa-daśā-krama	1	yoginy
aṣṭa-sahasra	1	dvy
aṣṭa-sāhasra	1	dvy
aṣṭa-varga	1	bṛhad
aṣṭa-varṣa	1	try
aṣṭakā	1	vy
aṣṭama	1	virāḍ
aṣṭavarga	1	laghv
aṣṭi	1	jarad
aṣṭo@ttara	1	devy
aṣṭo@ttara-śata-stotra	1	lakṣmy
aṣṭottara-śata-nāman	1	lakṣmy
aṭa	1	rātry
babba	1	śrī
babhrava	1	upari
baddha-lakṣa	1	ākāśa
baddha-manoramā	1	samāsa
baddha-puruṣa	1	paścād
baddhaka	1	nai
bahiṣ-kṛta	1	lakṣmī
bahu-tva	1	alpa
bahula-vihārin	1	tad
bahumāna	1	puruṣa
bahumānam	1	sa
bahādura-śāha-virudrā@valī	1	raṇa
baka-yantra	1	kāca
bala-bhadra	1	bhaṭṭa
bala-bhīma	1	bhuja
bala-gaccha	1	citra
bala-ja	1	suvarṇa
bala-pramardin	1	meru
bala-pravṛtta	1	doṣa
bala-prā@ṇa	1	alpa
bala-samāyukta	1	tejo
bala-sūdana	1	sapatna
balaja	1	sauvarṇa
balakṣa	1	kṛṣṇa
balana	1	bhadra
balavat	1	māyā
bale@ndra-ketu	1	rāja
balo@pe@ta	1	saṃhanana
balva-jā	1	tṛṇa
balā@bala	1	argha
balā@dhāna	1	śraddhā
balā@gra	1	bhaṭa
balā@śraya	1	sva
balāsa	1	vāta
balīvarda-nyāyena	1	go
balīyas	1	para
balśa	1	śata
bandha-paddhati	1	vrata
bandha-vimocana	1	sarva
bandha-yajvan	1	samudra
bandha-yoga	1	punar
bandha-yājin	1	apaśu
bandhana-baddha	1	dṛḍha
bandhana-samudbhava	1	mad
bandhana-vidhi	1	rakṣā
bandhana-vimocana	1	su
bandhanī	1	sphuṭa
bandhava	1	brahma
bandhavika	1	vārka
bandhe@śa	1	bhava
bandhu-hīna	1	mitra
bandhyā	1	kāka
bandhā	1	vatsa
bandhā@ntara	1	malla
bandhā@varaṇa	1	dvāra
bandin	1	rāja
bappa	1	śrī
barbaraka	1	kṛṣṇa
barbarikā	1	vana
barha-jman	1	dvi
barhaṇa	1	mūla
barhiṇa	1	vana
barhiṣka	1	ṛte
barhās	1	dvi
basta	1	balāsa
bastya	1	vāja
baudhāyana	1	vṛddha
baḍavā	1	pāre
baṇij	1	pota
baṭhara	1	chāndasa
bhadra-gaṇi	1	mati
bhadra-musta	1	sa
bhadra-pada	1	pūrva
bhadrapadā	1	uttara
bhadrika	1	hema
bhadrāṇī	1	su
bhagavat	1	saurya
bhagavatī	1	rakṣa
bhagin	1	yaśo
bhagiṇī	1	garga
bhagya	1	yaśo
bhagā	1	mukha
bhagāla	1	kumbhī
bhagīratha-ṭhakkura	1	megha
bhaimāyana	1	dvaipya
bhairava-rasa	1	pracaṇḍa
bhairavo@ddyota-saṃgraha	1	vijñāna
bhairavī-dīpa-dāna	1	bāla
bhaiṣajya	1	bāla
bhaiṭ	1	rāvaṇa
bhakta-kṣapaṇa	1	caturtha
bhaktaka	1	sūrya
bhaktakā	1	puro
bhakti-candrikā	1	prema
bhakti-stotra	1	prema
bhakti-taraṃgiṇī	1	durgā
bhakti-vilāsa	1	vraja
bhaktyā	1	yathā
bhakṣam	1	ūlī
bhakṣaṇa-śīla	1	samagra
bhakṣikā-kāra	1	sukha
bhakṣitam	1	yathā
bhakṣiṇī	1	preta
bhalla	1	accha
bhallaka	1	dvi
bhallātaka	1	nadī
bharaka	1	bhāṇḍa
bharam	1	ūrdhva
bharata-prastāra	1	ādi
bharata-saṃvāda	1	bhṛgu
bharaṇa	1	bhṛtya
bharaṇamātra-kevale@cchu	1	udara
bhari	1	saho
bharjana	1	dhānā
bharmīya	1	vāja
bhartṛ-druh	1	garbha
bhartṛ-samāgama	1	bhūyo
bharyā	1	punar
bharī	1	mahā
bharṇas	1	sahasra
bhasmaka	1	sa
bhastrikā	1	carma
bhaumika	1	sārva
bhava-deha	1	antarā
bhava-sattva	1	antarā
bhavanam	1	yathā
bhavano@tsarga	1	taḍāga
bhavantī	1	cīra
bhavat-pūrvakam	1	bho
bhavatya	1	prā
bhavikā	1	jyeṣṭha
bhavin	1	punar
bhavitavya-tā	1	tathā
bhavitṛ	1	tiro
bhaviṣya	1	yad
bhaviṣṭha	1	śam
bhavo@ttāraṇa	1	sarva
bhavye@śa	1	bhūta
bhavyā	1	dhenu
bhavā@raṇi	1	sarva
bhavāyana	1	ātma
bhaya-kāraka	1	trailokya
bhayānaka	1	su
bhañjana-stotra	1	aparādha
bhañjana-śānti	1	piṇḍa
bhañjanī	1	virodha
bhañji-rasa	1	śīta
bhañjika	1	kara
bhañjikāya	1	śāli
bhañjinī	1	mada
bhañjī	1	śāla
bhaḍa	1	śrī
bhaṃsas	1	su
bhaṅga-vat	1	chando
bhaṅgan	1	sapta
bhaṅgura	1	kṣaṇa
bhaṅguraka	1	mṛtyu
bhaṅgā	1	niśā
bhaṅgā@dhyāya	1	ṛṇa
bhaṅgā@rṇava	1	vivāda
bhaṅgī-naya	1	sapta
bhaṅgī-taraṃgiṇī	1	sapta
bhaṅgīka	1	vividha
bhaṇa	1	dur
bhaṇḍā	1	śveta
bhaṇḍī	1	tri
bhaṇḍīra	1	go
bhaṇḍīratha	1	vaṅkhara
bhaṇṭākī	1	kṣudra
bhaṭa-mātṛ-tīrtha	1	bhaṭa
bhaṭikā	1	naṭa
bhaṭya	1	prāti
bhaṭī-kṛ	1	prati
bhaṭī-tūrya	1	malla
bhaṭīya	1	ārya
bhaṭṭa-bhaumā@cārya	1	sārva
bhaṭṭa-bhāskara	1	lalitā
bhaṭṭa-suta	1	yalla
bhaṭṭagopāla	1	lauhitya
bhaṭṭi	1	vatsa
bhaṭṭikā	1	rāja
bhaṭṭā@cārya	1	smārta
bhaṭṭī-vyākaraṇa	1	mahā
bheda-giri	1	devī
bheda-kara	1	kula
bheda-mara	1	rājya
bheda-nirṇaya	1	saṃnyāsa
bheda-pradīpa	1	śṛṅgāra
bheda-tas	1	guṇa
bheda-vicāra	1	karma
bheda-vidhi	1	varṇa
bheda-śas	1	sahasra
bhedanaka	1	ghaṭa
bhedita	1	ṣoḍaśa
bhedyaka	1	utpala
bhedā@dika-tantra	1	vātula
bhedā@khya	1	śābara
bhedī	1	aṃhu
bhero@tsa	1	puṣpa
bherī-hāraka	1	mahā
bherī-hāraka-parivarta	1	mahā
bheṣaja-kalpa	1	rasa
bheṣajā	1	citra
bheṭ	1	veṅkaṭa
bhida	1	dur
bhidā	1	kamala
bhikṣikā	1	pūrva
bhikṣita	1	śūdra
bhikṣuṇī	1	cūḍā
bhilla	1	meda
bhinna-śaiśava	1	yauvana
bhinnā@tman	1	bhinna
bhinnā@ñjana	1	snigdha
bhittika	1	śleṣa
bhiṇḍā	1	śveta
bhiṣaja	1	śāta
bhiṣajya	1	dur
bhiṣā	1	śata
bhoga-muktā@valī	1	rasa
bhoge@śvara	1	śūra
bhogi-varga	1	pātāla
bhogika	1	pāri
bhoginī	1	vanitā
bhogyā	1	bahu
bhoja-putrī	1	devaka
bhojana-prayoga	1	vana
bhojana-puṇyā@ha-vācana-prayoga	1	vana
bhojana-varṇanā	1	vināyaka
bhojana-vidhi	1	vana
bhojanī	1	mṛga
bhojikā	1	odana
bhoṭa	1	mahā
bhoṭa-deśa	1	mahā
bhrajas	1	vāta
bhrama-maṇḍala	1	kadamba
bhrama-vāda-khaṇḍana-nirāsa	1	bhū
bhramaka	1	bherī
bhramara	1	śiñjāna
bhramaṇa-vicāra	1	bhū
bhramin	1	svayam
bhraṃs	1	vāha
bhraṃś	1	vāha
bhraṃśa-samudbhava	1	sārtha
bhraṃśin	1	hasta
bhruva	1	akṣi
bhrāja	1	su
bhrānta	1	prabhūta
bhrātṛvya	1	vi
bhrū-bhaṅga	1	sa
bhrū-bhedam	1	sa
bhrū-kṣepam	1	sa
bhrū-vilāsam	1	sa
bhrūkatā	1	āyata
bhrūkuṭi-mukha	1	saṃhata
bhugna	1	nir
bhuja-granthi	1	praśithila
bhujagā@valī	1	soma
bhujaṃ-ga	1	viṣṇu
bhujaṃgama	1	gaja
bhujaṃgī	1	viṣṇu
bhuje@ndra	1	suvarṇa
bhujā@ntara	1	alpa
bhukta-ghaṭī-cakra	1	nakṣatra
bhukti-rāja	1	tri
bhuvaka	1	naḍ
bhuvana-maya	1	sakala
bhuvano@nmārtaṇḍa	1	muhūrta
bhvarī	1	mātari
bhyasa	1	sva
bhādra	1	dvi
bhādrapada	1	pūrva
bhādrapadā	1	uttara
bhāgam	1	yathā
bhāgavata-sthiti	1	devī
bhāgavatā@cārya	1	soma
bhāgavatī	1	sahasra
bhāgā@nubandha	1	rūpa
bhāgā@pavāha	1	rūpa
bhāgīyaka	1	avaśya
bhāgīyā	1	ṣaḍ
bhājanam	1	yathā
bhākara	1	prā
bhāla	1	aśma
bhāmā	1	satya
bhāna-vāda-rahasya	1	laukika
bhānava	1	svar
bhānu-jit	1	vyāja
bhānu-prabhā	1	bhāṣya
bhānu-śukla	1	hari
bhāra-bhūta	1	ati
bhāra-ga	1	ati
bhāra-tā	1	sa
bhāradvājikā	1	atri
bhārata-kāvya	1	lāla
bhārata-sāra-saṃgraha	1	rāmāyaṇa
bhāratika	1	mahā
bhāratī-stotra	1	vāyu
bhāratī-tīrtha	1	śaṃkara
bhārava	1	maṇi
bhārgava-kerala	1	praśna
bhārgavikā	1	garga
bhārikā	1	phaṇi
bhāryaka	1	sa
bhāsa-maṇi	1	jyotir
bhāsita	1	smara
bhāskara-prayoga-paddhati	1	śrāddha
bhāskara-śarman	1	hari
bhāskara-ṭīkā	1	mahā
bhāskarīya	1	laghu
bhāsura	1	mahā
bhāsvat	1	prāṇa
bhāta	1	dvi
bhātika	1	prā
bhātī	1	kapāla
bhāva-dīpa	1	bhārata
bhāva-grantha	1	sāmānya
bhāva-pradīpa	1	bhakti
bhāva-stotra	1	ekī
bhāva-vid	1	rasa
bhāva-vyavasthāpana	1	sāmānya
bhāva-vāda	1	laiṅgika
bhāva-vādin	1	ṣaḍ
bhāva-ṭippaṇī	1	sāmānya
bhāvaka	1	bhagavad
bhāvanika	1	saha
bhāvanā-kāvya	1	sevana
bhāvayitṛ	1	nyag
bhāvi-tva	1	su
bhāvikī	1	sva
bhāviṇī	1	hari
bhāvo@ddyota	1	piṅgala
bhāvā	1	soma
bhāvā@dhyāya	1	māsa
bhāvā@rtha-candrikā	1	pada
bhāvīya	1	prāg
bhāśa	1	padma
bhāṃ-kāra	1	bherī
bhāṇaka	1	dharma
bhāṇavī	1	vārṣa
bhāṇu	1	svar
bhāṇḍikā	1	kāla
bhāṣ	1	rakṣo
bhāṣi-tva	1	amṛṣā
bhāṣi-tā	1	kaṭu
bhāṣika	1	pāri
bhāṣita-bhāṣyā@bdhi	1	phaṇi
bhāṣiṇī	1	manda
bhāṣya-nyāya-saṃgraha	1	śaṃkara
bhāṣya-ratna	1	tri
bhāṣya-snāna-vidhi-paddhati	1	deva
bhāṣya-vyākhyā	1	vyāsa
bhāṣya-ṭīkā	1	pramāṇa
bhāṣyā@bdhi	1	phaṇi
bhāṣā-candrikā	1	ṣaḍ
bhāṣā-kāvya	1	prākṛta
bhāṣā-mañjarī	1	ṣaḍ
bhāṣā-maṇi	1	pañca
bhāṣā-purāṇa	1	liṅga
bhāṣā-sub-anta-rūpā@darśa	1	ṣaḍ
bhāṣā-sub-antā@darśa	1	ṣaḍ
bhāṣā-vyākaraṇa	1	bhāṇḍīra
bhāṣā-vyākaraṇa-sūtra-vṛtti	1	bāla
bhāṣā-vārttika	1	ṣaḍ
bhāṣā@ntara-vidhāna	1	prākṛta
bhāṭṭa-dīpikā	1	saṃkarṣa
bhīka	1	nir
bhīkarā@cārya	1	vādi
bhīma-karman	1	adbhuta
bhīmā@ndhakāra	1	baddha
bhīraka	1	su
bhīrava	1	su
bhītaka	1	vi
bhīti-jit	1	graha
bhīṣaṇa	1	ati
bhīṣaṇaka	1	mahā
bhīṣma	1	mahā
bhū-bhuj	1	cedi
bhū-deva	1	śukla
bhū-pāla	1	pralīna
bhūbhavā	1	śakra
bhūdhara	1	vimala
bhūdāraka	1	viṣṭhā
bhūmi-pratilambha	1	abhiṣeka
bhūmika-tva	1	alabdha
bhūmikā-karman	1	maṇi
bhūmipāla-nāṭaka	1	nala
bhūpa-kāla	1	śaka
bhūpati-graha	1	nagna
bhūra	1	bhūr
bhūri	1	deva
bhūri-gaja-vāji-padāti-sainya	1	sambhūta
bhūruh	1	śārada
bhūryābhimukhā	1	pañca
bhūrā	1	hāra
bhūta-bhavye	1	bhavad
bhūta-dakṣiṇīya	1	sad
bhūta-druma	1	laghu
bhūta-maitra	1	kṛta
bhūta-pariśiṣṭa	1	viśeṣa
bhūta-tā	1	īdṛśa
bhūtam	1	yathā
bhūti-tīrtha	1	bhāra
bhūva	1	bhūr
bhūyas-tva	1	phala
bhūyiṣṭha-dhūma	1	chinna
bhūṣana-kāvya	1	vāg
bhūṣaṇa-deva	1	malli
bhūṣaṇa-kavi	1	vraja
bhūṣaṇa-koṣṭhaka	1	jagad
bhūṣaṇa-kānti	1	laghu
bhūṣaṇa-miśra	1	vraja
bhūṣaṇa-padya-saṃgraha	1	vidvad
bhūṣaṇa-sarvasva	1	vaiyākaraṇa
bhūṣaṇa-saṃdarbha	1	bhakti
bhūṣaṇa-saṃgraha	1	vaiyākaraṇa
bhūṣaṇa-sāra	1	vaiyākaraṇa
bhūṣaṇa-ṭīkā	1	muhūrta
bhūṣaṇo@panyāsa	1	vaiyākaraṇa
bhūṣika	1	hāra
bhūṣita	1	puṣpa
bhūṣṇu	1	alaṃ
bhṛ-kuṭī-mukha	1	sa
bhṛd-yāna	1	vasu
bhṛgu-saṃhitā	1	vaikhānasa
bhṛgv-atri-sama	1	vasiṣṭha
bhṛjj	1	bahu
bhṛjjatā	1	pacata
bhṛkuṭi	1	vajra
bhṛtikā	1	para
bhṛtya-pura	1	gauḍa
bhṛtā	1	sarpa
bhṛśa	1	su
bhṛṅga-rāja	1	pīta
bhṛṅga-vallī	1	raṅga
bhṛṅgarāja	1	nīla
bibhratin	1	nāma
bija-kośa	1	mātṛkā
bileya	1	brahma
bilvā	1	uru
bimba-pratiṣṭhā	1	jina
bimbana	1	prati
bimbara	1	mahā
bimbī	1	ādāra
bindu-cchadā	1	asra
bindu-citra	1	lohita
bindu-prasṛta	1	pañca
bindu-sāra	1	loka
bindu-varṣin	1	śoṇita
bindu-vyākhyā	1	siddhānta
bindu-śekhara	1	laghu
bindu-ṭippaṇa	1	yoga
bindukā	1	śveta
biḍya	1	nai
bodha-saṃgraha	1	vaidya
bodhanā	1	su
bodhe@ndra	1	ānanda
bodheya	1	addhā
bodhika	1	prā
bodhinī-prakriyā	1	sadyo
bodhy-aṅga-kusumā@ḍhya	1	sapta
bodhya	1	dur
bodhyā	1	brahma
bollaka	1	bahu
brahma-deva	1	nara
brahma-mahe@śvara-dāna-prayoga	1	viṣṇu
brahma-mantra	1	pañca
brahma-rasa	1	dāru
brahma-saṃhitā	1	vṛddha
brahma-siddhi	1	advaita
brahma-sāma-tva	1	nānā
brahma-vaivarta	1	laghu
brahma-varya	1	vimala
brahma-vidyo@paniṣad	1	pañca
brahma-vidyā-vilāsa	1	sāttvika
brahmacārika	1	sa
brahmacāriṇī	1	parama
brahmaka	1	sa
brahmasūtra-bhāṣya	1	valla
brahmavāda	1	puccha
brahmaṇīya	1	su
brahmā@nanda-svāmin	1	rāma
brahmā@rka	1	praśna
brahmā@stra	1	jvara
brahmānandīya	1	bindu
brahmī	1	jala
brahmī-kalpa	1	maṇḍūka
bruvā	1	brāhmaṇi
bruvāṇa	1	brahma
brāhmana	1	śailāli
brāhmaṇa-bhāṣya	1	yajur
brāhmaṇa-bhāṣya-dīpikā	1	maitrāyaṇī
brāhmaṇa-ghāta-ja	1	śata
brāhmaṇa-śabda	1	jāta
brāhmaṇaspatya	1	sa
brāhmaṇo@paniṣad	1	maitrāyaṇī
brāhmaṇo@paniṣad-bhāṣya	1	vṛddha
brāhmaṇya	1	daur
brāhmaṇyā	1	sva
brāhmaṇīya	1	samāna
brāhmī	1	laghu
bubhukṣu	1	anna
budbuda-vat	1	māṃsa
buddha-purāṇa	1	laghu
buddha-rūpa	1	mahā
buddha-stotra	1	sapta
buddhi-datta	1	sthita
buddhi-dhāry-abhijña-gupta	1	sāgara
buddhi-kara	1	śukla
buddhi-mat	1	saṃhāra
buddhi-prakāśinī	1	bāla
buddhi-pratibadhya-pratibandhaka-bhāva-vāda	1	bādha
buddhi-pratibadhyatā@vāda	1	bādha
buddhi-pratibandhakatā-vicāra	1	bādha
buddhi-ruc	1	nānā
buddhi-tva	1	akṛta
buddhi-vicāra	1	bādha
buddhi-vāda	1	bādha
buddhi-vādā@rtha	1	bādha
buddhika	1	sthira
budh	1	uṣar
budhnaka	1	jīrṇa
budhnā	1	guccha
budhya	1	aśva
bukka	1	vīra
busaka	1	yava
busam	1	khale
busā	1	vāraṇa
buva	1	sa
buśa	1	mahā
buṅga-pura	1	hari
buṣā	1	vāra
bābā	1	hari
bādhaka	1	śatru
bādhakatā	1	bādhya
bādhas	1	sa
bāhava	1	dor
bāhavī	1	bhādra
bāhavīya	1	sahasra
bāhu-baddha	1	paścād
bāhu-stava	1	sundara
bāhu-śataka	1	rāma
bāhukāyana	1	śīghra
bāhula	1	ku
bāhulya	1	karma
bāhyaka	1	vana
bāhyā@ntaḥ-karaṇa	1	sa
bāhū@ru-paj-ja	1	mukha
bāhū@ru-pādatas	1	mukha
bāla-caritra	1	rāma
bāla-ghātin	1	strī
bāla-graho@nmāda	1	bhūta
bāla-jana	1	grāma
bāla-kṛṣṇa	1	dīkṣita
bāla-nāla	1	kamala
bāla-prakāśa	1	mīmāṃsā
bāla-vāṇī	1	sarasvatī
bāla-vṛddha	1	sa
bāladhi	1	su
bālaja	1	sauvarṇa
bālam	1	yathā
bāleya	1	śāka
bālhīka	1	vara
bālika	1	prā
bāliśa	1	su
bāluka	1	hima
bālukā	1	hima
bālāki	1	dṛpta
bālākyā-māṭharī-putra	1	kāśyapī
bāpa	1	śrī
bārhatam	1	ubhayato
bāṇa-paṅkti	1	smara
bāṇi	1	prati
bāṇijika	1	dharma
bāṇā	1	kapota
bāṇā@gra-vedhin	1	śabda
bāṇā@sana	1	śakra
bāṣkala	1	śālaṅkāyana
bāṣpa-vṛtti	1	stambhita
bāṣpaka	1	sa
bībhatsam	1	sa
bīja-ja	1	anya
bīja-kalpa	1	māyā
bīja-kāñcana	1	go
bīja-pūra	1	madhura
bīja-samudbhava	1	anya
bījin	1	rāja
bījo@tpanna	1	anya
bījo@ttama	1	tṛṇa
bījya	1	mahā
bīriṇa	1	dur
bīśa	1	paḍ
bṛda	1	aila
bṛgala	1	ardha
bṛhad-vṛtti	1	āvaśyaka
bṛhat-kathā	1	śuka
bṛhatīka	1	tato
bṛsī	1	śaṣpa
bṛśī-maṭha	1	vyapaviddha
bṛṃhaṇa	1	jala
bṛṣā	1	vāra
caccarī	1	laghu
cada	1	vāta
cailin	1	ku
caitanika	1	bhūta
caitanya-yati	1	brahma
caitraka	1	śvāphalka
caitya-cihna	1	citā
caitya-krīḍā	1	vālukā
caitya-vat	1	saha
caiṭaka	1	mṛga
caka	1	kuṭī
cakora	1	vidvac
cakra-citto@tsava	1	bhiṣak
cakra-nidāna	1	bhiṣak
cakra-praśna	1	haṃsa
cakra-pūjana	1	yoginī
cakra-vat	1	alāta
cakra-vicāra	1	sarva
cakradhvaja-vat	1	sūnā
cakram	1	puraś
cakrapāṇi	1	śeṣa
cakravarti-lakṣaṇa	1	dvitīya
cakravāla	1	āśā
cakre@śvara	1	bhillī
cakri	1	uru
cakrika	1	niś
cakrā@vali	1	muhūrta
cakrī-vat	1	nau
cakṣa	1	viśva
cakṣaṇa	1	viśva
cakṣur-gada-cchetṛ	1	mūḍha
cakṣur-manas	1	tatra
cakṣuś	1	ghrāṇa
cakṣuṣa	1	sa
cakṣuṣmat	1	vīra
cala-citta-vṛtti	1	dolā
calana-śālā	1	aśva
calita	1	catuś
calya	1	naiś
calā@rcā-vidhi	1	saṃkṣipta
calī	1	puṃś
calū	1	puṃś
camaka-bhāṣya	1	namaka
camasam	1	yathā
camasya	1	māhā
camat-kṛti	1	viśva
camatkāra	1	vyavahāra
camatkāram	1	sa
campā	1	mahā
campū-rāmā@yaṇa	1	śleṣa
camū	1	mahā
canaka	1	kiṃ
canda	1	mohana
candana-lipta	1	ardha
candra-candrikā	1	bhāgavata
candra-gaṇi	1	siddha
candra-kara	1	mādhava
candra-lalāma	1	saha
candra-miśra	1	lakṣmī
candra-nyāya	1	śākhā
candra-pradīpikā-nirukti	1	vṛtti
candra-tantra	1	meru
candra-tāraka	1	sphuṭa
candra-vrata	1	rohiṇī
candra-śayana	1	rohiṇī
candra-śiṣya	1	megha
candra-ṭīkā	1	yoga
candrakalā	1	muhūrta
candramas	1	sūrya
candramasa	1	sūrya
candrasūri	1	ahaṃ
candrau	1	āditya
candre@śvara-tantra	1	karka
candri	1	haima
candriko@llāsa	1	bhakti
candrikā-paddhati	1	laghu
candrikā-prakāśa	1	sa
candrita	1	śata
candro@daya-saṃgraha	1	prabodha
candro@dayā@malaka	1	prabodha
candrā@rgha-vidhi	1	abhinava
candrā@rka	1	jyotiś
candrā@ṃśu	1	haṃsa
cara-svā@ro@daya	1	haṃsa
caraka-sautrāmaṇī	1	baudhāyana
carat	1	saha
caraṇa-cāmara	1	sītā
caraṇa-dohada	1	kāntā
caraṇa-dāsa	1	hari
caraṇa-lākṣā-rāga	1	sa
caraṇa-parṣad	1	sva
caraṇa-purī	1	hari
caraṇa-samanta-svara	1	rati
caraṇa-sampanna	1	vidyā
caraṇa-vārttika	1	nāma
caraṇam	1	prati
caraṇā@mṛta	1	caitanya
caraṇā@ravinda-dhyāna	1	bhagavac
carcana	1	śuṣka
carci	1	haima
carcikā	1	gharma
carcita-sarvā@ṅga	1	rudhira
carcī	1	śaṅkha
cari	1	māṇi
carita-cintāmaṇi	1	hara
carita-nāman	1	prauḍha
carita-nāṭaka	1	baṭu
carita-vid	1	graha
caritin	1	su
caritra-mālā	1	nārāyaṇa
caritra-nāṭaka	1	śānti
caritva	1	bāla
caritā@mṛta	1	caitanya
carma-dhara	1	khaḍga
carma-kṛt	1	vaṃśa
carma-mātra	1	go
carma-vat	1	loha
carmin	1	mṛdu
carmya	1	dauś
carmīya	1	mṛga
caryā-varṇana	1	varṣa
carā@cara	1	sa
carī	1	śaṅkha
catur-aśraka	1	dvi
catur-ūrdhva	1	pada
caturaha	1	atri
caturaka	1	mahā
caturasra	1	āyata
caturaśra	1	dīrgha
caturdaśī-vrata	1	ānanda
caturtha-pāda-prahelikā	1	gūḍha
caturthika	1	vivāha
caturthī-karman	1	vivāha
caturthī-kathā	1	saṃkaṣṭa
caturthī-vrata	1	vināyaka
caturthī-vrata-kathā	1	saṃkaṣṭa
caturvidha-śloka	1	sthāna
caturviṃśatikā	1	sāra
caturādhyāyikā	1	śaunakīya
catuḥ-ślokī-vyākhyā	1	śiva
catuṣ-patha	1	nagara
catuṣka	1	daśa
catuṣka-ṭīkā	1	sātatya
catuṣṭaya-parī@kṣā	1	mata
catuṣṭaya-vyavasthā-lakṣaṇa	1	deha
catvāri	1	dvi
catvāriṃśa-danta-tā	1	sama
catvāriṃśika	1	dvi
catvāriṃśin	1	aṣṭā
cauraka	1	haṭṭa
caya-nibaddha	1	pāṣāṇa
cayana-prayoga	1	vaiśvasṛja
cañcuka	1	kṛṣṇa
cañcukā	1	su
cañcutā	1	vañcana
cañcū	1	mahā
caṅkuṇa-vihāra	1	śrī
caṇaka	1	muṇḍa
caṇḍe@śvarī	1	kāka
caṇḍika	1	rudra
caṇḍy-ādi-prayoga-paddhati	1	sahasra
caṇḍy-ādi-vidhi	1	sahasra
caṇḍya	1	prā
caṇḍā	1	ugra
caṇḍī-vidhi	1	sahasra
caṇḍī-vidhāna	1	sahasra
caṇḍī-śata-caṇḍī-vidhāna	1	sahasra
caṇḍī@śvara	1	kāka
caṣaka	1	suvarṇa
caṭa	1	krama
caṭa-śraddha-prayoga	1	pārvaṇa
caṭaka-nyāya	1	andha
caṭikā	1	carma
caṭī	1	carma
cchadin	1	daśa
cchadis	1	sa
cchala-jāti-nigraha-maya	1	sa
cchallita	1	asthi
cchallī	1	bhramara
cchanda-tīrtha	1	ātma
cchandasya	1	sa
cchandatā	1	vana
cchandaḥ-kośa	1	prākṛta
cchandaḥ-prakāśa	1	vaidika
cchandaṣ-ṭīkā	1	prākṛta
cchandira	1	dvīpa
cchandoma	1	sa
cchardaka	1	vi
cchardanaka	1	rāma
cchardis	1	su
cchattrin	1	śveta
cchattrita	1	sita
cchavin	1	nīla
cchayā	1	jale
ccheda-prā@yaścitta	1	druma
cchedaka-prajñā-pāramitā	1	vajra
cchedika	1	śīrṣa
cchettṛ	1	vaṃśa
cchida	1	śīrṣa
cchidā	1	saṃdhi
cchinnā	1	bahu
cchu	1	kaṭa
cchātra	1	nava
cchāyikā	1	prati
cchāyā-praviṣṭa	1	eka
cchāyā-yoni	1	anya
cchāyā@śrita	1	eka
cchū	1	dhana
celaka	1	su
celin	1	caru
cella	1	śaka
ceta	1	vyāsajya
cetasa	1	prā
cetasika	1	citta
ceto-vilāsa	1	śaṃkara
cetuna	1	su
cetunā	1	su
cetī	1	vi
cetī-kṛta	1	su
ceṣṭa-rūpa	1	su
ceṣṭita-varṇana	1	bali
ceṭā	1	āhara
chabda-tva	1	tac
chad	1	mallikā
chadana	1	mallikā
chadma-para	1	māyā
chagalā	1	puṃś
chakaṭikā	1	mṛc
chakti-tas	1	yāvac
chakya	1	yāvac
chalalita	1	śvāvic
chalka	1	bṛhac
chalā@kṣara	1	rahasya
chandasam	1	yathā
chande@ndu-śekhara	1	bṛhac
chandika	1	bhūyaś
chanivāra-pūjā	1	sampac
charaṇa	1	śvāvic
charkaram	1	yāvac
charāva	1	yāvac
chastram	1	yāvac
chatru	1	vidyuc
chattraka	1	ati
chattrā	1	bṛhac
chauca	1	pac
chaya	1	hṛc
chaśa-dhara	1	śarac
chaśin	1	śarac
chaṭā	1	vasā
cheṣam	1	yāvac
chid	1	duś
chidrā	1	mahā
chikhin	1	śarac
chikhā	1	vidyuc
chilā-maya	1	mṛc
chimbī	1	bṛhac
chiras	1	bṛhac
chlokam	1	yāvac
choka-vivardhana	1	suhṛc
choṣa	1	hṛc
chraddha	1	yac
chramaṇa	1	paścāc
chravas	1	bṛhac
chreṣṭha	1	yāvac
chruti	1	avāk
chrī	1	śarac
chrī-krama	1	bṛhac
chukravāra-pūjā	1	sampac
chāka	1	sac
chākhā	1	asac
chāla	1	bṛhac
chāli	1	śarac
chāntistava	1	bṛhac
chārada	1	dṛṣac
chātā@tapa	1	bṛhac
chāyā	1	bhū
chūdra	1	sac
chūla	1	hṛc
chṛṅgāra-tilaka	1	bṛhac
ci	1	vipaś
cid-ghana	1	ānanda
cid-yoga	1	māyā
cihna-dukūla-vat	1	haṃsa
ciketa	1	na
ciketas	1	na
cikitsa	1	duś
cikitsita	1	kuṣṭha
cikitsā-ropaṇā@di	1	vṛkṣa
cikīrṣā	1	priya
cillaka	1	sa
cin-maya	1	eka
cintana-nirākaraṇa	1	brahma
cintāmaṇi-rasa	1	trailokya
cintāmaṇi-tantra	1	bīja
cintāratna-saṃgraha	1	siddhānta
cinvat	1	prā
cirbhaṭā	1	gaja
cirbhitā	1	kṣudra
cirbhiṭa	1	gaja
cirbhiṭī	1	indra
cit-vat	1	agni
citi-prayoga	1	loṣṭa
citka	1	sa
citra-caritra	1	vāmana
citra-hasta	1	laghu
citra-pattraka	1	tila
citra-pāṭala	1	mahā
citra-samutsedha	1	haima
citrin	1	vema
citrā@laṃkāra	1	laghu
citta-hārin	1	strī
citta-jñāna	1	para
citta-mantra	1	aneka
citta-prasādinī	1	vidvac
citta-tva	1	anavasthita
cittam	1	yathā
citte@ndriya	1	vyutthita
citte@ndriyā@nala	1	yata
cittika	1	prāyaś
cittikā	1	pūrva
cittin	1	prāyaś
citto@tpādana-śāstra	1	bodhi
citto@tpādika	1	prathama
cittā@tman	1	yata
cittī	1	pūrva
cittīya	1	prāyaś
cityā	1	agni
citā	1	kāṣṭha
citī	1	pūrva
ciñci	1	kāka
ciñcika	1	kāka
ciñcikā	1	baka
ciñcā	1	kāka
ciñcī	1	kāka
ciṭiṅga	1	cic
coda	1	radhra
codanam	1	prati
coditam	1	yathā
codya	1	ku
cola	1	pañca
colaka	1	ardha
colaka-vat	1	nīla
copaka	1	gale
coḍā	1	pañca
cukrā	1	caṇḍa
culika	1	vindhya
cullī	1	gṛha
culuka	1	samudra
cumbaka	1	ahi
cumbakanyāya	1	loha
cumbana	1	visarga
cunda	1	mahā
curi	1	kala
curya	1	prā
curṇa	1	nārāyaṇa
cuṇḍikā	1	saṃcāri
cuṭī	1	su
cyava	1	bhuvana
cyutā	1	ghṛta
cyāva	1	duś
cā@rtha-vāda	1	na
cāla	1	danta
cālana-nyāya	1	pañjara
cāmana	1	vāri
cāmuṇḍā-tīrtha	1	siddhi
cāmīkara	1	saṃtapta
cāndramasa	1	saurya
cāndrā@yaṇa	1	yati
cāpā@kṛṣṭa-mukta	1	bhrū
cāpā@ropaṇa	1	hara
cāra-tantra	1	śyāmā
cāraṇī	1	brahma
cārikā	1	pattra
cāritra-mati	1	samanta
cāru-bhāṣin	1	mṛdu
cāru-mañju-svaratā	1	madhura
cārv-añcite@kṣaṇa	1	pṛthu
cārya	1	vrata
cārā	1	su
cārāyaṇīya	1	kambala
cārī	1	mahā
cātanī	1	mecaka
cāttra	1	pūrṇa
cāturbhadrikā	1	bāla
cāturjātaka	1	kaṭu
cāturmāsya	1	pāśuka
cāturī	1	galla
cāṅgerī	1	ku
cāṇakya-rāja-nīti	1	laghu
cāṇḍāla	1	brāhmaṇa
cāṇḍālinī	1	ucchiṣṭa
cīna	1	mahā
cīnaka	1	sa
cīnā@ṃśuka	1	vicitra
cīra-nivāsana	1	sarpa
cīra-paṭa	1	parṇa
cīrī	1	mukha
cīrṇa-dhvaja	1	su
cīḍā	1	kapaṭa
cūcuka	1	stana
cūra-muni	1	ratna
cūri	1	kala
cūro@pā@khyāna	1	ratna
cūrṇa-paripālana	1	śrī
cūrṇaka	1	rakta
cūrṇi	1	eka
cūḍika	1	sāhasra
cūḍikā	1	kṛṣṇa
cūḍo@paniṣad	1	yoga
cūḍo@ttara	1	moha
cūḍo@ttara-śāstra	1	moha
cūḍāmaṇika	1	vṛkṣa
cūḍāmaṇy-upaniṣad	1	yoga
cūṣaka	1	sveda
d-vasu	1	śata
dabhna	1	dura
dad	1	āyur
dadhan	1	sa
dadhana	1	antar
dadhi	1	taruṇa
dadhi-bhakṣam	1	yathā
dadhiṣu	1	agre
dadhus	1	agre
dadhāna	1	antar
dadru	1	śilā
dagdha-mūrti	1	hara
dagdhaka	1	dava
dagdhikā	1	su
dagh	1	dakṣiṇa
daghvan	1	paścād
daha	1	vipra
dahyā	1	śava
dainya	1	nir
dairghya	1	saṃkṣipta
daitya-bhid	1	gaja
daivajña	1	keśava
daivasika	1	prāti
daivatam	1	prati
daivatyā	1	dvi
daivatā	1	bhartṛ
daivodāsa	1	rātrī
daka	1	pañca
dakṣaka	1	mārga
dakṣiṇam	1	apara
dakṣiṇatas	1	pratyag
dakṣiṇya	1	prā
dakṣṇā@varta	1	nāsā
dala-kaniśa	1	bahu
dala-prabha	1	aravinda
dalaka	1	bāla
dale@kṣaṇa	1	padma
dalikā	1	tri
damanikā	1	deva
damatha-vastu-kuśala	1	tri
damatra	1	mahā
dambhaka	1	loka
daminī	1	kāma
damya	1	dur
damya-sārathi	1	puruṣa
dant	1	rakta
danta-cchada	1	saṃdaṣṭa
danta-hara	1	pūṣa
danta-maya	1	asthi
danta-nakha	1	bhagna
danta-vat	1	phala
dantaki	1	kāka
dantatā	1	avirala
danteya	1	bāhu
dantāvala	1	harid
dantī-bīja	1	vakra
dantī-suta	1	valgu
danḍa	1	kūpa
darbhi	1	vṛṣā
dari	1	go
darpa-bhaṅga	1	dhanvantari
darpa-han	1	dundubhi
darpaṇa-vidhi	1	homa
darpaṇikā	1	yaśo
darvi	1	ayo
darvya	1	vi
darvī	1	homa
darī	1	kuñjara
darī-bhavā	1	bhū
darśam	1	bāla
darśana-lālasa	1	pati
darśana-mṛtyuka	1	viṣa
darśana-nyāya	1	arundhatī
darśana-prakāra	1	vyāsa
darśana-stotra	1	mārkaṇḍeya
darśana-sāmarthya	1	hīna
darśanam	1	yathā
darśanā	1	cāru
darśanā@di-tas	1	rāma
darśanī	1	pratīpa
darśanīya	1	su
darśata	1	viśva
darśikā	1	priya
darśinī-nighaṇṭu	1	ṣaḍ
darśinī-prakaraṇa	1	ṣaḍ
darśitam	1	yathā
darśitva	1	ucita
das	1	draviṇo
dasma	1	puru
datrima	1	anitya
datta-sūnu	1	harṣa
datta-vaidyaka	1	vaṅga
datteya	1	vāyu
dattikā	1	kāma
dattra	1	go
dattā@kṣara	1	cyuta
dattāyana	1	brāhma
dattīya	1	yajña
dauhitra	1	dauhitra
davat	1	prāṇa
dayā-prakaraṇa	1	jīva
dayā-sahasra	1	śiva
daśa-bhāṣya	1	śukla
daśa-divasa-paddhati	1	pauṇḍarīka
daśa-prakṛti	1	aṣṭā
daśa-ratha	1	sa
daśa-rca	1	aṣṭā
daśa-rātra	1	kusurubinda
daśa-vakra	1	aṣṭā
daśa-vakrikā	1	aṣṭā
daśamī	1	vijaya
daśana-jyotsna	1	sa
daśanā	1	śikhara
daśanā@rcis	1	sa
daśarātra	1	chandoma
daśe@śa	1	grāma
daśika	1	pañca
daśā-prakaraṇa	1	varṣa
daśā@kṣara	1	śrī
daśā@rha-kula	1	su
daśā@vayava	1	daśa
daśī	1	catur
daḍa	1	nir
daṃsa	1	puru
daṃśakaka	1	vṛṣa
daṃśikā	1	kṣudra
daṃśita	1	su
daṃśman	1	tṛṣṭa
daṃśī	1	kṣudra
daṃṣṭra-keśa	1	ūrdhva
daṃṣṭrikā	1	sarpa
daṃṣṭrā-ja	1	potri
daṃṣṭrī	1	sarpa
daṇḍa-dhara	1	sarva
daṇḍapāla	1	pṛthivī
daṇḍapāla-tā	1	pṛthvī
daṇḍi	1	dvi
daṇḍikā	1	su
daṇḍā	1	sarpa
daṇḍā@rha	1	śata
daṇḍā@tapatrin	1	ratna
daṇḍāyani	1	śāra
daṇḍāyanī	1	śāra
daṇḍāyinī	1	śāra
daṇḍī	1	aja
daṣṭa	1	sarpa
daṭa	1	nir
dbhava	1	yato
de@śa	1	kṣaṇa
de@śvara-tīrtha	1	tila
degha	1	vi
deha-bhāvin	1	yāvad
deha-bhūṣa	1	jānakī
deha-dāna	1	sva
deham	1	prati
dehatyāga	1	satī
dehā	1	svalpa
dehā@rdha	1	strī
deva-campū	1	puru
deva-gṛha	1	yakṣa
deva-jana	1	sarpa
deva-kula	1	nava
deva-lipi	1	bhauma
deva-sthāna	1	bṛhad
deva-svāmin	1	guru
deva-yajana-mātra-deśa	1	abhito
devatā-kathana	1	nakṣatra
devatā-pratiṣṭhā	1	sakala
devatā-pūjā-vidhi	1	samasta
devyā	1	vasu
devī-māhātmya	1	rājñī
devī-māhātmya-paṭala	1	śāradā
devī-pañcā@ṅga	1	rājñī
devī-sū@kta	1	hiraṇya
devī-tīrtha	1	gaṇitā
devī-śarman	1	caṇḍī
devīka	1	sa
devīya	1	mahā
deśa-darśin	1	bahu
deśa-ja	1	gaḍa
deśa-vat	1	sāmānya
deśa-vibhāga	1	kāla
deśa-vṛtti-tva	1	alpa
deśa-vṛttā@nta-saṃgraha	1	sarva
deśe	1	varūthya
deśin	1	prā
deṇṭikā	1	nāga
deṣṇu	1	su
dh	1	agni
dha-kāminī	1	ambu
dhairyam	1	sa
dhairyā@śraya	1	viveka
dhala	1	bṛhad
dhamana	1	nir
dhana-dhānya-vat	1	prabhūta
dhana-saṃghā@rāma	1	nagara
dhana-vihāra	1	nagara
dhanin	1	sarva
dhanur-veda	1	śiva
dhanuṣka	1	vi
dhanvi-purī-māhātmya	1	śrī
dhanvāyana	1	bhīma
dhara-bhaṭṭa	1	līlā
dhara-miśra	1	kṣoṇī
dhara-svāmin	1	sīma
dharaṇi-dhara	1	pṛthu
dharaṇī	1	prākāra
dharaṇī-sena	1	śiṅga
dharaṇī@śa	1	śiṅga
dharaṇīya	1	śiro
dhareya	1	yaśo
dharma-dhvaja	1	mahā
dharma-dundubhi	1	mahā
dharma-dviṣ	1	brahma
dharma-gata	1	daśa
dharma-gaṇi	1	bhāva
dharma-kathā	1	aneka
dharma-kriya	1	lupta
dharma-maṇḍana	1	śaiva
dharma-mīmāṃsā	1	vaiṣṇava
dharma-nirbhaya-stotra	1	yama
dharma-nirṇaya	1	kali
dharma-prakāśa	1	bṛhad
dharma-purāṇa	1	bṛhad
dharma-putraka	1	pārvatī
dharma-saṃgha	1	buddha
dharma-saṃgraha	1	saṃnyāsa
dharma-sura-druma-mañjari	1	vaiṣṇava
dharma-trāta	1	bhadanta
dharma-varṇana	1	bhagavad
dharma-vid	1	pṛthag
dharmam	1	yathā
dharmatā-vāda	1	pakṣa
dharmika	1	vi
dharmitā@vacchedaka-vādā@rtha	1	navya
dharmiṣṭha	1	su
dharmo@ttara	1	saura
dharmya	1	sauna
dharmā	1	viṣa
dharmā@gama	1	siddhānta
dharmā@nuṣṭhāna-paddhati	1	vaiṣṇava
dharmā@rtha-nītimat	1	sāma
dharmā@tman	1	parama
dharmī	1	nāṭya
dharola-nagara	1	śrī
dhartu	1	dur
dharuṭa	1	dur
dharītu	1	dur
dhasa	1	pauro
dhasta	1	vidyud
dhata	1	śakṛd
dhati	1	pad
dhaureyaka	1	puruṣa
dhautā	1	mukha
dhava-strī	1	sa
dhavala-purāṇa	1	mahā
dhavalita	1	sudhā
dhavalā	1	śaṅkha
dhavis	1	yāvad
dhaḍī	1	pad
dhaṭa	1	tulā
dhemā@dri	1	bṛhad
dhenava	1	sva
dhenu-māhātmya	1	karpāsa
dhenu-tantra	1	śata
dhenūka	1	bahu
dhetos	1	yad
dhetu	1	sad
dhik-kṛti	1	bheda
dhika	1	payo
dhikā	1	puro
dhima	1	pad
dhima-ruci	1	śarad
dhināman	1	antar
dhitā@tman	1	jagad
dhiṣṇyam	1	yathā
dhmā	1	śaṅkha
dhoma-bhāj	1	upariṣṭād
dhoma-paddhati	1	bṛhad
dhoraṇa	1	vṛka
dhrada	1	śarad
dhrajati	1	citra
dhraka	1	mahī
dhru	1	asmṛta
dhrut	1	varuṇa
dhruvi	1	nai
dhrāji-gati	1	vāta
dhu	1	sabar
dhuma	1	go
dhuni	1	dyu
dhurūṭa	1	dur
dhustūra	1	bṛhad
dhustūraka	1	rāja
dhuvaka	1	divi
dhuṇḍhi-rāja	1	dīkṣita
dhvaj	1	kṛta
dhvaja-baddhaka	1	caura
dhvaja-ketu	1	candra
dhvaja-mālin	1	patākā
dhvaja-patākin	1	śukla
dhvaja-tīrtha	1	vijaya
dhvaja-vat	1	samucchrita
dhvaji	1	sāra
dhvajika	1	pāri
dhvanana	1	karṇa
dhvani-komala	1	mañjīra
dhvansana	1	prā
dhvanī	1	bṛhad
dhvas	1	parṇa
dhvasta-śiroruha	1	pāṃsu
dhvaṃsaka	1	kāraṇa
dhvaṃsana	1	kaṃsa
dhvāṅkṣa	1	tīrtha
dhvāṅkṣī	1	vṛṣa
dhvṛt	1	satya
dhyāna-muktā@valī	1	bhagavad
dhyāna-paddhati	1	śiva
dhyāna-prakāra	1	vaiṣṇava
dhyāna-sopāna	1	bhagavad
dhyāna-stotrā@di	1	viṣṇu
dhyāna-varṇana	1	rudra
dhyānin	1	mṛṣā
dhyānā@di-kathanā@dhyāya	1	rāga
dhā-prayoga	1	aneka
dhāma-muni-śiṣya	1	vidyā
dhāma-vat	1	trayī
dhāmā	1	cāru
dhānaka	1	rāja
dhānika	1	prā
dhānin	1	havir
dhānya-dhana-rddhi-mat	1	paśu
dhānya-kara	1	priya
dhānā@yatana	1	uda
dhānīya	1	puro
dhāpayanta	1	vāri
dhāraṇa-piṇḍa	1	rayi
dhāraṇa-vidhi	1	vibhūti
dhāraṇa-yantra	1	taritā
dhāraṇaka	1	pañca
dhāri	1	cāmara
dhārikā	1	kumbha
dhārita	1	garbha
dhārita-grantha	1	hari
dhārtarāṣṭra	1	nir
dhārā-dhara	1	varṣa
dhārā-gṛha	1	yantra
dhārā-tīrtha	1	sapta
dhārā@sāra	1	avirala
dhārā@valī	1	bṛhad
dhārī	1	sarva
dhārīta	1	bṛhad
dhāsa	1	īṣad
dhāsya	1	īṣad
dhāta	1	su
dhātavya	1	tiro
dhātirī	1	bhū
dhātrī-phala	1	kāṣṭha
dhātu-kārikā	1	vasu
dhātu-paribhāṣā	1	gaṇa
dhātu-vṛtti	1	mādhavīya
dhātvī	1	vajra
dhātvī@śvarī	1	vajra
dhāvana-toya	1	mīna
dhāvanaka	1	danta
dhāyin	1	amṛta
dhāyuka	1	su
dhāṇikī	1	maṇḍūra
dhāṭī	1	aśva
dhī-gamya	1	svapna
dhī-vṛddhida-mahā-tantra	1	śiṣya
dhīra-cetas	1	sāgara
dhūlikā	1	go
dhūma-bhava	1	gandha
dhūma-ketu	1	jvara
dhūma-nyāya	1	vahni
dhūma-prasara	1	vicchinna
dhūmaja	1	gandha
dhūmravarṇā	1	su
dhūmya	1	su
dhūnana	1	śiro
dhūpi	1	vāsa
dhūpya	1	su
dhūr-vaha	1	dvi
dhūrjaṭi-dīkṣita	1	kṛṣṇa
dhūrta-niśācara	1	bhaṇḍa
dhūrti	1	kṣema
dhūrtila	1	akṣa
dhūsara-pucchikā	1	uṣṭra
dhūsara-pucchī	1	uṣṭra
dhṛtvan	1	kṣema
dhṛtā@yudha	1	ugra
dhṛṣṇu	1	saṃvṛkta
dhṛṣṭama	1	su
didyu	1	aśma
didṛkṣu	1	hāsya
dig-deśa	1	nānā
digdhā@ṅga	1	mala
dih	1	su
dik	1	yathā
dik-ka	1	gṛhīta
dik-kam	1	catur
dik-stha	1	uttara
dikka	1	sarvato
dikṣu	1	catur
dina-caryā	1	prapanna
dina-kara	1	miśra
dina-spṛś	1	tri
dinam	1	prati
dinna	1	deva
dinnā	1	dharma
dipsu	1	rāṣṭra
dir	1	kalaśa
diti	1	su
div	1	su
divas	1	sa
divin	1	tri
divya-caritra	1	sītā
divā	1	su
divā@kara	1	kāla
diśya	1	pūrva
diṇḍīra	1	lāṭa
diṇṇa	1	deva
doha-saṃnejana	1	gāṃ
dohada-śāntika	1	nakṣatra
dohaka	1	go
dohala	1	harṣa
doham	1	madhu
dohani	1	prā
dohinī	1	kāma
dolo@tsava	1	dolā
dolā-stha	1	saṃdeha
dolī	1	dur
dor-daṇḍa	1	prauḍha
doṣa-hara	1	viṣa
doṣa-harī	1	śūla
doṣa-ja	1	sva
doṣa-kṛt	1	abhyantara
doṣa-maya	1	sakala
doṣaka	1	sa
drapsu	1	uru
drava-saṃhati	1	agra
drava-śūla	1	anna
dravya-sampad	1	puruṣa
dravya-virodha	1	artha
dravyā@di-vacana	1	pratimā
dravā	1	virala
dravī	1	dharma
dravī-bhāva	1	citta
draṅgā	1	mārga
draṣṭavya	1	dṛṣṭa
dreṣkāṇa	1	vyāla
drik	1	yuva
droṇa-maya	1	tila
droṇā	1	mahā
drugdha	1	akṣa
druha	1	viṣu
druka	1	hari
drukā	1	śata
druma-kesara-dhvaja	1	vajra
druta	1	bhaya
dryac	1	deva
drāpi	1	hiraṇya
drāvaṇa	1	garbha
drāviḍa-jāti	1	pañca
drū	1	śata
dugdhaka	1	hema
dugdhin	1	hema
dughā@kṣiti	1	kāma
duhā	1	dur
dundu	1	mahā
dundubhi-svana	1	ghana
dur	1	prā
dur-dina	1	nārāca
dur-lambha	1	ati
dur-ukta	1	vāg
dur-vipāka	1	daiva
dura	1	śata
durbhaga	1	su
durbheda	1	liṅga
durbhida	1	su
durbhikṣa-pīḍita	1	vyādhi
durbuddhi	1	su
durdarśa	1	su
durdhara	1	aṅkuśa
durdṛśa	1	su
durga-bhañjana	1	saṃkalpa
durga-racana	1	vihita
durgama	1	su
durgamya	1	su
durghaṭo@dghāṭa	1	vyākaraṇa
durgā-dig-bandhana	1	śūlinī
durgā-yantra	1	śrī
durgā@di-mantra-prayoga	1	vaidika
durjana	1	duṣṭa
durjara	1	su
durjaya	1	su
durjñeya	1	su
durlabha	1	su
durmada	1	smara
durmanas	1	su
durmarṣa	1	su
durmati	1	su
durmedhas	1	parama
durnirīkṣaṇa	1	su
durodara	1	prāṇa
durukti	1	su
durvaca	1	su
durvacas	1	su
durveda	1	su
durvida	1	su
durācara	1	nara
durācāra	1	su
durādharṣa	1	su
durālabhā	1	kṣudra
durāruha	1	su
durāsada	1	su
durāvarta	1	su
durūṭa	1	dur
dustara	1	su
dustyaja	1	su
dustāra	1	su
duścara	1	su
duścikitsa	1	su
duḥ-sparśā	1	kṣudra
duḥkha-dā	1	ghrāṇa
duḥkha-kṣaya	1	sarva
duḥkha-samanvita	1	śoka
duḥkha-vāsam	1	bahu
duḥkha-śīlatā	1	dohada
duḥkhin	1	duḥkha
duḥsparśa	1	su
duḥśrava	1	su
duṣkha	1	su
duṣkhita	1	su
duṣkula	1	su
duṣkṛta-bhoga	1	pūrva
duṣprabha	1	su
duṣprasādhya	1	su
duṣpre@kṣya	1	su
duṣprā@pa	1	su
duṣpāra	1	su
duṣvapnya	1	jāgrad
duṣṭā	1	yoni
duṣṭā@nta-kṛt	1	sarva
duṣṭā@riṣṭa-śānti	1	prapanna
dvaidha-prakaraṇa	1	tithi
dvaidhī-bhāva	1	dhṛta
dvaipāyana	1	kṛṣṇa
dvaita-nirṇaya	1	dharma
dvandva	1	mahā
dvara-gopura	1	pāṇḍara
dvaras	1	vṛka
dvaya-kāraṇatā-vāda	1	nyāya
dvaya-maya	1	varṇa
dvaya-prayoga	1	homa
dvaya-samāpatti	1	dvaya
dvaya-samāsa-prayoga	1	homa
dvaya-vaiyarthya	1	viśeṣaṇa
dvaya-vat	1	śakti
dveṣā	1	tulasī
dvi-bhuja	1	sama
dvi-caturaska	1	ardha
dvi-dvibhuja	1	sama
dvi-saptaka	1	saika
dvija-rūpin	1	vṛddha
dvir-āgamana-paddhati	1	vivāha
dvirūpa-kośa	1	bharata
dvivārṣika	1	ūna
dviṣā	1	viṣa
dviṣṭā	1	śiva
dvā-saptati-kalā	1	śrāddha
dvādaśa-bhāva	1	lagna
dvādaśa-kīrtana	1	avatāra
dvādaśa-nāma-mahima-stotra	1	lakṣmī
dvādaśa-nāma-mahiman	1	lakṣmī
dvādaśa-nāman	1	hanumad
dvādaśa-rātra	1	kṛcchra
dvādaśa-vrata	1	liṅga
dvādaśan	1	prati
dvādaśikā	1	matsya
dvādaśā@ha-paddhati	1	samūḍha
dvādaśā@kṣarī	1	vāsudeva
dvādaśā@ryā	1	sūrya
dvādaśā@śra	1	sama
dvādaśī-vicāra	1	mahā
dvāra-vatī	1	laghu
dvāraka-śāstra	1	nyāya
dvāram	1	prati
dvāreya	1	śāta
dvāri	1	prati
dvārin	1	bahir
dvārā@vakīrṇa	1	sapta
dvātriṃśikā	1	bharaṭaka
dvīpa-cakravartin	1	catur
dvīpa-vatī	1	marud
dvīpa-śobhita	1	pulina
dvīpam	1	prati
dvīpin	1	anta
dvīpā	1	abdhi
dvīpīya	1	śāka
dyas	1	sa
dyavi	1	pare
dyo	1	vṛṣṭi
dyotaka	1	kha
dyoti	1	prā
dyotinī	1	pada
dyotman	1	su
dyotā	1	mahā
dyuman	1	maha
dyumaṇi-dīpikā	1	śiva
dyumni	1	prā
dyāvan	1	vṛṣṭi
dyāvā	1	pṛthivī
dyūtā@di	1	akṣa
dā@na	1	dama
dāgha	1	nai
dāha-samudbhava	1	vahni
dāha-sthāna	1	jana
dāhaka	1	śava
dāhana	1	haṃsa
dāhīya	1	bhūta
dākṣa	1	kumārī
dākṣi-nagara	1	śrī
dākṣiṇya	1	nir
dālaka	1	rajju
dāli	1	rāga
dāly-udara	1	yakṛd
dālya	1	yakṛd
dāmana	1	su
dāminī	1	su
dāmnī	1	dvi
dāmodara	1	miśra
dāna-cyuta	1	bābhrava
dāna-māhātmya	1	purāṇa
dāna-paddhati	1	ghṛta
dāna-prayoga	1	rajata
dāna-vrata	1	go
dānaka	1	pitṛ
dānava-mardana	1	daitya
dānava-rātra-pūjā	1	śara
dāni	1	viśva
dānika	1	prā
dānin	1	agra
dānī	1	deva
dāra-kriyā	1	punar
dāri	1	veṇu
dāridrya	1	nir
dārika	1	pāra
dāru-śaila	1	mṛd
dārva	1	vi
dārvya	1	vi
dārya	1	pāra
dārā	1	kumāri
dārī	1	pāda
dārḍhya	1	pada
dās	1	su
dāsa-bhūpāla	1	bhīma
dāsa-puruṣa	1	bahu
dāsa-pūruṣa	1	bahu
dāsaka	1	cupa
dāsikā	1	gṛha
dāsā	1	viśva
dāti	1	havya
dātra	1	bhūri
dātṛ-tva	1	chidra
dāvarī	1	go
dāvika	1	pūrva
dāvya	1	viśva
dāyam	1	yathā
dāyā	1	āśīr
dāśa	1	pauro
dāśaka	1	nāga
dāśu	1	anumṛgya
dāśvas	1	vara
dāśā-phala	1	rāśi
dāśū	1	kṛka
dīdhiti-ṭippanī	1	guṇa
dīdhiti-ṭīkā	1	guṇa
dīditi	1	su
dīkṣam	1	yathā
dīkṣaṇīyā	1	adhvara
dīkṣitin	1	saha
dīkṣitīya	1	maṇi
dīkṣo@pasatka	1	sa
dīkṣā-paddhati	1	vaiṣṇava
dīkṣā-tantra	1	gupta
dīkṣā-tilaka	1	vivāha
dīnam	1	sa
dīnā@nukampaka	1	hīna
dīnāra	1	hema
dīpa-dāna-vidhi	1	mahā
dīpa-dāna-vidhāna	1	mātaṃgī
dīpa-kalikā	1	śrāddha
dīpa-kalpa	1	lakṣa
dīpa-māhātmya	1	saṃvatsara
dīpa-nyāya	1	dehalī
dīpa-prabhā	1	siddhānta
dīpa-vrata-māhātmya	1	saṃvatsara
dīpa-vrato@dyāpana	1	lakṣa
dīpa-vyākaraṇa	1	vyākaraṇa
dīpa-vyākhyāna	1	vṛtta
dīpaka-piṅgala	1	rūpa
dīpikā-vṛtti	1	prayoga
dīptā	1	pīta
dīpya	1	sita
dīpā@rtha-sāra	1	śāstra
dīrgha-bāhu	1	pṛthu
dīrgha-caturasra	1	āyata
dīrgha-ghoṇa	1	tanu
dīti	1	su
dīya-bhaṭṭa	1	vana
dūlikā	1	taru
dūrva	1	sa
dūrvā-maya	1	kuśa
dūrā@nta	1	dur
dūsa	1	avi
dūtaka	1	yama
dūti	1	deva
dūṣakatā-bīja	1	upādhi
dūṣayitṛ	1	kanyā
dūṣaṇaka	1	mukha
dūṣaṇī	1	śata
dūṣaṇī-khaṇḍana	1	śata
dūṣaṇī-vyākhyā	1	śata
dūṣaṇī-yamata	1	śata
dūṣin	1	kanyā
dūṣiṇī	1	śata
dūṣya	1	kalpa
dṛg-ja	1	atri
dṛśam	1	prati
dṛśna	1	anati
dṛśya-prakaraṇa	1	dṛg
dṛśya-viveka	1	dṛg
dṛḍha-netra	1	vajra
dṛḍha-rūpā	1	aślīla
dṛḍha-vrata	1	śubha
dṛḍha-vratā	1	bhartṛ
dṛḍhi	1	pāri
dṛḍhā	1	raṅga
dṛḍhā@bhedya-sunilambha	1	dharma
dṛṃha	1	bhūmi
dṛṃhaṇa	1	keśa
dṛṣad	1	rāja
dṛṣṭam	1	yathā
dṛṣṭi-samuccaya-vyākhyā	1	yoga
dṛṣṭikṣepam	1	sa
dṛṣṭin	1	ku
dṛṣṭipāta	1	sama
dṛṣṭā@nta	1	prati
dṛṣṭā@nta-kathā	1	daśa
dṛṣṭā@rtha	1	vyakta
edha	1	sākam
ehikā	1	kiyad
eka-cakṣus	1	jagad
eka-citta	1	tad
eka-deśa	1	bhūmy
eka-mukha-kavaca	1	hanumad
eka-nātha	1	jagad
eka-pāvana	1	jagad
ekarasa	1	pratyag
ekā@ntara	1	dvy
ekādaśinī	1	paśv
ela	1	tvag
elā	1	bṛhad
enasya	1	praty
eta	1	ubhayata
etikā	1	kiyad
etṛ	1	pura
evo@paniṣad	1	tad
eṇī	1	try
eṣa	1	gav
eṣaṇa	1	gav
eṣaṇīya	1	gav
eṣin	1	gav
eṣita	1	gav
ga-bhogya	1	adhva
ga-mūlaka	1	veṇī
gadgadam	1	bhūri
gadgadapadam	1	sānanda
gadgadā	1	haṃsa
gadin	1	pitta
gadita	1	śrī
gadya-nirūpaṇa	1	lalitā
gadā	1	hiraṇya
gadādharī	1	āloka
gagana-candrikā	1	cid
gahanā@bhyudgata-rāja	1	dharma
gahvara	1	hanumad
gairika-dhātu	1	giri
gaja-kesarin	1	samīra
gajavilasita	1	ṛṣabha
gajinī	1	kola
gajā@roha-prakāra	1	nūtana
gajā@ṅkuśa	1	vāta
gaka	1	pataṃ
gala-gata	1	antar
gala-praśoṣa	1	tālu
galbhya	1	prā
galbhī	1	prā
gallikā	1	aja
galvarka-maya	1	masāra
galya	1	kha
galā	1	su
gamam	1	yāvad
gamana-vidhi	1	pravāsa
gamanī	1	vyoma
gambhīram	1	bhāva
gambu	1	jala
gamin	1	grāma
gandha-nibandha-kṛt	1	vakra
gandha-nibhā	1	khara
gandha-pati	1	bhū
gandha-rasa	1	dur
gandha-vat	1	guṇa
gandhe@bha	1	jala
gandhi-haridrā	1	āmra
gandhita	1	surabhi
gandhā@kṛti	1	basta
gandhā@ḍhya	1	uttama
gandhālu	1	ati
gandhāra	1	su
gandhī	1	saumya
gandika	1	kiṣkindha
ganman	1	su
gantavya	1	adhva
gantva	1	su
garas	1	sa
garbha-dhāraṇa-vidhi	1	vandhyā
garbha-gṛha	1	devī
garbha-kathā	1	viśrambha
garbha-maya	1	aśma
garbha-vatī	1	punar
garbhi	1	ākāśa
garbhita	1	vākya
garbhita-śāstra	1	nīti
garbhya	1	sa
garbhā@bha	1	kamala
garbhā@hvā	1	śaila
gardabhi	1	haya
gargarī	1	salila
garha	1	nir
garhaṇa	1	khyāta
garhaṇīya	1	viśeṣa
garhya-vāc	1	bahu
garhā	1	bhāva
garjanā	1	megha
garjita-ghoṣa-svara-rāja	1	bhīṣma
garjita-ghoṣa-tā	1	megha
gartā	1	hasti
gartā@śrayā@pcara	1	mṛga
garut	1	śveta
garuta	1	śveta
garuḍa	1	yantra
garuḍā@hvaya	1	pātāla
garuḍī	1	pātāla
garā	1	śaṃ
gata-vasti-guhyatā	1	kośa
gati-dīpikā	1	prapanna
gati-samatikrānta	1	pañca
gati-tva	1	āśu
gatvan	1	pūrva
gaty-anta	1	adhva
gatya	1	daur
gatā@dhyāya	1	svara
gaucya	1	gāṃ
gaurava-vicāra	1	lāghava
gauravam	1	sa
gaury-aṣṭaka	1	maṅgalā
gaurī-pūjā-vidhi	1	śītalā
gaurī-tīrtha	1	bāla
gaurī-vrata-kathā	1	maṅgalā
gaurī-vrata-vidhi	1	saubhāgya
gaurī-vrato@dyāpana	1	maṅgalā
gaurī-vrato@dyāpana-vidhi	1	hasti
gaurī@śa	1	śaṃkara
gaurīvita	1	mahā
gauḍa-brāhmaṇa-jāti	1	pañca
gavedhukā	1	hrasva
gaveṣa	1	dharma
gavi	1	su
gavā@kṣaka	1	jāla
gavā@śva	1	hasti
gavīya	1	ṣaḍ
gañji	1	tila
gañjin	1	tila
gaḍaka	1	paṅka
gaḍula	1	gālava
gaṅg'oka	1	naṭa
gaṅgaka	1	lohita
gaṅgā-tīrtha	1	sūrya
gaṅgādhara	1	saṃskāra
gaṇ	1	su
gaṇa-nāman	1	sahasra
gaṇa-pati-dhyāna	1	ṣoḍaśa
gaṇa-pati-lakṣaṇa	1	ṣoḍaśa
gaṇa-pati-vijaya	1	nara
gaṇa-pati-vrata	1	dūrvā
gaṇa-yoga	1	pañca
gaṇagin	1	vīṇā
gaṇakin	1	vīṇā
gaṇanā-lekhya	1	amara
gaṇapati-pūjā	1	bāla
gaṇapati-tattva-ratna	1	mantra
gaṇika	1	śva
gaṇita-dvādaśa-horā-prakāśa	1	saura
gaṇita-paddhati	1	varṣa
gaṇita-vidhi	1	mānasa
gaṇita-ṭīkā	1	pati
gaṇo@ddeśa	1	gaura
gaṇī	1	daśa
gaṇī-putra	1	vārṣa
gaṇḍa-karaṭa	1	bhinna
gaṇḍa-lekha	1	pāṭala
gaṇḍa-phalaka	1	mugdha
gaṇḍira	1	pāda
gaṇḍu	1	cakra
gaṇḍī	1	paṅka
gaṇḍīra	1	vi
gaṇṭa	1	matsa
gaṇṭha	1	matsa
gdhi	1	sa
ge-vṛdh	1	su
geha-vāsa	1	para
geṣṇā	1	su
ghana-sāriṇī	1	varṇa
ghanā	1	pattra
ghanā@cārya	1	bodha
ghara	1	dolā
gharaka	1	dolā
gharaṭṭikā	1	tuṣāra
ghargharī	1	vastra
gharikā-gṛhaka	1	su
gharma-sad	1	prā
gharṣaṇa	1	kara
gharṣin	1	kara
ghasa	1	mahā
ghasmara	1	bhava
ghasta-vat	1	vāg
ghatano@pakaraṇa	1	prastara
ghaṇḍā	1	gopa
ghaṇṭuka	1	nai
ghaṇṭā-dhara	1	mahā
ghaṇṭā-kṛta-nyāya-ratna-prakaraṇa	1	maṇi
ghaṭa-mudgara	1	vādi
ghaṭakarpara	1	pūrva
ghaṭanā	1	daṇḍa
ghaṭi	1	jala
ghaṭita-lakṣaṇa	1	kūṭa
ghaṭā@khyāyikā	1	saktu
ghaṭī-yantra-cakra	1	vār
ghaṭīyā	1	vandya
ghaṭṭaka	1	ara
ghaṭṭita	1	su
ghna-gaja-dāna-vidhi	1	vraṇa
ghna-ratna-dāna-vidhi	1	vraṇa
ghna-stha	1	avīra
ghnaka	1	anila
ghnat	1	bherī
ghnikā	1	viṣa
ghnin	1	śata
ghnu	1	śata
ghoma	1	prāg
ghora-nirghoṣa	1	ghurughurā
ghora-rūpa	1	aghora
ghora-vimūḍhatva	1	śānta
ghoṇa-tīrtha	1	kumbha
ghoṣa-svāmin	1	jīva
ghoṣaṇa	1	jaya
ghoṣita	1	su
ghoṣātakī	1	hasti
ghu	1	ghu
ghuṣa	1	araṃ
ghuṣya	1	ghora
ghuṣṭa	1	uccair
ghuṣṭa-kara	1	śastra
ghāma	1	aśva
ghāra	1	prā
ghāta-dāyin	1	pāṣāṇa
ghāta-kara	1	sainya
ghāta-yatna	1	kṛta
ghātuka	1	mātṛ
ghātyā	1	jīva
ghāṭaka	1	danta
ghāṭika	1	dīrgha
ghūrṇā	1	mahā
ghṛṇya	1	nair
giri-purāṇa	1	padma
giri-vāsin	1	abhaya
girī	1	deva
girī@śā@ṣṭo@ttara-śata	1	yadu
girīya	1	rāja
girīśa	1	gīta
gla	1	su
gluntha	1	madhu
gman	1	pṛthu
gmya	1	su
go-doha	1	hyo
go-duh	1	grāma
go-duha	1	dhenu
go-dāna-paddhati	1	śata
go-dāvara	1	sapta
go-kṣuraka	1	kṣudra
go-pāla	1	saṃtāna
go-pāla-vidhi	1	saṃtāna
go-svāmin	1	rūpa
go-yuga	1	khara
gocaram	1	ādṛṣṭi
godhā@ṅgulitra-vat	1	baddha
godhūma-ja	1	yava
godhūma-vat	1	yava
godāna-paddhati	1	sahasra
goha	1	ūbadhya
gohana	1	avadya
gokarṇī	1	śveta
gola-khaṇḍana	1	loha
gola-stha	1	candra
golikā	1	candra
golī	1	gala
gonasa	1	vṛddha
gopa-vadhū	1	kalama
gopa-varman	1	viṣṇu
gopadatta	1	bhadanta
gopi	1	yaśo
gopikā	1	gṛha
gopitā	1	nanda
goptrī	1	pratihāra
gopucchika	1	pārama
gopya	1	su
gopāla-nirṇaya-bhakti	1	dvādaśa
gopāla-pratiṣṭhā	1	veṇu
gopālikā	1	gaṇḍa
gorakṣa	1	sad
gosa	1	piṇḍa
gotama	1	gaura
gotra-ja	1	bahu
gotra-kula-kalpam	1	yathā
gotrya	1	viśva
gotrā	1	brāhmaṇi
govinda-siṃha	1	vijaya
govinda-śarman	1	dhīra
goyuga	1	aśva
goḍikā	1	gala
goḍī	1	gala
goṇi-ga	1	dharaṇi
goṇikā	1	jāla
goṇī	1	carma
goṣpada	1	saṃyuga
goṣṭham	1	paro
goṣṭhikā	1	pāna
goṣṭhī-māhātmya	1	śrī
graha-gṛhīta	1	śva
graha-homa	1	sāvitra
graha-mañjari	1	laghu
graha-mañjarī	1	sāra
graha-phala	1	hillāja
graha-prakaraṇa	1	viparīta
graha-prā@yaścitta	1	śva
graha-vat	1	rāga
graha-yuty-adhikāra	1	nakṣatra
graha-śānti	1	ṣaḍ
grahaṇa-paddhati	1	saṃnyāsa
grahaṇa-ratnamālā	1	saṃnyāsa
grahaṇika	1	pāṇi
grahaṇīya	1	pāṇi
grahiṣṇu	1	phala
graho@tpāta	1	nakṣatra
grahī	1	sapta
granihi	1	gala
grantha-dīpikā	1	sakala
grantha-nibarhaṇa	1	sapta
grantha-pattra	1	vaidyaka
grantha-pūrva-pakṣa-rahasya	1	viruddha
grantha-rahasya	1	viruddha
grantha-rāja	1	smṛti
granthana	1	puṣpa
granthi-bandha	1	paryaṅka
granthi-prathama-vicāra	1	karma
granthi-siratā	1	nir
granthikā	1	ṣaḍ
granthin	1	satya
granthinikā	1	chinna
granthya	1	nair
grasana	1	rāhu
grastā	1	dhanvantari
grathana	1	mālya
grathaṇā	1	varṇa
gri	1	tuvi
grumuṣṭi	1	darbha
grāhi-tā	1	danta
grāhya-paddhati	1	saṃnyāsa
grāma-yājaka	1	nakṣatra
grāmara	1	śrī
grāmīya	1	samāna
grāmīṇa-vādyo@kta	1	bhava
grāsam	1	nāsya
grāsikā	1	agra
grīva-tīrtha	1	ratna
grīvaka	1	mayūra
grīvam	1	tiryag
grīvi	1	khāri
grīvin	1	mahā
grīvī	1	skandho
grīṣma	1	su
guccha-phala	1	kṣīra
guccha-phalā	1	nakha
gucchaka	1	dhūli
gucchā	1	cāru
guda-valaya	1	antar
gudh	1	viśva
gudā	1	sthūra
guggula	1	kaṣṭa
guhya-maya	1	sarva
guhya-varnaṇa	1	mathurā
guhyā	1	śaśi
guhī	1	deva
guli	1	vāg
gulmaka	1	vātsya
gulmā	1	mahā
gulpha	1	su
gulphatā	1	gūḍha
gumphikā	1	mauktika
gunna	1	śrī
gup	1	dharma
gupta-deva	1	śiva
gupta-sūnu	1	saṅga
gupti-śataka	1	bhāva
guptā@cārya	1	vasu
guru-bhāṣya	1	ṣaḍ
guru-kāvya	1	sundara
guru-muṣṭi	1	darbha
guru-pakṣa	1	mada
guru-sahasra-nāma-stotra	1	śrī
guru-stava-mālā	1	hari
guru-stotra	1	śrīraṅga
guru-tva	1	kārya
guru-tā	1	kārya
guru-vaiḍūrya-prabhā	1	bhaiṣajya
guru-śiṣya	1	ṣaḍ
gurutva	1	svayaṃ
gurvī	1	garbha
guta	1	nai
gutsa	1	roma
guñja	1	mañju
guñjana	1	madhu
guñjat-samīra	1	mañju
guḍa-śṛṅgaka	1	sa
guḍaka	1	nābhi
guḍikā	1	maṣī
guḍā	1	bahu
guḍūcī	1	kanda
guṇa-gaṇa	1	aparimita
guṇa-jantu-jīva	1	puṃ
guṇa-krama	1	śaikṣya
guṇa-lekhā	1	śrī
guṇa-maya	1	rajo
guṇa-maṇi-darpaṇa	1	hari
guṇa-nikara	1	maṇi
guṇa-parityāga	1	svayaṃ
guṇa-ratna-kośa	1	śrī
guṇa-sahasra-nāman	1	śrī
guṇa-saṃgraha	1	śrāddha
guṇa-sthāna	1	kāñcī
guṇa-tva	1	carita
guṇa-vedin	1	ṣāḍguṇya
guṇam	1	yathā
guṇavat	1	śveta
guṇā	1	mālā
guṇā@darśa	1	viśva
guṇā@guṇa-yoga-śata	1	dhanvantari
guṇā@kara	1	rāma
guṇī-bhāva	1	śata
guṇī-bhūta	1	śata
guṇṭama-rāma	1	liṅga
guṇṭhana	1	bhasma
gābhīrī	1	śubha
gādā-dharī	1	bāla
gāhana	1	jala
gāhya	1	dur
gālana	1	pṛṣṭha
gāmbhīrya	1	veda
gāmi-tā	1	pradakṣiṇa
gāminī-pratipatti-jñāna-bala	1	sarvatra
gāmitā	1	cāru
gāndharva	1	yuddha
gāra	1	madra
gārga	1	vṛddha
gārgya-pariṇaya-pratiṣedha-vādā@rtha	1	bhāradvāja
gārgyāyaṇī	1	dattā
gārgīya	1	vṛddha
gārhapatya	1	su
gāri	1	madra
gāthaka	1	prā
gāthika	1	prā
gāthikā	1	maṅgala
gāthin	1	vīṇā
gāthā-pañjikā	1	dhvani
gāthā-stuti	1	brahma
gātriyā	1	su
gātrī	1	bandhura
gātuyā	1	su
gāyatra	1	sarva
gāyatri	1	rudra
gāyatrikā	1	gaurī
gāyatrī-nyāsa	1	saṃkṣepa
gāyin	1	sāma
gāṅga	1	su
gāṅgam	1	prā
gī	1	panna
gīrṇa	1	gara
gīrṇin	1	gara
gīta-govinda	1	rāma
gīta-nṛtya	1	dhruva
gīta-ṭīkā	1	bhramara
gītha	1	su
gītya	1	prā
gītā-vyākhyā	1	bṛhad
gītā-ṭīkā	1	bhakta
gūha	1	jñāna
gūhana	1	ākāra
gūlā	1	uru
gūrti	1	viśva
gūrṇa	1	viśva
gūtha	1	karṇa
gūthaka	1	karṇa
gūtī-giri	1	candra
gūḍha-viṣa	1	antar
gūḍhaka	1	tri
gūḍham	1	sa
gūḍhā@rtha-prakāśaka	1	siddhānta
gṛddha	1	su
gṛdhnu	1	guṇa
gṛdhnu-tā	1	jīvita
gṛdhyin	1	māṃsa
gṛha-patika	1	sa
gṛha-praveśa	1	vadhū
gṛha-vāsa	1	para
gṛhaspatika	1	agastya
gṛhin	1	su
gṛhya-kārikā	1	āśvalāyana
gṛhya-mantra	1	pāraskara
gṛhya-mālā	1	bodhāyanīya
gṛhya-paddhati	1	maitrāyaṇa
gṛhyaka	1	grāma
gṛhyā	1	karṇa
gṛhā	1	padma
gṛhā@vāsa	1	abhiniṣkrānta
gṛhītaka	1	piśāca
gṛhītam	1	yathā
gṛtsa	1	ratha
haci	1	sundara
hailihila	1	mahā
haimana	1	apara
hairanyika	1	mūṣikā
haituka	1	kāma
haka	1	anya
hakāra	1	sa
haladī	1	araṇya
halam	1	ārya
halana	1	su
halanīya	1	sa
halikā-grāma	1	tri
hallikā	1	karṇa
hambīrā	1	naṭṭa
hanavya	1	pāri
hanmana	1	pauru
hantra	1	prāti
hantu	1	su
hantṛ-phalā	1	keśa
hanumat	1	śrīla
hanā	1	dur
hanī	1	liṅga
hara-caturthī-vrata-kāla-nirṇaya	1	saṃkaṣṭa
haraṇa-stotra	1	saṃkaṣṭa
hari-candra	1	bhaṭṭāra
hari-hari-vāhana-sādhana	1	hari
hari-harivāha	1	hari
hari-pralāpa	1	vīra
harika	1	prā
harikā	1	smṛti
harin	1	dhana
harita-lūna	1	pakva
haritāla	1	piṇḍa
harivaṃśa	1	hita
harivaṃśa-gosvāmin	1	hita
hariṇa-dṛś	1	śiśu
hariṇī	1	mugdha
hartra	1	prāti
hary-aśva	1	sahasra
hary-āśva	1	sahasra
haryaka	1	viśva
haryata	1	viśva
harī-mātṛ-tīrtha	1	bhaḍa
harī@śvara	1	ṛkṣa
harṣa-kara	1	sarva
harṣa-mūla	1	vismaya
harṣaka	1	danta
hasta-kāṇḍa	1	maṇḍalita
hasta-saṃkhyā	1	ghana
hasta-tā	1	amukta
hastam	1	antar
hasti-pura	1	kāla
hasti-ratha	1	hema
hasti-śaila	1	kāla
hastika	1	bahu
hastikā	1	sva
hastyā	1	ubhayā
hastī@śvara	1	kāla
hastīna	1	antar
hasā@nana	1	su
hate@kṣaṇa	1	bāṣpa
hatha	1	vṛtra
haura	1	hāra
hautra-sūcī	1	sapta
hautrā@nukramaṇī	1	yajamāna
havanī	1	rauhiṇa
havirdhāna	1	sado
haviṣ-ka	1	tri
havya-bhuj	1	kavya
havya-vaha	1	huta
havītu-nāman	1	su
haṃsa-gaṇa	1	sakala
haṃsa-vāla-vyajana	1	sa
haṃsaka	1	kala
haṃsikā	1	paṭha
haṃso@paniṣad	1	brahma
haṃsā@valī	1	vyāja
haṇana	1	antar
haṇi	1	prā
haṇā	1	dur
haṇḍa	1	kūla
haṭha	1	amā
haṭṭaka	1	vasu
hela	1	sa
helā	1	eka
hema-dugdhā	1	laghu
hema-kakṣya	1	sa
hema-kumāra	1	siddha
hema-maya	1	sarva
hema-maṇi	1	padma
hema-rāśi	1	bhāsura
hema-vat	1	mahā
hemaka	1	sa
hemā@bha	1	tāra
hetau	1	svarga
hetu-nirṇaya	1	bhakti
hetumad-bhāva	1	hetu
hetutā-vāda	1	mokṣa
heḍana	1	deva
heḷana	1	deva
heḷas	1	avayāta
heṣas	1	āśu
hi	1	na
hibuka-yoga	1	suta
hila	1	hetu
hima-vat	1	mahā
himā@laya	1	rudra
hiraṇmaya	1	vīta
hiraṇya-vat	1	su
hitika	1	pauro
hitikā	1	puro
hito@padeśa	1	vaidya
hitya	1	pauro
hitāyana	1	ātma
hiṃkāra	1	dvi
hiṃs	1	su
hiṃsaka	1	deva
hiṃsra	1	vi
hiṃsā@gha-timira-mārtaṇḍo@daya	1	vaidha
hiṅgu	1	nāḍī
hiṅgulikā	1	kṣudra
hiṅgulī	1	kṣudra
hiṣṭhīya	1	āpo
hlādam	1	sa
hlādanīya	1	prā
hlādin	1	mano
ho@ti	1	iti
ho@ḍha	1	sa
homa-mantra	1	śrāvaṇa
homa-pariśiṣṭa	1	smārta
homa-prayoga	1	śeṣa
homa-vidhi	1	vivāha
homin	1	udita
homo@payuktā	1	vivāha
homya	1	apsu
homāya	1	vaisarjana
hotrin	1	agni
hotrā@gni-ṣṭoma	1	soma
hotṛ-brāhmaṇa	1	agni
hoṣin	1	pajra
hradin	1	vi
hroḍa	1	jyā
hrāda	1	megha
hrādi	1	prā
hrādā	1	śata
hrī	1	nir
hrīka	1	nir
hut-mat	1	vi
hutā@śana	1	vana
huḍa	1	sa
huḍā	1	vāta
huṃ-kāra	1	huṃ
huṃkāra	1	ku
hvā	1	giri
hvāya	1	svarga
hā-kṛta	1	hā
hā-rava	1	hā
hā-śabda	1	hā
hā@sa	1	iti
hālin	1	sa
hālā@nta	1	revatī
hāna	1	śva
hāna-kṛt	1	hima
hānis	1	chanda
hāra-deva	1	viṣṇu
hāra-karī	1	svayaṃ
hāra-stotra	1	upasarga
hāram	1	pratī
hārdikā	1	yama
hāri	1	aṅga
hārya-dhana	1	bhartṛ
hārā	1	hāra
hārā@bhihata	1	anyonya
hāsam	1	sāmarṣa
hāse@śvara-tīrtha	1	yama
hāṇi	1	vayo
hāṭhī	1	māra
hāṭī	1	māra
hāṭṭā	1	māra
hīla	1	sa
hīna-vikala-vikṛta-svara	1	naṣṭa
hīnam	1	akāla
hīnāt	1	pāda
hūna	1	vajra
hūra	1	hāra
hūrikā	1	hāra
hūrā	1	hara
hūta-vat	1	dvi
hṛda	1	daur
hṛdaya-candana	1	sarpa
hṛdaya-darpaṇa	1	sāhitya
hṛdaya-jña	1	akṣa
hṛdaya-setu-bandha	1	yoginī
hṛdaya-tva	1	tīkṣṇa
hṛdayam	1	prati
hṛdayo@paniṣad	1	rudra
hṛdayā	1	dvi
hṛdayā@bharaṇa	1	sakhī
hṛdayā@loka	1	sa
hṛdinī	1	daur
hṛt-kamala	1	śiro
hṛt-phalā	1	keśa
hṛti	1	bhinna
hṛtāyana	1	prā
hṛṣīka	1	dur
hṛṣṭakam	1	sa
iccha	1	nir
icchaka	1	kim
iccham	1	yāvad
id-artha	1	tad
id-āsīya	1	tad
iddha	1	manv
idhma-vraścana	1	samid
ijyā	1	paśv
ilā	1	sarpir
indhana	1	nir
indriya-mocana	1	svayam
inva	1	vācam
it	1	div
itmat	1	div
ittham	1	yāvad
itvan	1	prātar
iḍas-pada-stobha	1	catur
iḍā	1	paśv
iṣa	1	gav
iṣṭakam	1	yāvad
iṣṭakā	1	paśv
iṣṭam	1	yāvad
ja-bandhu	1	ambho
ja-bhū	1	ambu
ja-bāndhava	1	ambu
ja-gamana	1	antya
ja-janman	1	ambho
ja-khaṇḍa	1	ambho
ja-lā@n	1	taj
ja-niṣpāvī	1	grāma
ja-putra-dina	1	ravi
ja-stha	1	ambu
ja-tva	1	ayoni
ja-tīrtha	1	ayoni
ja-vadanā	1	ambho
ja-yoni	1	ambho
jabdha	1	hemanta
jagad-rāma	1	śrī
jagan-maṅgala-kavaca	1	mātṛkā
jagdhaka	1	deva
jagdhī	1	putra
jaha	1	rati
jahita	1	prā
jahnu	1	lohita
jaine@ndra-vyākaraṇa	1	madhya
jajñu	1	mahā
jakṣman	1	rāja
jala-cara	1	antar
jala-ja	1	kṛmi
jala-vāhin	1	unmārga
jaladhara-dhvāna	1	pralaya
jaladhi-ratna	1	śāstra
jaladhāra	1	sahasra
jalado@daya	1	akāla
jalam	1	pāre
jalau@gha	1	antar
jalaukas	1	karṇa
jalaukā	1	karṇa
jallakin	1	acyuta
jalpitṛ	1	bahu
jalā@śaya	1	upakūpa
jalāt	1	madhye
jalāyukā	1	tṛṇa
jamad-agni	1	viśvāmitra
jambhaka-vārttika	1	vidyā
jambhala	1	madhu
jambhā	1	soma
jambūka	1	gṛdhra
jana-kalpa	1	mumukṣu
jana-pada	1	pṛthag
jana-prakāśa	1	hasti
jana-vinoda	1	kavi
jana-śevadhi	1	kavi
janana-śānti-vidhāna	1	vikṛta
janapada	1	sa
janapadam	1	yathā
janatā	1	anya
janayitrī	1	tāta
janiman	1	su
janita	1	viraha
janitrī	1	śakra
janma	1	yāvaj
janma-bhāj	1	bahu
janma-jani	1	ambho
janma-jarasa	1	vīta
janma-khaṇḍa	1	kṛṣṇa
janma-tā	1	alakṣya
janmaka	1	prāg
jantuka	1	rakta
jantukā	1	jala
janu	1	sa
janus	1	aṅga
janā@nta-nilaya	1	dūre
janī	1	pāñca
japa-sū@kta	1	dvāra
japana	1	rudra
japila	1	vi
jaram	1	ahar
jarat	1	yuva
jaratīya	1	ardha
jarjalpa	1	nir
jarā@ntaka	1	janma
jau@dana	1	śāli
javala	1	vi
javana	1	dhī
javanikā	1	citra
javasa	1	mano
javin	1	mano
javiṣṭha	1	mano
javā	1	vega
jaya-prakāśa	1	yuddha
jayana	1	pūr
jayantikā	1	vīra
jayantī-pūjā	1	rāma
jayantī-vrata	1	vāmana
jayin	1	viśva
jayina	1	vi
jayo@pā@ya	1	yuddha
jayo@tsava	1	yuddha
jayā	1	rakka
jayā@pīḍa	1	cippaṭa
jayā@rṇava	1	yuddha
jaṃhas	1	kṛṣṇa
jaṅghikā	1	kapi
jaṅghin	1	svāmi
jaṭharam	1	madhye
jaṭila	1	dhūmra
jaṭilā	1	gandha
jaṭin	1	brahma
jaṭā-bhāra	1	avakīrṇa
jaṭā-kalāpa	1	vyupta
je@śa	1	ayoni
je@śvara	1	aṇḍa
je@śvara-tīrtha	1	ayoni
jetṛ	1	dvija
jeya	1	dur
jeśa	1	prā
jeśvara	1	prā
jhara	1	nair
jharjhara	1	vi
jhaṇṭi	1	hima
jhaṭi	1	hima
jhiṇṭikā	1	śoṇa
jighatsa	1	vi
jighra	1	mano
jihvya	1	dīrgha
jila	1	vi
jin	1	saro
jinvita	1	parjanya
jinī	1	ambho
jipila	1	vi
jit-kāra	1	doṣa
jitaṃ-te	1	pañca
jiteyī	1	rātha
jitvan	1	sa
jitā	1	vraṇa
jivila	1	vi
jiṣṇu	1	sa
joṣa	1	sa
joṣaka	1	kāla
joṣam	1	yathā
jraya	1	pṛthu
jri	1	uru
jru	1	khara
juṇḍī	1	amla
juṣa	1	alaṃ
juṣā	1	prīti
juṣṭi	1	havya
juṣṭā	1	pati
jvalanā	1	khaḍga
jvalanā@rci-śrī-garbha	1	jyotir
jvalita-tejana	1	agni
jvalā	1	mano
jvara-ripu-rasa	1	nava
jvare@bha-siṃha	1	nava
jvāra	1	nava
jyaiṣṭhya	1	su
jyaiṣṭhī	1	mahā
jyeya	1	brahma
jyeṣṭham	1	yathā
jyotir-liṅga-stotra	1	dvādaśa
jyotir-niśītha	1	hata
jyotir-upaniṣad	1	ātma
jyotir-īśvara	1	śrī
jyotiṣa-saṃgraha	1	sarva
jyotiṣa-śāstra	1	vaiṣṇava
jyotsnī	1	vana
jyāni	1	sarva
jyāya	1	nṛ
jyāyas	1	varṇa
jña-tva	1	lakṣya
jñeya	1	dur
jñeyam	1	yathā
jñya	1	sārva
jñāna-gītā	1	mahā
jñāna-jyanta	1	muni
jñāna-maya	1	para
jñāna-nidhi	1	śīla
jñāna-nirādara	1	śuṣka
jñāna-varman	1	bhadanta
jñāna-vāda	1	sākāra
jñāna-vāsiṣṭha	1	laghu
jñāna-yutā	1	mahā
jñānam	1	yathā
jñānika	1	pranaṣṭa
jñāno@paniṣad	1	ātma
jñānā@nanda-tīrtha	1	satya
jñānā@rṇava	1	yoginī
jñāpaka	1	śailī
jñātitva-maya	1	samāna
jñātṛ	1	sarva
jñīya	1	sarva
jā-gamana	1	antya
jā-parṇī	1	go
jā@kṣa	1	ambu
jā@nanā	1	ambu
jā@sanā	1	ambu
jā@ta	1	nīra
jābāla	1	mahā
jāgaraka	1	ṣaṣṭhī
jāgaraṇa	1	rātri
jāgaraṇa-maha	1	ṣaṣṭhī
jāgata	1	sarva
jāghanī	1	śva
jājī	1	kalā
jāla-mālin	1	kiṅkiṇī
jāla-sūtra	1	brahma
jāla-vat	1	snāyu
jāla-śambara	1	yoginī
jāli-hasta	1	śubha
jālika	1	pāṃsu
jālini	1	mahā
jālmaka	1	nir
jālā@laṃkṛta	1	hema
jāma	1	vāta
jāman	1	vi
jāmbūnada-maya	1	tapta
jāmātṛ-muni	1	sundara
jāmī	1	samāvaj
jāna	1	kāma
jānakīya	1	laghu
jānuṣa	1	saha
jānv-akna	1	dakṣiṇa
jāpa	1	karṇa
jāpa-viniyoga	1	rudra
jāpaka	1	rudra
jāpata	1	prā
jāpatya	1	prā
jāpin	1	rudra
jāpya	1	rudra
jārā	1	arya
jāta-maya	1	jantu
jāta-śrī	1	dāma
jāta-śānti	1	mūla
jātaka-mahā-yantra	1	rāma
jātaka-paddhaty-udāharaṇa	1	keśava
jātaka-sudhā@kara	1	rekhā
jātake	1	lubdha
jātakā@di-bhāva-phala	1	nakṣatra
jātavedas	1	huta
jāti-graha	1	nāma
jāti-grahaṇa	1	nāma
jāti-miśra	1	asaj
jāti-pravara	1	dvi
jāti-viśārada	1	śruti
jātika	1	bhadra
jātikā	1	svarṇa
jātī-phala	1	kṣudra
jāvarī	1	śimi
jāvata	1	prā
jāyika	1	pāra
jāṅgala	1	kuru
jāṅgalikī	1	ṛṣi
jī-nanda-śarman	1	keśava
jīka	1	śaṃkara
jīrakā	1	kāśmīra
jīrī	1	svarṇa
jīrṇa-tā	1	ati
jīrṇa-vasana	1	viśīrṇa
jīva-dāsa	1	vaidya
jīva-nirṇaya	1	brahma
jīva-rakṣā	1	mīmāṃsā
jīva-vāda	1	eka
jīvakā	1	ardha
jīvam	1	yāvaj
jīvana-dāsa	1	jagaj
jīvana-miśra	1	hari
jīvanā	1	rūpa
jīvat	1	matsya
jīvena	1	yāvaj
jīvita-vallabha	1	rājīvinī
jīvite@śa	1	abhramu
jīvitya	1	daur
jūrṇi	1	su
jūti-varpas	1	prati
jūṭa	1	jaṭā
jṛmbhikam	1	sa
ka-cchida	1	mātṛ
kabandha	1	danu
kacchu	1	kapi
kacchurā	1	kapi
kadamba-kallolinī	1	rasa
kadambinī	1	mādhurya
kadruka	1	tri
kadrākarṣa	1	viśva
kadrū	1	taitila
kailāsa	1	keli
kailāsa-daṇḍaka	1	mahā
kailāsa-vāsinī	1	vindhya
kairava	1	rakta
kairika	1	maḍḍu
kaivalya	1	niṣ
kaivalya-prā@pti	1	videha
kaivarta-purāṇa	1	brahma
kaiyaṭīya	1	bhāṣya
kaiśika	1	ardha
kaiṭasa-sūdana	1	madhu
kakara	1	vi
kakud-mat	1	pīna
kakāṭa	1	reṇu
kakṣin	1	śiti
kakṣyā	1	gṛha
kalahaṃsa-gaṇa	1	sa
kalambaka	1	śāka
kalambha	1	kṣīra
kalatra-nāśa-bhīta	1	putra
kalaśa-snapanā@di	1	sahasra
kalaśā@bhiṣeka-prayoga	1	sahasra
kalaṅkita	1	kula
kalika	1	sa
kalikā-ṭīkā	1	saṃnipāta
kalita-vat	1	daṇḍa
kalka-ja	1	taila
kallaṭa	1	śrī
kalmāṣa	1	lohita
kalo@dbhava	1	kana
kalopa	1	mahā
kalpa-datta	1	vasu
kalpa-dru	1	śabda
kalpa-dīpikā	1	śānti
kalpa-pradīpa	1	śānti
kalpa-sāra-saṃgraha	1	bheṣaja
kalpa-sāra-stava	1	rasa
kalpa-tantra	1	śarabha
kalpa-valli	1	aurdhvadehika
kalpa-vallī	1	saṃdhāna
kalpa-vallī-cakra-vidyā-rahasya	1	bhārgava
kalpa-vivaraṇa	1	bodhāyana
kalpana	1	doṣa
kalpapallavī	1	sāhitya
kalpavallī	1	siddhānta
kalpavallī-vyākhyāna	1	siddhānta
kalpavṛkṣa	1	sat
kalpi	1	nār
kalpiṇī	1	pṛthu
kalpā@di	1	pratiṣṭhā
kalpā@kara	1	muhūrta
kalya	1	su
kalyam	1	ati
kalyāṇa-khaṇḍa	1	padma
kalyāṇī	1	śānti
kalyāṇī-vrata	1	rasa
kalā-dīpikā	1	śilpa
kalā-nidhi	1	saṃgīta
kalā@vataṃsa	1	indu
kalākalā	1	vāta
kalānidhi	1	nyāya
kalāpika	1	pāñca
kalāpin	1	baddha
kalāya	1	kāla
kam	1	pratanu
kamala-pura	1	deva
kamala-sadman	1	kavi
kamalīya	1	sundara
kambalā	1	sva
kanaka	1	śṛṅgī
kanaka-māla	1	dhṛta
kandakā	1	tikta
kandalā	1	kāma
kandara-kuhara	1	rodaḥ
kandarpa	1	rāja
kandarpa-jātaka	1	horā
kandhara	1	daśa
kandin	1	su
kanduka	1	kapi
kandā@da	1	padma
kandī	1	māṃsa
kaniṣṭha	1	niṣ
kaniṣṭham	1	yathā
kaniṣṭhika	1	niṣ
kantharikā	1	haya
kantharā	1	haya
kanthā	1	dākṣi
kanyā-tīrtha	1	daśa
kanyāka	1	su
kanīnikā	1	netra
kapardin	1	tri
kapaṭam	1	sa
kapi-tva	1	krīḍā
kapila	1	bhadra
kapila-pañca-rātra	1	mahā
kapitthaka	1	nīla
kapiñjala	1	pañjara
kapiśā	1	piṅga
kapiṣṭhala	1	bhraṣṭaka
kapota-nyāya	1	khale
kapotaka	1	gṛha
kapotikā	1	khale
kapotīya	1	śyena
kapāle@śa	1	śata
kapālinī	1	buddha
kapāyī	1	vṛṣā
kapāṭa-mat	1	vajra
kapāṭa-rasa	1	vajra
kara-bhiṇḍi-pāla	1	paṇḍita
kara-bhāṣya	1	samudra
kara-gata	1	para
kara-gupta	1	bhikṣā
kara-ja	1	vyāla
kara-kūrcikā	1	kapha
kara-kṣaya	1	kapha
kara-pan-netra	1	sahasra
kara-svāmin	1	yaśas
kara-śarman	1	vibhā
karabha	1	mahā
karaja	1	pūti
karaka	1	hema
karambhā	1	campa
karasna	1	sṛpra
karañjaka	1	hasti
karaṇa-khaṇḍana	1	vādi
karaṇa-siddhā@nta	1	vākya
karaṇa-vrata	1	avighna
karaṇa-ṭīkā	1	sṛṣṭi
karaṇi	1	tiras
karaṇika	1	prā
karaṇin	1	alaṃ
karaṇā	1	vitatī
karaṇḍa-vyūha	1	guṇa
karaṇḍinī	1	puṣpa
karaṭā	1	āhara
karbudāraka	1	bhū
karbura	1	kapota
karbura-varṇa	1	kṛṣṇa
kardamā	1	prehi
karika	1	dik
karikra	1	ghṛṅ
karikā	1	madhu
karkandhu	1	laghu
karkarī	1	ghāṭa
karkaṭa-tāla	1	ghaṭa
karkaṭakī	1	vandhyā
karkoṭaka	1	hasti
karkāru	1	mahā
karma-cintāmaṇi	1	sakala
karma-jña	1	vetāla
karma-kārikā	1	saṃnyāsa
karma-kṛt	1	prasava
karma-nibandha	1	pāka
karma-paribhraṣṭa	1	aṣṭa
karma-prakāśa	1	śvāsa
karma-prayoga	1	ṣoḍaśa
karma-tā	1	sāhasa
karma-vāda	1	dvi
karmakāraka	1	eka
karmam	1	ṛte
karmaṇa	1	vaiśva
karmya	1	naiṣ
karmā@dhikārin	1	vadha
karmā@śaya	1	puṃs
karmā@ḍhya	1	vasti
karmī	1	pañca
karmīya	1	vāja
karo@pā@dhyāya	1	dharma
karpara	1	ghaṭa
karparī	1	mūrdha
karpaṭī	1	kavi
karpāsī	1	araṇya
karpūra-rocanā	1	vaṃśa
karta	1	carma
kartavya-gaṅgā-stuti	1	yati
kartavya-tā	1	kiṃ
kartu-manas	1	phut
kartṛ-tva	1	samāna
karuṇā-mudita	1	maitrī
karvaṭa	1	paṅka
karā@cārya	1	uddyota
karā@ṅguli	1	lolat
karālin	1	vi
karī-bhāva	1	karma
karī@ndra-kumbha-muktā-maya	1	bhinna
karīya	1	bhās
karīṣa	1	ākhu
karūṣa	1	niṣ
karṇa-parṇikā	1	ākhu
karṇa-pūrṇa	1	kavi
karṇa-yugala	1	viśrānta
karṇam	1	paścāt
karṇe@ndriyatā	1	anupahata
karṇe@śvara	1	bhadra
karṇā@bharaṇa-saṃgraha	1	vaiṣṇava
karṇā@cārya	1	śata
karṇā@rdha	1	dyu
karṇātaka-kathā	1	mātaṃgī
karṇīyaka	1	śrī
karṣa-miśra	1	kṣāma
karṣika	1	prā
kaseru	1	rāja
kaseruka	1	kroḍa
kastūrikā	1	latā
kasīsa	1	pāṃsu
kata	1	kuru
kataka	1	vedānta
kathaka	1	dharma
kathā-maya	1	sapta
kathā-puṣpā@ñjali	1	palya
kathā-ratna	1	vedānta
kathā-saṃgraha	1	bhāgavata
kathā-sāra	1	kādambarī
kathā-sūtra	1	campū
kathā@lāpa-sukha	1	citra
kathā@mṛta	1	hari
kathāca	1	yāthā
kaujapau	1	kārta
kauleyaka	1	veda
kaulika	1	manthara
kaumbha	1	śāta
kaumudī-ṭīkā	1	smṛti
kaustubhā@laṃkāra	1	bṛhat
kauthuma	1	kaṭha
kautsa	1	aiḍa
kautūhalam	1	sa
kauśa	1	māla
kauśalya	1	upāya
kauśeya-vāsas	1	pīta
kauśāmbi	1	niṣ
kauśāmbī	1	vana
kauṣītaka	1	mahā
kauṣītaki	1	mahā
kauṣṭhila	1	mahā
kauṣṭhilya	1	mahā
kavaca-stotra	1	rudra
kavi-kulā@nanda	1	sarasa
kavi-praśaṃsā	1	sāmānya
kavi-rāja	1	pāla
kavi-rāja-go-svāmi-guṇa-leśa-sūcakā@ṣṭaka	1	rūpa
kavi-svāmin	1	veda
kavi-tva	1	citra
kavi-śekhara	1	saṃjaya
kavindra	1	mārkaṇḍeya
kavya	1	havya
kavīya	1	veṅkaṭa
kaya	1	avanata
kayya-svāmin	1	śrī
kañcuki	1	ghaṭa
kañcukin	1	kṣīra
kañja	1	kāla
kañjya	1	kāla
kaśipu	1	hiraṇya
kaśmīra	1	sa
kaśyapikā	1	vasiṣṭha
kaḍa	1	deva
kaḍyā	1	ratha
kaḍāra	1	jaimini
kaṃ-dharā	1	dīrgha
kaṃdhara-rāmā@yaṇa	1	sahasra
kaṃja	1	vadana
kaṃsā	1	vi
kaṅgunī	1	kāka
kaṅkara	1	mahā
kaṅkavat	1	su
kaṅkaṇa	1	suvarṇa
kaṅkola	1	laghu
kaṅkā	1	avara
kaṅkāli	1	rasa
kaṅkālikā	1	sarpa
kaṅkālī	1	sarpa
kaṇapa	1	ayaḥ
kaṇin	1	hima
kaṇiśa	1	guccha
kaṇī	1	kāla
kaṇīkā	1	vaṭa
kaṇīya	1	vaṭa
kaṇḍana	1	taṇḍula
kaṇḍikā	1	gīta
kaṇḍikā-śrāddha-sūtra	1	nava
kaṇḍura	1	tvak
kaṇḍū	1	karṇa
kaṇḍūka	1	sa
kaṇḍūla	1	vana
kaṇḍūyana	1	khara
kaṇḍūyita	1	khara
kaṇṭa-kārikā	1	valli
kaṇṭakikā	1	sthūla
kaṇṭakī	1	kṣudra
kaṇṭha-garjita	1	mandra
kaṇṭha-hāra	1	kavi
kaṇṭha-malikā	1	śiva
kaṇṭha-pāśa	1	vidvat
kaṇṭha-rodham	1	sa
kaṇṭhika	1	prāti
kaṇṭhikayā	1	prati
kaṇṭho@ddhāra	1	sāhitya
kaṇṭhukayā	1	prati
kaṇṭhīrava	1	viṭi
kaṇṭhīya	1	śrī
kaṣa	1	kaṣā
kaṣeya	1	nai
kaṣika	1	prā
kaṣā	1	varma
kaṣāya-niṣpakva	1	parṇa
kaṣāya-pakva	1	parṇa
kaṣī	1	nai
kaṣṭa-śabda	1	hā
kaṣṭam	1	sa
kaṣṭhā	1	śakra
kaṭabhī	1	sita
kaṭacchuka	1	dhūpa
kaṭaṃ-kara	1	su
kaṭhora	1	ati
kaṭi	1	strī
kaṭi-taṭa-śroṇī	1	mahā
kaṭika	1	nai
kaṭistha	1	vāma
kaṭyā	1	ratha
kaṭā@kṣa-kāma	1	taruṇī
kaṭā@kṣa-māla	1	taruṇī
kaṭāha	1	aṇḍa
kaṭāha-nyāya	1	sūcī
kaṭīya	1	bhoja
kaṭṭari	1	deśī
kedāra-māhātmya	1	badarī
keli-kaumudī	1	dāna
kelikā	1	gandha
kelīya	1	hari
kera	1	maudgali
kerala	1	siddha
keralīya	1	bhāva
keru	1	mahi
kesari	1	nṛ
ketava	1	sauparṇa
ketu-brāhmaṇa	1	aruṇa
ketu-ghnī	1	vraṇa
ketu-lakṣaṇa	1	ṛtu
ketu-mat	1	makara
ketṛ	1	su
kevalin	1	śruta
kevalī	1	pāśaka
keśa-kambala	1	ajita
keśa-nakha	1	nīca
keśa-nakha-śmaśru	1	kḷpta
keśa-vatī	1	stana
keśan	1	su
keśava-dhāriṇī	1	maṭha
keśava-tīrtha	1	rāma
keśavā@cārya	1	śrī
keśavā@ṣṭaka	1	ādi
keśaśmaśru-nakha	1	nīca
keśi-vallabha	1	pula
keśā@di-pāda-stava	1	bhagavatī
keśā@di-pādā@nta-varṇana-stotra	1	śiva
keśā@nta	1	asita
keśī-niṣūdana	1	kaṃsa
keśīyā@gny-ādhāna-paddhati	1	hiraṇya
kha-sūci	1	vaiyākaraṇa
khacita	1	ratna
khada	1	yava
khadika	1	yava
khadā	1	agni
khaga	1	jala
khali	1	tila
khalinī	1	mṛt
khallava	1	mahā
khallikā	1	su
khalu	1	go
khalvala	1	mahā
khalya	1	go
khalī	1	tila
khan	1	kharī
khanana	1	khātra
khara-gada	1	jvālā
kharaka	1	karṇa
kharika	1	karṇa
kharjurī	1	dvīpa
kharo@ṣṭra	1	śva
khartara	1	laghu
kharya	1	prā
khavī	1	su
khañjana	1	kāla
khaḍga-carman	1	gṛhīta
khaḍga-dalā	1	kāma
khaḍgaka	1	vakra
khaḍḍaka	1	soma
khaṇḍa-dvaya-traya	1	maṇi
khaṇḍa-khādya	1	khaṇḍana
khaṇḍa-praśasti	1	lakṣmaṇa
khaṇḍa-yoga-sahasra	1	nava
khaṇḍana-khaṇḍa-khādya	1	nyāya
khaṇḍana-stotra	1	mata
khaṇḍanikā	1	sura
khaṇḍava	1	phala
khaṇḍeyo@paniṣad	1	muṇḍa
khaṇḍi	1	vārka
khaṇḍika	1	carma
khaṇḍikā	1	dvi
khaṇḍā	1	khaṇḍa
khaṇḍī	1	dhauta
khaṣa	1	pūti
khaṭvikā	1	laghu
khaṭvā@sana	1	saha
khaṭvī	1	pañca
khe'ṭa	1	puṃ
khecara	1	pati
khelana	1	holā
kheya	1	pāri
kheḍa	1	gandha
kheḍa-grāma	1	vāri
kheḍaka	1	gandha
kheṭī-sāriṇī	1	siddha
khila	1	sa
khinna	1	śrama
khinna-vigraha	1	visarpa
kho@lka	1	kha
khola	1	mūrdha
khorā	1	kroḍa
khorī	1	dīpa
khuri	1	go
khurin	1	dvi
khutta	1	khatta
khuḍakā	1	vāta
khuḍā	1	vāta
khādin	1	nakha
khādita	1	su
khādya	1	khaṇḍa
khāmi	1	bhava
khānya	1	nai
khāra	1	ardha
khātaka	1	para
khātam	1	yathā
khātana	1	bhitti
khāto@daka	1	dūra
khātā	1	dhanuṣ
khāḍaka	1	khaṇḍa
khāṇḍava	1	rāga
khāṭi	1	ku
khāṭṭaka	1	khaṇḍa
khīya	1	pāri
kileya	1	brahma
kili	1	tāmra
kilima	1	dru
kir	1	sudhā
kiraṇa-prakhya	1	śaśāṅka
kiri	1	ākhu
kiriṭa	1	ati
kirā	1	mṛt
kirāṭa	1	jala
kirāṭikā	1	go
kirāṭī	1	go
kirīṭa-hāra-vat	1	vimala
kirīṭa-kaustubha	1	sa
kirīṭa-mālin	1	hema
kisalaya-ccheda-pātheya-vat	1	bisa
kiñcita	1	kila
kiśora-sahasra-nāma-stotra	1	yugala
kiśora-stotra	1	yugala
kiṃ-cana	1	yat
kiṃ-ce@dam	1	yat
kiṃ-cid	1	yat
kiṃ-nara-prabha	1	druma
kiṃ-nara-rāja	1	druma
kiṃcanya	1	naiṣ
kiṃcid	1	na
kiṃkara-prakriyā	1	kṛṣṇa
kiṃkarī	1	dyūta
kiṃsāru	1	kaṇiśa
kiṃśukā	1	lavaṇa
kiṇihī	1	śveta
kiṇva	1	taṇḍula
kiṣkin	1	śva
kiṭi	1	vāḥ
klava	1	vi
kleda	1	nī
kleśa-bheda	1	pañca
kleśa-saha	1	tapaḥ
kleśī	1	doṣā
klinna	1	lālā
klītaka	1	kāla
ko@ṣṇī	1	kāma
kodaṇḍa	1	vilāsa
kodrava	1	vana
kohali	1	hasta
kohanada	1	vyākośa
kokanada	1	rakta
kokilaka	1	vana
kolāhalā	1	caṇḍa
kolī	1	su
komalā@ṅguli	1	bandhura
kopa-muni	1	śiva
koraka	1	stana
koraka-nyāya	1	kadamba
kosala	1	kānti
kosalā	1	su
kośa-bhāravikā	1	mātrā
kośa-gṛha	1	vidyā
kośa-hṛdaya	1	śrī
kośa-nighaṇṭu	1	rāja
kośa-samāśraya	1	vidyā
kośa-sūtra	1	jaimini
kośa-vyākhyā	1	dharma
kośaja	1	dhauta
kośala-khaṇḍa	1	bṛhat
kośalā	1	uttara
kośikā	1	dīrgha
kośātaka	1	rāja
koṇaka	1	sūtra
koṇam	1	prati
koṣa-kaumudī	1	amara
koṣṭa	1	malla
koṣṭha-miti	1	sama
koṣṭhā	1	pūrṇa
koṣṭhī	1	praśna
koṭi-karṇa	1	śroṇa
koṭi-liṅga	1	ūna
koṭi-pattra	1	vaiyākaraṇa
koṭi-viṃśa	1	śroṇa
koṭṭa	1	pura
krakṣa	1	vana
krama-candrikā	1	śrī
krama-kalpa-latā	1	pañcamī
krama-paddhati	1	saṃdhyā
krama-ratna	1	dīkṣā
krama-saṃdarbha	1	bhāgavata
krama-saṃgraha	1	dāya
krama-saṃhitā	1	śrī
krama-tantra	1	śrī
krama-vṛtti	1	sāmānya
kramaka	1	pada
kramam	1	yathā
kramaṇa-kṣama	1	vidūra
krami	1	tāmra
kramika	1	prā
kramā@hita-gaurava	1	vaṃśa
kramīya	1	viṣṇu
krandana	1	śiśu
krandya	1	parjanya
kratuka	1	sārva
kratā	1	pūta
kratāyī	1	pūta
kratūyā	1	su
kraurya	1	antaḥ
krayaṇa	1	soma
krayaṇī	1	rāja
krayāṇaka	1	sthāvara
kreṇī	1	sasya
krin	1	yava
kriyam	1	prati
kriyā-kaumudī	1	dāna
kriyā-kāṇḍa	1	karma
kriyā-rūpiṇī	1	śrī
kriyā-samācāra	1	mokṣa
kriyā-vidhi	1	eka
krodhana	1	sa
krodhin	1	parama
krośam	1	yathā
krośika	1	ārdha
krośin	1	uṣṭra
krośī	1	pañca
kroṣṭṛ	1	pañca
kru	1	mitra
krudha	1	kṛta
krā	1	dadhi
krāntin	1	nabhaḥ
krāthin	1	para
krāvan	1	dadhi
krītaka	1	lavaṇa
krītika	1	yāva
krītā	1	dhana
krītī	1	dhana
krīḍin	1	śva
krīḍitaka	1	māṇavaka
krīḍā-mṛga	1	vihāra
krīḍā@cala	1	śakra
krū	1	mitra
krūrā	1	mahā
ku-dru	1	ku
ku-vāc	1	ku
kuca	1	vajra
kuca-pañcaśatī	1	caṇḍī
kucca	1	maru
kuco@tpīḍam	1	pṛthu
kucā	1	su
kuddāla	1	kāṣṭha
kuddāla-lāṅgalin	1	phāla
kudmala	1	kara
kuhaka	1	duṣ
kuhū-śānti	1	sinīvālī
kuja	1	vi
kukkubha	1	jala
kukkura	1	nṛ
kukkuṭikā	1	madhu
kukkuṭī	1	madhu
kukṣa	1	śāri
kukṣika	1	mṛdita
kukṣīya	1	kāra
kula-devā	1	nṛ
kula-dhāraka	1	dvitīya
kula-dīpa-prakāśa	1	ravi
kula-dīpikā	1	śūdra
kula-ja	1	ikṣvāku
kula-pradīpa	1	bhoja
kula-prasūta	1	pāṇḍava
kula-samācāra	1	vṛthā
kula-sarvasva	1	kālī
kula-tantra	1	lakṣmī
kula-tattva	1	vaidya
kula-śīla	1	ajñāta
kulaka	1	nī
kulam	1	yathā
kulathikā	1	araṇya
kulaṭā	1	kumāra
kuleya	1	dauṣ
kuleyaka	1	bāhu
kulija	1	dvi
kulijīna	1	dvi
kulmala	1	saṃkalpa
kulo@ttaṃsa	1	raghu
kulva	1	ati
kulā	1	tri
kulā@ditya	1	manu
kulā@graṇī	1	harṣa
kulā@rṇava	1	lakṣmī
kulāla	1	grāma
kulāya-gandhika	1	kāka
kulī	1	pāṃsu
kulīraka	1	śata
kulīya	1	ṣaṭ
kumala	1	su
kumba	1	adhaḥ
kumbha-śravas	1	śaṅkha
kumbhaka	1	sahita
kumbhaka-recaka	1	pūraka
kumbhikā	1	jala
kumbhā@ṇḍa	1	vi
kumuda-mañjarī	1	bhāṣā
kumudā	1	mahā
kumāla	1	su
kumāra-caritra	1	daśa
kumāra-deva	1	megha
kumāra-rasa	1	pānīya
kumāra-tātā@cārya	1	lakṣmī
kumāra-śikhara	1	candra
kumāra-ṭhakkura	1	hara
kumāri	1	alaṃ
kumārikā@vadāna	1	sapta
kumārī-vākya-vara-nyāya	1	vṛddha
kundaka	1	su
kundana	1	su
kunta	1	śata
kuntala-kalāpa-vat	1	vyālola
kuntalā	1	nīla
kuntha	1	bāhu
kupikā	1	nābhi
kupita	1	praṇaya
kuraṅga	1	kastūrikā
kuraṇṭa	1	kaṇṭa
kuraṇṭaka	1	nīla
kurcikā	1	takra
kurda	1	śarāva
kurkura	1	su
kuru-jāṅgala	1	kuru
kuru-kṣetra	1	kuru
kurumbā	1	deva
kuruṇṭaka	1	nīla
kusuma-bali-prakāra	1	taṇḍula
kusuma-bali-vikāra	1	taṇḍula
kusuma-mañjarī	1	nyāya
kusuma-priyā	1	mallikā
kusuma-saṃnibha	1	japā
kusuma-sraj	1	visrasta
kusuma-śayana	1	saṃdaṣṭa
kusumbhaka	1	kari
kusumikā	1	mahā
kusumita	1	bahu
kusumā@staraṇa	1	sa
kusumā@valī	1	vyākhyā
kutaścid	1	na
kutsava	1	puru
kutsi	1	pauru
kutsya	1	pauru
kutsānī	1	puru
kutūhala-vṛtti	1	mīmāṃsā
kuvalaya	1	karṇa
kuñca	1	bhra
kuñcaka	1	tṛṇa
kuśala-maya	1	sva
kuśala-mūla-pāramitā	1	sarva
kuśaṇḍikā	1	bṛhat
kuśikikā	1	kutsa
kuḍmala	1	stana
kuṃsaka	1	bhṛ
kuṇapā@śin	1	amedhya
kuṇapī	1	yajña
kuṇika	1	go
kuṇḍa-tapaścit	1	dṛti
kuṇḍa-tīrtha	1	arka
kuṇḍala-kuṇḍalin	1	nāga
kuṇḍaly-upaniṣad	1	yoga
kuṇḍalā	1	kanaka
kuṇḍalā@haraṇa	1	aditi
kuṇḍalī	1	vāta
kuṇḍam	1	prati
kuṇḍe-śaya	1	śara
kuṇḍya	1	hema
kuṇḍī@śvara	1	tri
kuṇṭhana	1	śakti
kuṣmāṇḍaka	1	khaṇḍa
kuṣmāṇḍī	1	bhū
kuṣṭa	1	hīna
kuṣṭhaka	1	aṅgāra
kuṣṭhika	1	sa
kuṭhāra	1	śvāsa
kuṭhāra-miśra	1	maṅgala
kuṭhārikā	1	pāda
kuṭikā	1	parṇa
kuṭila	1	antaḥ
kuṭumbika	1	ratha
kuṭumbin	1	ratha
kuṭumbī	1	prahara
kuṭya	1	su
kuṭī-cara	1	bahiṣ
kuṭī-prabhātāyita	1	ghaṭṭa
kuṭīraka	1	tṛṇa
kuṭṭikā	1	maṇi
kvaṇita	1	mañjīra
kā	1	upadraṣṭṛ
kā@rika	1	utsṛṣṭi
kā@ya	1	jana
kācara	1	sita
kādambinī	1	aiśvarya
kāhalā	1	pattra
kākala	1	droṇa
kākikā	1	pānīya
kākiṇīka	1	adhyardha
kākola	1	sa
kākolikā	1	kṣīra
kākolī	1	kṣīra
kāku	1	sevā
kākubha	1	gāyatra
kākuda	1	pūrṇa
kāla-cakra-yuddha-varṇana	1	piśāca
kāla-deva	1	hari
kāla-ja	1	apūrṇa
kāla-jñāna	1	bṛhat
kāla-kriyā-dīpa	1	pañca
kāla-nirṇaya-candrikā	1	rāmāyaṇa
kāla-nirṇayā@dhikāra	1	samasta
kāla-paddhati	1	pañca
kāla-pravartana	1	pañca
kāla-taraṃga	1	smṛti
kāla-vaha	1	sadā
kāla-viveka	1	vrata
kāla-śāka	1	bṛhat
kālanirṇaya	1	iṣṭi
kālaveya	1	mahā
kāle	1	avasara
kāleta	1	mahā
kāleṣu	1	kāla
kālika-tā	1	arvāk
kālikā@gama	1	sarva
kālindī	1	yama
kālinī	1	divya
kālo@ttara	1	devī
kālopa	1	mahā
kālukā	1	su
kālā-vrata	1	hari
kālā@nala	1	candra
kālā@nanarasa	1	gulma
kālā@vadhi	1	aneka
kālā@valī	1	rāhu
kālī-māhātmya	1	dakṣiṇa
kālī-tanaya	1	haṃsa
kālī-tṛtīyā	1	hari
kāma-dugha	1	sakala
kāma-duh	1	iṣṭa
kāma-dīpikā	1	samara
kāma-ja-vyasana	1	daśa
kāma-kṛt	1	bhṛtya
kāma-kṛtvan	1	pūrva
kāma-pūjā	1	rati
kāmadughā	1	śiva
kāmala	1	kāca
kāmalin	1	kāca
kāmalā	1	kumbha
kāmaśamī	1	iṣu
kāmaṣa	1	niṣ
kāmbojī	1	śveta
kāme@śvarī	1	siddha
kāmeya	1	ātma
kāmukā	1	jala
kāmā@khya-tantra	1	uttara
kāmā@vasāya	1	yatra
kāmī	1	yāthā
kānta-maṇi	1	ayas
kānta-tarka-vāgīśa	1	rati
kānta-vilāsa	1	mukti
kāntaka	1	loha
kānti-maya	1	śarat
kānti-vistāra	1	nakṣatra
kāntā-stana	1	mugdha
kāntī-tīrtha	1	viṣṇu
kānyakubja	1	apara
kāpaṭikā	1	kapaṭa
kāpittha	1	pañca
kāpola	1	mahā
kāpya	1	bhadra
kāra-maya	1	andha
kāra-saṃcaya	1	andha
kāraka-vat	1	puru
kāralikā	1	kṣudra
kāravellī	1	kṣudra
kāraṇa-jaya-mālā	1	ṣoḍaśa
kāraṇa-karaṇa	1	loka
kāraṇa-kartṛ-tva	1	kāya
kāraṇa-kāraṇa	1	veda
kāraṇa-pūjā	1	ṣoḍaśa
kāraṇa-tā-pūrva-pakṣa-rahasya	1	liṅga
kāraṇa-tā-siddhā@nta-rahasya	1	liṅga
kāraṇa-tā-vāda	1	liṅga
kāraṇaka	1	sa
kāraṇam	1	yat
kāraṇatā-vādā@rtha	1	mokṣa
kāraṇika	1	īśvara
kāraṇin	1	īśvara
kāraṇā@rthā@patti-pūrva-pakṣa-rahasya	1	saṃśaya
kāraṇā@rthā@patti-rahasya	1	saṃśaya
kāraṇīya	1	bahu
kāri-tva	1	gama
kārikā-ratna-mālā	1	pada
kārikā-vṛtti	1	liṅga
kārikā@vali	1	vedānta
kāritam	1	kāraṇa
kāritā	1	gaṇa
kārmaṇa	1	netra
kārmu-ke@ṣu	1	dhṛta
kārpasi	1	vana
kārpasī	1	vana
kārpāsī	1	araṇya
kārtayaśa	1	mahā
kārttika	1	svāmi
kārttikī	1	mahā
kārukā	1	anya
kārukī	1	pañca
kāruṇya	1	tārā
kāruṇya-vedin	1	satya
kārya-nirṇaya-saṃkṣepa	1	śrāddha
kārya-tā	1	kiṃ
kāryam	1	yat
kāryā@rtha	1	naṣṭa
kārā-gṛha	1	saṃsāra
kārī-traya	1	kaṇṭa
kārīṣagandhyā	1	dattā
kārśya	1	artha
kārṣṇāyasa	1	mṛdu
kāsin	1	kṣaya
kāsāra	1	krīḍā
kāsīsaka	1	puṣpa
kātaratā	1	śravaṇa
kātarikā	1	haya
kātarā	1	haya
kāva	1	aiḍa
kāvera	1	pīta
kāverī	1	vṛddha
kāya-dṛṣṭi	1	sat
kāya-praveśana	1	para
kāya-varṇa-pariniṣpatty-abhinirhārā	1	buddha
kāyam	1	yathā
kāyastha	1	maithila
kāyastha-kula	1	duṣ
kāyikā	1	sa
kāñcanāra	1	sat
kāñja	1	kāla
kāśa-maya	1	kuśa
kāśana	1	su
kāśi	1	jita
kāśinī	1	matta
kāśmarya	1	laghu
kāśya	1	prā
kāśī-khaṇḍa	1	mantra
kāṃsya-maya	1	śuddha
kāṅkṣaka	1	pāri
kāṅkṣiṇī	1	dharma
kāṇḍa-prarohin	1	bīja
kāṇḍa-ruha	1	bīja
kāṇḍa-saṃgraha	1	śrāddha
kāṇḍin	1	su
kāṇḍā@lī	1	citra
kāṇḍī	1	uṣṭra
kāṣin	1	pat
kāṣāya	1	sa
kāṣṭha-dah	1	sthūla
kāṣṭha-maya	1	carma
kāṣṭhakā	1	vara
kāṣṭhā@gata	1	pracaya
kāṣṭhā@gni	1	sthūla
kāṣṭhī	1	homa
kāṭhaka-prayoga-vṛtti	1	pañca
kāṭi	1	rudra
kāṭuki	1	candra
kāṭī	1	vīra
kīcaka-veṇu	1	vetra
kīlikā	1	pāda
kīrti-maya	1	sva
kīrti-mukundamālā	1	rāma
kīrtya	1	divā
kīrya	1	uda
kīryā	1	uda
kīrī	1	rāma
kīṭa-parvata	1	mahā
kīṭā	1	karṇa
kīṭī	1	karṇa
kūjana	1	antra
kūjikā	1	kala
kūlya	1	prāti
kūlīya	1	rohita
kūpa-taḍāgā@di-paddhati	1	vāpī
kūpa-taṭāka-śānti	1	vāpī
kūra	1	danta
kūraka	1	dīrgha
kūrcan	1	pāṇi
kūrcas	1	pāṇi
kūrcāla	1	vāla
kūrkura	1	su
kūrma-māhātmya	1	śrī
kūrma-mṛgā@khu	1	kāka
kūrmaka	1	uttāna
kūrmi	1	tuvi
kūrmin	1	tuvi
kūrmā@di	1	kāka
kūrmā@dy-avatārin	1	matsya
kūrmā@śin	1	gaja
kūti	1	sa
kūśmaṇḍa	1	bhūmi
kūṇi	1	taru
kūṇī	1	kula
kūṭa-lakṣmī-dhara	1	vāṇī
kūṭa-ślokānām	1	ṣaṭ
kūṭa-śāyin	1	rāṅkava
kūṭa-ṭīkā	1	rāmāyaṇa
kūṭana	1	vindhya
kūṭya	1	hema
kūṭā	1	ṣaṭ
kūṭā@bhigarjite@śvara	1	megha
kūṭīya	1	kāla
kḷpti-prayoga	1	pauṇḍarīka
kṛd-daśā	1	anta
kṛmijā	1	rakta
kṛnta	1	śalya
kṛntatra	1	yajña
kṛpaṇam	1	sa
kṛpā	1	puru
kṛsara	1	āgama
kṛsara-saṃyāva	1	vṛthā
kṛta-cūḍa	1	hiraṇya
kṛta-hṛdaya	1	riktī
kṛta-kārin	1	asamyak
kṛta-sthalī	1	adri
kṛta-vat	1	karma
kṛtaka	1	putra
kṛteya	1	brāhma
kṛtnu	1	loka
kṛtrima-māṇikya-maya	1	bhūri
kṛtta	1	sadyaḥ
kṛttikā	1	prati
kṛtto@ta	1	sadyaḥ
kṛtvarī	1	pūrva
kṛtya-muktā@valī	1	sat
kṛtya-prakāśa	1	saṃvatsara
kṛtyā-parimala	1	mahā
kṛtā@tman	1	kara
kṛtā@ṅga-vṛtti	1	sūtra
kṛtī	1	svāhā
kṛśa-phalā	1	sūkṣma
kṛśana	1	ūrdhva
kṛśānu	1	vaidyuta
kṛṣ	1	kaṃsa
kṛṣāṇa	1	sīmā
kṛṣṇa-gaṇo@ddeśa-dīpikā	1	bṛhat
kṛṣṇa-phalā	1	sūkṣma
kṛṣṇa-rāja	1	adbhuta
kṛṣṇa-vallī	1	rukmiṇī
kṛṣṇā@cārya	1	bhāratī
kṛṣṇā@yasa	1	mṛdu
kṛṣṭam	1	yathā
kṛṣṭi	1	viśva
kṣabha	1	aśva
kṣad	1	bāhu
kṣadman	1	svādu
kṣamam	1	yathā
kṣame	1	dyāvā
kṣamā-vat	1	kṣiti
kṣapam	1	prati
kṣapaṇa	1	akṣa
kṣapā	1	kṣaṇa
kṣara	1	sumat
kṣas	1	diva
kṣati	1	māna
kṣati-mat	1	astra
kṣatram	1	sa
kṣatrapa	1	mahā
kṣatri	1	daiva
kṣatriya	1	su
kṣatriya-mardana	1	sarva
kṣatā	1	kadalī
kṣaudra-vat	1	ghṛta
kṣauṇi	1	raṇa
kṣava	1	kṣīra
kṣavaka	1	rāja
kṣaya-kara	1	balāsa
kṣaya-kārin	1	adhika
kṣayaka	1	lohita
kṣaṇikā	1	tat
kṣemeṇa	1	yathā
kṣepaṇa	1	prati
kṣeptṛ	1	tri
kṣetra-kūṭa-saṃdarśana	1	ratna
kṣetra-mahātmya	1	nāsika
kṣetra-māhātmya-sāro@ddhāra	1	sāra
kṣetra-phala	1	vapra
kṣetra-tīrtha-māhātmya	1	sarva
kṣetra-vara-locana	1	vṛddha
kṣetraka	1	kuru
kṣetriyā	1	su
kṣetrā@di-māhātmya	1	nadī
kṣeḍa	1	sthūla
kṣi	1	pāri
kṣipa	1	giri
kṣipram	1	yathā
kṣiti-bhṛt	1	tuhina
kṣiti-garbha	1	daśa
kṣiti-patitva	1	sarva
kṣitibhṛt	1	asta
kṣma	1	su
kṣmādhara	1	hima
kṣobha-kara	1	manaḥ
kṣobhya	1	su
kṣoḍaka	1	go
kṣoṇi	1	raṇa
kṣoṇi-bhṛt	1	prati
kṣu	1	puru
kṣubdha	1	su
kṣubhā	1	vi
kṣudraka	1	vinaya
kṣudraka-vastu	1	vinaya
kṣupa	1	marica
kṣupa-saṃvāda	1	dadhīca
kṣuraka	1	go
kṣurikā	1	vīra
kṣurā	1	dṛḍha
kṣveḍana	1	nigaḍa
kṣveḍikā	1	udaka
kṣveḍin	1	gehe
kṣālana-vidhi	1	jala
kṣālita	1	sudhā
kṣānti	1	anutpāda
kṣāra-mūla	1	kuñjara
kṣīra-duh	1	bahu
kṣīra-maya	1	guḍa
kṣīra-vāṭikā	1	bhū
kṣīrin	1	kaṇṭaki
kṣīriṇikā	1	svarṇa
kṣīrya	1	jāla
kṣṇut	1	ubhayataḥ
kṣṇū	1	ubhayataḥ
labdhikā	1	duḥkha
labhaka	1	dur
laghu	1	sarva
laghu-khamāṇika	1	siddhānta
laghu-kārikā	1	mādhava
laghu-mañjūṣā	1	parama
laghu-tā	1	guru
lagna-nirūpaṇa	1	rātri
lagnaka	1	sa
lahari-stava	1	kāruṇya
laharī-stotra	1	ānanda
laiṅga	1	vāsiṣṭha
laiṅgya	1	vāsiṣṭha
lajjita	1	sa
lajjya	1	nair
lajjā-vatī	1	samadhika
lajjālu	1	vaiparītya
lakkaṇa	1	su
lakta	1	gūtha
lakṣaka-vyañjaka-tva	1	vācaka
lakṣaṇa-bhāva	1	lakṣya
lakṣaṇa-parī@kṣā	1	pramāṇa
lakṣaṇa-prakāśa	1	sājātya
lakṣaṇa-prā@yaścitta	1	śruti
lakṣaṇa-rahasya	1	śabda
lakṣaṇa-sūtra-vṛtti	1	veda
lakṣaṇa-vicāra	1	nyāya
lakṣaṇa-vāda	1	dvaṃdva
lakṣaṇa-vākyā@rtha	1	brahma
lakṣaṇikā	1	cakra
lakṣaṇo@pe@tā	1	vaidhavya
lakṣi-tā	1	sthūla
lakṣmi	1	ātta
lakṣmy-upaniṣad	1	saubhāgya
lakṣmī-hari	1	ardha
lakṣmī-kalpe	1	saubhāgya
lakṣmī-kathā	1	vara
lakṣmī-māhātmya	1	vara
lakṣmī-pīṭhikā	1	sāmrājya
lakṣmī-sāmrājya-siddhi	1	mokṣa
lakṣmī-sāmrājya-tantra	1	mokṣa
lakṣmī-sū@kta	1	hiraṇya
lakṣmī-tantre	1	saubhāgya
lakṣmī-vilāsa	1	mokṣa
lakṣmī-vrata	1	vara
lakṣmī-vrata-kalpa	1	vara
lakṣmī-vrata-kathā	1	vara
lakṣya-tā	1	eka
lakṣā@kṣī	1	koṭi
lalika	1	su
lalita-tantra	1	vijñāna
lalita-vistara	1	laghu
lalitam	1	sa
lalitā-vrata	1	upāṅga
lalāṭa-tā	1	pṛthu
lalāṭatā	1	aparimlāna
lambha	1	samāpta
lambhaka	1	varṣa
lambhana	1	garbha
lambhika	1	prāti
lambuka	1	varaṇḍa
lasa	1	su
latikā-paddhati	1	saubhāgya
lattikā	1	go
latā-druma	1	dīrgha
latā-vellikā	1	kusumita
latā@dhāra	1	loma
latā@mra	1	cakra
latā@vatāra	1	kalpa
lauhaka	1	candra
lauhitika	1	pāñca
laukika-pratyakṣa-kārya-kāraṇa-bhāva-rahasya	1	viṣaya
lava-bhuj	1	kṣiti
lava-vyākhyā	1	bhāva
lavaka	1	sa
lavaṇā	1	paca
lavaṇā@śin	1	akṣāra
layanikā	1	guṇa
layanī	1	guṇa
laḍḍuka	1	viṣa
laṅghano@paniṣad	1	mṛtyu
laṅghita	1	su
laṅghya	1	dur
laṅke@śvara	1	prākṛta
laṅkāyikā	1	varṣā
laṭakana	1	miśra
leham	1	kṣīra
leka	1	sa
lekhanikā	1	citra
lekhikā	1	varṇa
lekhin	1	ambara
lekhinī	1	ghṛta
lepanī	1	sama
lepika	1	prā
lepin	1	prabhā
leya	1	prā
leśa-prakāśikā	1	bhāva
leśa-sukha-da	1	guṇa
liha	1	go
likhana	1	citra
likhita-paribhāṣā	1	śivā
likṣa	1	puṣpa
lilāvatī	1	pāṭī
liptikā	1	vi
liptā@ṅga	1	na
liptī	1	tamo
liṅga-caritra	1	prabhu
liṅga-līlā	1	prabhu
liṅga-nāśa	1	animitta
liṅga-purāṇa	1	vasiṣṭha
liṅga-samarthana	1	yati
liṅga-stavana	1	dvādaśa
liṅga-sthāpana-vidhi	1	ratna
liṅga-stotra	1	dvādaśa
liṅgo@dbhava	1	dvādaśa
liṅgya	1	dvai
liṅgā@nuśāsana	1	pāṇinīya
liṅgā@rtha-candrikā	1	śabda
liṅgā@tma-pīḍā-vat	1	kṣamā
lobha-tā	1	ati
lobhaka	1	sūkṣma
locanā@nanda	1	kādambarī
lodha	1	mahā
lohita-yaṣṭikā	1	dīrgha
lohitaka	1	vi
lohitika	1	pāñca
lohitā	1	agra
loka-loka	1	cira
loka-tā	1	amara
lokam	1	yathā
lokatā	1	sa
lokin	1	sarva
lolinī	1	kal
lolupā	1	gandha
lolā	1	kapi
lolā@kṣī	1	hariṇa
lolī-kṛta	1	ghṛta
loma-parṇī	1	pāṇḍu
loma-phalā	1	kapi
lomikā	1	go
lominī	1	śva
lomya	1	prāti
lomyā	1	śāra
lomā	1	pāṇḍu
lopa-prā@yaścitta-prayoga	1	homa
lopana	1	vrata
loḍita	1	prati
loṇikā	1	amla
loṣṭa-kāñcana	1	sama
loṣṭa-maya	1	kāṣṭha
loṣṭha	1	sītā
loṣṭra-kāñcana	1	sama
loṣṭra-nyāya	1	aśma
loṣṭā@śma-kāñcana	1	sama
loṭa	1	śaka
lugi	1	mahā
luk	1	yaṅ
lumpaka	1	śata
luptaka	1	indra
luñca	1	ku
luñcaka	1	keśa
luñcana	1	keśa
luñcita	1	mṛṣṭa
luṅgaka	1	mastu
luṅgī	1	svādu
luṇṭhaka	1	grāma
luṇṭhana	1	grāma
luṇṭāka	1	sarva
lābha-lobha-satkāra-parāṅmukha	1	bhava
lābha-pūrṇa	1	nija
lābhikā	1	su
lābhin	1	su
lāghava-vicāra	1	gaurava
lāja-kusuma	1	sa
lāla-dāsa	1	raghu
lāla-miśra	1	hari
lāla-śarman	1	hita
lāpikā	1	bahir
lāsinī	1	raṅga
lāti	1	deva
lāvam	1	bisa
lāvī	1	kusuma
lāyikā	1	lavaṇa
lāñchana-dhāraṇa-pramāṇa-śata-pradarśana	1	bhagaval
lāśikā	1	kavi
lāṅgalin	1	yugma
lāṅgalo@paniṣad	1	mṛtyu
lāṅgula-stotra	1	mṛtyu
lāṅgulikā	1	deva
lāṅgūla-kakuda-khura-viṣāṇin	1	sāsnā
lāṇṭā	1	viṣa
lāṭā	1	viṣa
līlā-cintāmaṇi	1	bhagaval
līlā-geha	1	ambu
līlā-kathā	1	śarabha
līlā-mata	1	māyā
līlā-nāman	1	rāja
līlā-sarasvatī	1	mahā
līlā-sthāpana	1	nitya
līlā-taraṃgiṇī	1	kṛṣṇa
līlā-vilāsa-caritra	1	liṅga
līlā-vilāsinī	1	padma
līlā-ṭīkā	1	puṣṭi
līlā@mṛta	1	śiva
līlā@rṇava	1	śiva
līnaka	1	nai
līnā	1	tāmasa
lūṣa	1	arka
m-agrīya	1	juhū
m-aja	1	vāta
m-artha	1	prāptavya
m-aya	1	asta
m-ayana	1	asta
m-ayā@cala	1	asta
m-aṭa	1	rātri
m-bala	1	jala
m-bharaka	1	viśva
m-bharā	1	satya
m-bharī	1	śāka
m-bharīya	1	śāka
m-bhavya	1	rāja
m-bhavyā	1	dhenu
m-bhaṇa	1	cira
m-bhāvi-tva	1	avaśya
m-bhāvi-tā	1	avaśya
m-bhāvin	1	avaśya
m-bila	1	sama
m-edhas	1	sukha
m-ejayatva	1	aṅga
m-eṣyat	1	asta
m-ito@ditā	1	asta
m-iṣṭi	1	aśva
m-manyamāna	1	paṇḍita
m-pacā	1	paca
m-parya	1	pāra
m-parā	1	para
m-parī	1	pāra
m-parīya	1	pāra
m-parīṇa	1	pāra
m-patika	1	jāyā
m-paśya	1	sūrya
m-paśyā	1	asūrya
m-puna	1	kula
m-pātā	1	taila
m-pṛṇa	1	loka
m-pṛṇā	1	loka
m-udruja	1	kūla
m-udvaha	1	kūla
m-ugri	1	sātya
m-ugrya	1	sātya
m-vada	1	apriya
m-āsaja	1	cakra
m-īke	1	asta
m-īyāma	1	agni
m-īḍe	1	hari
m-īṅkhaya	1	samudra
m-ūti	1	sahasra
ma-kāra	1	pañca
macarcikā	1	go
mada-matsara	1	vyapeta
madana-pāla	1	rāya
madanikā	1	raivata
madgura	1	karṇa
madhu-kara	1	līlā
madhu-maya	1	ghṛta
madhukā	1	yaṣṭi
madhya-bhū	1	sūtra
madhya-bīja	1	aṇu
madhya-haṃsa	1	viyan
madhya-madhya	1	go
madhya-mārgī	1	śuddha
madhya-yamaka	1	pāda
madhyamā@ṅguli-karpūram	1	madhye
madhyandina	1	ati
madhyā@dhimātra	1	mṛdu
madhyā@hna	1	pūrva
madhyā@nta	1	anādi
madhūka	1	jala
madirā	1	vadana
madrika	1	paurva
madvan	1	satya
madvat	1	sakṛn
madyat	1	amadyapa
madā@lasa	1	mudita
madā@ndha	1	madirā
madā@vastha	1	antar
magha-śrī	1	indra
magnaka	1	nai
mahaka	1	paitā
mahat-tva	1	durgā
mahau@ṣadhi	1	rakṣā
mahe@ndra-tīrtha	1	rāja
mahe@śa	1	maṇi
mahe@śvara-kavi	1	mahā
mahe@śvara-vrata	1	umā
mahe@śvarā@yatana	1	mahā
mahe@śā@khya	1	puṇya
mahi-vrata	1	mahā
mahikā@ṃśu	1	mahī
mahila	1	rāja
mahima-varṇana	1	dvāra
mahimnaḥ-stava	1	śuka
mahimo@pavarṇana	1	purāṇa
mahita	1	martya
mahiṣa-dā	1	go
mahiṣikā	1	aśva
mahiṣī-dāna	1	mṛtyu
mahiṣī-dāna-vidhi	1	mṛtyu
maho@pādhyāya	1	mahā
mahoṭikā	1	śveta
mahā-bala	1	śākya
mahā-bhāga	1	sapta
mahā-deva	1	devī
mahā-dvāra	1	gaṅgā
mahā-hrada	1	tīrtha
mahā-navamī	1	caṇḍikā
mahā-nyāsa	1	rudra
mahā-nāmya	1	sāvitrī
mahā-pariṣad	1	mokṣa
mahā-patha	1	catur
mahā-pūjā	1	śāradīya
mahā-roṣaṇa-tantra	1	caṇḍa
mahā-rāja	1	catur
mahā-sena	1	caṇḍa
mahā-siddhā@nta	1	vaiṣṇava
mahā-siddhā@nta-nirūpaṇa	1	dvādaśa
mahā-sthāna	1	nāradīya
mahā-tantra	1	śābara
mahā-vidyā	1	daśa
mahā-vyāhṛti	1	prati
mahā-vākya	1	dvādaśa
mahā@nasa	1	prati
mahā@rādhana	1	vāsudeva
mahābhāṣya	1	vyākaraṇa
mahābhūta-maya	1	pañca
mahādeva-kṣetra-māhātmya	1	śambhu
mahādevī	1	paṭṭa
mahākalpa	1	pañca
mahāmātra	1	gaṇaka
mahānare@ndrā@khyāna	1	bali
mahāpātakin	1	pañca
mahāyajña	1	pañca
mahī-bhṛt	1	meru
mahībhṛt	1	sahya
mahīdhra	1	krīḍā
mahīpati	1	siṃha
mahīruh	1	kalpa
mahīruha	1	kalpa
maireya	1	madhu
maithunika	1	āsya
maithunin	1	divā
maitrāvaruṇa-prayoga	1	paśu
maitrāyaṇī-putra	1	pūrṇa
majja	1	nir
majjana	1	paṅka
majjā	1	piyāla
majjā@ntra	1	vi
majra	1	khara
makarando@haraṇa	1	horā
makha-mathana	1	dakṣa
makhas	1	sadma
makā	1	kaṇḍū
makṣa	1	madhu
mala-harī	1	mahā
mala-hāraka	1	samagra
mala-samācita	1	vapur
malakā	1	su
malaya-pura	1	mahā
malimluc	1	deva
malla-taila	1	viparīta
malla-vīra	1	bhuvana
mallakarṇi	1	śrī
mallarāja	1	pṛthvī
mallavena-siddhā@nta	1	bāla
mallārikā	1	naṭṭa
mallīka	1	bharata
malo@jjhita-deha	1	sveda
malya	1	nair
malā	1	śrī
malā@pagata	1	sarva
malā@pahā	1	śrī
malīmasa	1	nir
mama	1	nir
mama-tā	1	aham
mamā@bhimāna	1	aham
manaka	1	su
manasam	1	yathā
manasya	1	daur
manasyā	1	śraddhā
manasāyana	1	daur
manaḥ	1	su
manaḥ-svabhāva	1	netra
mandam	1	manda
mandira-sāra	1	dagdha
mandiram	1	prati
mandrā	1	uttara
mandrā@tisvārya	1	caturtha
mandurā	1	aśva
mandā	1	melā
mandā@tapa	1	manda
mandākinī	1	svarga
mandāra-māhātmya	1	śamī
mandāra-saurabha	1	śaṃkara
mandāra-vṛkṣa	1	bāla
mandāraka	1	śveta
mandārava	1	mahā
mani	1	mahā
maniman	1	vi
mano	1	su
mano-bodha-vākya	1	sva
mano-ga	1	śvasana
mano-ratha	1	prāpta
mano@tsava	1	vaidya
manoharaṇa	1	su
manoharā	1	vidvan
manoharī	1	samara
manoratha-krama	1	ati
manoratha-vrata	1	pūrṇimā
manorañjinī	1	vidvan
mantavya	1	bahu
manthaka	1	hari
manthanīya	1	agni
mantharatā	1	viveka
manthin	1	ūrdhva
manthu	1	para
mantra-devatā-prakāśikā	1	samasta
mantra-dhara	1	rāja
mantra-gahvara	1	hanuman
mantra-kalpa	1	śūlinī
mantra-kāṇḍa	1	svara
mantra-paṭala	1	svapna
mantra-prakāśa	1	tantra
mantra-prakāśaka	1	sūtra
mantra-puraskṛtam	1	vidhi
mantra-tanu	1	pañca
mantra-varṇam	1	yathā
mantra-vibhāga	1	rudra
mantra-viśrāma	1	vedānta
mantra-vyākhyā	1	saṃdhyā
mantra-vyākhyāna	1	saṃdhyā
mantra-śāpa-vimocana	1	sarva
mantraka	1	su
mantram	1	prati
mantrau@gha-siddhi-mat	1	nānā
mantraṇaka	1	nai
mantrita	1	su
mantro@ddhāra	1	hanuman
mantro@payukta-paribhāṣā	1	sarva
mantro@tkīlana	1	sarva
mantrya	1	daur
mantrā@dhikṛta	1	havya
mantrā@nukramaṇikā	1	soma
mantrā@nukramaṇī	1	yajamāna
mantrā@rtha	1	nārāyaṇa
mantrā@vabodha	1	mauna
manu-pitṛ	1	svāyambhuva
manu-sū	1	revanta
manus	1	viśva
manuṣyā@laya-lakṣaṇa	1	pakṣi
manyava	1	śāta
manyu-sāyaka	1	hari
manyuka	1	vi
manyumat	1	parama
manā-mukha	1	su
manā@sya	1	su
manāyana	1	su
manī-bhūta	1	vi
manī-kṛta	1	vi
manīṣa	1	ku
manīṣikā	1	sva
manīṣin	1	ku
manīṣitam	1	yathā
manīṣā	1	sva
maraka	1	jana
marakata	1	mahā
maratva	1	dur
maraṇa-cihna	1	samīpa
mardalaka	1	vīra
mardanaka	1	vīra
mardanikā	1	viṣa
mardi	1	prākāra
mardita	1	su
markaṭa-pota	1	krīḍā
markaṭikā	1	vṛkṣa
markaṭī-vrata	1	kukkuṭī
marma	1	para
marmaga	1	su
marmā@sthi-saṃghāta	1	saha
martyā	1	putra
maru	1	mṛn
maru-vanā@śraya	1	sarin
marul-lipi	1	vāyu
maruta	1	sūrya
marutau	1	agnā
maruttīya	1	saṃvarta
marutvatīya	1	mahā
maryādin	1	bhinna
maryādā-giri	1	varṣa
marāya	1	rāśi
marāyu	1	dur
marīci-mat	1	hema
marīcimat	1	śara
marīsa	1	avi
marśa	1	ati
marṣa-praśamana	1	aṅga
marṣi	1	mārga
mas	1	candra
masa	1	sūra
mastaka-piṇḍaka	1	bhinna
mastaka-piṇḍika	1	bhinna
mastakita	1	vi
mastakā	1	chinna
mastā	1	chinna
masī	1	kāla
masūra	1	kṛṣṇa
masūrī	1	galla
mata-darpaṇa	1	pāṇinīya
mata-golā@dhyāya	1	yavana
mata-liṅga-śāstra	1	bhānu
mata-paddhati	1	bhāgavatī
mata-prakāśa	1	piṅgala
mata-prasaṅga	1	kuśala
mata-rahasya	1	navya
mata-ratna-sūtra-dīpikā	1	śākta
mata-sthāpaka	1	ṣaṇ
mata-vāda	1	navya
mata-vādā@rtha	1	navya
mata-śilpa-śāstra	1	bhānu
mataka	1	mādhu
mathana-vallabha	1	purā
mathanā	1	muṇḍa
mathitṛ	1	pura
mathurā-nātha	1	śukla
mati-kāri-tā	1	viruddha
mati-kārin	1	viruddha
mati-kṛt	1	viruddha
mati-mat	1	sūkṣma
matin	1	bhānu
matkuṇa	1	ṛṇa
mato@ttara	1	śrī
matsyaka	1	pauṇḍra
matsyā	1	phala
matsyā@hvaya	1	dāru
matsī	1	kuḍya
matā	1	brāhmaṇi
matā@bja-bhāskara	1	vaiṣṇava
matā@numāna	1	śruti
matī-kṛta	1	dur
matīkṛta	1	su
maudgala	1	satya
maudgalya	1	yaṣṭi
maudgalyāyana	1	mahā
maukhya	1	grāma
mauktika-mālā	1	pratyaya
mauleya	1	vindhya
mauli-śrī-cūḍa	1	vicitra
maulika	1	san
maulya	1	bahu
maunam	1	vimukta
maunin	1	kṛṣṇa
maurvi	1	dyu
maurvī	1	krānti
mauñja	1	bhādra
mauñjin	1	nāga
maya-kośa	1	anna
maya-koṣa	1	vijñāna
maya-stotra	1	bhakta
mayaka	1	mṛn
mayo-bhū	1	śambhu
mayūkha-mālin	1	tigma
mayūrikā	1	pūti
mayūrī	1	mahā
mañca-nṛtya	1	svara
mañcaka	1	prati
mañcikā	1	varṇa
mañcukā	1	madana
mañjarī-guṇa-leśa-mātra-sūcakā@ṣṭaka	1	moda
mañjarī-prakāśa	1	sūkti
mañju	1	śrī
mañjuṣaka	1	mahā
mañjī	1	aṅgāra
mañjīra	1	mañju
mañjūṣaka	1	mahā
mañjūṣā-khaṇḍana	1	siddhānta
maṃhiṣṭhīya	1	yan
maṃsā@da	1	sarva
maṅgala-devatā	1	brahma
maṅgala-granthi	1	saṃkhyā
maṅgala-mantra	1	setu
maṅgala-māhātmya	1	sapta
maṅgala-stotra	1	yaśo
maṅgala-vāra	1	prati
maṅgalai@kādaśaka	1	smaraṇa
maṅgalam	1	yathā
maṅgalya	1	ati
maṅgalā	1	priya
maṅgalā@ṣṭaka	1	śiva
maṅgā	1	su
maṅku	1	dur
maṇavaka	1	māyā
maṇi-darpaṇa	1	vilāsa
maṇi-dāsa	1	rāma
maṇi-dīdhiti	1	anumāna
maṇi-dīpikā	1	prākṛta
maṇi-haraṇa	1	syamantaka
maṇi-kara	1	vimala
maṇi-kośa	1	vṛtta
maṇi-mālikā	1	prayoga
maṇi-paricchedā@loka	1	śabda
maṇi-prabhā	1	yoga
maṇi-pradīpikā	1	yoga
maṇi-raśmi-cakra	1	pratyakṣa
maṇi-sahasraruc	1	phaṇā
maṇi-saṃdarbha	1	sundara
maṇi-vyākhyā	1	śabda
maṇi-śṛṅga	1	pravāla
maṇiṃda	1	go
maṇyu	1	vṛṣa
maṇḍaka	1	bhakta
maṇḍala-namaskāra	1	pañca
maṇḍala-pariśuddha	1	tri
maṇḍala-stha	1	bahir
maṇḍala-sādhanī	1	sarva
maṇḍala-vat	1	vidyun
maṇḍalaka	1	vidyā
maṇḍalya	1	pāri
maṇḍalā	1	tri
maṇḍalā@dhipati	1	mālava
maṇḍalā@kṣa	1	hari
maṇḍalā@rcana	1	pādma
maṇḍanaka	1	mukha
maṇḍapa-bhūṣaṇā	1	bhūmi
maṇḍapa-kaumudī	1	kuṇḍa
maṇḍapa-saṃgraha	1	kuṇḍa
maṇḍapa-siddhi	1	kuṇḍa
maṇḍikā	1	mukha
maṇḍinikā	1	mukha
maṇḍuka	1	paṅka
maṇḍā	1	vajra
maṇḍī	1	mukha
maṇḍūka-kaṇṭha	1	mukta
maṇḍūraka	1	haṃsa
maṇṭhaka	1	prati
maṭhā@mnāya-daśa-nāmā@bhidhāna	1	sapta
maṭhā@mnāyika	1	sapta
maṭhī	1	kāṣṭha
meda-ja	1	daitya
medhaka	1	aśva
medhin	1	aśva
medhra	1	stabdha
medhyā	1	brahma
medhā	1	mahā
medhā-samanvita	1	yaśo
medhā@tithi	1	jyotir
medhī	1	bakula
medhīya	1	aśva
medin	1	indra
medura	1	megha
medā	1	sura
megha-sūtra	1	ratna
megha-śabda	1	vilasan
megho@daya	1	akāla
meghā	1	pāṇḍala
mehala	1	andha
meka	1	su
mekhalī	1	suvarṇa
mela-kalā-nidhi	1	svara
mela-vāṇī-vidhi	1	vivāha
melana	1	pātra
melana-prahasana	1	laṭaka
meli	1	paila
memiṣa	1	ati
methikā	1	vana
meśikā	1	kāla
meṇṭha	1	bhartṛ
meṣa	1	vāji
meṣaka	1	jīva
meṣikā	1	kāla
mi	1	kakud
mihikā	1	kāra
milikā	1	dur
milin	1	jyotir
milita	1	saṃketa
millārikā	1	megha
milā	1	dur
mirmira	1	ati
mit	1	garta
mita-prakāśikā	1	śruti
mita-rāga	1	nir
mithya	1	nir
mithyā-tva	1	prapañca
mithyātva-ṭīkā	1	pañca
mitro@daya	1	vīra
mitro@paśānti	1	śatru
mitrya	1	su
mitya	1	pāri
mitā@kṣarā	1	ṛju
miśa	1	nai
miśla	1	tila
miśra-keśava	1	san
miśra-lakṣaṇa	1	dvitīya
miśratva	1	śuddha
miśraṇa	1	vāṅ
miśri	1	nai
miśrā@nna	1	seka
miśīya	1	nai
miṣa	1	nai
mla	1	su
mlānā@ṅga	1	rūkṣa
mna	1	carma
mocanikā	1	bandha
mocinī	1	bandha
modakikā	1	dvi
modatā	1	khādata
modika	1	prā
modikā	1	aja
mohanikā	1	paśu
mohā	1	dur
mojā@ntaka	1	gṛdhra
mokṣa-nirāsa-kārikā	1	para
mokṣaṇa-prastāva	1	pūtanā
moraṭa	1	kṣīra
moṣaṇa	1	śulka
moṭi	1	karṇa
moṭikāputra	1	putra
moṭā	1	karṇa
moṭī	1	karṇa
mrakṣa	1	tuvi
mriyamāṇa	1	jīvan
muci	1	na
mucilinda	1	mahā
mudga-maya	1	māṣa
mudgaka	1	rāja
mudgara-hasta	1	śūla
mudgara-rasa	1	meha
mudgarikā	1	phala
mudraka	1	sarpa
mudrā-lakṣaṇa	1	ṣoḍaśa
mudvin	1	ku
mugdha	1	viśuddha
muha	1	saṃkaṭa
muhus	1	prati
muhūrtī	1	ṣaṇ
mukha-bhaṅga	1	madhva
mukha-capeṭā	1	madana
mukha-dhāriṇī	1	samanta
mukha-maṇḍana	1	vidagdha
mukha-sarva-jagat-praṇidhi-saṃdhāraṇa-garbha	1	dhāraṇī
mukha-vyākaraṇa	1	prayoga
mukham	1	yathā
mukhara-mukha	1	śruti
mukharī-māhātmya	1	svarṇa
mukhi	1	daur
mukhika	1	pāri
mukhikayā	1	tan
mukhikā	1	khara
mukhyaka	1	vedha
mukhyam	1	yathā
mukhyā@hva	1	dāru
mukhyā@hvaya	1	dāru
mukhā@śrita	1	paścān
mukhī-kṛta	1	su
mukhī-māhātmya	1	suvarṇa
mukhī-sahasra-nāman	1	śrī
mukhīya	1	sūkta
mukta-puṣpa	1	dehalī
muktaka	1	ati
mukti-dā	1	preta
mukti-kāraṇa-vāda	1	saṃsāra
mukti-pradāyaka	1	bhīṣma
mukti-vāda-ṭippanī	1	navya
muktikā	1	loha
muktā-kalāpa	1	sūtra
muktā-mahā@rṇava	1	śabda
muktā-maṇi	1	lekhaka
muktā-ratnā@valī-stotra-ṭīkā	1	mukunda
muktā-vivāda	1	suvarṇa
muktā@valī-stotra	1	sāmba
muktā@vatī	1	prastāva
muktāphala	1	smṛti
mukulita	1	dara
mukunda	1	kālindī
mukunda-deva	1	vīra
mukundā@cārya	1	bāla
mukuṭa-māhātmya	1	hara
mumukṣu	1	nir
mura	1	na
mura-naraka-vināśana	1	madhu
muraja	1	prahata
murmura	1	kukūla
murā@ri	1	roga
musali	1	dvi
muṇḍa-rasa	1	śaśa
muṇḍanikā	1	mahā
muṇḍī	1	mahā
muṇḍīka	1	su
muṣi-gṛhīta	1	mano
muṣṇa-māhātmya	1	śrī
muṣṭi-māhātmya	1	śrī
muṣṭy-adhikaraṇa-kṣepa	1	saṃkhyā
muṣṭī	1	pañca
mācāla	1	parṇa
mād	1	sadha
mādanī	1	vasanta
mādhava-tīrtha	1	śveta
mādhvīka	1	madhu
mādhyastha	1	nir
mādhyaṃdina-savana	1	prātar
mādika	1	prā
mādin	1	sadha
mādinī	1	gandha
mādrī	1	rakta
māgadhī	1	ardha
māghī	1	mahā
māhe@śvara	1	haṃsa
māhendra-kāṇḍa	1	vīra
māheśvara	1	mahā
māhātmya-darpaṇa	1	hari
māhātmya-paddhati	1	viṣṇu
māla-bhārin	1	kaṅkāla
māla-pattrikā	1	madhu
mālati-rasa	1	vasanta
mālatī-nāṭaka	1	madhu
mālava	1	gauḍa
mālavī	1	ikṣu
mālikā-ṭīkā	1	yantra
mālinya	1	vadana
mālinī-pariṇaya	1	bakula
mālinī-vijayo@ttara	1	śrī
māluka	1	kṛṣṇa
mālya-kavara	1	vyākīrṇa
mālya-phala	1	bahu
mālyaka	1	su
mālyā@bharaṇa	1	vicitra
mālā-devī-siṃha-nāda-sūtra	1	śrī
mālā-kośa	1	bhārata
mālā-vṛtti	1	śāstra
mālā@kula	1	jvāla
mālīya-puṇḍroka	1	ratna
māna-nirṇaya	1	devī
māna-pūjā	1	bhagavan
māna-taraṃgiṇī	1	rādhā
mānaka	1	deva
mānam	1	yathā
mānasa-pūjana	1	devī
mānasa-pūjā	1	śiva
mānasapūjā-vidhi	1	devī
mānasika-pūjā	1	rāma
mānasika-snāna	1	śiva
mānasikā	1	mahā
mānasā@rcana	1	śyāmā
mānasī	1	mahā
mānava	1	viśva
mānavaka	1	mādhavya
māndāra	1	mahā
māni-tā	1	ati
mānuja	1	nī
mānuṣa-saṃkīrṇa	1	bahu
mānuṣa-vid	1	su
mānuṣa-vigraha	1	līlā
mānuṣaka	1	daiva
mānuṣā	1	dhūrta
mānuṣī	1	payo
mānya-campū	1	sarva
mānā	1	droṇa
māra-maṇḍala-vidhvaṃsana-jñāna-mudrā	1	sarva
māra-maṇḍala-vidhvaṃsana-karī	1	sarva
mārakata	1	mahā
māram	1	basta
mārdava	1	su
mārga-kovida	1	raṇa
mārga-marma-vivaraṇa	1	sva
mārga-pudgala-nāyaka	1	ārya
mārgaka	1	prati
mārgam	1	sarvato
mārge	1	ardha
mārgā@tī@ta	1	vaco
māricika	1	vyakta
mārjaka	1	keśa
mārjita	1	śikhā
mārtsna	1	su
mārtāṇḍa	1	kāla
mārutaka	1	saurya
māruti	1	agni
mārīca	1	saha
māsa-deya-dāna-ratnā@kara	1	dvādaśa
māsa-māhātmya	1	dhanur
māsa-vrata	1	vaiśākha
māsaka	1	ravi
māsam	1	prati
māsā	1	jāta
māsā@di-vicāra	1	dīkṣā
mātaṃga-līlā@kara	1	matta
mātaṃgī-paddhati	1	rāja
mātaṃgī-stotra	1	rāja
mātha	1	daṇḍa
mātham	1	puṣpa
māthika	1	dāṇḍa
māthurī	1	dīdhiti
māthurīya	1	mūla
mātr-artha	1	pitṛ
mātra-bhūṣaṇa	1	maṅgala
mātra-gata	1	krośa
mātra-ja	1	ambu
mātra-maya	1	hetu
mātra-prayoga	1	viśeṣaṇa
mātra-siddhi	1	vidyā
mātra-siddhi-tridaśa-śāstra-kārikā	1	vidyā
mātra-sthita	1	krośa
mātra-tva	1	rajju
mātra-tā	1	hetu
mātrikā-nighaṇṭu	1	nāma
mātrikā-puṣpā@ñjali	1	sarva
mātro@pajīvin	1	piṇḍa
mātrā-vāsas	1	prācīna
mātrā@vaśeṣa	1	śiro
mātrā@vaśeṣita	1	deha
mātrāyām	1	upādhi
mātsarya	1	dur
mātula	1	kaṣṭa
mātā	1	kāka
mātṛ-guru-śuśrūṣā-dhyānavat	1	pitṛ
mātṛ-hīna	1	pitṛ
mātṛ-ja	1	anya
mātṛ-maya	1	pitṛ
māvat	1	yātu
māyaka	1	su
māyuke@śvara	1	go
māyya	1	puru
māyūra	1	mahā
māyūrī	1	ardha
māñjiṣṭha	1	pīta
māśra	1	ukta
māḍa	1	maṇḍala
māṃsa-sāra	1	śoṇita
māṃsa-tvak-snāyu	1	saṃśuṣka
māṃsala	1	yukta
māṃsā@da	1	mānuṣa
māṃsā@rman	1	adhika
māṃsā@sthi-maya	1	tvaṅ
māṅgalyaka	1	nṛpa
māṇi-mālikā	1	naya
māṇḍavī-putra	1	vātsī
māṇḍūkī	1	brahma
māṇṭi	1	śata
māṣa-tila	1	bahu
māṣika	1	pañca
māṣyāyaṇa	1	pauti
māṭhara	1	agni
mīlana	1	kha
mīlika	1	nīla
mīlā	1	netra
mīmāṃsaka	1	kāvya
mīmāṃsā-prakaraṇa	1	nyāya
mīmāṃsā-rahasya	1	nyāya
mīmāṃsā-sūtra	1	bhakti
mīmāṃsā-vārttika-ṭīkā	1	laghu
mītya	1	prā
mīḍhuṣa	1	deva
mūkhā	1	dāru
mūla-paribhāṣā	1	nyāya
mūla-tva	1	rūḍha
mūli	1	kha
mūlikā-nighaṇṭu	1	siddha
mūlin	1	phala
mūlā@bha	1	kiṭi
mūrchā	1	sampūrṇa
mūrdha-bhid	1	rāhu
mūrdha-bhṛt	1	brahma
mūrdha-hara	1	rāhu
mūrdha-ja	1	vi
mūrdha-maya	1	śūra
mūrdhajā	1	vana
mūrdhanya	1	sarva
mūrta	1	svayam
mūrti-dhara	1	aṣṭa
mūrti-dāna-prakaraṇa	1	roga
mūrti-maya	1	sapta
mūrti-prakaraṇa	1	devatā
mūrti-pratiṣṭhā	1	nūtana
mūrtidhara	1	yoga
mūrtika	1	pañca
mūrtikā	1	jala
mūti	1	śata
mūtra-parityāga	1	mala
mūtra-pratighāta	1	purīṣa
mūtra-purīṣa	1	sṛṣṭa
mūtra-purīṣa-tva	1	kṛcchra
mūtrala	1	śukra
mūtrin	1	go
mūḍhadhī	1	gṛha
mūḍhaka	1	tri
mūṣī	1	gandha
mṛd-bhū	1	vṛkṣa
mṛdaṃga	1	māṅgalya
mṛdha	1	mahā
mṛdvīkā	1	pṛthu
mṛga-dhara	1	chāyā
mṛga-gaṇa	1	nānā
mṛga-sevita	1	śārdūla
mṛga-tā	1	pakṣi
mṛgvan	1	vi
mṛgya	1	śruti
mṛgā@ṅka	1	rāja
mṛgīdṛś	1	amara
mṛj	1	dharma
mṛja	1	amṛṣṭa
mṛn-maya	1	vaṃśa
mṛt	1	garbha
mṛti	1	medhā
mṛtā	1	saha
mṛḍa	1	aila
mṛḍitā	1	hasti
mṛḍīka	1	su
mṛṇala	1	bisa
mṛṣa	1	śāka
mṛṣā-viveka	1	satya
mṛṣṭā@nulepin	1	tāmra
n-tama	1	rasa
nabhas	1	ūrdhva
nabhasya-tva	1	nabho
nabhya	1	śava
naddha	1	giri
naddhi	1	barsa
naddhrī	1	pan
naddhā	1	pan
nadinī	1	koka
nadāla	1	kumbhī
naga	1	kusuma
naga-vat	1	praphulla
nagaraka	1	śākhā
nagareya	1	paurva
nagarā@tithi	1	yama
nagarā@śrama	1	vidhvasta
nagarī-tīrtha	1	tri
nagnaka	1	dvi
nahuṣa-saṃvāda	1	cyavana
naigumeṣin	1	hari
naipuṇa	1	akṣa
naipuṇya	1	akṣa
naiyāyika	1	kevala
naiyāyika-mata	1	siddhānta
nakha-dhārin	1	ruru
nakha-roman	1	nīca
nakhaka	1	vyāghra
nakhara	1	khara
nakhatā	1	snigdha
nakhin	1	ku
nakhā	1	śūrpa
nakta	1	saura
naktaṃ-dina	1	tulya
naktā	1	uṣāsā
nakulikā	1	ahi
nakulī	1	suvarṇa
nakṣatra-mālā-sūryo@daya	1	vāda
nakṣatra-puruṣa-vrata	1	śiva
nakṣatra-sūcaka	1	varṣa
nakṣatra-śānti	1	mūla
nakṣatra-śānti-prayoga	1	mūla
nakṣatre@ṣṭi	1	sarva
naladā@nala-da	1	sa
nalaka	1	jaṅghā
nalikā-nyāya	1	śuka
nalin	1	ku
nalī	1	sapta
nalīya	1	pañca
namas-kāra	1	ubhayato
namaskāra-vidhi	1	lakṣa
namaskāra-vrata	1	lakṣa
namraka	1	vi
nanda-saṃvāda	1	bhagavan
nandī@śvara	1	soma
nandīya	1	śrī
nannama	1	ku
napa	1	tanū
napuṃsaka	1	puṃ
nara-siṃha-sena	1	vaidya
narapati	1	hṛdaya
narasiṃha	1	śābdika
narasiṃha-paṇḍita	1	rāya
nare@ndra-prabhā	1	śrī
nare@ndre@śvara	1	śrī
nare@śvara-sabham	1	madhye
narma-hāsa	1	sa
narman	1	mahā
nartana	1	saha
nartin	1	vaṃśa
nasi	1	kumbhī
nasya	1	pūti
nasā	1	śuka
nat	1	su
nava-'ha	1	tri
nava-daśa-prakaraṇa	1	śaiva
nava-graha-paddhati	1	vāsiṣṭha
nava-kaṇḍikā-sūtra	1	śrāddha
nava-kṛtvas	1	dvi
nava-nāgara-candrikā	1	vraja
nava-rasa-ratna	1	bhairava
nava-ratna-sāra	1	rāma
nava-rātra	1	vyūḍha
navamī-vrata-māhātmya	1	sītā
navatitama	1	aṣṭa
navo@ḍhā	1	viśrabdha
navā@hnika	1	bhāṣya
naya-bodhikā	1	vaidya
naya-prakāśa	1	mahā
naya-viveka	1	mīmāṃsā
nayaka	1	su
nayana-bhūṣaṇa	1	vedānta
nayana-tā	1	viśāla
nayanā@cārya	1	vedānta
nayanā@ṣṭaka	1	mīna
nayaṇā	1	hariṇī
nayo@ddyota	1	bhāṭṭa
naś	1	jīva
naśā	1	śuka
naḍaka	1	pūrva
naḍi	1	dhruva
naḍī	1	dhruva
naṃśana	1	svapna
naṣṭa-dṛṣṭa	1	kṣaṇa
naṣṭa-śānti	1	suvarṇa
naṭana	1	līlā
naṭṭa	1	chāyā
naṭṭā	1	śuddha
nemi-daśana	1	vi
nemī	1	sāgara
nerika	1	karaṇa
netra-bhū	1	atri
netra-ja	1	atri
netra-maya	1	śrotra
netra-prabhava	1	atri
netra-prasūta	1	atri
netra-rati-sambhava	1	śuci
netra-sūta	1	atri
netra-tā	1	viśuddha
netratā	1	abhinīla
netrā@dhipati	1	arci
ni	1	ṛta
ni-kṣipta	1	su
nibandha-vināśin	1	bhava
nibandha-yojanā	1	bhāgavata
nibandhika	1	aśva
nibhandha	1	nyāya
nibhe@kṣaṇa	1	padma
nibhṛtam	1	su
nicolin	1	nīla
nicṛt	1	pāda
nid	1	deva
nidhi-kumāra	1	mahā
nidhi-vilāsa	1	satya
nidhika	1	prāti
nidhirāma	1	nau
nidhāyam	1	ghṛta
nidrita	1	vyāja
nidrā-pralaya	1	saṃjāta
nidrā-sukha	1	labdha
nidrālu	1	yoga
nidāgha	1	apara
nidāna-ṭīkā	1	saṃkhyā
nigaḍa	1	vi
nigaḍa-caraṇa	1	sa
nigaḍa-nibandha-cchedana	1	bhava
nigaḍa-nibandhavināśin	1	bhava
nighaṇṭi	1	bṛhan
nighātin	1	madhu
nigrahā@ṣṭaka	1	vārāhī
nigrantham	1	punar
nigrāhikā	1	sainya
nigūhin	1	sādhu
nihan	1	madhu
nihantṛ	1	madhu
nihata	1	śoka
nihava	1	vasiṣṭha
nihnuti	1	viṣaya
nihāra	1	go
nikartana	1	dor
nikhanana-nyāya	1	sthūṇā
nikhilam	1	su
nikuñcana	1	jānu
nikāmam	1	yadā
nikānta	1	vatsa
nikāra	1	sa
nikāyam	1	yathā
nikāśana	1	mānuṣa
nikāṇam	1	akṣi
nikāṣam	1	hiraṇya
nikūla	1	utkūla
nikṛta	1	bāṇa
nikṛṣṭa	1	su
nikṣa	1	puṣpa
nikṣepā	1	sarva
nilayam	1	yathā
nilvayanī	1	ahi
nilāya	1	kulāya
nilāyin	1	kulāya
nimagna	1	asta
nimantraṇa	1	vara
nimbā	1	tṛṇa
nimbū	1	miṣṭa
nimbūka	1	amla
nimittin	1	nimitta
nimna	1	mahā
nimna-gā	1	naga
nimīlana	1	padma
nimīlitā@kṣa	1	bhaya
ninayana	1	svadhā
ninda	1	sa
nindin	1	veda
nindita	1	loka
nindā-navana	1	sama
nindā-stuti	1	tulya
ninṛtta	1	punar
nipa	1	āke
nipre@ṣita	1	pṛśni
nipāna	1	parakīya
nipātin	1	ripu
niraja	1	su
nirape@kṣa	1	āgama
nirasana	1	mithyā
niraṣṭa	1	mahā
nirbandha	1	jyotir
nirbhakta	1	su
nirbhaya	1	vi
nirbhinna	1	nakha
nirbhoga	1	vi
nirbhāsa	1	vimala
nirbānu	1	vi
nirdhūta-daṇḍa	1	rāja
nirgama-sthāna	1	āhāra
nirgandha	1	sura
nirgranthī-sūtra	1	pañca
nirguṇḍī	1	nīla
nirharaṇa	1	garbha
nirhata	1	ulkā
nirhāra	1	karma
nirhāraka	1	preta
nirjaya	1	vyādhi
nirjhara-vipruṣmat	1	hima
nirjhariṇī	1	sura
nirjita	1	strī
nirlajja	1	su
nirlekhana	1	jihvā
nirlekhanika	1	jihvā
nirmatha	1	su
nirmita-vaśa-vartin	1	para
nirmoka-vasana	1	mṛga
nirmokṣa	1	ṛṇa
nirmukta	1	hima
nirmālya-bhakṣaṇa	1	śiva
nirmūḍha	1	vi
niruptam	1	yathā
nirvaṃśa	1	dīrgha
nirvaṃśaka	1	hrasva
nirviśeṣam	1	suta
nirviṇṇa	1	su
nirvlayanī	1	ahi
nirvyūha	1	vimāna
nirvācana	1	praśna
nirvāka	1	karṇa
nirvāpa	1	saha
nirvāpaṇa	1	bīja
nirvāṇa-stotra	1	śiva
nirvāṇa-tantra	1	bṛhan
nirvṛta	1	su
niryukta	1	su
niryāsā	1	su
niryāṇa	1	śastra
niryūha	1	nāga
nirākṛta	1	animitta
nirākṛti	1	sarva
nirāloka	1	ātma
nirāmayā	1	sadā
nirāsa	1	hrī
nirīkṣa	1	dur
nirīkṣaṇa	1	dur
nirīkṣya	1	dur
nirūhaṇa	1	su
nirūpaṇa-khaṇḍa	1	vyabhicāra
nirūpita	1	su
nirūḍha	1	su
nirṇaya-bhūṣaṇa	1	liṅga
nirṇaya-kalpa-vallī	1	saṃdhyā
nirṇaya-sindhu	1	saṃkṣipta
nirṇaya-tantra	1	mahā
nirṇaya-vyākhyā	1	prabala
nirṇayā@mṛta	1	pāścāttya
nirṇega	1	pātra
nirṇeka	1	vadha
nirṇikta	1	su
nisarga	1	san
nisruti	1	veṇu
nistriṃśa	1	su
nisyanda	1	baddha
nitambha-sthalī	1	śuṣka
nitambinī	1	su
nitunna	1	punar
nitya-dhanā@gama	1	pracura
nitya-kriya	1	kṛta
nitya-pūjā-paddhati	1	śyāmā
nitya-tantra	1	ṣoḍaśa
nityatā	1	śabda
nityā	1	śambhu
nivapā	1	āhara
nivaraṇa-viṣkambhin	1	sarva
nivartaka	1	mṛtyu
nivartam	1	punar
nivartya	1	dur
nivedayitṛ	1	priya
nivedikā	1	priya
nivedya	1	dur
niveśa-bhūmi	1	sainya
niveśam	1	yathā
niveśita	1	sadma
nivit-ka	1	tri
nivāpa	1	karaṇḍaka
nivāra	1	dur
nivārya	1	dur
nivāsa-bhaṭṭā@cārya	1	vidyā
nivāsinī	1	mukha
niyamano@dyuta	1	bali
niyantu	1	dur
niyantṛ	1	sarva
niyat	1	su
niyata	1	su
niyata-praveśa	1	nāma
niyojaka	1	sarva
niyukta	1	su
niyuta	1	mahā
niścayin	1	kṛta
niścita	1	su
niściti	1	pāṭha
niśita	1	su
niśrayaṇī	1	deva
niśumbha	1	śumbha
niśumbhana	1	jambha
niśvasya	1	dīrgha
niśvāsam	1	sa
niśāntam	1	yathā
niśītha	1	mahā
niḥkampa	1	vi
niḥsaraṇa-mārga	1	āhāra
niḥsvana	1	harṣa
niḥsāraṇa	1	bahir
niḥsṛptam	1	yathā
niḥsṛta	1	bāhu
niḥśrita	1	bahu
niḥśvāsam	1	sa
niḥṣidh	1	puru
niḥṣidhvan	1	puru
niḥṣṭhita	1	su
niṃsin	1	netra
niṣañja	1	ku
niṣaṇṇa	1	su
niṣaṇṇaka	1	su
niṣedha-tā	1	vidhi
niṣedha-vacana	1	śrāvaṇa
niṣeva	1	hrī
niṣkambha	1	vajra
niṣkampa	1	vi
niṣkarṣa	1	trayī
niṣkirā	1	āhara
niṣkraya	1	śruta
niṣkriya	1	vi
niṣkāśita	1	danta
niṣkṛt	1	yajña
niṣpanna	1	ardha
niṣpeṣam	1	sa
niṣphala	1	su
niṣprapatana	1	dur
niṣpādya	1	ananya
niṣpāvī	1	nakha
niṣyada	1	sa
niṣādīka	1	sa
niṣūdana-bhid	1	kirmīra
niṣṇa	1	nīti
niṣṭapta	1	su
niṣṭhita	1	su
niṣṭhura-vāda	1	rūkṣa
niṣṭhīva	1	sa
no-devī	1	śaṃ
nodana	1	kuṣṭha
nonuva	1	sadā
nta	1	tapo
nuda	1	tamo
nunna	1	agni
nuta	1	ari
nutta	1	brahma
nutti	1	smaya
nva	1	sadā
nyakta	1	agni
nyasta-kapolā@ntam	1	kara
nyastam	1	yathā
nyoghas	1	go
nyupta	1	yathā
nyāsa-paddhati	1	śilā
nyāsa-sūtra	1	bahir
nyāsam	1	yathā
nyāya-candrikā	1	siddhānta
nyāya-mālā	1	vedānta
nyāya-mālā-vistara	1	jaiminīya
nyāya-ratnā@valī	1	vedānta
nyāya-sudhā	1	laghu
nyāya-vācas-pati-bhaṭṭā@cārya	1	rudra
nyāyasaṃgraha	1	upādhi
nyāyā@laṃkāra	1	rāma
nyāyā@mṛta	1	loka
nyūna	1	artha
nyūṅkha	1	prati
nā@man	1	jaya
nā@sti	1	asti
nā@sti-tva	1	asti
nā@stika	1	bhṛśa
nā@tha	1	jīva
nābha-maṇḍala	1	laghu
nābhi-nāḍī	1	garbha
nābhitā	1	gambhīra
nābhī	1	ūrṇa
nādha	1	vayo
nādo@paniṣad	1	amṛta
nādīkā	1	ku
nāga-rāja	1	gaṅgā
nāga-rāja-paripṛcchā	1	sāgara
nāgaraka	1	nandi
nāgā@rjuna	1	siddha
nāgā@śva-ratha	1	prabhūta
nāka-vanita	1	sa
nākula	1	ardha
nākulī	1	gandha
nālikeraka	1	madhu
nālikerika	1	madhu
nāliko@dāharaṇa	1	śukra
nāma-liṅgā@nuśāsana	1	prākṛta
nāma-māhātmya-saṃgraha	1	viṣṇu
nāma-nirūpaṇa	1	nānā
nāma-pañjara	1	dvādaśa
nāma-ratna-sahasra-vyākhyāna	1	vedānta
nāma-sahasra	1	bhārgava
nāma-vivaraṇa	1	nārāyaṇa
nāmana	1	māhā
nāmaratna-stotra	1	viṣṇu
nāmnya	1	sārva
nāmnī	1	śaṅkha
nāmā@mṛta	1	lakṣmī
nāmā@vali	1	brahma
nāmā@ṣṭaka	1	saṃkaṭā
nāmā@ṣṭo@ttara-śata	1	śiva
nānā@kṛti	1	hari
nāpiti	1	pāñca
nārada-bhāṣita	1	yathā
nāradīya-purāṇa	1	bṛhan
nāradīya-tantra	1	bṛhan
nārikeraka	1	madhu
nārāyaṇa-deva	1	hṛdaya
nārāyaṇa-māhātmya	1	bhāva
nārāyaṇa-stotra	1	dharaṇī
nārāyaṇā@ṣṭā@kṣara-nyāsa	1	vaiṣṇava
nārāyaṇī	1	bṛhan
nārāyaṇī-saṃhitā	1	cakra
nārāyaṇīya	1	hari
nārāśaṃsī	1	gāthā
nārī-nara-vapus	1	ardha
nārī-nāṭe@śvara	1	ardha
nārī-vilakṣaṇā	1	nara
nārī@śa	1	ardha
nārī@śvara	1	ardha
nārīca	1	rata
nāsa-tā	1	śuci
nāsaka	1	vi
nāsikya	1	pauti
nāsya	1	chinna
nāsā-gada	1	pūti
nāsīra	1	su
nātaka	1	kapaṭa
nātha-bhaṭṭa	1	vidyā
nātha-purāṇa	1	vimala
nātha-tantra	1	bhairava
nātha-tīrtha	1	tejo
nātha-yajvan	1	dvārakā
nātha-yogin	1	nava
nātha-śarman	1	harṣa
nāva	1	ardha
nāvika	1	yoga
nāyakā	1	ākrānta
nāyakī	1	śrīraṅga
nāyakī-daṇḍaka	1	bṛhan
nāyin	1	ayuta
nāyya	1	śyāva
nāyīya	1	śyāva
nāśa-kṛt	1	śatru
nāśam	1	jīva
nāśana-gaṇa-pati-stotra	1	saṃkaṣṭa
nāśana-stotra	1	saṃkaṣṭa
nāśana-vrata	1	saṃkaṣṭa
nāśanī	1	dhvāṅkṣa
nāśya-nāśaka-bhāvā@rtha-rahasya	1	vega
nāśī	1	mañju
nāḍika	1	sapta
nāḍī-cakra	1	sapta
nāḍī-lakṣaṇa	1	saṃnipāta
nāḍīca	1	go
nāḍīka	1	go
nāḍīyantra	1	kukkuṭa
nāṇaka	1	nir
nāṭin	1	saṃdhyā
nāṭitaka	1	bhīti
nāṭya	1	su
nīca-meḍhra	1	śama
nīla-kaṇṭha	1	śrī
nīla-tantra	1	bṛhan
nīlakaṇṭha	1	praśna
nīlamaṇi	1	ujjvala
nīlapaṭā@dika	1	nagna
nīlo@tpala	1	karṇa
nīlā	1	kāka
nīlā-pañca-sū@kta	1	bhū
nīpa	1	bhū
nīravahā	1	sadā
nīrā	1	sadā
nīrājana-vidhi	1	vāji
nītaka	1	nava
nīti-saṃgraha	1	vaiśampāyana
nīvaraṇa	1	vi
nīvi	1	vi
nīḍaka	1	kaṇṭha
nīḍā	1	kāma
nīḷa	1	kṛpa
nūpuriṇī	1	śaṅkha
nṛ	1	go
nṛpati-saṃvatsara	1	śaka
nṛpā@jñā	1	bhāṅgāsuri
nṛpāla	1	śaka
nṛsiṃha-kārikā	1	śrauta
nṛtta	1	ābhyantara
nṛtta-ratnā@kara	1	saṃgīta
nṛttā	1	kapi
nṛtyo@pahāra	1	datta
nṛtyā	1	veṇu
nṛtyā@kara	1	saṃgīta
nṛśaṃsa	1	su
oga	1	dvy
ogho@ttīrṇa	1	catur
oka	1	vāry
okam	1	dur
okasārā	1	vasv
oman	1	vy
opaśā	1	bṛhad
oṣa	1	dur
oṣas	1	dur
oṣṭhaka	1	sphurad
pa-nanda	1	go
pa-nāpita-putra-nyāya	1	nṛ
pa-rāja-vikrama	1	dvi
pa-rṣi	1	nṛ
pacanam	1	prati
pacanīya	1	lohita
pacchas	1	tri
pacāna	1	kim
pad-dhita	1	dur
pada-cchandas	1	nandi
pada-darpaṇa	1	veda
pada-darśana	1	kapota
pada-prabodha	1	durga
pada-prakāśa	1	bhārata
pada-stava	1	veda
pada-vicāra	1	rātri
pada-vidhi	1	samartha
pada-śakti	1	prabhā
padatva	1	nyūna
padatā	1	nyūna
paddhati-rahasya	1	saṃskāra
padma-candrikā	1	rasa
padma-dāna	1	rajata
padma-kośa	1	nalinī
padma-vana	1	bhrātṛ
padma-vat	1	daśa
padma-vrato@dyāpana	1	lakṣa
padminī	1	sthala
padmo@pajīvin	1	pāda
padmo@tpala-vat	1	phulla
padmā	1	svarṇa
padmā@kara	1	rasa
padmā@sana	1	daṇḍa
padmā@ṭa	1	cakra
padva	1	nisarga
padya-maya	1	gadya
padya-puṣpā@ñjali	1	bhagavatī
padya-ratnā@kara	1	sat
padya-trayī-vyākhyāna	1	bhāgavata
padya-ṣaṭka	1	mahā
padyā	1	ardha
padyā@valī	1	sāra
padā@bhirāma	1	mādhava
padā@mṛta	1	kṛṣṇa
padā@nuga	1	śrotra
padā@rtha-gāthā	1	sāṃkhya
padā@rtha-mālā	1	nyāya
padā@rtha-nirvacana	1	śrauta
padā@rtha-nirṇaya	1	mīmāṃsā
padā@rtha-pradhāna	1	anya
padāti	1	sama
padī-gamana	1	sapta
padīna	1	sāpta
padīya	1	vākya
paippalāda	1	mauda
paitta	1	rakta
paittika	1	rakta
paitāmaha	1	pitṛ
paitāmahika	1	pitṛ
paiya	1	nāga
paiśācī	1	cūlikā
paiṅgi-rahasya-brāhmaṇa	1	paiṅgin
paiṅgya	1	mahā
paiṭhīnasi	1	mahā
paj-jhaṭikā	1	tārā
paktrima	1	vi
pakṣa-cara	1	jala
pakṣa-dharma	1	bodhi
pakṣa-gaṇita	1	saura
pakṣa-karaṇa	1	sūrya
pakṣa-nayana	1	anyonya
pakṣa-netratā	1	go
pakṣa-pāta	1	maitrī
pakṣa-tantra	1	jyotsnā
pakṣa-vihaṃgama	1	amala
pakṣa-śaraṇa	1	sūrya
pakṣa-śāyin	1	ṣoḍaśa
pakṣapātam	1	sa
pakṣatā	1	bṛhaspati
pakṣatā-rahasya	1	saṃśaya
pakṣatā-vāda	1	saṃśaya
pakṣe	1	vyutpatti
pakṣi-gaṇā@kīrṇa	1	nānā
pakṣi-rāja-prakaraṇa	1	śarabha
pakṣiṇī	1	vara
pakṣma-nayana	1	arāla
pakṣmala	1	āyata
pakṣmatā	1	citra
pakṣo@dbhava	1	kīṭa
pakṣo@dgama	1	kīṭa
pakṣā@vadāna	1	cūḍā
pakṣī	1	pañca
pakṣī-bhāva	1	eka
pakṣīya-vyākhyā	1	śuka
palada	1	dākṣi
palaka	1	ṣaṭ
palalā@śaya	1	palala
palam	1	prati
palita-dā	1	bhūri
pallavita	1	prabhā
palli	1	ābhīra
palli-kuñcikā	1	kaṭa
pallī-paṭṭana	1	deva
palpūlī	1	vāsaḥ
palya	1	śākalya
palā@dhika	1	eka
palā@yana	1	bhūyaḥ
palā@yita	1	su
palā@śā@kṣa	1	puṇḍarīka
palāva	1	niṣ
palāyita	1	dyūta
palāśa-pratima	1	puṣpita
palāśī	1	gandha
panda	1	niṣ
panna	1	tri
panthaka	1	mahā
panthika	1	pāri
panthin	1	dādū
panthā	1	puru
panthās	1	su
papa	1	ku
papi	1	ku
paptani	1	su
papī	1	ku
para-bhāga	1	labdha
para-guṇa	1	vidhvasta
para-maṇḍala	1	sva
para-pratāraka	1	sva
para-pūjā-vidhi	1	devī
para-sāmarthya	1	adṛṣṭa
param	1	yathā
parama-turitā	1	su
parame@śvara	1	haṃsa
paramparita-rūpaka	1	śliṣṭa
paramparā-nyāya	1	andha
paramā@rtha	1	hata
paratantra	1	cikitsā
paraśu-dhāra	1	kāla
paraṃ-parā	1	karṇa
paraṇa	1	aritra
pari-vṛta	1	nitya
paribhedya	1	pūrva
paribhrama	1	khe
paribhāṣa	1	su
paribhāṣā-rūpa-śabdā@rtha-tarkā@mṛta	1	vaiyākaraṇa
paribhāṣā-saṃgraha	1	bṛhat
paribhāṣā-saṃgraha-vṛtti	1	śrauta
paribādh	1	soma
paribādha	1	sa
paribṛṃhaṇa	1	sa
paricara	1	sūnā
paricaryā	1	devī
paricchad	1	senā
paricchanna	1	su
paricita	1	cira
paridatta	1	su
paridhvaṃsā	1	varṇa
paridāha	1	niṣ
paridṛṃhaṇa	1	bhūmi
parigha	1	rakṣā
parigraha-dharma-kāṅkṣiṇī	1	satata
parigraha-dvitīya	1	prayata
parigraham	1	satata
parihantu	1	duṣ
parihara	1	su
parihāram	1	sa
parihārya	1	niṣ
parihāsa	1	sa
parihīna	1	sukha
parijana	1	sa
parika	1	su
parikalpanā	1	rūpa
parikarman	1	bhinna
parikarmā@ṣṭaka	1	abhinna
parikhaṇḍana	1	māna
parikliṣṭa	1	su
parikraya	1	prāṇa
parikrānta	1	tri
parikṣata	1	śāpa
parikṣaya	1	vega
parikṣipta	1	vetasa
parikṣīṇa	1	prāṇa
parila	1	su
parilikhitam	1	yathā
parimārja	1	tunda
parimārjaka	1	tunda
parimārjana	1	antaḥ
parimāṇa-nibandha	1	saṃkhyā
parimṛj	1	kaṃsa
parimṛja	1	tunda
parimṛṣṭa	1	duṣ
parinirvāṇa-sūtra	1	mahā
pariniṣpatti	1	bodhi
paripanthin	1	viveka
pariphulla	1	sarva
pariplutā@kṣa	1	aśru
paripuṭana	1	tvak
paripācita	1	aṅgāra
paripālaka	1	pṛthivī
paripūjita	1	su
parirakṣaṇa	1	samaya
parirakṣita	1	su
parisarpaṇa	1	pipīlikā
parispanda	1	vaktra
parisrava	1	garbha
parisruta	1	su
parisrāva	1	nāsā
paritrāṇa-vastū@pā@lambha-paṇḍita	1	bhīta
paritāpa	1	saṃsāra
parivarjana	1	māṃsa
parivartita	1	pārśva
parivatsara	1	vi
pariveṣaṇa	1	sattra
pariveṣya	1	paścāt
parivikrayin	1	māṃsa
pariviṣṭa	1	su
parivrāj	1	su
parivrājako@paniṣad	1	nārada
parivyaya	1	sa
parivyādha	1	cakra
parivāha	1	sa
parivāsana	1	idhma
parivṛddhatā	1	vidagdha
pariya	1	su
pariyatama	1	varuṇa
pariśeṣa	1	sa
pariśiṣṭa-nigama	1	vājasaneya
pariśiṣṭa-vivecana	1	haumya
pariśoṣa	1	nāsā
pariśraya	1	sa
pariśrayaṇa	1	soma
pariśritkam	1	sa
pariśrāma	1	śreyaḥ
pariśrānta	1	su
pariśuddha	1	su
pariśīlana	1	prapatti
pariḍīṇaka	1	kha
pariṇaddha	1	guda
pariṇaya-campū	1	draupadī
pariṇayā	1	nava
pariṇāha	1	vṛtta
pariṇāyaka	1	mārga
pariṇīta	1	su
pariṣadya	1	brahma
pariṣatka	1	sa
pariṣkāra	1	vyāpti
pariṣkṛta	1	su
parka	1	madhu
parkaṭī	1	viddha
parkya	1	madhu
paro@pta	1	manyu
parokṣa	1	ati
parokṣa-vṛtti	1	ati
parpaṭa	1	kṣetra
parpaṭaka	1	guḍa
parpaṭī	1	rasa
paru	1	yathā
paruṣa-guṇa	1	mṛdu
parva-mālā	1	bṛhat
parvata-deśa	1	strī
parvata-dāna-vidhi	1	dhānya
parvata-māhātmya	1	sapta
parve@ndu	1	pūrṇa
parve@śa	1	śata
parvī	1	daśa
paryak	1	vi
paryavadāta	1	su
paryavasita	1	su
paryaṅka	1	ardha
paryukṣitam	1	yathā
paryāgata	1	vidhi
paryākule@kṣaṇa	1	bāṣpa
paryāpta	1	su
paryāya-dīpikā	1	dhātu
paryāya-mañjūṣā	1	dhātu
paryāyanta	1	niṣ
paryāyin	1	samanta
paryāśīr-datta	1	su
paryāṇahana	1	soma
parā	1	āśā
parā-mantra	1	prāsāda
parā@krama	1	karṇa
parā@rdha	1	tapaḥ
parā@rdhika	1	dvi
parā@sa	1	śamyā
parā@sin	1	śamyā
parā@yaṇa-tīrtha	1	satya
parājin	1	āruṇa
parājit	1	na
parāpātin	1	prathama
parāpūjana	1	śrī
parāvyādha	1	śamyā
parāñc	1	su
parāṇutti	1	bhrātṛvya
parī@kṣa	1	niṣ
parī@kṣaka	1	ku
parī@kṣin	1	nāṇaka
parī@psā	1	prāṇa
parī@tā@tman	1	dhṛti
parī@tā@ṅga	1	duḥkha
parī@ṣṭi	1	pātra
parīhāra	1	niṣ
parīttam	1	yathā
parīvāra	1	alpa
parīṇa	1	para
parīṇas	1	go
parśa	1	duṣ
parśavya	1	antaḥ
parṇa-śiphā	1	prati
parṇā@di-bhakṣaṇa	1	nava
parṇā@khya	1	vara
parṇā@sa	1	śveta
parṇīya	1	tāmra
parṣatka	1	sa
parṣin	1	iṣu
pat	1	akṣi
patana-kaluṣa	1	rodhaḥ
patana-praśānti	1	saraṭa
patanaka	1	laghu
patanīya	1	viśeṣa
patat	1	tri
patham	1	bahiṣ
pathi-kṛd-iṣṭi	1	mahā
pathi-kṛta-pūrvaka-darśa-sthālī-pāka-prayoga	1	vaiśvānara
pathi-kṛta-sthālī-pāka-prayoga	1	vaiśvānara
pathya-mālā	1	pūjā
pathya-nirṇaya	1	laṅghana
pathā@di-kuṇḍa-māhātmya	1	mitra
pathīya	1	śata
pati-bhāgā@khya-gṛha-kṛtya	1	aṭṭa
pati-guru-mūrti	1	ravi
pati-jayasūra	1	nara
pati-nāga	1	gaṇa
pati-sutā	1	niṣ
pati-vāra	1	vāk
patikā	1	jīvat
patin	1	gṛha
patka	1	culla
patma-jaṃhas	1	raghu
patni-tā	1	eka
patnī-kṛt	1	bahu
patnī-saṃyāja	1	bahiṣ
patnī-tā	1	bahu
patnīkā@dhāna	1	mṛta
pattanikā	1	prema
pattra-bhaṅga	1	karṇa
pattra-kara	1	sūtra
pattra-mokṣa	1	marmara
pattra-nīla	1	utpala
pattrakā	1	nānā
pattrakī	1	śāta
pattrika	1	sūci
pattro@pajīvin	1	kāṣṭha
pattrā@bha	1	kumuda
pattrīṇa	1	sarva
patākin	1	dhvaja
patīya	1	vāk
paurava	1	mahā
pauravatantava	1	para
paurtika	1	aiṣṭika
pauruṣya	1	rāja
paurāṇa	1	yathā
paurāṇika-mata-samarthana	1	saura
paurṇamāsa	1	darśa
paurṇamāsika	1	dārśa
paurṇimī	1	dyūta
pautra	1	putra
pauṃsna	1	visrasta
pauṇḍra	1	kāśa
pauṣa	1	sauma
pauṣṇa-maitra	1	sa
pavamāna	1	bahiṣ
pavamāna-trirātra	1	chandoma
pavanā@śin	1	salila
payo-dharā	1	lamba
payo@ṣṇī	1	payaḥ
pañca-lakṣaṇa	1	purāṇa
pañca-mukha-dhyāna	1	śiva
pañca-nakha	1	pañca
pañca-phala	1	amla
pañca-saṃdhi	1	bhairavīya
pañca-saṃskāra-vidhi	1	śūdra
pañca-sū@kta	1	pavamāna
pañca-sūtra	1	śaunaka
pañca-tva	1	prāpta
pañca-vadana-stotra	1	śiva
pañca-varṣa	1	ṣaṭ
pañca-viṃśa	1	dvi
pañca-viṃśati	1	vetāla
pañca-viṃśatikā	1	vetāla
pañca-viṣa	1	mahā
pañcadaśa	1	ardha
pañcadaśikā	1	bodha
pañcadaśī-kalpa-latikā	1	rāma
pañcadvayasā@ṅgula	1	dvi
pañcaka-prayoga	1	soma
pañcaka-pūjā	1	kalyāṇa
pañcaka-vivaraṇa	1	śloka
pañcaka-vrata	1	hari
pañcaka-vrata-kathā	1	viṣṇu
pañcamaka	1	ardha
pañcaratna	1	prayoga
pañcarātra	1	kapila
pañcaśatī	1	mūka
pañcin	1	pañca
pañcā@kṣara-stotra	1	śiva
pañcā@kṣarī	1	śiva
pañcā@mla	1	phala
pañcā@mṛta	1	divya
pañcā@sya	1	nṛ
pañcā@yudha-stotra	1	hari
pañcā@śīti	1	vairāgya
pañcā@ṅga-bhāṣya	1	lagna
pañcā@ṅga-nyāsa	1	rudra
pañcā@ṅga-stotra	1	sūrya
pañcā@ṅga-vidhi	1	makaranda
pañcālaka	1	paurva
pañcāśad-bhāva	1	nyūna
pañcāśatika-horā	1	ṣaṭ
pañcāśatikā	1	ṣaṭ
pañcāśattama	1	aṣṭa
pañcāśikā-vṛtti	1	ṣaṭ
pañcī	1	vi
pañcī-karaṇa	1	prākṛta
pañcī-karaṇa-vārttika	1	saṃdhyā
pañjaka	1	palli
pañjala	1	vastra
pañjara-stotra	1	bhīṣma
pañjarikā-stotra	1	dvādaśa
pañjāśikā	1	padya
paśavya	1	putrya
paścimā@yata	1	prāk
paścā@yata	1	pūrva
paścāttāpa-varṇana	1	pārvatī
paśu-ghna	1	vṛthā
paśu-prayoga	1	varṣa
paśuka	1	eka
paśupati	1	abhirāma
paśyā	1	dūre
paṅka-ja	1	vadana
paṅka-vat	1	baddha
paṅkin	1	mala
paṅkti-hāsin	1	balākā
paṅkti-vidhāna	1	pitṛ
paṅkā@vanaddhā@sthi-pañjara-maya	1	piśita
paṇava-tūṇa-vat	1	vīṇā
paṇita	1	saṃghaṭṭa
paṇyam	1	yathā
paṇyo@pajīvin	1	strī
paṇḍa	1	vāta
paṇḍita-tva	1	vañcanā
paṇḍitīya	1	hari
paṭa-vāsa	1	sama
paṭaham	1	sa
paṭaka	1	kāṇḍa
paṭalikā	1	pañca
paṭalo@pā@ya-dāna	1	nakṣatra
paṭha	1	su
paṭhana	1	pavitra
paṭhana-phala	1	rāmāyaṇa
paṭhana-stotra	1	nāma
paṭhitṛ	1	veda
paṭika	1	yama
paṭikā	1	tūla
paṭola	1	rāja
paṭolikā	1	dīrgha
paṭolī	1	madhura
paṭīra	1	śāṭī
paṭṭa-grāma	1	naṭṭa
paṭṭa-mara	1	sarva
paṭṭi	1	vora
paṭṭika	1	śāṭī
paṭṭolikā	1	rakṣā
paṭṭā@bhiṣeka	1	rāma
paṭṭāka	1	sthūla
paṭṭī	1	sa
pela	1	pāri
pelava	1	mṛṇālikā
peyaka	1	vāja
peyika	1	vāja
peyin	1	vāja
peḍā	1	rajju
peṣaka	1	auṣadha
peṣaṇī	1	yantra
peṣika	1	naiṣ
peṣikā	1	gandhaka
pha	1	vi
phakkikā	1	vāda
phala-bhaktṛ	1	putra
phala-bhāj	1	sampūrṇa
phala-hetu	1	karma
phala-kṣīra	1	khasa
phala-maya	1	nānā
phala-paddhati	1	varṣa
phala-prapānaka	1	āmra
phala-pānaka	1	nimbūka
phala-pāṇḍura	1	lavalī
phala-rahasya	1	varṣa
phala-stotra	1	sevā
phala-tva	1	paṇya
phala-tyāga-caturdaśī	1	sarva
phala-vicāra	1	munthā
phala-vrata	1	daśa
phala-vrata-kathā	1	dhānā
phalam	1	yathā
phalgu	1	sāra
phalguna	1	bhaṭṭa
phalka	1	śva
phallī	1	badara
phalya	1	naiṣ
phalā@bhiṣeka	1	śiva
phalā@dhyāya	1	svapna
phalā@phala	1	svapna
phalī-karaṇam	1	prati
phañjī	1	jīrṇa
phaḍ-anta	1	hum
phaṇaka	1	mahā
phaṇi-cakra	1	sūrya
phaṇijjhaka	1	rāja
phaṇikā	1	go
phaṇin	1	śaṅku
phaṇā	1	go
phena-ja	1	rakta
phena-pīta	1	vṛṣalī
phena-rāji	1	sphuṭa
phenī	1	payaḥ
pheru	1	bhās
pheṇā	1	mahā
pheṭkārīya	1	mahā
phullā@ntra	1	vāta
phuṭṭika	1	pañca
phālaka	1	ardha
phālguna	1	prāk
phālguneya	1	prāk
phālgunī	1	uttara
phī	1	māra
phūt-kāra	1	mukta
phūt-kṛti	1	mukta
piccaṭa	1	tila
picchila	1	laghu
picu	1	tūla
pidhānaka	1	khaḍga
pihita	1	bhujaṃga
pihita-locana	1	bāṣpa
pihita-vat	1	su
pika	1	kelī
pilla	1	kṛṣṇa
pin	1	surā
pinva	1	dānu
piplu	1	mṛga
pippikā	1	jala
pipāse	1	aśanāyā
pipāsita	1	kṣut
pipāsā-pariśrānta	1	kṣut
pipāsā-parī@tā@ṅga	1	kṣut
pipāsā@rta	1	kṣut
pipīlī	1	kṛṣṇa
pis	1	su
pit	1	nāḍa
pitrya	1	su
pitryā-vat	1	pitrya
pitsaru	1	soma
pitta-śūla	1	jarat
pittaka	1	vāta
pittala	1	muni
pittin	1	lohita
pittā	1	matsya
pitva	1	sa
pitā-putraka	1	ṣaṭ
pitṛ-kṛtā@bhyāsa	1	mātṛ
pitṛ-meṣa	1	kumāra
pitṛ-rājanya	1	sa
pitṛ-yajña	1	piṇḍa
piñjala	1	ku
piñjarita	1	mañjarī
piñjūla	1	darbha
piśaṅgila	1	kuru
piśuna	1	saṃkoca
piśācaka	1	abhra
piṅgā@kṣa	1	madhu
piṅgāṇa	1	sita
piṇḍa-bhuj	1	preta
piṇḍa-da	1	anātha
piṇḍa-kriyā	1	saha
piṇḍa-pālana	1	putra
piṇḍa-pāta	1	atyayika
piṇḍa-vidhi	1	ṣaṭ
piṇḍa-śrāddha	1	daśa
piṇḍam	1	prati
piṇḍika	1	anātha
piṇḍo@daka-kriya	1	lupta
piṇḍā@lu	1	rakta
piṇḍāraka	1	pāyasa
piṇḍīra	1	kṛṣṇa
piṇḍītaru	1	mahā
piṣṭakin	1	muni
piṣṭapa	1	tri
piṣṭauṇḍī	1	nīla
piṭharī	1	bhū
piṭikā	1	rakta
plaka	1	kaśa
plavā	1	ākāśa
ploti	1	karma
pluta-lakṣaṇa	1	raṅga
pluta-tva	1	udagra
plutaka	1	śaśa
pluti	1	maṇḍūka
plutā	1	hariṇa
plāvana	1	jala
plāvin	1	veda
plāvya	1	pāri
plāvī	1	busa
poli	1	ākāśa
pona	1	śata
ponaka	1	śata
poraka	1	śata
potalikā	1	go
potha	1	vāta
pothaka	1	vāta
potra	1	śuka
potārau	1	neṣṭā
poñchana	1	mukha
poṇa	1	daṇḍa
poṣam	1	sva
poṣika	1	stana
poṣā	1	sahasra
poṭagala	1	mahā
poṭalin	1	śaṅkha
poṭā	1	ibha
poṭṭalī	1	haṃsa
pra-dīpikā	1	haṭha
pra-karṣa	1	phala
prabandha-dīpikā	1	śṛṅgāra
prabandha-varṇa-sāra-saṃgraha	1	sakala
prabandhana	1	saṃdhi
prabarha	1	saṃvatsara
prabharman	1	vṛṣa
prabhava-deva	1	su
prabhañjana-varman	1	nanda
prabheda-pratiṣṭhā-tantra	1	su
prabheda-tantra	1	su
prabhedikā	1	carma
prabhodhā@laṃkāra	1	śiśu
prabhraṃśana	1	nāva
prabhu-tva	1	eka
prabhu-tā	1	vimāna
prabhuka	1	jñāti
prabhutā	1	sva
prabhā-jāla	1	arka
prabhā-kara	1	vṛtti
prabhā-maṇḍala	1	sphurat
prabhākara	1	vyāsa
prabhāsa-tīrtha	1	candra
prabhāsa-śrī-tejo-rāja-garbha	1	vimala
prabhāsvara-rāja	1	candra
prabhātam	1	prati
prabhāte	1	tat
prabhāva-sambhava	1	rucira
prabhāvam	1	yathā
prabhīya	1	sūrya
prabodha-bhaṭṭāraka	1	satya
prabodhaka	1	sukha
prabodhikā	1	bāla
prabodhin	1	kāla
prabodho@tsava	1	nārāyaṇa
prabodhā	1	haṃsa
praca	1	nakha
pracala	1	bhūmi
pracalana	1	jānu
pracalita	1	antaḥ
pracalāyita	1	āsīna
pracara	1	taṇḍā
pracaraṇa	1	kuṭṭa
pracaya	1	puṣpa
pracayana	1	phala
pracchanna	1	su
pracchādaka	1	tamaḥ
pracchādana	1	piplu
pracodana	1	vāk
pracupita	1	upasthita
pracālakam	1	bāhu
pracāya	1	puṣpa
prada-sūrya-stotra	1	saṃtāna
pradadi	1	su
pradakṣiṇa-vidhi	1	lakṣa
pradakṣiṇa-vrata-vidhi	1	lakṣa
pradakṣiṇā	1	nagara
pradara	1	rakta
pradarśa	1	su
pradeya	1	śiṣya
pradeśam	1	yathā
pradharṣa	1	duṣ
pradharṣaṇa	1	keśa
pradhāna-paṭṭā@valī-sūtra	1	yuga
pradhāna-svarūpa	1	yuga
pradhānam	1	yathā
pradhānatā	1	śarīra
pradhāraṇa	1	pāda
pradhṛṣya	1	su
pradiṣṭam	1	yathā
pradohā	1	su
pradoṣa-vrata	1	pakṣa
pradveṣa	1	kārya
pradyotaka	1	sampradāya
pradyumna-prabandha	1	sāmba
pradāha	1	kakup
pradānam	1	yathā
pradātṛ	1	ṛṇa
pradāyaka	1	prāṇa
pradīpa-paddhati	1	sampradāya
pradīpa-saṃketa	1	samanvaya
pradīpaka	1	raṅga
pradīrṇa	1	svayam
pragala	1	niṣ
pragalbha-lakṣaṇa	1	dvitīya
pragamana	1	su
pragarjana	1	siṃha
pragarjita	1	siṃha
prage	1	ati
praghasā	1	apehi
praghāsa	1	varuṇa
praghāsika	1	vāruṇa
pragrahaṇa	1	sruva
pragrāha	1	tulā
pragupta	1	su
pragāman	1	pṛthu
pragāḍha	1	lavaṇa
pragāṇa	1	pṛthu
pragīta	1	madhura
praharikā	1	ardha
prahartṛ	1	puraḥ
prahata	1	jaṅghā
prahlādana	1	śarīra
prahāna	1	prāk
prahārika	1	eka
prahāsam	1	sa
prahīṇa	1	jyotiṣ
prahṛta-phalaka	1	jānu
prai@tu	1	su
prai@ṣam	1	yathā
praiṣa	1	ṛtu
prajvalita	1	svayam
prajñam	1	yathā
prajñapta	1	vaidya
prajñā-hara	1	sadyaḥ
prajñā-kara	1	sadyaḥ
prajñā-pāramitā-sūtra	1	mahā
prajñāna-śālin	1	bahu
prajāgara	1	vidura
prajāpatika	1	sa
prajāpatya	1	brāhma
prajās-tva	1	su
prakalpana	1	dravya
prakalpanā	1	aṃśa
prakampya	1	duṣ
prakara	1	bāṣpa
prakaraṇa-saṃgati	1	pāda
prakaraṇa-ṭīkā	1	vivāha
prakaraṇī	1	pañca
praketa	1	su
prakhyā	1	yava
prakhyāpana	1	yaśaḥ
prakoṣṭha	1	vijaya
prakriyā-vyākṛti	1	sat
prakriyā-vṛtti	1	prākṛta
prakāsa	1	smṛti
prakāsaka-siṃha	1	śiva
prakāśa-bhāṣya	1	sūtra
prakāśa-bodhinī	1	śakti
prakāśa-cikitsā	1	vidyā
prakāśa-deva	1	śiva
prakāśa-dīdhiti-māthurī	1	guṇa
prakāśa-kṣetra-vidhi	1	puruṣottama
prakāśa-vivṛti	1	guṇa
prakāśa-ṭīkā	1	yoga
prakāśaka-dīpti	1	maṇi
prakāśamāna	1	svayam
prakāśā	1	kṣaṇa
prakāśā@khya-stava	1	suhṛt
prakīrṇa-kārikā	1	śrāddha
prakīrṇe@ndriya	1	su
prakūṭā	1	paca
prakḷpti	1	saha
prakṛta	1	tat
prakṣa	1	vana
prakṣayaṇa	1	ghaṭa
prakṣin	1	upala
prakṣālana-nyāya	1	paṅka
prakṣālita	1	su
prakṣālitā@nnaka	1	sadyaḥ
pralambin	1	tri
pralava	1	veda
pralaya-kaṇṭako@ddhāra	1	sarga
pralepa	1	darvī
pralāpika	1	sambhinna
prama	1	saha
pramada	1	indra
pramadhu	1	su
pramahas	1	vāja
pramanas	1	vi
pramardana	1	candra
pramatta	1	vi
pramaṇa	1	śāṇa
pramita	1	māsa
pramodam	1	sa
pramodanam	1	sa
pramokṣa	1	vīra
pramuditā	1	sat
pramā	1	pratyakṣa
pramārjana	1	aśru
pramātha	1	draupadī
pramātāmaha	1	vṛddha
pramāṇa-mañjarī-ṭīkā	1	nyāya
pramāṇa-pariccheda	1	dharma
pramāṇa-saṃkhyā-vat	1	sādhya
pramāṇa-vādā@rtha	1	samavāya
pramāṇā@nurūpa	1	sva
pramī	1	vāta
pranaṣṭa	1	mārga
pranṛtta	1	su
prapad	1	veda
prapadanīya	1	go
prapalāyin	1	āhūta
prapanna	1	apatha
prapannam	1	yathā
prapañca-hīna	1	su
prapitāmaha	1	vṛddha
prapādikā	1	śruti
prapādin	1	sabhā
prapātana	1	akṣa
prapāṇa	1	su
prapūrṇa	1	rati
prarohin	1	bīja
prarūḍha	1	kāla
prasadman	1	dīrgha
prasaha	1	duṣ
prasakti	1	ati
prasanna	1	su
prasanna-tā	1	citta
prasannaka	1	su
prasaram	1	ādṛṣṭi
prasaraṇa	1	jala
prasarā	1	su
prasatta	1	ghṛta
prasava-rajas	1	lodhra
prasavam	1	prati
prasavas	1	satya
prasavinī	1	vīra
prasavya	1	vāja
prasavīya	1	vāja
prasaṃkhyā	1	artha
prasaṅga-madhu	1	madhu
praseva	1	vīṇā
prasevaka	1	carma
prasevikā	1	carma
praskanda	1	karta
prasrava	1	sneha
prasravaṇī	1	sadā
prasravin	1	payaḥ
prasruta	1	tri
prasruta-mada	1	triḥ
prasrāva-sthāna	1	uccāra
prastaram	1	yathā
prastaraṇa	1	rukma
prastha-pura	1	yama
prasthita	1	pūrva
prasthāna-mārga	1	nyāya
prasthāyya	1	sākam
prasthāyīya	1	sākam
prasthīya	1	saktu
prastotṛ-tva	1	sāma
prastutam	1	yathā
prastāriṇī	1	vajra
prastāvam	1	yathā
prastāvatas	1	kathā
prastāvinī	1	vajra
prasāda-mantra	1	parā
prasāda-meha	1	sāndra
prasāda-mālā	1	bhagavat
prasāda-ṭīkā	1	sārasvata
prasādanīya	1	guru
prasādhita	1	su
prasādhya	1	duṣ
prasādika	1	samanta
prasādinī	1	nayana
prasādā	1	dṛk
prasāha	1	duṣ
prasāraṇa	1	pāda
prasārita	1	su
prasārita-kara	1	vyasana
prasārā	1	su
prasūnaka	1	śveta
prasūnā	1	śata
prasūnā@ñjali	1	padya
prasṛptam	1	yathā
prasṛt	1	amārga
prasṛtikī	1	pāñca
prasṛtim-paca	1	nīvāra
pratakta	1	sarga
prataraṇa	1	āyuṣ
pratardana	1	su
pratarka	1	su
prathamam	1	sarva
prathamikā	1	aham
prathamā@bhiṣeka	1	rāja
prathana	1	jihvā
prathāyin	1	saha
prati-nidhi	1	putra
pratibaddha	1	mṛtyu
pratibaddha-vatsā	1	pīta
pratibadhyatā	1	sāmagrī
pratibandhakatā-vāda	1	sāmagrī
pratibandhin	1	sukha
pratibhaya	1	sa
pratibhuja	1	bhuja
pratibhā	1	su
pratibhāsa	1	śuddha
pratibhāsita	1	prajñā
pratibhāṇḍaka	1	bhāṇḍa
pratibāhu	1	bāhu
praticakṣa	1	su
praticchanna	1	su
praticchedana	1	kaṇṭaka
praticchinna	1	su
pratidvaṃdva	1	niṣ
pratigha-prahāṇa	1	anunaya
pratigraha-vidhi	1	putra
pratigrahaṇa	1	cūḍā
pratigrāhaka	1	bali
pratigrāhya	1	bahu
pratiguṇais	1	yathā
pratiguṇam	1	yathā
pratigṛhīta	1	su
pratijñam	1	yathā
pratikramaṇa-sūtra	1	sādhu
pratikāra	1	śakya
pratikūla	1	vi
pratikṛta	1	kṛta
pratilabdha	1	prasāda
pratilekha-lipi	1	lekha
pratiloma	1	anuloma
pratimantraṇa	1	amedhya
pratimaṇḍala	1	drāk
pratimocana	1	vaira
pratimukha	1	mukha
pratimukhā@gata	1	tiryak
pratimā-dāna	1	bhū
pratimā-sampro@kṣaṇa-vidhi	1	viṣṇu
pratimādana	1	śani
pratinivartana	1	punaḥ
pratināha	1	karṇa
pratipad	1	dyūta
pratipad-vrata	1	ārogya
pratipakṣin	1	sat
pratipakṣita	1	sat
pratipatti-pūrvam	1	sāmānya
pratipratyanīka	1	vi
pratipādaka	1	bhakti
pratipādana	1	tīrtha
pratipādya	1	yatna
pratipūjita	1	su
pratipūrṇa	1	hiraṇya
pratirūpam	1	yathā
pratisara	1	maṅgala
pratisaṃdhi	1	bhava
prativandana-khaṇḍana	1	yati
prativarman	1	su
pratividdha	1	su
prativāda	1	vāda
prativāpa	1	sa
prativāraṇa	1	duṣ
prativī@kṣaṇīya	1	duṣ
prativī@kṣya	1	duṣ
pratiyāta	1	agaṇita
pratiyātana	1	vaira
pratiyātanā	1	yoṣit
pratiśara	1	rakṣā
pratiśrava	1	satya
pratiśraya	1	su
pratiśrut	1	baddha
pratiṣiddha	1	vihita
pratiṣṇāta	1	su
pratiṣṭhā-dāna-vidhi	1	bhuvana
pratiṣṭhā-kalpa	1	hanumat
pratiṣṭhā-maya	1	bindu
pratiṣṭhā-tattva	1	maṭha
pratiṣṭhāna-kāra	1	vaṃśa
pratiṣṭhāpana	1	mūrti
pratiṣṭhāpita	1	su
pratodin	1	śroṇi
pratur	1	su
pratyabhijñam	1	sa
pratyabhijñā-sūtra	1	īśvara
pratyabhijñāna	1	viṣaya
pratyac	1	dakṣiṇā
pratyakṣa-darśanam	1	yathā
pratyakṣa-vicāra	1	vāyu
pratyakṣa-vāda	1	vāyu
pratyakṣa-ṭīkā	1	dīdhiti
pratyanīka	1	vi
pratyanīyaka	1	vi
pratyarham	1	yathā
pratyarthika	1	bahu
pratyavamarśa	1	smṛti
pratyavara	1	bhāra
pratyavarohaṇa	1	hemanta
pratyavasita	1	su
pratyavā@ya	1	bahu
pratyaya-kaumudī	1	vṛtta
pratyaya-mālā	1	sarva
pratyaya-pañcaka	1	dhātu
pratyaya-pañjikā	1	dhātu
pratyaya-tva	1	tat
pratyaya-vādā@rtha	1	bhāva
pratyaya-śakti-vicāra	1	bhāva
pratyayaka	1	sa
pratyayam	1	tat
pratyayo@dbodha	1	bhāṣya
pratyañc	1	su
pratyaṅgirā	1	viparīta
pratyenas	1	rāja
pratyukta	1	ukta
pratyuktikā	1	ukti
pratyupakāra	1	punaḥ
pratyupasthita	1	gandharva
pratyuttara	1	uttara
pratyādhāna	1	sa
pratyāgata	1	gata
pratyāhāra	1	ra
pratyāśa	1	niṣ
pratyāśam	1	sa
pratyūha	1	niṣ
pratyūḍha	1	su
pratāpa-bala-sahita	1	kīrti
pratī@cchaka	1	dātṛ
pratī@kṣa	1	sukha
pratī@kṣin	1	tvat
pratī@kṣā	1	mitra
pratī@ta	1	su
pratī@ti	1	rekhā
pratī@ti-kara	1	duṣ
pratī@śa	1	sa
pratīci-tas	1	prācī
pratīhāra	1	mahā
pratīka-yājyā	1	praiṣa
pratīkam	1	prati
pratīkinī	1	su
pratīkā@śa	1	udaka
pratīkāśa	1	sa
pratūrti	1	su
prauḍha-yauvana	1	ati
pravacanīya	1	karma
pravada	1	prathama
pravadiṣu	1	vāk
pravara-bhāṣya	1	mahā
pravara-grantha	1	samāna
pravara-nirṇaya	1	mahā
pravara-vat	1	tat
pravaraṇa	1	ati
pravarga	1	dāsa
pravargya	1	sa
pravarha	1	manu
pravartana	1	pārvatī
pravarṣin	1	ūrdhva
pravaṇa-kalpa	1	yati
pravaṇi	1	niṣ
pravedita	1	su
pravega	1	śara
praveka	1	maṇi
pravepa	1	sukha
pravepita	1	su
praveśa-paddhati	1	vāstu
praveśa-samaya	1	go
praveśa-vidhi	1	yoga
praveśa-vyavasthāna	1	mokṣa
praveśam	1	yathā
praveśikā	1	parā
praveṣṭa	1	danta
pravicāra	1	sukha
praviṣṭa	1	madhya
pravrajita	1	su
pravrajitā	1	kumāra
pravraścana	1	idhma
pravrājinī	1	dvi
pravādita	1	su
pravāha-maryādā-bheda	1	puṣṭi
pravāheṇa	1	gaḍḍālikā
pravāka	1	soma
pravāsa-vidhi	1	śrauta
pravāsin	1	cira
pravāta	1	saṃvatsara
pravāṇi	1	niṣ
pravīta	1	ṛta
pravṛkti	1	su
pravṛkṇa	1	su
pravṛtam	1	yathā
prayaj	1	pṛkṣa
prayajyu	1	dīrgha
prayantṛ	1	gaja
prayoga-cintāmaṇi	1	śrāddha
prayoga-mantra	1	soma
prayoga-nivartana	1	sa
prayoga-prā@yaścitta	1	soma
prayoga-rahasya	1	sa
prayoga-ratnamālā	1	soma
prayoga-sāman	1	śrauta
prayoga-vṛtti	1	soma
prayogam	1	yathā
prayogin	1	sakṛt
prayogā@mṛta	1	vaidyaka
prayogāt	1	sva
prayojana-vaśa	1	sva
prayā	1	su
prayāta	1	bhujaṃga
prayāyin	1	saha
prayāṇakam	1	prati
praśama	1	citta
praśamana-stava	1	pāpa
praśastaka	1	vi
praśasti-kāvya	1	vijaya
praśasti-mahākāvya	1	rāja
praśaṃsaka	1	ātma
praśaṃsita	1	su
praśaṃsā-varṇana	1	bhakti
praśiṣya	1	sūrya
praśna-cintana	1	muṣṭi
praśna-saṃhitā	1	śuka
praśna-sūtra-siddhā@nta	1	raya
praśna-tantra	1	ramala
praśna-śāstra	1	vaiṣṇava
praśnam	1	yathā
praśno@ttara	1	paṇḍita
praśno@ttara-mālā	1	vimala
praśno@ttara-vyavasthā	1	śrauta
praśnya	1	ati
praśnā@valī	1	nārāyaṇī
praśnī	1	vāri
praśrayam	1	sa
praśvāsa-dhāraṇa	1	śvāsa
praśānta	1	dhīra
praśāsana	1	mahī
praṇavam	1	prati
praṇavo@paniṣad	1	piṅgala
praṇaya-vat	1	madhu
praṇayanīya	1	agni
praṇaṣṭa	1	cira
praṇejana	1	aṅguli
praṇejinī	1	śiśna
praṇetra	1	vāyu
praṇeya	1	apara
praṇihita	1	mūla
praṇihita-dhī	1	vedānta
praṇipāta	1	avadhūta
praṇudya	1	ati
praṇālī	1	pāṭha
praṇāma-śikṣā-stuti	1	śiva
praṇāmam	1	sa
praṇāśa	1	labdha
praṇīti	1	su
praṣṭhā	1	toya
praṣṭi	1	dakṣiṇā
pre@kṣaka	1	go
pre@kṣaṇīya	1	duṣ
pre@kṣita	1	duṣ
pre@psā	1	punaḥ
pre@raka	1	go
pre@ta-piśācā@dya	1	bhūta
pre@ṣita	1	asmat
pre@ṣitam	1	yathā
pre@ṣya-tva	1	para
prema	1	sa
premo@daya	1	pṛthvī
premya	1	naiṣ
preya	1	vātsa
preṣṭha	1	roga
priya-darśana	1	madhura
priya-katha	1	citra
priya-tīrtha	1	satya
priyakarī	1	kāma
priyaṃ-karī	1	vāsudeva
priyaṅgu	1	aṇu
priyeṇa	1	priya
priṣṭha	1	nāka
pro@dghoṣaṇa	1	paṭaha
pro@kṣa	1	pātra
pro@kṣaṇa	1	idhma
pro@kṣita	1	su
pro@ṣita	1	prasaṅga
prota	1	ota
proṣṭhapadā	1	uttara
pru	1	sa
prā@dhyeṣaṇa	1	punaḥ
prā@na	1	yaṣṭi
prā@ni	1	prati
prā@nta-vivartana	1	śayyā
prā@paṇa	1	duṣ
prā@pta-dhana	1	sukha
prā@pti-vrata	1	bhartṛ
prā@rthanā-stotra	1	śiva
prā@rthitam	1	yathā
prā@sin	1	amṛta
prā@vya	1	su
prā@vṛta	1	ku
prā@yaś-citta	1	pūrva
prā@yaścitta-paddhati	1	smārta
prā@yaścitta-saṃgraha	1	sādhāraṇa
prā@yaścitta-vinirṇaya	1	smārta
prā@yaścitta-vivaraṇa	1	yajña
prā@yaścitta-vājapeya	1	śata
prā@yaścitti	1	sarva
prā@yaścitti-vidhi	1	vandhyā
prā@yaścitto@ddhāra	1	smārta
prā@yaścittya	1	sarva
prā@yaṇa	1	su
prā@yaṇīya	1	punaḥ
prā@śanī	1	rasa
prā@śu	1	yathā
prā@ṃśu	1	śāla
prā@ṃśu-bāhu	1	parigha
prā@ṇa-kara	1	sadyaḥ
prā@ṇa-nātha	1	pārvatī
prā@ṇam	1	yathā
prā@ṇe@śa	1	menakā
prā@ṇena	1	yathā
prā@ṇā	1	pati
prābandha	1	prā
prābandhā	1	kesara
prābhṛta	1	cikitsā
prācī-māhātmya	1	nandā
prādheya	1	karṇa
prādhānya-saṃkara	1	sama
prādurbhāva-nāṭaka	1	bhairava
prāg-agra	1	dakṣiṇā
prāg-bhāra	1	prācīna
prāgalbhī	1	buddhi
prāghuṇika	1	śravaṇa
prājña	1	mahā
prāk-pravaṇa	1	dakṣiṇa
prākārā	1	hiraṇya
prākṛta	1	su
prākṛta-dhuṇḍikā	1	haima
prālamba	1	muktā
prāmāṇya-khaṇḍana	1	śabda
prāmāṇya-vāda	1	śabda
prāmāṇyatas	1	śruti
prāmāṇyā@rtha-vāda	1	smṛti
prārthanā	1	anujñā
prāsaha	1	phalgu
prāsthānika	1	mahā
prāsādika	1	samanta
prāsāha	1	jagat
prāta	1	su
prātarāśika	1	prāk
prātaḥ-stotra	1	hanumat
prātihārya-sampanna	1	tri
prātiveśmika	1	su
prātyika	1	parṇa
prāvara	1	mahī
prāvarga	1	su
prāveya	1	karṇa
prāvrājya	1	mahā
prāvṛta	1	kaṇṭha
prāvṛtā	1	kaṇṭaka
prāvṛṣika	1	śarat
prāyā	1	jāla
prāñc	1	su
prāśita	1	prati
prāśitra	1	iḍā
prāśnika	1	bahu
prāśū	1	satya
prāṇa-bhāva	1	eka
prāṇa-yoga	1	eka
prīti-harṣā	1	mahā
prīti-vardhana	1	prakaṭa
prīti-vega-sambhava-mudrā	1	mahā
prītika	1	niṣ
prū	1	kaṭa
psan	1	viśva
psara	1	sa
psnu	1	sthira
psnya	1	viśva
pta	1	su
pti	1	śiro
pu	1	su
pucchi	1	saṃhata
pucchika	1	vakra
pucchā	1	kuḍya
pucchā@gra	1	go
pudgala	1	niṣ
pula	1	vi
pulastya	1	laghu
pulika	1	vindhya
pulina	1	śyāna
pulinda	1	sindhu
pulinā@mburuha	1	vi
puliśa-siddhā@nta	1	mūla
pulāyita	1	ardha
pulī	1	tṛṇa
punar-navā	1	nīla
punar-ātta	1	samāpta
punar-āttaka	1	samāpta
punarukta	1	artha
punarukta-tva	1	saṃdigdha
punarvasu	1	tiṣya
punarvaṇya	1	ajīta
punaḥ-svi-kṛta	1	tyakta
punika	1	paunaḥ
punya	1	paunaḥ
puppuṭaka	1	danta
pura-cara	1	antaḥ
pura-cārikā	1	antaḥ
pura-jana	1	antaḥ
pura-pracāra	1	antaḥ
pura-praveśa	1	para
pura-rakṣaka	1	antaḥ
pura-sahāya	1	antaḥ
pura-svāmin	1	raṇa
pura-tīrtha	1	yodhana
pura-vartin	1	antaḥ
pura-vṛddhā	1	antaḥ
puraga	1	prasāda
puramāhātmya	1	śaraṇya
puras	1	sva
puraskāra	1	dharma
purastāt	1	uttara
puraś-caraṇa-prayoga	1	mahā
puraścaraṇa-prakāra	1	mantra
puraḥ-sara	1	buddhi
puraḥsaram	1	māna
puraṃ-dara	1	bhūmi
puraṃdhi	1	smat
puraṃdhri-varga	1	vyagra
puraṃdhrī	1	rajani
puraṇa	1	gaṇa
purevāsa	1	antaḥ
puri	1	sārathi
purika	1	antaḥ
puro'nuvākya	1	sa
puro-gava	1	go
puro-māruta	1	paścāt
puroga	1	prīti
purohitā	1	indra
purolāsa	1	sa
puroḍāśam	1	yathā
puru-hūta	1	kṣiti
puru-hūti	1	su
puruhūta	1	akṣaya
purustāt	1	brahma
puruṣa-vivaraṇa	1	śaka
puruṣa-śarīra	1	mṛta
puruṣaka	1	tṛṇa
puruṣo@ttama-nāṭaka	1	bhāvanā
puruṣo@ttama-siddhā@nto@paniṣad	1	kṛṣṇa
puruṣo@ttama-tattva	1	śrī
puruṣo@ttama-vākya	1	sākṣāt
puruṣya	1	naiṣ
puruṣā@rtha-candra	1	pūrṇa
puruṣīya	1	ardha
puruṣīṇa	1	alaṃ
purā@dhipatya	1	antaḥ
purā@dhyakṣa	1	antaḥ
purā@vacara	1	antaḥ
purāṇa-samuccaya	1	sakala
purāṇa-sāra	1	sarva
purāṇa-tātparya-sāra	1	sakala
purāṇa-vibhāga	1	sāttvika
purāṇā@rtha-saṃgraha	1	sarva
purī-viṣaya-gadya	1	vella
purīya	1	vardhamāna
purīṣakā	1	kṛmi
purīṣya	1	naiṣ
pustikā	1	mantra
putra-karaṇa	1	poṣya
putra-vat	1	sva
putri	1	māhā
putrin	1	sa
putrāya	1	vāyu
puttalikā	1	kāṣṭha
puñja-phalā	1	nakha
puñjaka	1	hema
puñjīla	1	darbha
puṃ-dharma	1	strī
puṃ-napuṃsaka	1	strī
puṃ-niyata	1	prati
puṃ-yoga	1	strī
puṃnāga	1	sura
puṃsam	1	yathā
puṃskā	1	aniyata
puṃsā	1	paraḥ
puṅkhikā	1	kaṇṭa
puṇa	1	nai
puṇya-jana	1	sarpa
puṇya-kośa	1	uru
puṇya-leśa	1	kṣata
puṇya-mahiman	1	sampūrṇa
puṇya-prabhava	1	prāk
puṇya-tīrtha	1	saṃyama
puṇyatā	1	puṇya
puṇyā@ha	1	vāsudeva
puṇyā@ha-ghoṣa	1	sukha
puṇḍarīka-paddhati	1	samūḍha
puṇḍhra	1	tri
puṇḍrin	1	tri
puṇḍrā	1	catuṣ
puṣa	1	graha
puṣkariṇī	1	cakra
puṣkarā	1	netra
puṣpa-bhañjikā	1	uddālaka
puṣpa-dhūpa-dīpa	1	gandha
puṣpa-māla	1	bandhu
puṣpa-mālikā	1	mātṛkā
puṣpa-palāśa-vat	1	śākhā
puṣpa-pattrin	1	pelava
puṣpa-puṭa	1	tala
puṣpa-pūjo@dyāpana	1	lakṣa
puṣpa-vrata	1	lakṣa
puṣpalikā	1	adhri
puṣpamaya	1	pañca
puṣpau@ṣadhi	1	caura
puṣpavrato@dyāpana-vidhi	1	lakṣa
puṣpe@śvara	1	maṇi
puṣpika	1	sita
puṣpin	1	sthira
puṣpita-śuddhi	1	śubha
puṣpiṇī	1	rodhra
puṣpo@dgama	1	viśrānta
puṣpo@dhyāpana	1	lakṣa
puṣpo@ttara	1	arka
puṣpā@dya	1	arka
puṣya	1	su
puṣyam	1	prati
puṭakī	1	latā
puṭika	1	go
puṭikā	1	pattra
puṭin	1	tri
puṭā	1	go
pā-vat	1	go
pā@dri	1	go
pā@sala	1	go
pācin	1	āma
pācya	1	avaśya
pād-deśa	1	lohita
pāda-bhūṣaṇa	1	śaṃkara
pāda-dhāvana	1	pāda
pāda-dvaya	1	devī
pāda-dviguṇa	1	paścāt
pāda-kṣapā@ṭana	1	tanu
pāda-lekhā	1	savya
pāda-mahiman	1	rudra
pāda-rāmā@yaṇa	1	veda
pāda-stotra	1	veda
pāda-vrata	1	aṅka
pāda-vyākhyā	1	saṃjñā
pāda-śiro-grīva	1	viśva
pāda-śiva-stotra	1	veda
pāda-śuddha	1	viriñci
pādapam	1	prati
pādarkṣa	1	bhagna
pādayamaka	1	ayugma
pādi	1	tagara
pāduka	1	sa
pādyā	1	dīrgha
pādā@bhāṣaṇa	1	bhagavat
pādā@cārya	1	bhagavat
pādā@di-keśā@nta-stuti	1	viṣṇu
pādā@di-keśā@nta-varṇana-stotra	1	śiva
pādā@śraya	1	guru
pādā@ḍhya	1	khara
pādāta	1	bhūri
pāja-vat	1	pṛthu
pājasya	1	tri
pāka-ja	1	rasa
pāka-jānī	1	mahā
pāka-saṃsthā-vidhi	1	sapta
pāka-yajña-bhāṣya	1	sapta
pāka-yajña-śeṣa	1	sapta
pāka-śāstra	1	nala
pākaka	1	su
pākala	1	kūṭa
pāko@pajīvin	1	eka
pākā	1	madhu
pākṣika	1	māgha
pāla-bhaṭṭa	1	hari
pāla-puruṣa	1	yama
pāla-rāja-kathā	1	puṇya
pāla-trilakṣa	1	sthira
pāleya	1	bhālla
pāli-tṛtīyā-vrata	1	megha
pālīya	1	āśā
pāman	1	su
pāmana	1	śva
pānaka	1	saha
pāni	1	vaktra
pānta-sū@kta	1	haviṣ
pānthika	1	pāri
pāntīya	1	haviṣ
pānīya-gocara	1	dūre
pānīya-śālikā	1	pakṣi
pāpa-hara	1	sarva
pāpa-roga-hara-śata-māna-dāna	1	sarva
pāpa-tīrtha	1	dhūta
pāpe@kṣitṛ	1	puṇya
pāpe@śvara-tīrtha	1	dhūta
pāpin	1	prati
pāra-bhūta	1	para
pāra-dā	1	karma
pāra-dṛśvan	1	śruta
pāra-ja	1	sindhu
pāraka	1	udra
pāram	1	utpāra
pārame@śvara	1	mataṃga
pāramitā-dhara	1	daśa
pāramitā-nirdeśa	1	ṣaṭ
pāramitā-paripūrṇa	1	ṣaṭ
pāramparya-pratipādika-śruti-smṛty-udāharaṇa	1	śiva
pāramya	1	devatā
pāraśava	1	sarva
pāraṃ-ga	1	yoga
pāraṇa-vrata	1	dhāraṇā
pāraṇika	1	mahā
pāre@śvara-tīrtha	1	go
pārijāta-saurabha	1	vedānta
pāriṣad	1	mahā
pārthava	1	sauśruta
pārthiva-liṅga-vrato@dyāpana	1	lakṣa
pāruṣaka	1	mahā
pārvataka	1	pṛthivī
pārvatī-saṃvāda	1	śiva
pārya	1	loka
pārā@vara	1	payaḥ
pārāyaṇa	1	dhātu
pārāyaṇa-vṛtti	1	dhātu
pārāyaṇika	1	dvai
pārāyaṇīya	1	dhātu
pārāśarīya	1	vṛddha
pārī	1	madhu
pārīṇa	1	avāra
pārśva-ga	1	yuga
pārśva-mukha	1	sarva
pārśvaga	1	virala
pārśvatas	1	ubhaya
pārśvya	1	antaḥ
pārṣada	1	sarva
pārṣadya	1	brahma
pārṣṇi-graha	1	duṣ
pārṣṇi-grāha	1	duṣ
pārṣṇitā	1	āyata
pāsaka	1	mahā
pāt-tva	1	dvi
pāt-tā	1	dvi
pāta-jāta	1	akāṇḍa
pātakin	1	mahā
pātama	1	indra
pātañjala	1	yoga
pāthaka	1	madana
pāthas	1	sahasra
pātheya	1	gṛhīta
pāthin	1	soma
pātika	1	nai
pātinī	1	garbha
pātita	1	antaḥ
pātra-hasta	1	sākṣata
pātra-nirhāraka	1	piṇḍa
pātra-stana-vatī	1	ghṛta
pātram	1	prati
pātrika	1	kāla
pātrin	1	deva
pātrā@tman	1	śoka
pātrīṇa	1	sarva
pātā	1	dāṇḍa
pātāla	1	sapta
pāvamānī	1	āgneya
pāyaka	1	stana
pāyana	1	dāṇḍa
pāyikā	1	payaḥ
pāñcarātra	1	śrī
pāñcarātrā@rādhana	1	śrī
pāñcālikā	1	danta
pāñcālī	1	prācya
pāś	1	vi
pāśa-dāraka	1	go
pāśa-vyavahāra	1	aṅka
pāśakā	1	bhūmi
pāśi	1	vāra
pāśya	1	vāra
pāśā	1	sraughnī
pāśā@dhyāya	1	aṅka
pāḍikā	1	kīṭa
pāṃsana	1	kula
pāṃsin	1	kula
pāṃsu-kila	1	saha
pāṃsu-krīḍana	1	saha
pāṃsu-krīḍita	1	saha
pāṃsukā	1	kula
pāṃsulā	1	sura
pāṇaka	1	vīra
pāṇavika	1	mārdaṃgika
pāṇi-dvaya	1	uttāna
pāṇi-ja	1	vyāla
pāṇi-lekha	1	anupūrva
pāṇi-pādā	1	sravat
pāṇi-tva	1	kapāla
pāṇipāda	1	sarvataḥ
pāṇḍavīya	1	rāghava
pāṇḍya-deva	1	sundara
pāṣaṇḍa	1	ghana
pāṣāṇa-bhedaka	1	kṣudra
pāṣāṇa-bhedā	1	kṣudra
pāṣāṇa-bhedī	1	kṣudra
pāṣāṇa-darbha-śayana-saṃkalpa	1	nava
pāṣāṇa-ja-mala	1	toya
pāṣāṇa-kuṇḍa	1	tapta
pāṣāṇa-vāsas	1	kāṣṭha
pāṭala-netra	1	vi
pāṭali-putra	1	pūrva
pāṭalī	1	bhū
pāṭhya	1	sthita
pāṭhā@nukrama	1	sūtra
pāṭika	1	akṣa
pāṭya	1	pāri
pīna-vakṣas	1	pṛthu
pīnasa	1	āma
pīta-sarga	1	jīva
pītala	1	śveta
pītikā	1	taruṇa
pītilaka	1	go
pītin	1	soma
pītā@sita-śyeta	1	rakta
pīvan	1	su
pīvas	1	su
pīvin	1	soma
pīya	1	prāti
pīyu	1	deva
pīyūṣa	1	siddhānta
pīyūṣa-latā-kartarī	1	prema
pīḍaka	1	tālu
pīḍam	1	vi
pīḍā-viśārada	1	paṇḍita
pīṭha-lakṣaṇa	1	bali
pīṭhā	1	ratna
pīṭhā@dhi-devatā	1	hema
pūjana-bhāskara	1	devī
pūjana-paddhati	1	vāstu
pūjana-prakaraṇa	1	śāstra
pūjana-prakāra	1	yantra
pūjana-saṃhitā	1	vyāsa
pūjana-vidhi	1	hari
pūjanā	1	holikā
pūjya-rāj	1	vasu
pūjā-khaṇḍa	1	lalitā
pūjā-mahā-paddhati	1	śrī
pūjā-māhātmya	1	lakṣa
pūjā-phala	1	liṅga
pūjā-prakaraṇa	1	devī
pūjā-prakāra	1	laghu
pūjā-prayoga	1	maṅgala
pūjā-ratna	1	sundarī
pūjā-vilāsa	1	jyeṣṭhā
pūjā-yantra	1	taritā
pūlaka	1	tṛṇa
pūlika	1	tṛṇa
pūlāsa	1	sthūla
pūpaka	1	dadhi
pūr-dasyu	1	mukti
pūraṇa-vidhi	1	samasyā
pūraṇā@ḍhaka	1	kusūla
pūraṇī	1	hasti
pūraṇīya	1	prapā
pūrti-kara-stava	1	sarva
pūrti-śānti	1	ṣaṣṭi
pūruṣa-deha	1	mṛta
pūrva-daśaka	1	kṣāra
pūrva-ga	1	kula
pūrva-ja	1	bhīma
pūrva-mukha	1	dadhi
pūrva-pakṣa-grantha-kroḍa	1	bādha
pūrva-pakṣa-grantha-prakāśa	1	bādha
pūrva-pakṣa-grantha-vivecana	1	bādha
pūrva-pakṣa-granthā@loka	1	viruddha
pūrva-pakṣa-granthā@nugama	1	bādha
pūrva-pakṣa-prakāśa	1	vyāpti
pūrva-putra	1	putrikā
pūrva-ratha	1	daśa
pūrva-samaya	1	phalgunī
pūrva-saṃskāra	1	vismṛta
pūrva-tva	1	para
pūrva-tāpanīya	1	rāma
pūrva-tāpanīyo@paniṣad	1	gāṇapatya
pūrvo@kta-śāpa-bhī	1	datta
pūrvā@hṇam	1	prati
pūrvā@rdha-kāya-tā	1	siṃha
pūrvāhṇam	1	saha
pūrṇa-koṣṭha	1	stabdha
pūrṇa-māsa	1	phalgunī
pūrṇa-māsī	1	pūrva
pūrṇa-randhra	1	māruta
pūrṇa-tilakā	1	yāminī
pūrṇa-tīrtha	1	satya
pūrṇa-vaktra	1	harṣa
pūrṇa-śitā@ṃśu	1	viṣuvat
pūrṇaka	1	ghṛta
pūrṇamāsa	1	darśa
pūrṇatā	1	parva
pūrṇā@rya	1	śaila
pūrṇā@rṇava	1	lālā
pūrṇī	1	vāri
pūta-pā	1	śukra
pūtanā-śānti	1	nara
pūti	1	ugra
pūti-gandhika	1	niṣ
pūtika	1	darbha
pūtīka	1	darbha
pūya-vaha	1	kṛmi
pūṇa	1	śaka
pṛcchā	1	gautama
pṛch	1	bandhu
pṛkkā	1	latā
pṛkṣ	1	su
pṛtha	1	viśvatas
pṛthaktva-nivartin	1	ceṣṭā
pṛthivyau	1	divas
pṛthu	1	vi
pṛthukā	1	guḍa
pṛthvī-dāna-vidhi	1	suvarṇa
pṛthvī-maya	1	sarva
pṛthvīdhara	1	bodha
pṛthā-pati	1	mādrī
pṛśnī	1	vāri
pṛṇa	1	sadā
pṛṇākā	1	hariṇa
pṛṣad-ājya	1	sa
pṛṣatka	1	aparāddha
pṛṣatī	1	kṣudra
pṛṣātaka	1	dadhi
pṛṣṭha-ja	1	pānīya
pṛṣṭha-jā	1	jala
pṛṣṭham	1	madhye
pṛṣṭhā	1	prati
pṛṣṭā	1	jīva
r-ād-aic-sūtra-vicāra	1	vṛddhi
r-āpaka	1	devī
r-āpasaka	1	devī
rabha	1	sama
rabhas	1	soma
rabhi	1	su
rabhita	1	su
racita	1	śāka
rada-gāmin	1	dvi
rada-maya	1	dvi
raghu-nandana	1	saṃgīta
rahas	1	su
rahas-kāma	1	strī
rahasa	1	tapta
rahasya-kāvya	1	rādhā
rahasya-paddhati	1	vaidya
rahasya-prakāśa	1	śulba
rahasya-prakāśikā	1	mantra
rahasya-saṃhitā	1	brahma
rahasya-sāmānya	1	bhāva
rahasya-sāra-saṃgraha	1	ramala
rahasya-vidhi	1	bhairavī
raja-ghoṣa	1	giri
rajani	1	prati
rajas-tamaska	1	aspṛṣṭa
rajaska	1	sa
rajaskā	1	dṛṣṭa
rajasvalā	1	gupta
rajaḥ-sattva-tamo-mala	1	dhvasta
rajo-darśana-śānti	1	duṣṭa
rakta-daṃśī	1	deva
rakta-gaura	1	sa
rakta-pitta	1	nāsā
raktā@nta-nayana	1	prakaṭa
rakṣ	1	go
rakṣasa	1	asura
rakṣaṇī	1	aṅga
rakṣika	1	pāri
rakṣiṇī	1	aṅga
rakṣā-ratna	1	śiśu
rakṣā@dhikṛta	1	nagara
rakṣāmaṇi	1	nyāya
rakṣī	1	pratihāra
rama	1	mano
rama-candra-vilāsa	1	jānakī
rama-tā	1	amano
ramā	1	mano
randhaka	1	su
randhi	1	garbha
randhin	1	sādhu
randhra-kara	1	naga
randhraka	1	kukṣi
randhrakā	1	saṃdhi
randhrikā	1	bahu
randhrā	1	māna
randhrī	1	māna
ranti	1	kāka
rasa-daṇḍa	1	siddhi
rasa-dīpikā	1	viśuddha
rasa-gandha-sparśa-vat	1	rūpa
rasa-kavi	1	hari
rasa-krama-stotra	1	līlā
rasa-maya	1	pṛthag
rasa-nirdeśa	1	bhayānaka
rasa-palvala	1	mīmāṃsā
rasa-prayoga	1	raśmi
rasa-ratna	1	vaidya
rasa-rāgā@sava-yojana	1	pānaka
rasa-sparśavat	1	rūpa
rasa-sudhā-nidhi	1	rādhā
rasa-vivaraṇa	1	gopī
rasa-śloka	1	ādi
rasakaṇā	1	ujjvala
rasam	1	yathā
rasikā	1	vilāsa
raso@daya	1	nāma
rasā@mṛta	1	rāma
rasā@rṇava	1	rasa
rasā@sava-rāga-yojana	1	pānaka
rasā@sāra	1	roma
rasā@yana-dūṣaṇa	1	vidhi
rasā@yana-sukho@pajīvinī	1	vidhi
rasā@yana-sukho@payoginī	1	vidhi
rasā@yana-vyākhyā	1	vidhi
rasā@yanā@nurāga	1	prema
rasā@yanī	1	tāmra
rasā@śraya	1	aṣṭa
rasā@ḍhyā	1	kapi
rasāla	1	baddha
rasālaka	1	elā
rasātala	1	krīḍā
rasī-karaṇa	1	sama
ratha-dāna	1	aśva
ratha-vāhani	1	sāpta
rathaka	1	go
rathakāra	1	takṣa
ratham	1	nānā
rathantara	1	aho
rathapura	1	gaja
rathaṃ-bhāvuka	1	aśama
rathika	1	bhūmi
rathin	1	sa
rathāyani	1	daiva
rathī	1	pāda
rathī-tantra	1	dāśa
rathīya	1	āśu
ratna-bhāṇḍa	1	svara
ratna-caya	1	rahita
ratna-caṣaka	1	cid
ratna-dhanā@gama	1	pracura
ratna-dīpikā	1	varṇa
ratna-giri	1	śrī
ratna-kārikā	1	bṛhad
ratna-kāvya	1	ṣaḍ
ratna-maho@dadhi	1	smṛti
ratna-mañjari	1	dhātu
ratna-mañjarī	1	dhātu
ratna-muni	1	mati
ratna-parikṣā	1	bhīṣma
ratna-parī@kṣā	1	rūpya
ratna-prabhā	1	bhāṣya
ratna-pradīpikā	1	rati
ratna-prakāśikā	1	bhāṣya
ratna-puruṣo@ttama-miśra	1	kavi
ratna-samuccaya	1	kriyā
ratna-saṃskāra	1	prayoga
ratna-sāgara	1	praśna
ratna-sūri	1	sādhu
ratna-vat	1	hema
ratna-vivaraṇa	1	nāma
ratna-viveka	1	smṛti
ratna-śākhā-prabha	1	druma
ratnakośa	1	smṛti
ratnasvara	1	yuddha
ratni	1	aṣṭa
ratnā	1	dhruva
ratnā@kara-cchattra-ketu	1	suvarṇa
ratnā@kara-cchattra-kūṭa	1	suvarṇa
ratnā@kara-vat	1	nānā
ratnā@valī-vyākhyā	1	śiva
ratnāyana	1	vāja
ratā	1	gandha
ratā@dhāra	1	roma
raudra-karman	1	prati
raudrī	1	dīdhiti
raugika	1	sārva
rauhiṇa	1	mahā
raurava	1	mahā
rauḍhīya	1	ghṛta
ravi-varman	1	vīra
rayasa	1	amūrta
rayiṣṭhīya	1	saho
rañja	1	jala
rañjaka-mṛttikā	1	bhāṇḍa
rañjanaka	1	paṭṭa
rañjanikā	1	dhīra
rañjita	1	sama
rañjiṇī	1	budha
raśman	1	sthā
raśmi-jālā@vabhāsa-garbha	1	mahā
raśmi-prabha	1	śuddha
raśmi-pratimaṇḍita	1	vairocana
raśmi-rāga-prabha	1	apratihata
raśmi-śata	1	daśa
raṃha	1	vāta
raṅga-dā	1	sāraṅga
raṅga-kalpa	1	siddha
raṅga-nātha	1	uddaṇḍa
raṅgiṇī	1	sphuṭa
raṅgāla	1	rāya
raṇa-dhīra	1	rati
raṇaka	1	raṇa
raṇam	1	madhye
raṇaraṇikam	1	sa
raṇva	1	vasu
raṇāyita	1	raṇa
raṇḍā	1	trapā
raṭṭa	1	nāga
rc	1	sūrya
rcam	1	yatha
rcas	1	śata
rci	1	dhana
rcin	1	śata
rcya	1	ardha
rddha	1	guṇa
rddhi-rūpa-vat	1	yoga
rebha	1	su
recaka	1	vāta
recana	1	bīja
recanaka	1	tāla
recita	1	uttāna
regin	1	manda
reka-bhū	1	sneha
rekhaka	1	bindu
rekṇas	1	su
repas	1	vi
repha-saṃdhi	1	sparśa
rephas	1	vi
reta	1	ūrdhva
reto-ja	1	arka
reva	1	gaja
reṇu-jāla	1	aṇu
reṇu-suvarṇa	1	vāta
reṣa	1	ratha
reṣin	1	puruṣa
rip	1	pati
riphita	1	vi
ripu-phalā	1	kaca
riṣyat	1	na
rocaka	1	kajjala
rocanikā	1	śuṇḍā
rocas	1	sva
roci	1	sva
rocin	1	mita
rociṣa	1	sva
rodam	1	putra
rodana	1	rudra
rodanā@di-prā@yaścitta-vidhi	1	pratimā
rodaḥ-kuhara	1	svarga
rodha-virodha-sampraśamana	1	sarva
rodhaka	1	aśva
rodhana	1	mala
rodhinī	1	asra
rodho-nitamba	1	mukta
rodhra	1	valka
rodhraka	1	hasti
roga-parihāra-prayoga	1	pavitra
roga-yuta	1	arśo
rohaṇa-paddhati	1	dolā
rohaṇaka	1	hasti
rohi	1	mahā
rohin	1	āgata
rohitikā	1	su
rohiṇi	1	apada
rohiṇika	1	piṇḍa
rohiṣaka	1	dīrgha
rohī	1	māṃsa
rola	1	kaṅka
roma-ja	1	mṛga
roma-kūpa	1	stabdha
roma-latā	1	kapi
roma-maya	1	chāga
roma-phalā	1	kapi
roma-vat	1	mṛdu
romantha	1	gagana
romanthāyita	1	gagana
romapaṭṭana	1	bṛhad
romo@dgama-tva	1	vyakta
romā	1	keśa
romā@śraya-phalā	1	huḍa
romā@ṅga	1	saṃhṛṣṭa
ropaka	1	vṛkṣa
ropayitṛ	1	vṛkṣa
ropaṇī	1	dvija
ropin	1	vṛkṣa
ropya	1	pramada
rotsikā	1	siṃha
roṇa	1	ājaka
roṣa-samāviṣṭa	1	tīvra
roṣā	1	vāyu
roṭa	1	pūga
roṭī	1	phiraṅga
rta	1	yajña
rtu-niśā	1	ṣoḍaśa
rtvik-kratu	1	ṣoḍaśa
rtvik-tva	1	maha
rucam	1	yathā
ruci-deva	1	paura
rucidattīya	1	pratyakṣa
rucikā	1	cela
rucira-kalāpa	1	ghana
rucī	1	viśva
rudha	1	go
rudra-datta	1	mada
rudra-hṛdayo@paniṣad	1	śrī
rudra-saṃvāda	1	kāka
rudre@śvara-tīrtha	1	siddha
rudrikā	1	caṇḍa
rudriya	1	śata
rudro@paniṣad	1	nīla
rudrā@kṣa-dhāraṇa-vidhi	1	bhasma
rudrā@kṣa-māhātmya	1	bhasma
rudrīya	1	śata
ruja-siddhā@cārya	1	sa
ruka	1	nāga
rukka	1	puro
rukman	1	pṛthu
rukmat	1	vi
rupati-māhātmya	1	navati
ruta-jñāna	1	śakuna
ruta-kauśalya	1	sarva
ruta-praveśa	1	saṃketa
ruta-saṃgrahiṇi-lipi	1	sarva
ruṇḍa	1	jala
ruṇḍī	1	bhū
ruṣa	1	kṛta
ruṭ-stoma	1	chando
rā	1	śata
rā@ja	1	jñāna
rādhi	1	kṛṣṭa
rādhā-vallabha	1	śrī
rāga-candro@daya	1	ṣaḍ
rāga-lakṣaṇa	1	saṃgīta
rāga-pravāla	1	rūḍha
rāga-tāmra	1	pallava
rāgaka	1	haridrā
rāghava-nāṭaka	1	sītā
rāghava-pāṇḍavīya	1	yādava
rāghava-saṃvāda	1	śiva
rāgin	1	adveṣa
rāgiṇī-svarūpa-velā-varṇana	1	rāga
rāgo@daya	1	uṣā
rāgā@dhyāya	1	saṃkīrṇa
rāgā@nugā	1	saṃkṣipta
rāja-carita	1	deśa
rāja-catuṣṭaya	1	śrīraṅga
rāja-cūḍāmaṇi-dīkṣita	1	śrī
rāja-dīkṣita	1	vraja
rāja-gosvāmin	1	vraja
rāja-ketana	1	vṛṣa
rāja-kumāra	1	giri
rāja-mantrin	1	amara
rāja-miśra	1	bhiṣag
rāja-parājaya	1	moha
rāja-prabhāsa	1	guṇa
rāja-siṃha	1	raghu
rāja-stava	1	śrīraṅga
rāja-stotra	1	śrīraṅga
rāja-vaṃśa-krama	1	puru
rāja-vilāsa	1	śarabha
rāja-yaśo-bhūṣaṇa	1	pāṇḍa
rāja-śatru	1	amara
rāja-śukla	1	vraja
rājadhānī	1	kula
rājaka-vivarga	1	bhoja
rājam	1	prati
rājam-bhava	1	su
rājarṣi-caritra	1	nemi
rājaśekhara-kośa	1	deśīya
rāje@ndra	1	sarva
rājinī	1	mṛga
rājita	1	gārdhra
rājya-da	1	prāṇa
rājya-dhara	1	vaṃśa
rājyam	1	yāvad
rājyā@paharaṇa	1	bhartṛ
rājā	1	bahu
rājā@ṣṭaka	1	prayāga
rājī-phala	1	pañca
rājīvana	1	śṛṅgāra
rākṣa	1	hala
rāma-bharata	1	bāla
rāma-campū	1	uttara
rāma-candra	1	śeṣa
rāma-carita	1	uttara
rāma-caritra	1	uttara
rāma-kṛṣṇa	1	bhāva
rāma-nāma-lekhana-vrata	1	lakṣa
rāma-praśna	1	haṃsa
rāma-siddhā@nta-vāg-īśa	1	viṣṇu
rāma-stotra	1	saṃtāna
rāman	1	su
rāmin	1	kṣaṇa
rāmā@nanda-sarasvatī	1	mādhava
rāmā@nuja	1	raṅga
rāmā@yaṇa-pāṭha-prayoga	1	saṃkṣipta
rāmāyaṇa-kāvya	1	gadya
rāsabhakā@maya	1	jvālā
rāsaka	1	nāṭya
rāsana	1	ghora
rāsin	1	ghora
rāsya	1	go
rātiṣac	1	smad
rātre	1	jaghanya
rātrikā	1	sukha
rātriṃ-diva	1	vyasta
rātrīṇā	1	tri
rāvaka	1	śveta
rāvita	1	śaṅkha
rāvā	1	cāru
rāya-śarman	1	hari
rāyaspoṣa	1	bahu
rāyā@cārya	1	bodha
rāśi-pa	1	tri
rāśi-phala	1	dvādaśa
rāḍhā	1	dakṣiṇa
rāṇaka	1	rāja
rāṇāyanīya	1	su
rāṣṭra-mitrā@yuṣ-kāma	1	śrī
rāṣṭri	1	dhārta
rāṣṭriya	1	anya
rāṣṭrā@dhipa	1	pāṇḍya
rāṭ-chandas	1	raṅga
rāṭī	1	go
rī	1	ṛdhad
rīḍham	1	sa
rūhaka	1	su
rūpa-bhṛt	1	brāhmaṇa
rūpa-dhārin	1	śva
rūpa-dhṛk	1	nāga
rūpa-dhṛt	1	vividha
rūpa-dhṛṣ	1	kāla
rūpa-kathā	1	aprati
rūpa-kośa	1	pañca
rūpa-kāra	1	khāta
rūpa-nirūpaṇa	1	vidhi
rūpa-svayambhū	1	jyotī
rūpa-tva	1	sad
rūpa-tā	1	ulūkhala
rūpa-vat	1	sparśa
rūpa-vicāra	1	yad
rūpe@śvara	1	jyotī
rūpeṇa	1	chadma
rūpi-stotra	1	bhīma
rūpika	1	prāti
rūpya-maya	1	suvarṇa
rūpyaka	1	suvarṇa
rūpā@darśa	1	dhātu
rūpā@valī	1	dhātu
rūpīya-nibandha	1	kāma
rūra	1	śīta
rūḍha-bhāva	1	raha
rūḍhi-vicāra	1	yoga
rūḍhi-vāda	1	yoga
rūṣa	1	vāta
rṇika	1	adhama
rṣaba	1	nara
rṣika	1	sapta
rṣin	1	rāja
s-tu-ghna	1	kiṃ
s-tāt	1	avara
s-tṛṇa	1	bhū
sa-sneha	1	jāta
sabandhu	1	yāvat
sabhakṣam	1	yathā
sabham	1	madhye
sabhe@śā@nanda-tīrtha	1	cit
sabheya	1	su
sabhā-nātha-māhātmya	1	hema
sabhāga	1	vi
sabhājita	1	su
sabhīya	1	yama
saca	1	prā
sad-artha-saṃgraha	1	nyāya
sad-bhāva	1	svāmi
sad-rūpa-saṃgraha	1	śabda
sadanam	1	prati
sadanī	1	ṛta
sadbhāva	1	sa
sadeśa	1	madra
sadhastha	1	ṛta
sadvan	1	adma
sadā-phalā	1	laghu
sadā@nandajī	1	vyāsa
sadācāra	1	bahu
sadācāra-nirṇaya	1	vaiṣṇava
sadāśiva-pūjā-vidhi	1	sāvaraṇa
sadṛśa-keśa-tā	1	bhramara
sadṛśa-sukumāra-pāṇitā	1	tūla
sagandhin	1	matsya
saguṇa	1	sarva
saha-ja	1	lakṣmī
saha-vacana	1	triḥ
saha-śaya	1	digdha
sahacarī	1	priya
sahacāra	1	sāmagrī
sahagamana-niṣedha-nirāsa-prakāśa	1	pati
sahai@ka	1	daśa
sahakāra	1	samīpa
sahana	1	bhrātṛvya
sahas	1	satya
sahasra-nāmā@vali	1	śiva
sahasra-nāmā@valī	1	sūrya
sahasra-parī@kṣā	1	pādukā
sahasra-pramardana	1	mahā
sahasra-pramardinī	1	mahā
sahasra-śakti	1	atarkya
sahasranāma-stotra	1	lakṣmī
sahasranāman	1	lakṣmī
sahasrī	1	pañca
sahasrī-mahākāla-saṃhitā	1	pañcāśat
sahavāsin	1	baka
sahiṣṇu	1	vyaya
sahiṣṇu-tva	1	dvaṃdva
sahiṣṇu-tā	1	dvaṃdva
sahyā@dri	1	vrata
sahā@yinī	1	saṃgīta
sahāyin	1	devatā
saindhavī	1	su
saindhukṣita	1	aiḍa
sainyau@gha	1	sambaddha
saireyaka	1	kṛṣṇa
sajja	1	samit
sajjikā	1	vāsaka
sakhyam	1	yathā
sakhī-gaṇā	1	sa
sakhīkā	1	sa
sakta	1	ramaṇī
sakti	1	ati
sakti-mat	1	ati
sakāśe	1	mat
salile-śaya	1	samudra
sallaka	1	dru
salya	1	vi
salyaka	1	vi
sama-danta	1	kunda
sama-lamba	1	āyata
sama-prabha	1	ravi
sama-rasa	1	śiva
sama-tva	1	mat
sama-vikrama	1	śārdūla
samabhihāra	1	kriyā
samagra	1	jagat
samaka	1	mātrā
samakṣa-rūpa	1	sādhu
samakṣam	1	mat
samam	1	āyatī
samanantaram	1	tat
samandī	1	tarat
samandīya	1	tarat
samantam	1	prati
samarpaṇa-stotra	1	sarva
samarpita	1	ālekhya
samarthitam	1	yathā
samaryāda	1	madra
samasta	1	yāvat
samasta-mantra	1	kālī
samasthāna	1	strī
samasyā	1	ardha
samatikrama	1	duḥ
samave@ta-samavā@ya	1	saṃyukta
samaya-vartin	1	sama
samayam	1	yathā
samaye	1	iha
samañjarī	1	paṭha
samaṅgā	1	mahā
samaṣṭi-tā	1	vyaṣṭi
sambandha-paddhati	1	sāra
sambandham	1	yathā
sambandhana	1	samāna
sambandhanīya	1	viruddha
sambandhin	1	artha
sambandho@kti-saṃkṣepa	1	śārīraka
sambhalā	1	saha
sambhavau@ṣadhi	1	sthala
sambhavin	1	yathā
sambhavā@dhikāra	1	grahaṇa
sambheda	1	dṛṣṭi
sambhoga-kāra	1	yuvatī
sambhogin	1	astrī
sambhramat	1	su
sambhrānta	1	su
sambhāra-yajuṣka	1	sa
sambhārā	1	phala
sambhāvanā	1	ātma
sambhāvin	1	anyathā
sambhāvya	1	su
sambhāṣā	1	saṃdhāya
sambhū	1	phala
sambhūti	1	garbha
sambhṛt	1	su
sambhṛti	1	su
sambodha	1	samyak
sambodhi	1	samyak
sambodhy-aṅga	1	prīti
sambodhya	1	sukha
sambuddha	1	samyak
sambuddhi	1	samyak
samid-gaṇa	1	sa
samiddha	1	su
samidh	1	su
samika	1	dvai
samit-ka	1	āhita
samita	1	pātre
samitā@bhiyukta	1	satata
samiṣṭa-yajus	1	adhvara
samkḷpta	1	preta
sammada	1	hata
sammarda	1	jana
sammardinī	1	vakṣaḥ
sammata-karma-tattva	1	vedānta
sammata-śikṣā	1	sarva
sammati	1	mauna
sammatīya	1	mahā
sammiśra	1	madhu
sammohana-tantra	1	mahā
sammud	1	svādu
sammukha	1	sva
sammukham	1	śatru
sammāna	1	vedi
sammārjana	1	sruk
sammṛṣṭa	1	su
sampiṣṭa	1	su
sampradāya	1	sat
sampradāya-dīpikā	1	dharma
sampradāyam	1	yathā
sampradāyin	1	rudra
sampradāyā@bheda-siddhā@nta	1	sarva
samprahṛṣṭa	1	su
samprai@ṣa	1	sa
samprajña	1	su
samprakīrṇam	1	yathā
samprakḷpta	1	ruci
samprasthita	1	su
sampratapta	1	su
sampratyaya	1	eka
sampratyayam	1	yathā
sampraveśa	1	vana
sampre@ṣaṇa	1	dūta
samprā@pti	1	mitra
samprīta	1	su
sampāda	1	duḥ
sampādana-krama	1	līlā
sampādin	1	ājñā
sampādya	1	duḥ
sampātin	1	sa
sampṛkta	1	bhūta
samubdha	1	su
samuccaya-śāstra	1	riṣṭa
samuccaye	1	bhāgavata
samucchraya	1	dhvaja
samucita	1	priya
samuddeśa	1	dravya
samuddeśīya	1	vyādhi
samudga	1	arka
samudgala	1	ratna
samuditam	1	yathā
samudra-saṃgama	1	sindhu
samudra-vat	1	sapta
samudra-vācakā	1	plakṣa
samudram	1	madhye
samudrā@nta	1	sapta
samudācāra	1	bahu
samudācāra-tā	1	śuci
samudīraṇa	1	laghu
samujjhita	1	bhukta
samuta	1	tardma
samutkīrṇa	1	vajra
samā-veśana	1	ṛtu
samādhi-pariṣkāra-dāyaka	1	sapta
samādhi-yoga	1	adhirūḍha
samādhi-śuci	1	stimita
samādāna	1	śīla
samāhara	1	sarva
samāhartṛ	1	artha
samāhvaya-prakaraṇa	1	dyūta
samāhvayā	1	lakṣmī
samākhya	1	siddha
samākhyāyam	1	aṅga
samākṛta	1	su
samālambhana	1	maṅgala
samāna-lakṣaṇa	1	saṃhitā
samāna-sāra	1	vajra
samānatā	1	samādhi
samānnātam	1	yathā
samārabdha	1	su
samāropaṇa-prātar-aupāsana-prayoga	1	samit
samāropaṇa-vidhāna	1	samit
samāsana	1	padma
samāsīna	1	su
samāsīya	1	pañca
samāviṣṭa	1	sattva
samāvṛtta	1	prathama
samāyana	1	vrata
samāśrita	1	su
samīkṣya	1	duḥ
samīna	1	dvi
samīra	1	malaya
samūhana	1	pāṃsu
samṛddha-tva	1	triḥ
samṛti	1	pāraskara
sanatkumāra	1	vāstu
sandhyā	1	agra
saneya	1	vāja
sanitṛ	1	su
sanna-ka	1	gata
sanna-kaṇṭha	1	hrī
sanni	1	mahā
sannibha	1	asatya
sanātana	1	rūpa
sanīḍa	1	madra
saparyā-krama	1	śyāmā
saparyā-paddhati	1	lalitā
saparyā-sopāna	1	rāma
saparyā-sāra	1	lakṣmī
sapatna-vaktra	1	rāhu
sapatnikā	1	kṛta
sapta-daśa	1	nava
sapta-dhā	1	dvi
sapta-dvīpa	1	sa
sapta-hautra-prayoga	1	soma
sapta-prākāra-pradakṣiṇa-vidhi	1	śrīraṅga
sapta-ratna	1	rāma
sapta-rātra	1	janaka
sapta-sahasra	1	nāradīya
sapta-sūtra	1	vedānta
sapta-śata	1	ardha
sapta-śataka	1	hāla
sapta-śatikā-stava	1	laghu
sapta-śatikā-stotra	1	laghu
sapta-śatī-stotra	1	laghu
saptadaśa	1	ardha
saptatitama	1	aṣṭa
saptin	1	sapta
saptā	1	daśa
saptā@hā@nukramaṇikā	1	bhāgavata
saptā@ryā	1	sūrya
saptā@tman	1	catuḥ
sarala	1	su
saralā	1	laghu
saras-tīrtha	1	viṣṇu
sarasvatī-māhātmya	1	prācī
sarasī	1	śṛṅgāra
saraṇī-vyākhyā	1	sāhitya
sargya	1	pāṇi
sarid-varā	1	svarga
sarid-āśrita	1	arṇava
sarika	1	agre
sarit-sāgara	1	kathā
sarjana	1	skambha
sarjanī	1	skambha
saroja-sundara	1	smṛti
sarojinī	1	vana
sarpa-vat	1	krūra
sarpaka	1	prā
sarpikā	1	toya
sarpā	1	yoṣit
sarpī	1	vṛkṣa
sartu	1	su
sarva-guṇa	1	sama
sarva-yodha	1	hata
sarvajana	1	viṣṇu
sarvam	1	yathā
sarvasva-saṃgraha	1	śilpa
sarvasva-sāra	1	śaiva
sarvatra	1	parama
sarve@ndriya-śakti	1	sarvataḥ
sarve@ndriyā@rtha	1	vyāvṛtta
sarvā@nukramaṇī	1	bṛhat
sarvā@sti-vāda	1	mūla
sarvā@sti-vādin	1	mūla
saryā	1	parī
sarā	1	vadhū
sarājīya	1	nara
sarārī	1	kṛmi
sarūpin	1	strī
sarṣapaka	1	sura
sasthāna	1	para
sasya-yuta	1	virala
sasyo@pamo@nnati	1	pakva
sat-tva	1	mahā
sat-tā	1	mahā
sata	1	dvaya
satkṛta	1	su
sato-bṛhatī	1	mahā
sato-mukhā	1	mahā
satsaru	1	soma
sattamā	1	brāhmaṇī
sattra-prayoga	1	svarga
sattva-lakṣaṇa	1	dvi
sattva-pradhāna	1	viśuddha
sattva-priya-darśana	1	sarva
sattva-pāpa-jahana	1	sarva
sattva-svara-nābhi	1	gambhīra
sattva-trātṛ	1	sarva
sattva-vijñāna	1	viśuddha
sattvam	1	yāvat
sattvau@jo-hārī	1	sarva
sattvavat	1	pṛthu
sattā	1	sva
satvanam	1	prāti
satvarā	1	rati
satya-vrata	1	dharma
satya-vrateyu	1	dharma
satyam	1	yathā
saubhāgya-kavala	1	strī
saubhāgya-vat	1	rūpa
saudāminī	1	vilasat
saugandha	1	pūrṇa
saugandhi	1	paurṇa
saugandhika-vat	1	haima
saugandhya	1	tri
sauhitya	1	ati
saukarya	1	śabda
saumika	1	prāk
saumitri	1	saha
saundarya-bhaṭṭa	1	navara
saundarya-mañjarī	1	rādhā
saupāka	1	pāṇḍu
saupāna	1	maṇi
saura	1	mahā
saurabhā	1	puṣpa
saurāṣṭra	1	sa
sauvarcala	1	kāca
sauvarṇaka	1	catuḥ
sauvīra	1	sindhu
sauvīraka	1	sindhu
sauśrava	1	śālaṅkāyana
sauśruta	1	bhāryā
sauṣira	1	mahā
sauṣṭhava	1	śabda
savam	1	yathā
savanam	1	yathā
savanīya-paśu	1	atirātra
savarṇana	1	aṃśa
savas	1	satya
saveśa	1	madra
savidha	1	madra
savitra	1	vāyu
savitṛ	1	vāyu
sañjana	1	kaṇṭha
saṃ-skṛta	1	loka
saṃ-sṛṣṭa	1	mahā
saṃbandha	1	strī
saṃcaya-piṭaka	1	saṃyukta
saṃcayika	1	māsa
saṃcayin	1	dhana
saṃcayā	1	svarṇa
saṃcetanā@hāra	1	manaḥ
saṃcintya	1	duḥ
saṃcāraka	1	para
saṃdarbha-prabhāsa	1	krama
saṃdarbha-sindhu	1	śabda
saṃdaṃśikā	1	rakta
saṃdeha-bhañjana	1	vaidya
saṃdeha-bhedikā	1	durgā
saṃdeha-vivāda	1	svara
saṃdeśa-hārin	1	lekha
saṃdeśa-kāvya	1	bhramara
saṃdeśa-pada	1	laghu
saṃdeśa-vivaraṇa	1	rahasya
saṃdeśa-vyākhyā	1	śuka
saṃdhi-vigraha	1	mahā
saṃdhukṣaṇa	1	kopa
saṃdhunakam	1	hasta
saṃdhyaka	1	rakta
saṃdhā	1	indra
saṃdhānī	1	agra
saṃdhāraṇa	1	prāṇa
saṃdhī	1	tri
saṃdiṣṭa	1	yathā
saṃdohyā	1	sukha
saṃduhyā	1	sukha
saṃdāna	1	rajju
saṃdāya	1	go
saṃdīpta	1	su
saṃdṛśa	1	madhu
saṃgama-tantra	1	śakti
saṃgamana	1	priya
saṃgamā@mṛta	1	śakti
saṃgataka	1	bhrū
saṃgha-vimardana	1	vyādhi
saṃgha-śas	1	śata
saṃgharṣa	1	danta
saṃghaṭita-lakṣaṇa	1	kūṭa
saṃghaṭṭa	1	hṛdaya
saṃghaṭṭana	1	pāṇi
saṃghika	1	mahā
saṃghāta-ja	1	śleṣma
saṃghāta-vat	1	bhrātṛ
saṃghāṭī	1	bhikṣu
saṃgraha-dīpikā	1	bhārata
saṃgraha-nighaṇṭu	1	śabda
saṃgraha-nāma-mālā	1	śeṣa
saṃgraha-sāro@ddhāra	1	śeṣa
saṃgraha-viveka	1	prayoga
saṃgraha-vivṛti	1	śauca
saṃgraha-vyākhyā	1	rati
saṃgraha-ṭīkā	1	siddhānta
saṃgrahaṇī-sūtra	1	laghu
saṃgrahaṇīya	1	purīṣa
saṃgrahin	1	artha
saṃgrāhin	1	loka
saṃgrāhī	1	rasa
saṃgrāma	1	śrī
saṃgupta	1	su
saṃgāyaka	1	sāma
saṃgīta-yonin	1	deva
saṃgṛhīta	1	su
saṃhanana-kavaca	1	śatru
saṃharaṇa	1	veṇī
saṃharṣaṇa	1	loma
saṃhitam	1	yathā
saṃhitā-homa	1	kaṇvīya
saṃhitā-pariśiṣṭa	1	śākalya
saṃhitā-sāra-samuccaya	1	siddhānta
saṃhāraka	1	asthi
saṃhārin	1	sarva
saṃhārī	1	asthi
saṃhāta	1	akṣara
saṃhṛti-mat	1	bīja
saṃhṛṣṭa-roman	1	bhaya
saṃjalpa	1	pūrva
saṃjaya	1	indra
saṃjvara-vat	1	sneha
saṃjñapana	1	akāma
saṃjñi-nai@vā@-saṃjñin	1	naiva
saṃjñā-prakaraṇa	1	vijñāna
saṃjñā-samādhi	1	naiva
saṃjñāna	1	nāḍī
saṃjñānā@saṃjñānā@yatana	1	naiva
saṃjāta-sasya	1	ardha
saṃjāta-vṛddha	1	saha
saṃjīvaka	1	mrita
saṃjīvin	1	mṛta
saṃjīvinī	1	rasika
saṃkakṣa	1	niḥ
saṃkalanā	1	mantra
saṃkalita	1	bhinna
saṃkalpa-kaumudī	1	mīmāṃsā
saṃkalpa-vidhi	1	śrāddha
saṃkalpam	1	yathā
saṃkalpita	1	yathā
saṃkaluṣa	1	yoni
saṃkara-jāta	1	vṛthā
saṃkarin	1	putra
saṃkarita	1	garbha
saṃkarṣin	1	kāla
saṃkarṣā	1	kāla
saṃketa-candrikā	1	haṭha
saṃkhyeya	1	saṃkhyāta
saṃkhyāna	1	guṇa
saṃkhyāta	1	sama
saṃkhyātṛ	1	go
saṃkhāta	1	hima
saṃkoca	1	rakta
saṃkocaka	1	rakta
saṃkocana	1	netra
saṃkocanī	1	gātra
saṃkrandana	1	ahalyā
saṃkruddha	1	su
saṃkrāmin	1	bhūta
saṃkrānti-vidhi	1	bhoga
saṃkāśin	1	cāru
saṃkīrṇa-nirūpaṇa	1	śabda
saṃkṣepa-vyākhyā	1	bhāgavata
saṃkṣipta-sāra	1	vaidya
saṃkṣipta-varṇana	1	śruti
saṃkṣobha	1	niḥ
saṃlagnikā	1	hasta
saṃlakṣya	1	duḥ
saṃnaddha	1	tredhā
saṃnahanā@rthaka	1	sarva
saṃnata	1	su
saṃnayana	1	sabhā
saṃnicaya	1	alpa
saṃnihita	1	hṛdaya
saṃnipātita	1	su
saṃnirodha	1	parvata
saṃniveśana	1	samāja
saṃnivāsin	1	vana
saṃnivṛtti	1	bhūyaḥ
saṃniśraya	1	kiṃ
saṃnyasta	1	vāja
saṃnyāsa-lakṣaṇa	1	vidvat
saṃnyāsa-nirṇaya-vivaraṇa	1	bhakti
saṃpanna	1	utsāha
saṃpradāna	1	kanyā
saṃprahāra	1	upasthita
saṃpre@ṣitam	1	yathā
saṃpādana	1	svarga
saṃpādin	1	iṣṭa
saṃrabdha	1	su
saṃrakta-locana	1	dhūmra
saṃrakṣikā	1	śāli
saṃrakṣin	1	satya
saṃrakṣya	1	duḥ
saṃrohaṇa	1	vraṇa
saṃrāga	1	ucca
saṃrāva	1	yodha
saṃsarpa	1	vasiṣṭha
saṃsarpin	1	vi
saṃsevya	1	sukha
saṃskartṛ	1	anna
saṃskāram	1	prati
saṃskārā@rtha-tva	1	tat
saṃskṛti	1	cyuta
saṃsmṛti	1	naṣṭa
saṃspṛṣṭa	1	surā
saṃsravaṇa	1	garbha
saṃsrāva	1	karṇa
saṃstarika	1	yāthā
saṃstava	1	maṅgala
saṃsthiti	1	duḥkha
saṃsthā-japa	1	hotṛ
saṃsthā-prayoga	1	sapta
saṃsthāpaka	1	khaṇḍa
saṃsthāpana	1	argha
saṃsvāra-vat	1	svara
saṃsāra	1	bhūta
saṃsāram	1	yāvat
saṃsṛta	1	dharma
saṃsṛti	1	loka
saṃtaraṇa	1	kali
saṃtarjana	1	akṣi
saṃtarpaṇa	1	brāhmaṇa
saṃtatika	1	sa
saṃtrasta	1	su
saṃtrasta-mānasa	1	bhaya
saṃtuṣṭa-tīrtha	1	satya
saṃtyāga	1	prāṇa
saṃtāna-candrikā	1	sampat
saṃtāna-sū	1	dharma
saṃtānika	1	matsya
saṃtānikā	1	kṣīra
saṃtāpa-karṣita	1	śrama
saṃtāpana	1	bhūta
saṃtāra	1	nadī
saṃvardhana	1	keśa
saṃvardhana-śataka	1	bhakti
saṃvardhita	1	duḥkha
saṃvarta	1	bṛhat
saṃvartanīya	1	apāya
saṃvartikā	1	nalinī
saṃvatsaram	1	prati
saṃvatsarā	1	jāta
saṃvatsarīṇa	1	dvi
saṃvedam	1	yathā
saṃvega	1	saha
saṃveśa	1	sukha
saṃveśaka	1	gṛha
saṃveśana	1	sthaṇḍila
saṃviddha	1	svayaṃ
saṃvigna	1	su
saṃvigna-mānasa	1	śoka
saṃvikta	1	huta
saṃvin-maya	1	sat
saṃvitti	1	sukha
saṃvyavahāra	1	loka
saṃvāda-bhū	1	vivāda
saṃvāda-sundara	1	nara
saṃvādam	1	yathā
saṃvāha	1	tṛṇa
saṃvāhya	1	sukha
saṃvārya	1	saṃvṛta
saṃvṛtta	1	su
saṃvṛttam	1	yathā
saṃyamana	1	mṛtyu
saṃyatta	1	su
saṃyavana	1	piṣṭa
saṃyoddhṛ	1	prati
saṃyojana-visaṃyojanaka	1	nava
saṃyāja	1	patnī
saṃyājana	1	patnī
saṃyājya	1	ayājya
saṃśamana	1	pāpa
saṃśamanīya	1	vāstu
saṃśleṣaka	1	loha
saṃśodhana	1	bhava
saṃśoṣaṇa	1	avīci
saṃśrita	1	su
saṃśvāyin	1	ubhayataḥ
saṃśās	1	su
saṃṣṭhula	1	vi
saṅga-parityāga	1	sarva
saṅgakṣikā	1	prati
saṅgha	1	mūla
saṅgika	1	prā
saṅgā	1	sarva
saṅkhyā	1	anuvāka
secanī	1	ambu
sena-deva	1	ballāla
senajitī	1	prā
senam	1	antaḥ
senikā	1	śaura
senā-rājan	1	mādhava
senānī	1	ugra
senīya	1	sārva
setu-bandha	1	pāṣāṇa
setu-pradīpa	1	śama
setu-vārita	1	samaya
setukā	1	siddhānta
seva	1	prā
sevaka-miśra	1	hari
sevakau	1	sevya
sevanī	1	tunna
sevā@hnika	1	kṛṣṇa
seya	1	śata
seṭa	1	jagat
sicaya	1	cīna
sicya	1	retaḥ
siddha-tva	1	anyathā
siddhaka	1	artha
siddhau@ṣadhika	1	pañca
siddhau@ṣadhī	1	pañca
siddhi-dīpikā	1	saṃskāra
siddhi-pradā	1	hara
siddhi-sādhana	1	deha
siddhi-vyavasthā	1	saṃkṣepa
siddhidā	1	sāmrājya
siddhā	1	sarva
siddhā@nta-bhūṣaṇa	1	vaiyākaraṇa
siddhā@nta-bhūṣaṇa-sāra	1	vaiyākaraṇa
siddhā@nta-grantha	1	upādhi
siddhā@nta-grantha-kroḍa	1	bādha
siddhā@nta-grantha-prakāśa	1	bādha
siddhā@nta-grantha-rahasya	1	viruddha
siddhā@nta-grantha-vivecana	1	bādha
siddhā@nta-granthā@loka	1	viruddha
siddhā@nta-granthānugama	1	bādha
siddhā@nta-līlā-vatī	1	viṣṇu
siddhā@nta-mañjūṣā	1	vaiyākaraṇa
siddhā@nta-mañjūṣā-sāra	1	vaiyākaraṇa
siddhā@nta-mārtaṇḍa	1	sat
siddhā@nta-ratnā@kara	1	vaiyākaraṇa
siddhā@nta-sindhu	1	siṃha
siddhā@nta-stotra	1	vākya
siddhā@nta-sāgara	1	rasa
siddhā@nta-sārā@valī	1	śaiva
siddhā@nta-tattva	1	vaiṣṇava
siddhā@nta-vaijayantī	1	vaiṣṇava
siddhā@nta-vigraha	1	yajña
siddhā@nta-śataka	1	sātvata
siddhā@nta-śekhara	1	śaiva
siddhā@nta-ṭīkā	1	vallabha
siddhā@ntikā	1	pañca
siddhā@ntā@ryā	1	mīmāṃsā
siddhā@rthaka	1	sita
siktā	1	ramala
silā	1	manaḥ
sina	1	tat
sindhuka	1	nīla
sindhura	1	vana
sitaka	1	sthaṇḍila
sitā@sita-roga	1	saṃdhi
sitā@ṅga-vihaṃga	1	ati
siva	1	sita
siṃha-paṇḍita	1	bhīma
siṃhaka	1	mṛga
siṃho@tsava	1	rāya
siṃhānikā	1	loha
skanda-svāmin	1	rudra
skandha-maya	1	buddhi
skandha-saṃghaṭṭa-janman	1	sarala
skandhā	1	nīla
skandhī	1	pañca
skandin	1	megha
skandā	1	nīla
skavana	1	danta
skaṇva	1	prā
skhalana	1	retaḥ
skhalita	1	bhāva
skāra-śaṃkara	1	skanda
skṛt	1	kośa
smaraṇa-darpaṇa	1	śrī
smarya	1	smara
smayin	1	antaḥ
smera	1	antaḥ
smeram	1	sa
smitā	1	deva
smārta-dharma	1	śrauta
smārta-karma-paddhati	1	śrauta
smārta-kriyā	1	śrauta
smārta-vidhi	1	śrauta
smṛti-durga-bhañjana	1	saṃkalpa
smṛti-maya	1	yathā
smṛti-saṃgraha	1	sarva
smṛtā	1	veda
smṛtī	1	veda
snapana-caturthī	1	vināyaka
snasā	1	dala
sneha-prapūraṇī	1	yukti
snehaka	1	asthi
snehana	1	sadyaḥ
snuhī	1	dhārā
snuṣa	1	su
snā	1	ghṛta
snākā	1	vīra
snāna-gṛha	1	soṣma
snānīya	1	śiraḥ
snātā	1	ṛtu
solla	1	khara
soma-paddhati	1	sapta
soma-pūrva	1	pīta
soma-saṃsthā-paddhati	1	sapta
soma-yajña	1	pavamāna
soma-yājin	1	mādhava
somapa	1	paścā
somapīthīya	1	ātta
some@śvara	1	bhaṭṭa
somo@daka-dvijam	1	prati
somā@rka	1	atyagni
somā@ṅgiras	1	tṛṇa
sonda	1	khara
soni	1	khara
sopāka	1	pāṇḍu
soḍha	1	avi
soṇa	1	maha
spandya	1	antaḥ
sparaṇa	1	ātma
sparśa-rasa	1	śabda
sphañja	1	narma
sphic	1	lamba
sphij	1	bṛhat
sphira	1	ati
sphiñja	1	narma
sphoṭam	1	lāja
sphoṭana	1	aṅguli
sphurat	1	puraḥ
sphuraṇa	1	go
sphuraṇa-vicāra	1	aṅga
sphuṭa-pratisaṃskaraṇa	1	khaṇḍa
sphuṭa-siddhā@nta	1	brahma
sphyā	1	eka
sphāna	1	gaya
sphāra	1	sphāra
sphāraṇa-mukha-darśana	1	samanta
sphārṇi	1	viśva
sphāyana	1	gaya
sphāṇi	1	viśva
sphāṭi	1	viśva
sphīta	1	su
sphīṇi	1	viśva
sphūrji	1	viśva
sphūrti	1	viśva
spārha	1	puru
spṛdhya	1	mitha
spṛg-vṛtta	1	koṇa
spṛhya	1	naiḥ
spṛkka	1	vi
spṛśat	1	divi
spṛṣṭi	1	ubhaya
spṛṣṭin	1	tat
srag-dāma-vat	1	gandha
srag-rajo-hīna	1	hṛṣita
srag-vibhūṣaṇa	1	visrasta
srag-ākula	1	lulita
sragvin	1	mahā
srajā@kṣa	1	vāja
srasta	1	svayaṃ
sraṃsa	1	asthi
sraṃsana	1	śalya
srotam	1	prati
srotasa	1	varuṇa
srotasvinī	1	sura
srotasī	1	tri
sroṇi	1	su
srāṇa	1	arus
srī-vṛkṣa	1	sa
stainya	1	suvarṇa
stamba-bhramara	1	raṇa
stambaka	1	vīraṇa
stamberama	1	yāma
stambha-devatā-pūjā	1	dīpa
stambha-kara	1	puṇya
stambha-nirṇaya	1	mūla
stambhaka	1	śāli
stambhi	1	skandha
stambhin	1	salila
stambāyana	1	rāja
stana-vatī	1	phala
staraṇa	1	veda
stari	1	sahasra
stava-kapāla-mocana	1	sūrya
stava-vyākhyā	1	vaikuṇṭha
stava-śataka	1	bhavānī
stava-ṭippaṇaka	1	laghu
stavana	1	sūrya
stavaratna	1	lalitā
stavā@vali	1	bahu
stavī	1	pañca
steya-kṛt	1	sarva
steyin	1	suvarṇa
stha-mudgara	1	antaḥ
stha-pada	1	asthāna
stha-samāsa	1	asthāna
stha-svaro@daya	1	deha
stha-vṛtta	1	lekhā
sthairya	1	manaḥ
sthala-cara	1	salila
sthala-mahima-varṇana	1	śiva
sthala-mahiman	1	ṣaṭ
sthala-nirṇaya	1	ṣaṭ
sthala-pura	1	ku
sthali	1	deva
sthalika	1	mauni
sthalā@nubhava	1	ṣaṭ
sthalī-pāka-prayoga	1	prājāpatya
sthapati	1	puṣkara
stharāja	1	gaṇi
sthavila	1	vaṃśa
sthaṇḍila	1	su
sthaṇḍilaka	1	sa
sthika	1	prā
sthikā	1	kāya
sthiraka	1	pītvā
sthirā@dara	1	asu
sthirī-karaṇa	1	manaḥ
sthiti-sarga	1	pralaya
sthiti-tā	1	dharma
sthiti-varṇana	1	graha
sthitika	1	cira
sthity-ardha	1	madhya
sthā-chandas	1	antaḥ
sthālin	1	kara
sthālīpāka-prayoga	1	putrīya
sthāma	1	yathā
sthāma-prā@pta	1	mahā
sthāna-bheda	1	karaṇa
sthāna-gavāṭa	1	sarva
sthāna-prakaraṇa	1	guṇa
sthāna-stha	1	sabhā
sthāna-tā	1	laghu
sthānaka-vicāra	1	kriyā
sthānaka-vṛtti	1	ṣaṭ
sthānam	1	prati
sthāne	1	vyañjana
sthāni	1	daiva
sthānika	1	prā
sthānā	1	virāṭ
sthānā@dhikāra	1	rāja
sthānā@sana	1	adhaḥ
sthānā@śraya	1	eka
sthāpaka	1	sthiti
sthāpana-paddhati	1	śilā
sthāpana-vidhi	1	devatā
sthāpita	1	dṛśya
sthāsnu-cārin	1	sa
sthātra	1	bhūri
sthātṛ	1	puraḥ
sthāvan	1	sa
sthāvatī	1	su
sthāya	1	jala
sthāyi-bhāva	1	hāsya
sthāyika	1	ādi
sthāṇa	1	vinoda
sthāṇu-jaṅgama	1	sa
sthī-bhāva	1	antaḥ
sthūlā@valokana	1	samanta
sthūṇā-rāja	1	dharma
sthūṇā-virohaṇa	1	agāra
stimita-locana	1	dhyāna
sto	1	ghṛta
stokaka	1	nāga
stoma-mahānidhi	1	śabda
stomam	1	yathā
stomīya	1	aśva
stomīyā	1	akṣṇayā
stotra-baṭuka	1	vijaya
stotriyam	1	yathā
stra	1	dauḥ
straiṇeya	1	pāra
stri	1	yathā
strī-ga	1	anya
strī-gamanīya	1	guru
strī-ka	1	ku
strī-saṃgrahaṇa	1	uttama
stunda	1	aja
stupa	1	viṣita
stuta	1	su
stuta-śastra	1	sa
stutam	1	yathā
stuti-ṭīkā	1	yāmuna
stuṣa	1	akṣa
stāraka	1	tṛṇa
stārika	1	prā
stāvi	1	prā
stāvika	1	prā
su-bhikṣa	1	mahā
su-bodhinī	1	vaidika
su-gandha	1	mahā
su-gandhi	1	mahā
su-gandhā	1	sarpa
su-kṛta	1	prathama
su-mukha	1	prasāda
su-sambhava	1	meru
su-vid	1	viśva
sub-anta-caya	1	tiṅ
subhagā	1	samudra
subhikṣa	1	su
subhāṣitā@valī	1	prākṛta
sudarśa	1	mahā
sudarśana	1	sa
suddhi-pūjā	1	vimāna
sudhā-rahasya	1	vedānta
sudhā-samudra	1	sāhitya
sudhā-ṭīkā-ratnā@valī	1	vāda
sudhā@mbhodhi	1	rasa
sudhā@rṇava	1	vicāra
sudhānidhi	1	siddhānta
sudṛś	1	dik
sugandhaka	1	pañca
sugandhika	1	tri
sugandhā	1	nāga
sugrīva	1	niḥ
suhaya	1	mahā
sujana	1	ati
sujayanta	1	śyāma
sujā	1	sāhi
sukalpa	1	vi
sukara	1	na
sukha-duḥkha	1	samāna
sukha-duḥkha-nirabhinandin	1	sarva
sukha-kṛt	1	sarva
sukha-vedanā	1	aduḥkha
sukhai@ṣin	1	paraspara
sukham	1	kadalī
sukhena	1	sukha
sukhin	1	su
sukhā@nubhava	1	sat
sukhī	1	gandha
sukumāra	1	atyanta
sukumāra-caritra	1	gaja
sukṛt	1	vi
sumantu	1	aśmaka
sumati-saṃvāda	1	pitā
sumāvali	1	nīti
suna	1	śva
sunda	1	deva
sundara-mahākāvya	1	rāsa
sundara-rasa	1	ravi
sundara-setu	1	saṃgīta
sundaraka	1	grīṣma
sundarikā	1	kari
sundarī-rāsa	1	narmadā
sundarī-tantra	1	mahā
sundarī-tīrtha	1	saubhāgya
sundarī-vrata-kathā	1	saubhāgya
sundarīka	1	sa
supta-buddhi	1	cira
suptika	1	saukha
suptikā	1	sukha
sura-lalanā-lalāma-yūtha-pati	1	saha
sura-priyā	1	su
surabhi-pattra	1	ājanma
surasā	1	śveta
suratā	1	bṛhaspati
suraṅgā	1	sarit
surisa	1	indra
surya-prakāśa	1	soma
surā-kuṇḍa	1	tapta
susiddha	1	siddha
sutama	1	su
sutrāman	1	dharitrī
sutā-pariṇaya	1	mātula
suvana	1	puṃ
suvarcaka	1	tri
suvarcalā	1	brahma
suvega-dhvaja	1	āloka
suvrata	1	muni
suvāc	1	sadaḥ
suvāsinī	1	rajaḥ
suśruta	1	vṛddha
suṣi	1	deva
suṣirin	1	antaḥ
suṣṭhu	1	yathā
sva-cchanda	1	lalita
sva-kāla	1	sva
sva-mat	1	alpa
sva-moktṛ	1	mṛta
sva-prā@ṇa	1	sva
sva-ruci	1	sva
sva-rūpa-dhyānā@di-varṇana	1	viṣṇu
sva-stara	1	nava
svabhāvya	1	naiḥ
svadharma-bhikṣā-vidhi	1	yati
svadharman	1	parama
svadita	1	saṃvatsara
svaira	1	yathā
svaka	1	karma
svalakṣaṇa	1	dvitīya
svana-mahā-svanā	1	bherī
svanika	1	pāṇi
svanā	1	megha
svapana	1	divā
svapnaj	1	vi
svapnā@vabodha	1	yukta
svara-nirghoṣā	1	viśuddha
svaras	1	gharma
svarga-prā@pti-prakāra-varṇana	1	naraka
svarga-vidhāna	1	vṛṣabha
svaro@daya	1	yoga
svaro@ttara	1	homa
svaru	1	su
svarā@ṣṭaka	1	śaunakīya
svarāja	1	virāṭ
svarūpa-mantra	1	śiva
svarūpa-nirūpaṇa	1	nyāya
svarūpa-pūjā	1	śiva
svarūpa-pūjā-vidhi	1	śiva
svarūpa-stuti	1	devī
svarūpa-vat	1	strī
svarūpa-viṣaya-śaṅkā-nirāsa	1	bhagavat
svarūpa-vādā@rtha	1	vidhi
svarūpin	1	strī
svarūpā@cārya	1	anubhūti
svarṇa-lakṣa-mūlya	1	bahu
svarṇa-maya	1	sarva
svarṇa-maṇi-maya	1	rūpya
svaseyā	1	mātṛ
svasrīya	1	pitṛ
svastha	1	ati
svastika-nandy-āvarta	1	cakra
svastika-vrata-kalpa	1	lakṣa
svastika-vrato@dyāpana	1	lakṣa
svasty-ayana	1	kṛta
svastyayana	1	pañca
svatantratā	1	bhagavat
svayaṃvara-nāṭaka	1	lakṣmī
svayaṃvara-varṇana	1	pāñcālī
svecchā@hāra	1	kṛta
sveda-jala	1	sravat
svedam	1	piṣṭa
svid	1	bhṛśa
svika	1	prāti
svit	1	āho
sviṣṭakṛt	1	iṣṭa
svā@dhyāya-vat	1	vṛtta
svā@dhyāya-vaṣaṭ-kāra	1	niḥ
svā@dhyāyin	1	nitya
svā@nta	1	su
svā@nubhūti-prakāśikā	1	siddhānta
svā@paharaṇa	1	deva
svā@tma-priya	1	līlā
svādhyāya	1	ṛṣi
svādu-phala	1	rūkṣa
svādvī	1	tvak
svāhākāram	1	prati
svāmi-bhāva	1	sva
svāmi-keśava	1	kalyāṇa
svāmi-kṣetra	1	stuta
svāmi-sambandha	1	sva
svāmikā	1	niḥ
svānam	1	sāsthi
svāra	1	sarva
svārthā	1	ajahat
svāsthya	1	manaḥ
svātantrya-vāda	1	śabda
svāti-karṇa	1	kuntala
svātta	1	agni
svī-bhūta	1	niḥ
svī-kṛta	1	niḥ
svīkāra	1	putra
syamantaka	1	vedānta
syandana	1	svaḥ
sā@dhyavasānā	1	śuddha
sā@dhāraṇa	1	loka
sā@kṣika	1	sa
sā@kṣya	1	kauṭa
sā@lasā@ṅga	1	vihvala
sā@pekṣa	1	anyonya
sā@ropā	1	śuddha
sā@rtha-prayāta	1	eka
sā@rtha-vāha	1	su
sā@tmya	1	bāla
sāci	1	haṃsa
sācivya	1	narma
sādana	1	yama
sādh	1	yajña
sādhana-bhāga	1	mahā
sādhana-candrikā	1	hari
sādhana-prakāra	1	vedi
sādhana-tantra	1	gupta
sādhana-yantra	1	dik
sādhanika	1	mahā
sādhas	1	kṣetra
sādhin	1	bhāra
sādhu-kārin	1	tat
sādhutva-mālikā	1	sūkti
sādhvīka	1	sa
sādhy-avasānā	1	gauṇa
sādhya-prayoga	1	śabda
sādhya-tva	1	kṛti
sādṛśya	1	mat
sāgara-gaṇi	1	deva
sāgara-prabhā-gambhīra-dhara	1	mahā
sāgara-saṃgraha	1	smṛti
sāgara-sāra	1	smṛti
sāgaraka	1	sapta
sāhasika	1	mahā
sāhasin	1	mahā
sāhaso@nnati-mat	1	naya
sāhasā@ṅka-carita	1	nava
sāhitya	1	sāvadhāna
sāhitya-ratnā@kara	1	prākṛta
sāhvan	1	viśva
sāhya	1	pṛtanā
sāhīya	1	satrā
sākṣika-maryāda	1	agni
sākṣikam	1	vahni
sāla-vana	1	bhadra
sālaka	1	priya
sālokya	1	candra
sālā	1	madirā
sāma-prayoga	1	putra
sāma-vat	1	nānā
sāmantatā	1	śakya
sāmarthyam	1	yathā
sāmarāja	1	dīkṣita
sāmi	1	bahu
sāmidheni	1	yāvat
sāmika	1	antaḥ
sāmprata	1	sarva
sāmrājya-medha-sahasra-nāman	1	sarva
sāmrājya-siddhi	1	mokṣa
sāmudrika-lakṣaṇa	1	puruṣa
sāmānya-karma-prakāśa	1	vraṇa
sāmānya-nirūpaṇa	1	bhakti
sāmāyika-nirṇaya	1	maraṇa
sāna	1	ūrdhva
sāntapana	1	ati
sāntvayamana	1	su
sāntvita	1	su
sānūra	1	suvarṇa
sāpatnikā	1	kṛta
sāpatnī	1	kṛta
sāpatnīkā	1	kṛta
sāra-bhāṣya	1	śānti
sāra-bhūta-varṇa-krama	1	varṇa
sāra-candana	1	uraga
sāra-gāthā	1	pravacana
sāra-ja	1	amṛta
sāra-maṇi	1	varṇa
sāra-nidhi	1	dhanvantari
sāra-prakāśikā	1	pramāṇa
sāra-samudra	1	praśna
sāra-saṃcaya	1	vyavasthā
sāra-sindhu	1	viveka
sāra-sudhā-nidhi	1	horā
sāra-susaṃgraha	1	sārāt
sāra-taila	1	pṛthvī
sāra-tantra	1	kālī
sāra-tattva	1	sārāt
sāra-tattva-saṃgraha	1	sārāt
sāra-varṇana	1	viveka
sāra-vyavasthā	1	smṛti
sāra-vyākhyā	1	vārttika
sāra-yantra	1	bāla
sārathya	1	aśva
sāraṃga	1	jagdha
sāraṅgī	1	gauḍa
sāraṇikā	1	tithi
sāri	1	pīta
sārikā-pralāpana	1	śuka
sāro@ddhara	1	nāma
sāropā	1	gauṇa
sārā@mnāya	1	praśna
sārā@mṛta	1	saṃgīta
sārā@mṛta-saṃhitā	1	bhaiṣajya
sārā@rṇava	1	vivāda
sārā@vali	1	śāstra
sārṣṭitā	1	brahma
sāsasana	1	śiva
sāt-kṛta	1	brahma
sātana	1	loma
sātmya	1	ṛtu
sātyaka	1	sa
sāvetasa	1	mahā
sāvitrī-caritra	1	vara
sāvitrī-pūjā	1	vaṭa
sāvitrī-stotra	1	bhārata
sāvitrī-vrata	1	vaṭa
sāvitrī-vrata-kāla-nirṇaya	1	vaṭa
sāvitrīka	1	patita
sāvya	1	sahasra
sāya	1	su
sāyaka-lakṣya	1	smara
sāyakā	1	sita
sāyam-pratiśraya	1	yatra
sāyasī	1	dala
sāyaṃ-gṛha	1	yatra
sāṃdhivigrahika	1	mahā
sāṃghika	1	mahā
sāṃkarya	1	jāti
sāṃkarya-khaṇḍana	1	phala
sāṃkathya	1	dharma
sāṃkhya	1	seśvara
sāṃkhya-pravacana	1	kapila
sāṃkhya-sūtra-vṛtti	1	laghu
sāṃkhya-vṛtti	1	laghu
sāṃkhyāyana	1	mahā
sāṃnāyyaka	1	sa
sāṃvatsara	1	tri
sāṃvatsarī	1	ṣaṣṭi
sī	1	gṛdhra
sīha	1	rudra
sīla	1	jaya
sīmaka	1	sa
sīmanta	1	grāma
sīmā@nta	1	vikṛṣṭa
sīmā@nurodhin	1	loka
sīmā@tivartin	1	loka
sīra	1	hala
sīrin	1	ardha
sīrya	1	pāri
sīrā	1	prati
sū@kta-mañjarī	1	siddhānta
sū@kta-muktā@valī	1	prajñā
sū@kta-vāka	1	saha
sū@ktam	1	yathā
sū@kti	1	havya
sū@kti-sudhā@kara	1	śuka
sū@kti-vyākhyā	1	prabodha
sū@ktin	1	aśva
sūcanī	1	śubha
sūcika	1	cañcu
sūcikā	1	ūrdhva
sūd	1	havya
sūdana-rasa	1	pāṇḍu
sūdana-tīrtha	1	pāpa
sūdanī	1	mahiṣa
sūka-kṣetra	1	deva
sūkarikā	1	kāla
sūkṣma-saraṇi	1	sāhitya
sūkṣman	1	soma
sūna	1	iṭa
sūnu-jyeṣṭha	1	kaśyapa
sūnṛta	1	aśva
sūrmi	1	tapta
sūrya-gati	1	sphuṭa
sūrya-maṇi	1	rakta
sūrya-siddhā@nta	1	bṛhat
sūryā	1	mukta
sūta-karaṇa	1	bhasma
sūtika	1	prā
sūtra-bhāṣya-vyakhyā	1	pātañjala
sūtra-bhāṣya-ṭīkā	1	siddhānta
sūtra-dhṛk	1	viśva
sūtra-dīpikā	1	rāmāyaṇa
sūtra-ga	1	sama
sūtra-nipāta	1	samāna
sūtra-pravacana	1	saṃdhyā
sūtra-saṃnyāsa-paddhati	1	sapta
sūtra-stha	1	sama
sūtra-sthāna	1	rasa
sūtra-sāra-kośa	1	pāṇinīya
sūtra-tātparyā@mṛta	1	śruti
sūtra-vivṛti	1	samanvaya
sūtra-vṛtti-bhāṣya-cchāyā-vyākhyā	1	pātañjala
sūtra-vṛtti-sāra	1	sāṃkhya
sūtra-vṛtty-artha-saṃgraha	1	pāṇini
sūtra-ṭīkā	1	vaidya
sūtram	1	yathā
sūtrika	1	vārttika
sūtro@panyāsa	1	vaiyāsika
sūtrā@rtha-vāda	1	nañ
sūtrā@valoka	1	hautra
sūtrī	1	śata
sūtā	1	cira
sūya	1	rāja
sūyika	1	rāja
sūyī	1	gandha
sūḍaka	1	sālaga
sṛgālikā	1	aśva
sṛka	1	eka
sṛkkin	1	vṛṣa
sṛkvan	1	viṣa
sṛti	1	ku
sṛtvan	1	bāḍha
sṛtya	1	sindhu
sṛñjaya	1	ghaṭa
ta	1	dvai
tad-deśīya	1	tat
tadbhāva	1	abhūta
tadbhāṣaṇa	1	vi
taddhita	1	bāhya
tagara	1	piṇḍī
tagaraka	1	piṇḍī
taijasa	1	veda
taila-pūra	1	apavarjita
taila-vidhi	1	hanumat
taka	1	iyat
takra-taila	1	ṣaṭ
takta	1	sarga
takṣan	1	yantra
takṣī	1	pañca
tala-gata	1	śayana
tala-saṃcāra	1	agra
talatra	1	sa
tale	1	khaṭvā
talikā	1	bhū
tallaja	1	go
talpa-ga	1	phaṇi
talpana	1	pṛṣṭha
talā@mra	1	cakra
talāsikā	1	kaṇṭha
talī-kṛta	1	kara
tama-tas	1	tara
tamais	1	neṣa
tamanī	1	nāga
tamasā	1	sa
tambha	1	nis
tamisrā	1	su
tamo-maya	1	rajas
tamo-nuda	1	sarva
tamāla	1	kha
tamāt	1	pratyakṣa
tanais	1	muhus
tandritā	1	svapna
tantavya	1	māna
tantra-capeṭā-pradīpa	1	madhva
tantra-dūṣaṇa	1	madhva
tantra-kavi	1	kāla
tantra-meru-ratnā@valī	1	mantra
tantra-mālā	1	varṇa
tantra-pati	1	bṛhat
tantra-pārāyaṇa-vidhi	1	saubhāgya
tantra-rāja	1	saṃgama
tantra-sarvasva	1	śābara
tantra-vidhi	1	parva
tantra-vārttika	1	mīmāṃsā
tantram	1	prati
tantri	1	su
tantrikā	1	tri
tantrin	1	sva
tantrita	1	vighna
tantrya	1	pāra
tantu-jāla	1	kṛmi
tantura	1	kalmāṣa
tanu-trāṇa	1	kṛta
tanuja	1	su
tanva	1	bahis
tanāt	1	tvat
tapasī	1	adhyayana
tapaḥ-śīla	1	tāmasa
tapo-maya	1	sarva
tapodhana	1	vyāja
tapovana	1	badarī
tara-paṇya	1	gulma
tara-tva	1	saṃnihita
tara-tā	1	ādeya
taras	1	deva
tarasa	1	daiva
tarasam	1	yāvat
taratha	1	deva
taratā	1	ucca
taraṃga-jihva	1	sphurat
taraṃga-nyāya	1	vīci
taraṃgin	1	samuddhata
taraṃgiṇi	1	pāre
taraṅga	1	kāla
taraṅgiṇī	1	amṛta
tare	1	sāya
tareya	1	daiva
tarha	1	śata
tarham	1	śata
tarhaṇa	1	dasyu
tariṇī	1	durga
tarjaka	1	bhairava
tarjana	1	vādi
tarka-stava	1	brahma
tarka-taraṃgiṇī	1	bṛhat
tarkuka	1	para
tarkuṭī	1	sūtra
tarkā@laṃkāra	1	kṛṣṇa
tarkārī	1	su
tarman	1	su
tarpayat	1	su
taru-vana	1	bhuja
taruṇa	1	kaṭīka
taruṇa-husta-pāda-tala-tā	1	mṛdu
taruṇaka	1	darbha
tarīka	1	nis
tarīpa	1	nis
tarṇaka	1	varṇa
tarṇaka-vatī	1	saṃtuṣṭa
tarṇikā	1	varṇa
taskara-pārthiva	1	vahni
taskara-sevita	1	mleccha
tat-puruṣa	1	ṣaṣṭhī
tatas	1	itas
tatham	1	ayathā
tathya	1	yāthā
tathyam	1	yathā
tathyena	1	yathā
tathyā	1	pāri
tathā	1	ayathā
tathāgata	1	sarva
tatkaraṇa	1	vi
tatra-śaya	1	yatra
tattva-bindu	1	sat
tattva-bodhikā	1	vāsanā
tattva-camatkāra	1	svara
tattva-cintāmaṇi	1	gaṇita
tattva-darpaṇa	1	rāmāyaṇa
tattva-dipa-prakāśā@varaṇa-bhaṅga	1	bhāgavata
tattva-dāsa-vijñapti	1	śuddha
tattva-jñāna	1	cikitsā
tattva-mañjarī	1	bhagavat
tattva-muktā@vali	1	hari
tattva-muktā@valī	1	hari
tattva-nidhi	1	śrī
tattva-nirṇaya	1	śruti
tattva-pradīpa	1	sāṃkhya
tattva-prakāśinī	1	piṅgala
tattva-rasā@yana	1	bhakti
tattva-ratnamālā	1	sat
tattva-saṃgraha	1	āgama
tattva-vibodha	1	rāga
tattva-vicāra	1	vibhāga
tattva-vid	1	kula
tattva-vidhi	1	homa
tattva-vilāsa	1	sāṃkhya
tattva-vāda	1	nārāyaṇa
tattvam	1	yathā
tattvo@daya	1	svara
tattvā@nusaṃdhāna	1	śambhu
tattvā@nusmaraṇa	1	mṛti
tattvā@rtha	1	veda
tattvā@rṇava	1	kāla
tatā	1	samudra
tavas	1	sva
taviṣi	1	anibhṛṣṭa
taṅgaṇa	1	para
taṅkaṭā	1	laṅka
taṇḍulaka	1	tila
taṭa-cumbita	1	niṭila
taṭa-deśa	1	narmadā
taṭi	1	sūnā
taṭā@bhimukhya	1	ruddha
taṭā@ghāta	1	vakṣas
teja	1	mahā
tejasa	1	bhūri
tejaḥ-svara	1	virajas
tejita	1	su
tejo'mbara-bhūṣaṇa	1	virajas
tejo-'bhyudgata-rāja	1	ratna
tejā	1	su
tejā@hvā	1	tila
temiṣa	1	rāja
tha	1	iti
thuḍā	1	vāta
tikta-kaṣāyaka	1	śukta
tila-dāna	1	ṣaṭ
tilaka-svāmin	1	mārtaṇḍa
tilin	1	ṣaṭ
timiṃ-gila	1	timi
timiṣa	1	rāja
timiṣā	1	dīrgha
tintiḍā	1	su
tintiḍī	1	su
tiraskṛta-vācya-dhvani	1	atyanta
tiryak-saṃśodhana	1	naraka
tiryañc	1	śvabhra
titha	1	bahu
titheyī	1	prā
tithi-nirṇaya-sāra	1	saṃkṣepa
tithitattva	1	gauḍa
titikṣā-vat	1	satya
tiṅ-anta	1	sup
tiṭibha	1	mahā
tman	1	puru
tmūtam	1	yāvat
to-bila	1	tvak
tokī	1	jīvat
tola	1	ghana
tomarin	1	sthūla
toraṇa-vat	1	kapāṭa
toraṇā@rgala	1	dṛḍha
toyadhi	1	kṣīra
toyaka	1	kāla
toyinī	1	kara
tośa	1	nai
toḍala-tantra	1	bṛhat
toḍī	1	chāyā
toṣaka	1	sura
toṣayitṛ	1	para
toṣaṇī	1	hṛt
toṣika	1	pāri
traigartaka	1	pūrva
traiguṇya	1	nis
trailokya-mohana-kavaca	1	rāma
traiyalinda	1	pūrva
traiṣṭubha	1	sarva
trapu-ja	1	tāmra
trasareṇu	1	vīta
trasnu	1	ati
trasta	1	bhaya
traya-bheda-nirūpaṇa	1	mukti
traya-bhāṣya	1	prasthāna
traya-culuka	1	sāra
traya-paritrāṇa	1	vidhi
traya-patha	1	locana
traya-sammite	1	hasta
traya-vaiyarthya	1	viśeṣaṇa
trayas-triṃśat	1	dvi
trayodaśa	1	ardha
trayodaśā@kṣarī	1	rāma
trayodaśī-vrata	1	śani
trayī-vyākhyāna	1	padya
traṃśa	1	nis
traṭ-iti	1	traṭat
tretā	1	agni
tri-bhaṅga	1	lalita
tri-bhaṅgī	1	bhāva
tri-dvy-eka-bhāga	1	catus
tri-kakud	1	chandoma
tri-kaṭuka-vihāra	1	śrī
tri-koṇa	1	tri
tri-pāṭhin	1	rudra
tri-sūtrī-vārttika	1	nyāya
tri-vargā	1	prātas
tri-vikrama	1	vaidya
tribhāga-brahma-yaśasvin	1	netra
tribhāgaka	1	tat
trijātaka	1	sa
trikakubh	1	mahā
trikakud	1	mahā
trikoṇa	1	mūla
trikūṭa	1	sa
tripura-sundary-uttara-tāpanī	1	mahā
tripura-sundarī-kavaca	1	mahā
tripura-sundarī-mantra-nāma-sahasra	1	mahā
tripura-sundarī-tāpanīyo@paniṣad	1	mahā
tripuṭā	1	karāla
tris	1	dvi
trisauparṇa	1	prathama
trivarṣa	1	bahu
triveṇikā	1	śabda
triveṇu	1	dvi
trivṛt	1	rakta
trivṛtā	1	kṛṣṇa
triyāma	1	ahas
triyāmā	1	śarat
triśata	1	ṣaṣṭi
triśatī	1	viṣṇu
triśūla	1	mahā
triṃśacchatya	1	ṣaṭ
triṃśad	1	ṣaṭ
triṃśaka	1	eka
triṃśan	1	ṣaṭ
triṃśan-nāma-stotra	1	rāma
triṃśatikā	1	dvā
triṃśatka	1	ṣaṭ
triṃśatkā	1	dvā
triṃśaṭ-ṭīkā	1	vaidya
triṃśin	1	trayas
troṭa	1	kaṅka
troṭakā@cārya	1	nara
troṭi	1	kaṅka
truṭī	1	nis
try-aha	1	garga
try-ambaka	1	vyāsa
try-arcas	1	viśva
try-ādi	1	kat
trya	1	pāra
tryaham	1	prati
tryalinda	1	pūrva
tryambaka	1	nāsika
tryaṃśa	1	sama
trāman	1	su
trātra	1	su
trāvan	1	su
trāṇā	1	kṛta
tthāma	1	aśva
tthāman	1	aśva
tu-ghna	1	kiṃ
tubarī	1	phulla
tuda	1	prā
tuhina	1	sa
tuhina-śarkara	1	bṛhat
tuka	1	su
tukana	1	su
tula	1	nis
tula-parṇī	1	khala
tulasy-udyāpana-vidhi	1	lakṣa
tulasī-vrato@dyāpana	1	lakṣa
tulita	1	sama
tulya-parākrama	1	viṣṇu
tulyā	1	ikṣu
tulā-koṭi	1	maṇi
tumba	1	eka
tumbikā-nyāya	1	jala
tumbinī	1	kaṭu
tumbuka	1	ku
tumburu	1	ku
turagīya	1	khara
turaṃga-vilasita	1	gaja
turaṃgama	1	hari
turā-ṣah	1	viśva
turāṣāh	1	dharā
tus	1	su
tuṅga-bhāga	1	vi
tuṇḍa-phala	1	dhvāṅkṣa
tuṇḍi	1	nai
tuṇḍā	1	dhvāṅkṣa
tuṣita	1	mahā
tuṣṭi	1	manas
tuṣṭi-jñāna-mudrā	1	mahā
tva-bodhi	1	prabhu
tva-cihna	1	pramā
tva-nirukti	1	śaṅka
tva-tā	1	pūruṣa
tva-śakti	1	vaktṛ
tvak-pakṣa	1	nis
tvakṣas	1	bhā
tvan	1	bṛhat
tvaritam	1	sa
tvarā	1	pada
tvatā	1	iṣita
tvin	1	apṛthak
tviṣa	1	vāk
tviṭka	1	hata
tvo@ta	1	indra
tvā	1	yūtha
tvā-siñcāmi-prayoga	1	sa
tvā@kṣepa	1	prabhu
tvāṣṭrī	1	anta
tyaja	1	su
tyajya	1	dus
tyakta	1	svayaṃ
tyāga-vidhi	1	patita
tyājya	1	dus
tā-vāda	1	saṃnikarṣa
tādita	1	vṛṣṭi
tāka	1	sat
tākṣa	1	varī
tāla-kharjūra-harītakī-vibhītaka	1	priyāla
tāla-viśārada	1	sāmya
tālavṛnta	1	sa
tāle@śvara	1	mahā
tālukin	1	kāka
tālā	1	māsa
tālā@bha	1	kanaka
tālā@khya	1	siṃha
tāmarasa	1	līlā
tāmbūla	1	vāsa
tāmrā@rdha	1	sāsthi
tāmrī	1	daṇḍa
tānta	1	dhūma
tānuka-roga	1	strī
tānūnaptrin	1	sa
tāpa-maya	1	smara
tāpano@paniṣad	1	rāma
tāpany-upaniṣad	1	śyāmā
tāpasī	1	kumāra
tāpaścita	1	mahā
tāpaścitta	1	kṣullaka
tāpika	1	jala
tāpiny-upaniṣad	1	vīra
tāraka-brahmo@paniṣad	1	rāma
tāraka-mantra-ṭīkā	1	rāma
tāraka-nātha	1	kaṭhina
tārakā	1	yoga
tāraṇī	1	loha
tāriṇī	1	loha
tārkika	1	ku
tārkika-siṃha	1	kavi
tārya	1	nau
tārā-rājā@ditya	1	nakṣatra
tārā-sarasvatī-stotra	1	nīla
tārā@dhipa	1	kaṭhora
tārā@valī	1	vijñāna
tās	1	lābha
tātaka	1	kṣulla
tātparya-darśana	1	gṛhya
tātparya-prakāśa	1	vāsiṣṭha
tātparya-ratnā@vali	1	śuka
tātparya-taraṇi	1	vālmīki
tātparya-śuddhi	1	vārttika
tātparya-ṭīkā	1	vārttika
tāvat-kalpana	1	yāvat
tāḍam	1	udara
tāḍitaka	1	mukuṭa
tāṇḍava-paṇḍita	1	līlā
tāṇḍava-pura	1	ānanda
tīkṣṇa-mukha	1	dīrgha
tīkṣṇaka	1	su
tīkṣṇā@gra	1	ślakṣṇa
tīra-gamana	1	narmadā
tīra-sambhava	1	sindhu
tīraja	1	nīra
tīrtha-kṛt	1	ananta
tīrtha-mahātmya	1	mathurā
tīrtha-nātha	1	vaṭa
tīrthin	1	eka
tīrthā	1	bhūti
tīrthā@cārya	1	īśvara
tīrthī	1	pañca
tīrthīya-vyākhyāna	1	viṣṇu
tīrīya	1	samudra
tīrṇa	1	dus
tūlaka	1	indra
tūli	1	varṇa
tūr	1	vṛtra
tūra	1	ardha
tūrti	1	viśva
tūrya-ninādin	1	sarva
tūṇava	1	vīṇā
tūṇī	1	prati
tūṇīra	1	baddha
tṛ	1	kavi
tṛda	1	prā
tṛna	1	kat
tṛpa	1	asu
tṛtīyā-vrata	1	ananta
tṛḍ-udbhava	1	kṣut
tṛṃśa	1	eka
tṛṇa-kaṇṭaka	1	nis
tṛṇa-maṇi-loṣṭa-kāñcana	1	sama
tṛṇā	1	rakta
tṛṇā@khya	1	mauñjī
tṛṇṇa	1	ati
tṛṣā	1	mṛga
tṛṣā@nvita	1	kṣut
tṛṣṇi	1	mṛga
tṛṣṇikā	1	mṛga
tṛṣṇo@papīḍita	1	kṣut
tṛṭparī@ta	1	kṣut
ubhaya	1	sarid
ucca	1	purastād
uccheda	1	dur
ucchiṣṭa	1	havir
ucchvāsa	1	nir
uccārita	1	dvir
udadhi	1	praty
udak	1	pratyag
udaya	1	dur
udañc	1	prāg
uddeśam	1	nir
uddhati	1	nir
uddhi	1	try
uddhāra-saṃgraha	1	prāg
uddrāva	1	nir
uddyota	1	śānty
udgamana	1	jyotir
udghāṭita	1	svayam
udgīrṇa	1	svayam
udhan	1	try
udvaha	1	dur
udvega	1	nir
udvigna	1	nir
udvāsā	1	raja
udyama	1	nir
udyama-nāṭaka	1	bhagavad
udyata	1	svayam
udyoga	1	nir
udyāma	1	ṣaḍ
udā@ya	1	try
udā@śaya	1	śarad
udāhara	1	dur
udāsa	1	dvy
ujjvala	1	svayam
ukta-gṛhītā@rtha	1	sakṛd
ukthi	1	bṛhad
ukthya	1	ubhayata
uktika	1	paunar
uktya	1	paunar
ukṣa	1	bṛhad
ukṣan	1	bṛhad
ulkā	1	sphurad
ullāsa	1	cid
ulūka	1	praty
ulūkaka	1	praty
ulūkhalya	1	pāry
unmeṣa	1	vidyud
unmāda	1	nir
unnayana-mahā-tantra	1	ṣaḍ
upa-śabdas	1	dūra
upabhoga	1	nir
upadeśa	1	dur
upadhi	1	nir
upadiṣṭa	1	dur
upadāna	1	īṣad
upagamana	1	punar
upaghātam	1	pāṇy
upahata	1	nir
upahita	1	nir
upahāra-ratnā@kara	1	sad
upajīvitā	1	nir
upakarṣam	1	pāṇy
upakriya	1	nir
upakāraka	1	svāmy
upakārin	1	nir
upalabdhi	1	punar
upalakṣa	1	dur
upalepa	1	nir
upama	1	nir
upamathita	1	sakṛd
upamāna	1	praty
upapada	1	nir
upapatti	1	nir
upaplava	1	nir
upapāda	1	dur
uparodha	1	vṛtty
uparāga-candro@daya	1	sad
upasada	1	dur
upasadam	1	praty
upasadana	1	punar
upasarga	1	nir
upasarpin	1	dur
upasat-ka	1	try
upasatka	1	ṣaḍ
upasaṃkramaṇā	1	pṛthivy
upaskara	1	vy
upaskṛta	1	nir
upasthita	1	svayam
upasthāyaka	1	nir
upasṛṣṭa	1	nir
upavīta	1	vy
upayoga	1	nir
upayukta	1	dur
upe@kṣa	1	nir
upe@ta	1	svayam
upo@ḍhā	1	punar
upo@ṣaṇa	1	vedy
upā@dhi	1	nir
upā@dhika	1	nir
upā@gama	1	punar
upā@gata	1	svayam
upā@karaṇa	1	punar
upā@khya	1	nir
upā@khyāna	1	sāvitry
upā@khyāna-stotra	1	ṣaṣṭhy
upā@pa	1	dur
upā@sana-vidhi	1	sāyam
upā@sanam	1	praty
urasa	1	praty
uraṇa	1	dvy
uru	1	para
urvarā	1	vrīhy
utkara	1	kṣity
utkarṣa	1	jāty
utkaṇṭha	1	nir
utkleda	1	hṛd
utkleśa	1	hṛd
utpala	1	jāty
utpādana	1	punar
utpāta	1	nir
utsaha	1	dur
utsava	1	nir
utsedha	1	kim
utsuka	1	nir
utsyūta	1	punar
utsṛṣṭa	1	punar
uttamam	1	yāvad
uttara-tāpinī	1	bṛhad
uttaram	1	bhavad
uttarā@saṅga-vat	1	tvag
uttarī-bhāva	1	try
utthā	1	tvag
uṣaṇa	1	try
uṣman	1	nir
uṣya	1	antar
uṣṇatā	1	nir
uṣṇīṣa	1	nir
va	1	vi
vacaka	1	dur
vacana-bhūṣaṇa-mīmāṃsā	1	śrī
vacana-saṃgraha	1	śrāddha
vacanika	1	prā
vacanā	1	deva
vacasa	1	ācārya
vacasya	1	daur
vacasyā	1	su
vacaḥ-pratī@ta	1	tad
vacchikā	1	dīrgha
vad-ādi	1	ghoṣa
vadaka	1	dur
vadana-stotra	1	pañca
vadanta	1	kiṃ
vadanti	1	kiṃ
vadanā@śvāsa	1	saṃsakta
vadhri	1	sapta
vadhrā	1	guccha
vadhrī	1	varāha
vadhyacihna	1	kṛta
vadhyā@nukīrtana	1	mithyā
vadhā@jīva	1	mṛga
vadhā@jīvin	1	mṛga
vadhū-gala-ratna-mālā	1	ruci
vadhū-vara	1	kumudinī
vadhūka	1	sa
vadhūṭī	1	gopa
vadi	1	vaiśākha
vadāla	1	citra
vadānya	1	dāha
vadānya-tā	1	dāha
vahana-prayoga	1	pratyag
vahaṇi	1	prā
vahita	1	sva
vahman	1	su
vahni-pradakṣiṇam	1	prati
vahni-prakāśa	1	soma
vahni-śikhā@valī	1	madana
vaibhava-khaṇḍa	1	yajña
vaibhavika	1	śakti
vaicakṣaṇya	1	ati
vaicitrya	1	guṇa
vaidagdhya-śīla-vat	1	tejo
vaidala	1	veṇu
vaidalya-saṃgraha	1	sarva
vaidarbha	1	danta
vaidhavya	1	bāla
vaidya-nātha-māhātmya	1	śrī
vaidyaka-śāstra	1	vaiṣṇava
vaidyanāthīya	1	saṃgraha
vaidūrya	1	indra
vaikalya-prā@yaścitta	1	pūjā
vaikharī	1	śvāna
vaiklavya	1	citta
vaiklavyam	1	sa
vaikuṇṭha	1	nitya
vaikālika	1	daśa
vaila-stha	1	mahā
vailarī	1	utkalikā
vaināśikā	1	veda
vaipulya	1	mahā
vairi-vaibhava-dīpikā	1	śaṭha
vairi-vaibhava-prabhākara	1	śaṭha
vairitā	1	sva
vairiṇī	1	viṣa
vairya	1	sāma
vairāgya-taraṃgiṇī	1	śṛṅgāra
vairāgyam	1	sa
vairāja	1	mahā
vairūpya	1	roga
vairūpya-tā	1	gātra
vaitathyo@paniṣad	1	dvaita
vaitālika	1	taṇḍula
vaivarta	1	brahma
vaivartaka	1	brahma
vaiyākaraṇa-bhūṣaṇa-siddhā@nta-mañjūṣā	1	laghu
vaiyākhya	1	sa
vaiśamya	1	mala
vaiśeṣika	1	rasa
vaiśeṣya	1	guṇa
vaiśikya	1	saha
vaiśiṣṭya	1	viśiṣṭa
vaiśiṣṭya-bodha	1	viśiṣṭa
vaiśiṣṭya-bodha-rahasya	1	viśiṣṭa
vaiśiṣṭya-bodha-vicāra	1	viśiṣṭa
vaiśiṣṭya-bodha-vicāra-rahasya	1	viśiṣṭa
vaiśiṣṭya-jñāna-vādā@rtha	1	viśiṣṭa
vaiśiṣṭyā@vagāhi-vādā@rtha	1	viśiṣṭa
vaiśvāmitra	1	mahā
vaiśvānara-vrata	1	mahā
vaiśāradya-viśārada	1	catur
vaiḍūrya-nirbhāsa	1	uttapta
vaiṇika	1	mṛga
vaiṣamya	1	bhāgya
vaiṣṇava-khaṇḍana	1	bhraṣṭa
vaiṣṇavā@gama	1	vaikhānasa
vajra-maṇi	1	bhūmi
vajra-pañjara	1	sūrya
vajra-pañjara-kavaca	1	rāma
vajra-saṃghāta	1	sa
vajra-sūci	1	āpta
vajraka-rasa	1	pāṣāṇa
vajrin	1	su
vajrī	1	gandha
vaka-yantra	1	kāca
vakra-karma-prakāśa	1	paṅgu
vakra-saṃstha	1	dig
vakro@kti	1	kāku
vaktavya-hṛdaya	1	kāma
vaktra-tā	1	kaṣāya
vaktraka	1	eka
vaktram	1	prati
vaktrā@vartin	1	hṛd
vakṣojo@pama	1	rāmā
valabhī	1	harmya
valadhi	1	daṇḍa
valana-pañca-taraṃgiṇī-māhātmya	1	vāyu
valaya-bhūmi	1	drākṣā
valaya-subhaga	1	śiñjad
valayā	1	citra
valg	1	su
valga	1	sa
valimīka	1	pāda
valina	1	yuva
valkalin	1	jaṭā
valkalī	1	sphuṭa
valki	1	pārṇa
valkika	1	pāñca
valkā	1	śilā
valkīya	1	yājña
vallabha-tā	1	bhartṛ
vallakī	1	caṇḍāla
vallara	1	tittira
vallari	1	soma
vallika	1	citra
vallī-pariṇaya	1	marakata
vallīja	1	sita
vallūra	1	bhū
vamana-prā@yaścitta	1	śrāddha
vamatā	1	khādata
vami	1	antar
vana-bāndhava	1	padma
vana-giri	1	buddha
vana-ja	1	jambu
vana-mahātmya	1	puṇḍarīka
vana-maya	1	kunta
vana-mā@hātmya	1	bilva
vana-nandana	1	bhāṇḍīra
vana-vāsin	1	bhāṇḍīra
vanam	1	prati
vanas	1	yajña
vanasyā	1	sajāta
vanau@kas	1	sthāṇu
vanda	1	deva
vandana-niṣedha	1	yati
vandana-samarthana	1	yati
vandana-śata-dūṣaṇī	1	yati
vandanā	1	vaiṣṇava
vandanī	1	go
vandhya	1	phala
vandinī	1	rāsabha
vaneya	1	śāta
vanikā	1	aśoka
vanikā-nyāya	1	aśoka
vano@papanna	1	śaila
vanta	1	ṛkṣa
vantīya	1	vāra
vapa	1	mahā
vapari	1	viśva
vapnya	1	duṣ
vapur-dhārin	1	buddha
vapā	1	valmīka
vara-candra	1	vajra
vara-dhara	1	sāgara
vara-dāyaka	1	sadā
vara-muni	1	vara
vara-prasāda	1	kauśikī
vara-vadanā	1	kiṭi
vara-varman	1	śānti
varadā@cārya	1	vatsa
varayitrī	1	svayaṃ
varaṇṭa	1	jala
varaṭi	1	rakta
varbara	1	vana
varbarikā	1	vana
varcala	1	su
varcasin	1	su
varcaska	1	su
varchikā	1	dīrgha
varcin	1	su
varco-ghna	1	guru
vardhaki	1	deva
vardhamānaka	1	pippalī
vardhana-gaṇi	1	ravi
vardhana-stotra	1	prajñā
vardhanikā	1	cakṣur
vardhanā	1	cāru
vardhayitṛ	1	su
vardhman	1	antra
vardhra	1	mitra
vardhraka	1	maitra
vardhāpana-vidhāna	1	varṣa
vareya	1	prā
vareṇya	1	vṛṣṇi
varga-prayoga	1	putrīya
vargam	1	prati
vargika	1	ṣaḍ
varhiṇa	1	vana
varikā	1	nava
varivasyā-rahasya	1	pañcamī
variṣṭha	1	tapo
varjaka	1	māna
varjikā	1	su
varjita-tailapūra	1	apavarjana
varjitā	1	śiśu
varjya	1	kali
varma-bhṛt	1	divya
varma-dhara	1	vasu
varma-gaṇa	1	śarma
varmaka	1	yaśo
varmaṇa	1	bhādra
varmika	1	sārva
vartamāna	1	samyag
vartavya	1	śoka
varti-dīpa-vrata-kalpa	1	lakṣa
varti-kathā	1	lakṣa
varti-vrata	1	lakṣa
vartiko@dyāpana-vidhi	1	lakṣa
vartinī	1	antar
vartita	1	su
vartiṇī	1	citra
vartma-ga	1	nalva
vartma-kṛt	1	sthūla
vartma-rodha	1	mūtra
vartmaka	1	rakta
varty-udyāpana	1	lakṣa
varty-udyāpana-vidhāna	1	lakṣa
vartā	1	sukha
varuṇam	1	nir
varuṇā@laya	1	karuṇa
varvaṇā	1	kṣudra
varvurika	1	jāla
varvūraka	1	jāla
varya-tīrtha	1	raghu
varyā@rya	1	satya
varāha-kula	1	druta
varāha-saṃvāda	1	pṛthvī
varāhatīrtha	1	udīrṇa
varāhikā	1	śvā
varāṭikā	1	naṭṭa
varīyas	1	paro
varūthinī	1	virodha
varūthinī-bhañjinī	1	virodha
varūthinī-nirodha	1	virodha
varūtrī	1	tṛṣṇā
varṇa-bala-prada	1	mṛjā
varṇa-ja	1	avara
varṇa-mālā	1	nava
varṇa-pakṣa	1	khadira
varṇa-parṇa	1	khadira
varṇa-prayoga	1	samyag
varṇa-suślakṣṇa	1	ākāra
varṇa-vādin	1	kṣānti
varṇam	1	yathā
varṇanadhyānā@di	1	viṣṇu
varṇatā	1	ūna
varṇavatī	1	piṅga
varṇi-liṅgin	1	sa
varṇinī	1	deva
varṇī-karaṇa	1	sa
varṇīya	1	hiraṇya
varṣa-deva	1	nitya
varṣa-deśīya	1	viṃśati
varṣa-maho@tsava	1	nava
varṣa-phala	1	maṇittha
varṣa-sahasrika	1	bahu
varṣa-sahasrin	1	bahu
varṣa-śatā@yus	1	catur
varṣam	1	prati
varṣavat	1	aśma
varṣi-tā	1	kaṅkaṇa
varṣman	1	śata
varṣuka	1	ratna
varṣya	1	ātapa
varṣā	1	apara
varṣā-bhū	1	dīrgha
varṣīṇa	1	dvi
vasanta	1	su
vasanā	1	āhara
vasat	1	antar
vasatha	1	sad
vasatīvarīka	1	gṛhīta
vasava	1	paunar
vasika	1	māyā
vasiṣṭha-siddhā@nta	1	laghu
vaskarā	1	suta
vasti-tā	1	ānaddha
vastra-bhṛt	1	mṛta
vastra-saṃvīta	1	ardha
vastra-tā	1	ārdra
vastraka	1	dūra
vastrikā	1	mukha
vastrā	1	abdhi
vastrā@di	1	suvarṇa
vastrā@haraṇa	1	draupadī
vastu-sampad	1	su
vastu-sāra	1	nyāya
vastu-viṣaya	1	samasta
vastuka	1	anūna
vasu-prada	1	dharma
vasudha	1	ruddha
vasukra	1	śrī
vasya	1	snāta
vasyā	1	amā
vasā-maya	1	piśita
vasāna	1	niśā
vasī	1	amā
vasīya	1	śvo
vat-tā	1	artha
vataṇḍa	1	taṇḍa
vateya	1	sātya
vati	1	bhāga
vatman	1	nāga
vatnī	1	pati
vatsa-rāja	1	vīṇā
vatsa-śiśu-puṃgava	1	nir
vatsaka	1	go
vatsakin	1	śrī
vatsakā	1	mṛta
vatsala-tīrtha	1	go
vatsarāja	1	tāpasa
vatsarī	1	dvādaśa
vatsikā	1	mṛta
vatsā@jīva	1	piṅgala
vattu	1	krama
vatīya	1	marut
vavri	1	vi
vayasam	1	yathā
vayasana	1	bala
vayasya	1	priya
vayo-vṛddha	1	vidyā
vañca	1	dur
vañcana	1	mṛtyu
vañcika	1	vṛka
vañcin	1	āgata
vañcita	1	bhrū
vañcitaka	1	pakṣa
vaśa-ga	1	madirā
vaśa-kara	1	sabhā
vaśam	1	yathā
vaśas	1	mana
vaśin	1	tanū
vaśinī	1	sva
vaśā@gata	1	mārga
vaśā@nuga	1	mārga
vaśā@yāta	1	mārga
vaśī-bhūta	1	rāja
vaśī-kara-stotra	1	svāmi
vaḍava	1	aśva
vaṃsika	1	prāg
vaṃsya	1	pati
vaṃśa-nṛpa-muktā@valī	1	śāla
vaṃśa-śalākā	1	vīṇā
vaṃśika	1	antar
vaṃśikā	1	laguḍa
vaṃśīya	1	soma
vaṅga-malla	1	raṇa
vaṅgāla	1	rāya
vaṅka	1	nadī
vaṅkola	1	rāya
vaṅkā	1	kapota
vaṇa-saṃjñikā	1	tri
vaṇas	1	gir
vaṇasyu	1	gir
vaṇig-dhana	1	mūla
vaṇijā	1	prehi
vaṇya	1	punar
vaṇī	1	tri
vaṇṭaka	1	hṛd
vaṣaṭ-kāra	1	prathama
vaṣaṭkāra-maṅgala	1	nir
vaṭikā	1	gandha
vaṭu	1	cāṭu
vaṭva	1	viśvā
vaṭī-rasa	1	śaṅkha
vaṭūrin	1	mahā
vaṭṭa	1	nāga
vecanaka	1	tāla
veda-campū	1	māna
veda-mantra	1	pādma
veda-pārāyaṇa-pramāṇa	1	drāviḍa
veda-vrata-snāta	1	vidyā
veda-vrata-vat	1	vidyā
veda-vādin	1	pauruṣeya
veda-śiras	1	mano
vedanam	1	sa
vedanīya	1	apara
vedasin	1	sarva
vedha-vicāra	1	yantra
vedhanikā	1	karṇa
vedhas	1	ku
vedhi-tā	1	amarma
vedhika	1	nair
vedhinī	1	veṇi
vedhya	1	śabda
vedhyā	1	brahma
vedi-tva	1	karuṇa
vedi-tā	1	marma
vedikā	1	āpaṇa
vedinī	1	garbha
vedo@ddhāra	1	mārtaṇḍa
vedo@paniṣat-sāro@padeśa-sāhasrī	1	sakala
vedā@dhyāyin	1	sakala
vedā@nta-sāra	1	śikhaṇḍī
vedā@nta-tattva-sāre	1	veda
vedā@nta-śāstra-prakriyā	1	saṃkṣipta
vedā@nta-ṣaṭka	1	mahā
vedā@ntam	1	prati
vedā@ntin	1	navīna
vedā@rtha-prakāśa	1	mādhavīya
vedānta	1	aṇu
vedīya	1	yajur
vega-vat	1	saṃhāra
vega-vaśa	1	sama
vega-śrī	1	vimala
vegaka	1	vāyu
vegika	1	citra
vegitā	1	marma
vehat	1	ukṣa
velā-yoga	1	kāla
velāyām	1	avasara
vema	1	su
vepa	1	prā
vepana	1	nir
vepitam	1	sa
vera	1	śṛṅga
veraṇi	1	kāma
vesarā	1	dvi
vetanin	1	kupya
vetra	1	kṛṣṇa
vetra-bāṇa-vikalpa	1	paṭṭikā
vetra-vāna-vikalpa	1	paṭikā
vetrin	1	rāja
vettrya	1	pāri
vetāla-sādhana	1	yakṣiṇī
vetālī	1	uṣṇa
veśa-kavaca	1	śālu
veśana	1	prā
veśasa	1	yajña
veśma	1	prati
veśmaka	1	prāti
veśmā@lī	1	haṭṭa
veśyā	1	svar
veśīya	1	sa
veṇa	1	su
veṇu-triveṇu-mat	1	śubha
veṇu-vīṇam	1	sa
veṇuka	1	harṣa
veṇvā	1	kṛṣṇa
veṇya	1	prā
veṇyā	1	kṛṣṇa
veṇī-dhara	1	ūrdhva
veṇṇā	1	kṛṣṇa
veṣa-dhāraka	1	strī
veṣaṇa	1	sindhu
veṣikā	1	chinna
veṣā@bharaṇa	1	vinīta
veṣā@kṛti-mat	1	nānā
veṣī	1	bhūta
veṣṭana-śānti-prayoga	1	nāla
veṣṭanika	1	pāda
veṣṭitaka	1	latā
veṭaka	1	vāta
vi-bandhana	1	paraspara
vi-bhāvin	1	varṇa
vibandha-ghna	1	mūtra
vibandhaka	1	vartma
vibhakti-nirṇaya	1	sapta
vibhakty-arthaviveka	1	sub
vibhavam	1	yathā
vibhavānasa	1	vilāsa
vibhaṅga	1	vinaya
vibhedaka	1	aṅguṣṭha
vibhedin	1	marma
vibhoka	1	su
vibhrānti	1	mati
vibhu	1	su
vibhuja	1	mūla
vibhukta	1	bhukta
vibhā	1	pala
vibhāgam	1	yathā
vibhāgin	1	soddhāra
vibhājaka	1	bādha
vibhāsa	1	sa
vibhāva	1	dur
vibhāvanā	1	vedānta
vibhāvarī	1	rākā
vibhāvinī	1	bhāva
vibhāvita	1	dig
vibhāvya	1	dur
vibhāṣa	1	dur
vibhāṣā-śāstra	1	vinaya
vibhītaka	1	vṛddha
vibhīṣaṇa	1	su
vibhīṣikā	1	bheda
vibhūta	1	mahā
vibhūti-garbha	1	jñāna
vibhūṣaṇa-ketana	1	makara
vibhūṣita	1	su
vibodha	1	rāga
vibodha-viveka	1	rāga
vibudhī	1	tri
vicarcikā	1	gharma
vicchandas	1	sva
vicikitsa	1	nir
vicikitsitam	1	sa
vicintita	1	dur
vicintya	1	dur
vicita	1	su
viciti	1	chando
vicitrā	1	puṣpa
vicāraṇa	1	sthairya
vicārita	1	su
vicārya	1	su
vid-vatka-vipramodaka	1	śābdika
vidagdhaka	1	uṣṇa
vidalita	1	dara
vidalla	1	su
vidalā	1	mayūra
vidambana	1	jīvana
vidaraṇa	1	madhya
vidarśanā	1	śukla
vidat	1	su
vidatriya	1	su
vidh	1	śvā
vidhamā	1	uddhama
vidharman	1	dharma
vidheya-bodha-sthalīya-vicāra	1	uddeśya
vidheya-vicāra	1	uddeśa
vidhi-bhūṣaṇa	1	mīmāṃsā
vidhi-prayoga-saṃgraha	1	vividha
vidhika	1	pauruṣa
vidhitsa	1	nir
vidhitsu	1	nir
vidhitsā	1	ātma
vidhu	1	ardha
vidhvaṃsa	1	roma
vidhvaṃsa-bhāskara	1	madhu
vidhvaṃsaka	1	buddhi
vidhyādhara	1	sāhitya
vidhā@kāra	1	bahu
vidhāna-dṛṣṭa	1	śilpa
vidhāna-sāra	1	muhūrta
vidhāna-sūtra	1	mātrā
vidhānam	1	yathā
vidhānena	1	yathā
vidhāraṇa	1	vega
vidhṛti	1	kāla
vidik-saṃdhāna	1	ṣaḍ
vidik-stha	1	dig
vidiś	1	sa
vidiśā-lakṣaṇa	1	prathita
vidrāvana	1	vyāmoha
vidrāvaṇakarī	1	kaṃsa
vidrāviṇī	1	vajra
vidveṣa	1	anna
vidviṣṭa	1	loka
vidye@śvara	1	bhāva
vidye@śvara-stotra	1	saubhāgya
vidyika	1	sārpa
vidyut-prabha	1	mahā
vidyuta	1	sa
vidyutta	1	sakṛd
vidyā-darpaṇa	1	nyāsa
vidyā-dhara	1	raṅga
vidyā-maya	1	sakala
vidyā-veda	1	piśāca
vidyā-vilāsa	1	nyāsa
vidyā-vinoda	1	viśrānta
vidyā@gama	1	ṣaḍ
vidyā@gama-sāṃkhyāyana-tantra	1	ṣaḍ
vidyādhara	1	viśrānta
vidāha	1	hṛd
vidāritā@nana	1	dūra
vidāru	1	sapta
vidārī	1	kṣīra
vidīrṇa	1	su
vidūṣita	1	mātṛ
vigata	1	vidūra
vighana	1	pūrṇa
vigharṣaṇa	1	gātra
vighaṭṭam	1	nir
vighaṭṭaṇa	1	bāhu
vighaṭṭita	1	bāhu
vighna-kṛt	1	śīla
vighne@śa	1	mūrti
vighnita	1	kṣaṇa
vigraha-katha	1	viśrānta
vigraha-rāja	1	lalita
vigraha-śaṃsana-stotra	1	viṣṇu
vigrahaka	1	saṃdhi
vigrahika	1	saṃdhi
vigrahā	1	tantu
vigrāham	1	pañca
vigāha	1	dur
vigāhana	1	antar
vihaga	1	ghāti
vihantṛ	1	kāma
vihata	1	vajra
vihati	1	praṇaya
vihaṃgama-nāma-bhṛt	1	paṅkti
vihita-dravya-vicāra	1	sāmānya
vihitā	1	dakṣa
vihiṃsana-vrata-nirṇaya	1	rāga
vihvalita	1	mada
vihārīya-yantra	1	sarva
vihāyaka-vrata	1	dūrvā
vijaya-campū	1	sītā
vijaya-gaṇi	1	deva
vijaya-stuti	1	śakti
vijaya-svāmi-stotra	1	śakti
vijaya-tīrtha	1	satya
vijaya-vāda	1	viśiṣṭādvaita
vijaya-śiṣya	1	satya
vijaya-ḍiṇḍima	1	śaṃkarācārya
vijayā	1	trailokya
vijitin	1	gehe
vijñāna-phalā@deśa	1	vāstu
vijñāna-ratna-kośa	1	vastu
vijñānavat	1	divya
vijñānin	1	sarva
vijñānīya	1	nāḍī
vijñāpaka	1	su
vijñāpana-stotra	1	rāma
vijñāya	1	bala
vijṛmbha	1	bhrū
vijṛmbhaṇa	1	bhrū
vikalatā	1	indriya
vikalpaka	1	nir
vikarta	1	go
vikarttṛ	1	go
vikarṇikā	1	bala
vikarṇī	1	kala
vikarṣaṇa	1	pāṃsu
vikasat	1	prakāma
vikasvara	1	prātar
vikaṭa	1	ati
viklaba	1	bāṣpa
viklava-gati	1	prasthāna
viklavam	1	sa
vikrama-kāla	1	cālukya
vikrama-ruci	1	viśeṣa
vikramo@dyama	1	hata
vikrayiṇī	1	phala
vikriya	1	kṛta
vikrośam	1	sa
vikruṣṭa	1	loka
vikrānta-gamitā	1	nāga
vikrānta-gāmitā	1	haṃsa
vikrīta	1	svayaṃ
vikāram	1	ṣaḍ
vikāsa	1	nir
vikāsin	1	sūrya
vikāśa	1	sa
vikāśī	1	gaja
vikūjana	1	antra
vikūṇita	1	akṣi
vikṣata	1	kṣata
vikṣepatā	1	sarva
vikṣipta	1	mada
vikṣobhiṇī	1	rakṣo
vila	1	śakaṭa
vilagna	1	tīra
vilakṣam	1	sa
vilambita	1	druta
vilambitam	1	mā
vilasitā	1	gaja
vilaya-tīrtha	1	asthi
vilekhā	1	nakha
vilipta	1	abhra
villa	1	kendu
villāsa	1	gaṅgā
vilokitā	1	samanta
vilopin	1	saubhāgya
viloḍaka	1	varṇa
viloḍana	1	śatru
vilupta-cchada	1	viṣvag
viluṇṭhikā	1	mukha
vilvā	1	uru
vilāpa-nāṭaka	1	raghu
vilāpanī	1	ājya
vilāsa-campū	1	śiva
vilāsa-kavya	1	nārada
vilāsa-ratnā@valī	1	bhagavad
vilāsa-saṃvāda	1	bhāsa
vilāsa-stava	1	vraja
vilāsa-tantra	1	kālī
vimala-garbha	1	śubha
vimala-gaṇi	1	deva
vimalā	1	tāra
vimardita	1	sneha
vimarśinī	1	laghu
vimarśā@dhiroha	1	saṃkṣepa
vimocana-stotra	1	bandha
vimocanīya	1	dundubhi
vimokṣa	1	naddha
vimuc	1	su
vimuktā@tman	1	viṣa
vimāna-stotra	1	śrīraṅga
vinamrā@nana	1	lajjā
vinaśana	1	sarasvatī
vinaśvara	1	svapna
vinaṣṭaka	1	bāla
vindaka	1	śāka
vindhyā@ntar	1	madhye
vindhyā@ṭavi	1	madhye
vindā	1	śruta
vindī	1	vāri
vindū@paniṣad	1	amṛta
vineya	1	su
vinidraka	1	supta
vinirmala	1	su
vinivṛtti	1	prasaṅga
viniyoga-sūtrā@rtha	1	sautrāmaṇī
viniyogam	1	yathā
viniścayā@dhikāra	1	śarīra
viniścita	1	su
viniḥsṛta	1	vāg
vinoda-kṛt	1	mano
vinoda-mañjūṣā	1	vidvad
vinodana	1	mārga
vinode	1	saṃgīta
vinodinī	1	bāla
vinodinī-ṭīkā	1	vijñāna
vinyasta	1	su
vinyaya	1	karaṇa
vinā-kṛta	1	priya
vināśa-kṛt	1	śleṣma
vipada	1	sampad
viparilopa	1	vaco
viparī@ta	1	samaya
vipaśyanā-vihārin	1	śamatha
vipaṇā@paṇa	1	vidhvasta
viprakramaṇa	1	tūṣṇīṃ
vipramukta	1	guṇa
vipratipanna	1	śruti
vipratipatti	1	indriya
vipratiṣiddha	1	śāstra
vipro@ṣita	1	cira
vipruṣ	1	sveda
vipruṣa	1	vāg
vipula	1	su
vipula-hetu-mati	1	bala
vipuṣṭa	1	puṣṭa
vipāśam	1	prati
vira	1	dāya
viraha-nāma	1	bhavad
viraha-tantre	1	meru
virahin	1	yāminī
viraja	1	su
virajas	1	pāda
virasā	1	prabala
virathya	1	rathya
virañjanīya	1	purīṣa
virecya	1	dur
vireka	1	śiro
virikta	1	manda
virikta-manas	1	rajo
virocana	1	dur
virodha-vat	1	dharma
virodhana	1	avaṭa
viroha	1	punar
viroka	1	nāsā
viropaṇa	1	vraṇa
viruda	1	vīra
viruddha-buddhi	1	vīta
viruta	1	ali
virāga	1	citta
virāḍ-ṛṣabha	1	śuddha
virūḍha	1	su
visarga-tā	1	āhata
visargika	1	loka
visargin	1	loka
visarjanīyo@payoga	1	vrata
visarpin	1	manda
visaṃkulam	1	sa
visaṃsarpin	1	tiryag
visiṣṭā@ntarā@ghaṭita-tva	1	sajātīya
vismṛta	1	śruta
vismṛti	1	nāma
vispaṣṭa	1	su
visphuraṇa	1	buddhi
visphūrjathu	1	vipāka
visphūrjita	1	megha
vistara-purāṇa	1	lalita
vistā	1	viśva
vistāra-pāṇḍu	1	śeṣa
vistāratas	1	utsedha
visārin	1	viśva
visṛṣṭi	1	śukra
vitanā	1	āhara
vitarkya	1	dur
vitasta	1	tri
vitati	1	vaṃśa
vitrasta	1	nitya
vittaka	1	prasāda
vittam	1	yathā
vittika	1	bhāga
vittya	1	pāri
vittā	1	prathama
vittāyana	1	bhāga
vitānam	1	yathā
vitṛṇṇī	1	kṣetra
vivaratva	1	laghu
vivaraṇa-pañjikā	1	kāśikā
vivaraṇa-ratna-mālā	1	mīmāṃsā
vivaraṇa-vyākhyā	1	saugandhikā
vivardhin	1	vitta
vivartita	1	su
vivayana	1	muñja
vivaśā	1	krodha
viveka-bhāskara	1	vrata
viveka-dīpikā	1	nava
vivekinī	1	bāla
viveko@ddyota	1	śuddhi
vivekā@vali	1	saṃtāna
vivikṣu	1	nir
vivācana	1	tvad
vivāha-kathana	1	pāñcālī
vivāha-paddhati	1	yajur
vivāha-prayoga	1	śiva
vivāhapaṭala	1	bṛhad
vivāhin	1	dvi
vivāhita	1	pratijñā
vivāka	1	praśna
vivāna	1	mauñja
vivṛddha-sattva	1	harṣa
vivṛddhy-upā@ya-grantha	1	bhakti
vivṛt	1	su
vivṛti-gītā	1	bhāṣā
viśeṣa-citta-paripṛcchā	1	brahma
viśeṣa-guṇa-vicāra	1	yogya
viśeṣa-vidhi	1	liṅga
viśeṣatas	1	sa
viśeṣo@kti	1	hetu
viśeṣya-bhāva	1	viśeṣaṇa
viśeṣya-tā	1	viśeṣaṇa
viśleṣa	1	citta
viśleṣa-gāmin	1	rātri
viśodhaka	1	su
viśodhinī	1	bhāva
viśokam	1	pāre
viśoṣaṇa	1	tālu
viśrabdha	1	su
viśrabdha-navo@ḍhā	1	ati
viśrambha-bhājana	1	prīti
viśrambhin	1	sarva
viśruti	1	loka
viśrā@nta	1	viveka
viśrāma	1	śukla
viśuddha-netra	1	śīla
viśuddhi	1	vaira
viśuddhi-dīpikā	1	piṇḍa
viśva-rūpa-stotra	1	rāma
viśva-vedasa-kaivalya-dīpikā	1	dīrgha
viśvasta	1	su
viśvavayasau	1	lambā
viśve@śvara	1	bhaṭṭa
viśvāsa-bhūmi	1	prema
viśvāsam	1	sa
viśya	1	nānā
viśīrṇa	1	svayaṃ
viśīya	1	sado
viḍamba	1	nṛ
viḍambin	1	ṛkṣa
viḍāla	1	vana
viṃśaka-stotra	1	mokṣa
viṃśati-cchadi	1	eka
viṃśati-koṭi	1	śruta
viṃśati-varṣa	1	pūrṇa
viṃśaty-akṣara	1	catur
viṃśin	1	sapta
viṃśinī	1	eka
viṇā	1	śūrpa
viṣa-bhṛt	1	virāga
viṣa-hara-mantra	1	sarpa
viṣa-hā	1	ākhu
viṣa-pratiṣedha	1	sarpa
viṣa-vṛkṣa	1	saṃsāra
viṣaha	1	dur
viṣauṣadhi	1	saṃdeha
viṣaya-mantra	1	hanumad
viṣaya-vākya-dīpikā	1	bhāṣya
viṣayam	1	yathā
viṣayatā-vicāra	1	laukika
viṣayatā-vāda	1	laukika
viṣaye	1	vidyā
viṣayika	1	samasta
viṣayin	1	viṣaya
viṣayā@bhilāṣa	1	uparata
viṣayā@tman	1	ananya
viṣayī-kṛta	1	karṇa
viṣaṅga	1	nir
viṣaṇikā	1	meṣa
viṣaṇṇa	1	su
viṣkambhita	1	siṃha
viṣvaṇa	1	nara
viṣā	1	vi
viṣāda-vat	1	vismaya
viṣāṇaka	1	bhagna
viṣāṇin	1	hema
viṣāṇā	1	kṛṣṇa
viṣāṇī	1	hasti
viṣūka	1	tri
viṣṇu-mahe@śvara-dāna	1	brahma
viṣṇu-padī	1	śrī
viṣṇu-stotra	1	śiva
viṣṇu-vardhana	1	kali
viṣṇuka	1	prati
viṣṇv-arkavat	1	brahma
viṣṇū	1	agnā
viṣṭa	1	śipi
viṣṭabdha	1	tri
viṣṭabdhaka	1	tri
viṣṭaka	1	śipi
viṣṭambhin	1	su
viṣṭapa	1	tri
viṣṭhita	1	su
viṣṭi	1	tri
viṣṭuti-prayoga	1	sarva
viṭa	1	vṛddha
viṭapam	1	prati
viṭapā@ṅkura	1	saṃsāra
voḍhave	1	yajña
voṭa	1	pūga
vrajita	1	dur
vrajya	1	pāri
vraska	1	yūpa
vrata-bhṛt	1	samāna
vrata-kathā	1	dūrvā
vrata-pramati	1	adabdha
vrata-pratiṣṭhā-prayoga	1	sādhāraṇa
vrata-sthā	1	kanyā
vrataka	1	sāvitrī
vrati	1	baiḍāla
vrato@dyāpana-vidhi	1	vaitaraṇī
vratya	1	daur
vratī	1	māhā
vratīya	1	mahā
vraścana	1	idhma
vraṇa-maya	1	śastra
vraṇīya	1	dvi
vrājaka	1	pāri
vrājin	1	viṣṭhā
vrājya	1	prā
vrāta-saṃtoṣika	1	bhakta
vrātya	1	eka
vrīḍā	1	dara
vyabhicaraṇa	1	sa
vyabhicārin	1	samaya
vyaccha	1	go
vyakta-sthala-stotra	1	svayaṃ
vyapadeśa	1	sainya
vyaparopaṇa	1	keśa
vyape@ta	1	ācāra
vyasana-kathā	1	sapta
vyasana-pīḍita	1	bhartṛ
vyasana-saptaka	1	mahā
vyasana-vāraka	1	māri
vyasana-vṛtti-mat	1	mūla
vyasani-nāyaka	1	mūrkha
vyasta-rūpaka	1	samasta
vyathis	1	kṛṣṇa
vyatihāra	1	karma
vyatikrāntā	1	varṇa
vyatyaya	1	krama
vyatyāsa	1	dāna
vyatyāsam	1	ahar
vyatīpāta-saṃkrānti-janana-śānti	1	vaidhṛti
vyavadhāna	1	nir
vyavadhāyaka	1	kriyā
vyavahāra-kośa	1	rāja
vyavahāra-nirṇaya	1	gauḍa
vyavahāra-sūtra	1	jīta
vyavahāram	1	yathā
vyavahāri-kathā	1	campaka
vyavakalita	1	bhinna
vyavasita-yamaka	1	catur
vyavasitam	1	yathā
vyavastha	1	nir
vyavasthita	1	su
vyavasthiti	1	varṇa
vyavasthā-nirṇaya	1	saṃkrānti
vyavasthā-vikāśa	1	sambandha
vyavasthā@rṇava	1	smārta
vyavasthāpaka	1	dur
vyavasāya	1	vidyā
vyavasāyin	1	eka
vyaya-dhvaja	1	vaidika
vyañc	1	uru
vyaṃsa	1	pṛthu
vyaṅga	1	catur
vyoman	1	prati
vyomnika	1	parama
vyudāharaṇa	1	keśa
vyudāsa	1	kṣiti
vyukta	1	asamaya
vyuta	1	vardhra
vyutpatti-lakṣaṇa	1	siddhānta
vyuṣṭa	1	su
vyā-vat	1	yuga
vyā@karaṇa	1	candra
vyābhāṣita	1	duḥkha
vyādhi-nirṇaya	1	nāga
vyādhi-śoka	1	maraṇa
vyādhīya	1	mṛga
vyādāna	1	mukha
vyāghra-gomāyu	1	kāka
vyāghrīya	1	siṃha
vyāghāraṇa	1	dig
vyākaraṇa-bhūṣaṇa	1	bṛhad
vyākaraṇa-bhūṣaṇa-sāra	1	laghu
vyākaraṇa-dīpikā	1	pāṇini
vyākhyāna-maṇḍapa	1	vidyā
vyākhyāta	1	su
vyākośa	1	padma
vyākṣepin	1	para
vyāpta	1	ati
vyāpti-vicāra	1	sāmagrī
vyāpādana	1	sarpa
vyāpāra-vat	1	kīdṛg
vyāpāra-vicāra	1	śabda
vyāsa-dala	1	dina
vyāsa-deva	1	hari
vyāsa-miśra	1	hari
vyāsa-muni	1	hari
vyāsa-yoga-tas	1	samāsa
vyāsakta-hasta	1	vetra
vyāvahārika	1	eka
vyāvartanī	1	vigraha
vyāyacchana	1	prāṇa
vyāyata-bāhu	1	yuga
vyāḍa	1	gehe
vyūha-garbha	1	sāgara
vyūha-mukhā	1	su
vyūha-rati-svabhāva-naya-saṃdarśana	1	sarva
vyūha-sāgara-carya-vyavalokana	1	samanta
vyūha-vināśana	1	para
vyūhā	1	su
vyṛddha-paśu-vyṛddha	1	prajā
vā@hana	1	jīmūta
vā@hin	1	jīmūta
vābhi	1	ūrṇa
vābhū	1	naḍ
vāca	1	koka
vācaka-bhāva	1	vācya
vācaka-tva	1	vācya
vācaka-tā	1	vācya
vācaka-yoga	1	dur
vācanaka	1	svasti
vācaspatya	1	yoga
vācī	1	ambu
vāda-grantha	1	vyākaraṇa
vāda-khaṇḍa	1	mālā
vāda-mālikā	1	nakṣatra
vāda-mīmāṃsā	1	mokṣa
vāda-parākrama	1	dṛḍha
vāda-saṃgraha-grantha	1	nānā
vāda-sāra	1	samāsa
vāda-sūri	1	vṛddha
vāda-vicāra	1	devatā
vāda-vivāda	1	śuṣka
vāda-śīla	1	alīka
vādaka-sāmagrī	1	vādya
vādhavya	1	rāja
vādhin	1	loka
vādi-toṣiṇī	1	bhāgavata
vādikā	1	priya
vādinī	1	vāg
vāditra	1	su
vāduka	1	prā
vādyā	1	eka
vādā@vali	1	nakṣatra
vāg-bhaṭa	1	vṛddha
vāg-buddhi-karmin	1	puṇya
vāg-deha-ja	1	mano
vāg-dvāra	1	kṛta
vāg-īśvara	1	vādi
vāg-īśvare@śvara	1	sarva
vāg-īśvarī-mantra-vidhāna	1	nakulī
vāghala	1	hari
vāgmin	1	su
vāguro@cchrāya-maya	1	vicitra
vāgurā	1	vyasana
vāgīśa-bhaṭṭā@cārya	1	vidyā
vāha-tīrtha	1	gaṅgā
vāhalā	1	jhara
vāham	1	puruṣa
vāhaṇi	1	prā
vāhi-srotas	1	anna
vāhiṣṭhīya	1	yad
vāhlīka	1	vara
vāhyā@lī	1	aśva
vāhī	1	śata
vāja-dāvarī	1	yadā
vājaka	1	bharad
vājīya	1	rāyo
vāk-chala	1	sa
vāk-kala	1	saṃhata
vāk-karman	1	mano
vāk-para	1	pitṛ
vāk-pāṇi-mat	1	aṅga
vāk-sāra-saṃgraha	1	śruti
vāk-tva	1	yata
vāku	1	sthūra
vākya-dīpikā	1	viṣaya
vākya-paddhati	1	svarita
vākya-palāśā-ṭīkā	1	śambhu
vākya-paṭutā	1	vicitra
vākya-prabodha	1	durga
vākya-ratnā@kara	1	pada
vākya-ratnā@valī	1	saṃskṛta
vākya-saṃgraha	1	viṣaya
vākya-vṛtti	1	laghu
vākya-vṛtti-prakāśikā	1	laghu
vākyam	1	prati
vākyo@kti	1	adhika
vākyā@pe@ta	1	smṛti
vākyā@rtha-candrikā	1	śeṣa
vākyā@rtha-pañjikā	1	pada
vākyā@valī	1	gaṅgā
vākyā@ṅkuśa-prakṣuṇṇa	1	strī
vāla-bhid	1	mahā
vālakhilya	1	sa
vāli	1	kara
vālika	1	prā
vālī	1	khale
vāmadevya	1	mahā
vāmi	1	uṣṭra
vāmin	1	soma
vāmā	1	su
vāmā@varta	1	nāsā
vāmī-śata	1	uṣṭra
vāmīka	1	pada
vāna-karman	1	sūcī
vāpaka	1	paṭṭikā
vāpana	1	kṛta
vāpikā	1	śṛṅgāra
vāpya	1	parī
vāra-yoga	1	tithi
vārakam	1	śata
vāralaka	1	nandi
vāraṅga	1	śalya
vāraṇa-gāminī	1	haṃsa
vāraṇa-śālā	1	vāji
vāraṇīya	1	matta
vārdhi	1	madhye
vāre	1	eka
vārgika	1	ṣaḍ
vāri-dhārā	1	kumāra
vāri-nidhi	1	bhava
vāri-pūjā	1	devatā
vāri-ruha	1	kṛmi
vārikā	1	sindhu
vāriṇī	1	kāṇḍa
vārtākinī	1	kṣudra
vārtākī	1	kṣudra
vāruṇikā	1	indra
vāruṇīyo@paniṣad-bhāṣya	1	bhṛgu
vāry-amāvāsyā-vrata	1	soma
vārya	1	viśva
vārā	1	nī
vārā@ṅganā	1	raṅga
vārāha-prayoga-vidhi	1	bhū
vārāha-suta	1	lalla
vārāha-tīrtha	1	jaya
vārāha-yantra-māhātmya	1	bṛhad
vārāhī	1	vajra
vārāhī-kalpa	1	svapna
vārāṇasi	1	nir
vārāṇasī	1	kaṭaka
vārṣika-parvan	1	sarva
vārṣṇeya-bāhuka	1	saha
vārṣṇeya-jīvala	1	saha
vārṣṇeya-sārathi	1	saha
vāsa-gṛha	1	jāta
vāsanā	1	dur
vāsara-ja	1	ṣaṣṭi
vāsaram	1	prati
vāsarika	1	prati
vāsarā	1	su
vāsasa	1	daur
vāsavadattā-nāṭaka	1	svapna
vāsitā	1	paṭṭa
vāsiṣṭha-siddhā@nta	1	laghu
vāsiṣṭhīya	1	yoga
vāstava	1	mālla
vāstavya	1	grāma
vāstu-lakṣaṇa	1	mānava
vāstukī	1	kṣudra
vāsudevasye@tipadya-vyākhyā	1	vāsanā
vāsuka	1	hari
vāsya-niketa	1	vṛkṣa
vāsyaka	1	amā
vāta-saha	1	sarva
vāta-sevā	1	tiryag
vātaka	1	śītala
vātatama	1	indra
vātavata	1	dṛti
vātiṅgaṇa	1	hasti
vāto@ṣṇa-vetālī	1	śīta
vātra	1	su
vātā@yana	1	vilāsa
vātāyana	1	nai
vātṛ	1	sa
vāyaka	1	paṭṭikā
vāyana	1	saubhāgya
vāyavya	1	soma
vāyavīya-purāṇa	1	śaiva
vāñche@śvara-māhātmya	1	śrī
vāśa	1	vi
vāśana	1	ghora
vāśika	1	kāka
vāśinī	1	vṛddha
vāśī	1	hiraṇya
vāṅ-mauna-mūlikā	1	matta
vāṅ-maya	1	sarva
vāṅ-mālā	1	siddhānta
vāṅ-nidhana	1	sarva
vāṇaka	1	śāla
vāṇijaka	1	dharma
vāṇijika	1	dharma
vāṇijyaka	1	dharma
vāṇijā	1	apehi
vāṇika	1	nair
vāṇī-mantra	1	yajur
vāṭa-kula	1	prāg
vāṭi	1	paśu
vāṭīya	1	brahma
vī@kṣaṇa	1	ardha
vī@kṣita	1	sva
vījaka	1	vajra
vījakā	1	rakta
vījin	1	rāja
vīra-deśike@ndra	1	śānta
vīra-goṣṭha	1	pañca
vīra-han	1	para
vīra-mukhya	1	yadu
vīra-māhātmya	1	vānara
vīra-pāṇḍya	1	sundara
vīra-tantra	1	kalla
vīra-tīrtha	1	satya
vīriṇa-vat	1	karṣū
vīrya-parākrama	1	bala
vīrya-prabha	1	ati
vīrya-sū	1	vicitra
vīrya-tas	1	sva
vīrya-vidvas	1	tad
vīryin	1	vaicitra
vīrā	1	kuśa
vīrā@sana	1	sthāna
vīsarpin	1	granthi
vīta	1	kṛtsna
vīthika	1	āpaṇa
vīthī-patha	1	su
vīvadhā	1	vṛddha
vīśa	1	paḍ
vīṇya	1	prā
vīṇā-dharā	1	veṇu
vīṇākā	1	godhā
vīṭaka	1	dala
vūrya	1	hotṛ
vṛddham	1	yathā
vṛddhi-da	1	dhī
vṛddhi-kṣaya-bhāva	1	saha
vṛddhi-lābha	1	samṛddhi
vṛddhi-vardhana	1	soma
vṛddhin	1	kṣema
vṛddhy-adhikāra	1	vardhma
vṛddhī	1	guṇa
vṛj	1	sva
vṛjana	1	su
vṛkeya	1	sālā
vṛkta	1	bāhu
vṛkīya	1	sālā
vṛkṣa-kṣupa-lata	1	sa
vṛkṣa-phala	1	sthūla
vṛkṣa-vāṭikā	1	gṛha
vṛnda-bhaṭṭa	1	vīra
vṛndin	1	aśva
vṛntāka	1	phalgu
vṛta-soma	1	sa
vṛta-yajña	1	sa
vṛtam	1	pañca
vṛtra	1	bala
vṛtra-han	1	śambara
vṛtta-maya	1	nānā
vṛtta-ratnā@kara	1	saṃgīta
vṛtta-śata	1	muhūrta
vṛtti-bheda	1	vyañjita
vṛtti-kṛt	1	ku
vṛtti-lakṣaṇa	1	rīti
vṛtti-mat	1	kṣiti
vṛtti-prakāśikā	1	vākya
vṛtti-saṃgraha	1	yoga
vṛtti-tva	1	āśu
vṛtti-tā	1	anāyatta
vṛtti-vivaraṇa	1	śulba
vṛtti-vyākhyā	1	vākya
vṛttin	1	śva
vṛtto@ru	1	saṃhata
vṛtty-artha-vṛtti	1	bhāṣā
vṛttā@ntam	1	prati
vṛttā@rtha-pada	1	udāra
vṛttā@ṣṭaka	1	nara
vṛśc	1	su
vṛścika-roma-vat	1	sarpa
vṛḍhi	1	pāri
vṛṣa-han	1	bali
vṛṣabha-vikrāmin	1	padma
vṛṣaka	1	śyena
vṛṣalīka	1	su
vṛṣe@ndra	1	puro
vṛṣty-abhiprakīrṇa	1	kusuma
vṛṣā@ṅka	1	umā
vṛṣṇa	1	vṛddha
vṛṣṇi	1	andhaka
vṛṣṇiya	1	vṛddha
vṛṣṇya	1	śata
vṛṣṇī	1	hata
vṛṣṭa	1	su
vṛṣṭi-hata	1	ati
vṛṣṭi-prapāta	1	caṇḍa
vṛṣṭika	1	sa
ya	1	anyā
ya-va	1	sa
yabhyā	1	su
yajati-kriyā	1	juhoti
yaji	1	deva
yajur-vedā@dhyetṛ-praśaṃsā	1	śukla
yajuḥ-sāma-veda	1	ṛg
yajuṣa	1	ṛg
yajvin	1	ku
yajvā	1	bahu
yajya	1	deva
yajyā	1	deva
yajña-darśa-paurṇamāsika-prayoga	1	śrauta
yajña-kalpa	1	jina
yajña-kratu	1	āhṛta
yajña-maya	1	sakala
yajña-piṇḍa-sūrya	1	daiva
yajña-pātra	1	sa
yajñadatta	1	dīkṣita
yajño@pavīta	1	nāga
yajño@pavītaka	1	bāla
yajñā@gni	1	mataṃga
yajñīya	1	paitṛ
yajūṃṣi	1	avabhṛtha
yakāra	1	eka
yakṣiṇī	1	sambhoga
yakṣiṇī-tīrtha	1	vaṭa
yakṣā	1	pañca
yamika	1	nai
yamunam	1	dvi
yamune	1	gaṅgā
yamunā	1	divya
yamānikā	1	kṣetra
yamānī	1	vana
yantra-ghaṭikā-nyāya	1	kūpa
yantra-gṛha	1	pīḍā
yantra-kalpa	1	vijaya
yantra-prakaraṇa	1	viṣṇu
yantra-vat	1	asthi
yantrikā	1	ramala
yantrin	1	sarva
yantrī	1	keśa
yantu	1	su
yatha	1	śaila
yatham	1	yathā
yatin	1	bhāva
yatrā	1	jagad
yaudhājaya	1	mahā
yaugapadya	1	krama
yaugaṃdharāyaṇa	1	saha
yaugika	1	sārva
yauna	1	agni
yauvana-vat	1	rūpa
yauvana-śālin	1	dhana
yauvano@dgama	1	bhagavad
yauvano@tsāhin	1	rūpa
yauvanā	1	ślāghya
yauvanīya	1	śaiśava
yauvaṇa	1	nava
yavanam	1	dur
yavasa	1	su
yavase@ndhana	1	prabhūta
yavasu	1	su
yavo@dara	1	tiryag
yavā	1	tikta
yavāsa	1	dhanva
yavāsaka	1	dhanva
yayāti	1	śarmiṣṭhā
yaśo-'rtha-vṛddhi-kara	1	sukha
yaśo-bhūṣaṇa	1	nañjarāja
yaśo-miśra	1	hari
yaśo-vidhvaṃsana	1	śakra
yaṣṭavya	1	su
yaṣṭi-ketu	1	madana
yin	1	dhanvā
yodhika	1	stana
yoga-bhaṅga	1	daśa
yoga-candrikā	1	vaidyaka
yoga-cikitsā	1	sahasra
yoga-kallola	1	nava
yoga-karaṇa	1	pṛthag
yoga-mañjarī	1	śata
yoga-muktā@valī	1	sad
yoga-nidrā	1	sukha
yoga-pañcaratne	1	mahā
yoga-rddhi-tapo-vidyā-virakti-mat	1	samādhi
yoga-saha	1	vīra
yoga-tantra	1	anuttara
yoga-taraṃgiṇī	1	vṛddha
yoga-vaha	1	vīra
yoga-vāsiṣṭha	1	saṃkṣepa
yoga-śataka	1	vṛddha
yoga-śāstra	1	sparśa
yogena	1	yathā
yogi	1	prā
yogi-tā	1	tulya
yogi-yājñavalkya-smṛti	1	bṛhad
yogika	1	prā
yogo@pamā	1	tulya
yogyā	1	dhanur
yogā@cārya	1	ādi
yogā@dhyāya	1	nābhasa
yogā@vali	1	triṃśad
yogī-putra	1	prācīna
yogī@śa	1	mata
yojanikā	1	pada
yojita	1	su
yojya	1	prā
yokta	1	aśma
yona	1	tiryag
yoni-ja	1	ajana
yoni-prā@pti-vicāra	1	duṣṭa
yonika	1	vara
yonin	1	nīca
yor-vāka	1	śaṃ
yos	1	śaṃ
yoṣaṇa	1	sa
yoṣika	1	stana
yu-vāka	1	śaṃ
yuddha-nirṇaya	1	koṭa
yuddha-vijayin	1	aneka
yudhi-ṣṭhira	1	sa
yudhiṣṭhira-dharma-goṣṭhī	1	kṛṣṇa
yuge	1	bhagna
yugin	1	vastra
yugma-tīrtha	1	ratna
yugya	1	dakṣiṇā
yugīna	1	sāma
yugīṇa	1	pāra
yujya	1	sa
yuktam	1	kṣema
yukti-tas	1	yathā
yuktva	1	sa
yuktā	1	bhū
yus	1	prā
yutā	1	garbha
yuvaka	1	bhūti
yuvam	1	prati
yuvati-ga	1	para
yuvatī	1	vara
yv-anta	1	śaṃ
yācanā	1	abhaya
yācita	1	yathā
yācita-putra	1	strī
yācña	1	bhagna
yādas	1	kari
yādava	1	nir
yādava-pāṇḍavīya	1	rāghava
yādava-rāghava-pāṇḍavīya	1	nala
yādavīya	1	rāghava
yādāvīya-carita	1	rāghava
yāga-prayoga	1	viṣṇu
yāga-pujā	1	bahir
yāga-ratna	1	bahir
yāgika	1	mahā
yāj	1	sahasra
yājam	1	śata
yājamāna	1	soma
yājamāna-prayoga	1	soma
yājuka	1	iṣṭi
yājya	1	bahu
yājña	1	tri
yājñavalkya-gītā	1	yoga
yājñavalkya-smṛti	1	yoga
yājñika	1	deva
yāma-graha	1	antar
yāmaka	1	tri
yāmin	1	antar
yāmini	1	prati
yāmuna	1	su
yāmī	1	dvi
yāna-vid	1	gaja
yāneya	1	daiva
yānā	1	siṃha
yānī	1	antarikṣa
yānīya	1	deva
yāpa	1	kāla
yāpana	1	kāla
yāpya	1	mañca
yāsaka	1	dhanva
yāt	1	ṛṇa
yātaka	1	ratha
yātana	1	tigma
yātava	1	daiva
yātavyatā	1	avaśya
yātha	1	dīrgha
yāthārthya-nirṇaya	1	nāma
yātra	1	pāri
yātrin	1	deva
yātrā-tattva	1	dvādaśa
yātṛ	1	svar
yāva-nāla	1	kaṣāya
yāvana	1	śapatha
yāvarī	1	śveta
yāyi-graha	1	nāgara
yāyāta	1	pūrva
yūkā	1	pakṣma
yūpīyā	1	hari
yūta	1	gav
yūtha-parivṛta	1	sakala
yūtham	1	yathā
yūthapa	1	prati
ā-cchid	1	praty
ā-vāsya	1	īś
ā@kna	1	jānv
ā@yana	1	punar
ābharaṇa	1	jagad
ābhūta-samplavam	1	yāvad
ācara	1	dur
ācaraṇa	1	sad
ācchinna	1	sakṛd
ācita	1	dvy
ācitika	1	dvy
ācitīna	1	dvy
ācāra-saptarṣi-pūjā	1	yaty
ācāra-saṃgrahīya-yati-saṃskāra-prayoga	1	yaty
ādara	1	nir
ādeya	1	dur
ādeśa-sūtra	1	yaṇ
ādhana	1	dur
ādhara	1	dur
ādharṣa	1	dur
ādheya	1	punar
ādheyaka	1	punar
ādhyāyika	1	catur
ādhyāyikā	1	catur
ādhyāyī	1	catur
ādi-devatā-pūjā-prakāra	1	viṣṇv
ādi-ja	1	jagad
ādi-kalpa-bodhana	1	ṣaṣṭhy
ādi-pitrya	1	vāg
ādi-pūjana-vidhi	1	yoginy
ādi-vyatyāsam	1	stry
ādin	1	bahv
āditya	1	praty
ādiś	1	dūra
ādiṣṭa	1	yāvad
ādy-anta	1	pitr
ādya	1	evam
ādyuḍumbarā@hvā	1	laghv
ādāyam	1	punar
ādīpana	1	sakṛd
ādṛṣṭi	1	dur
āgamana-tantra	1	devy
āgas	1	nir
āghāṭa	1	cārv
āgrantham	1	punar
āgrayaṇa	1	vrīhy
āha	1	praty
āhala	1	try
āhanasya	1	vy
āhara	1	dur
āharaṇa	1	samid
āhulya	1	bhūmy
āhutika	1	ṣaḍ
āhvayā	1	mṛd
āhvā	1	yaṣṭy
āhā	1	dur
āhārā@rtham	1	bhavad
āhūta-samplavam	1	yāvad
āhṛtya-bhojin	1	svayam
ājñā	1	samyag
ājāti	1	punar
ājīvin	1	vṛddhy
ājīvya	1	nir
ākara-gupta	1	śānty
ākrama	1	dur
ākramaṇa	1	dur
ākrośa	1	nir
ākrośam	1	dur
ākrāma	1	dur
ākārin	1	sad
ākāṅkṣa	1	nir
ākāṅkṣya	1	nair
ākūṭa	1	antar
ākṛtin	1	nir
ākṣāyaṇa	1	dvy
āla	1	antar
ālabha	1	dur
ālaka	1	antar
ālakṣya	1	dur
ālasya	1	nir
ālaya	1	pṛthag
ālaya-tīrtha	1	muny
ālayam	1	praty
ālikhita	1	try
ālocana	1	dhvany
āmalaka	1	vāry
āmalakī	1	bhūmy
āmalī	1	bhūmy
āmarda	1	nir
āmayāvin	1	jyog
āmitra	1	nir
āmiṣa	1	nir
āmnāna	1	punar
āmnāta	1	dvy
āmnāyam	1	praty
āmoda	1	dur
āmra	1	madhv
āmukha	1	tad
āmuṣyāyaṇaka	1	dvy
ānama	1	dur
ānanda-cid-ātmaka	1	sad
ānarthakya	1	śruty
ānayana	1	punar
āndhya	1	rātry
āndola	1	marud
āndolana	1	dor
āneya	1	dur
āntra	1	nir
ānīka	1	praty
ānīta	1	svayam
āpad	1	nir
āpagā	1	svar
āpana	1	dur
āpanna	1	srota
āpatti	1	srota
āpaṇa	1	antar
āpi	1	sumna
āptika	1	pāry
āpādana	1	dur
āpāta	1	madhv
āpūra	1	dur
ārakṣa	1	dur
ārakṣya	1	dur
ārambha	1	nir
āraṇya	1	bṛhad
ārddhi	1	daur
ārdhapura	1	praty
ārdra	1	praty
ārdrā	1	praty
āri-han	1	dur
āropa	1	dur
ārti	1	pāṇḍv
ārtnī	1	dhanur
āruha	1	dur
āruṇi	1	try
ārya	1	alam
āryabhaṭa-siddhā@nta	1	laghv
āryā-śataka	1	devy
ārādha	1	dur
ārādhana	1	bhagavad
ārādhya	1	dur
āsada	1	dur
āsaha	1	dur
āsana-ḍhaukana	1	svayam
āsandī	1	samrāḍ
āsava	1	madhv
āsavanika	1	madhv
āsaṅga	1	nir
āseva	1	dur
āsita	1	dur
āsitva	1	nir
āsrava	1	nir
āstaraṇa	1	vedy
āstha	1	nir
āsu	1	nir
āsvādya	1	nir
āsādana	1	srug
āsṛta	1	punar
ātapa	1	nir
ātapatra	1	nir
ātardana	1	alam
ātañcana	1	havir
ātaṅka	1	nir
ātharvaṇa-śīrṣo@paniṣad	1	devy
ātithya	1	nir
ātme@ṣṭakam	1	antar
ātmika	1	praty
ātmikā	1	yakṛd
ātta	1	punar
ātāpa	1	praty
ātṛṇṇa	1	svayam
āvaha	1	dur
āvara	1	dur
āvaraṇa	1	nir
āvartaka	1	punar
āvartin	1	punar
āvarṣa	1	nir
āvānam	1	ṛg
āvāra	1	dur
āvāsakam	1	praty
āvāsam	1	praty
āvāsin	1	dur
āvī	1	dur
āvītin	1	prācīna
āvṛt	1	try
āvṛta	1	vy
āyat	1	viṣvag
āyati	1	nir
āyatta	1	yuṣmad
āyojana	1	muṣṭy
āyu	1	jagad
āyurveda	1	hasty
āyuṣam	1	yāvad
āyya	1	dur
āyāsa	1	nir
āśam	1	praty
āśauca	1	sūty
āśaṃsin	1	dur
āśaṅka	1	nir
āścarya	1	bahv
āścaryam	1	mahad
āśrama	1	nir
āśrama-mahātmya	1	sthāṇv
āśramin	1	catur
āśramya	1	catur
āśraya-bhūta	1	bhagavad
āśraya-kośa-vṛtti	1	dvy
āśrayā	1	bahv
āśya	1	nair
āśā-pati	1	pratyag
āśīrdatta	1	vāg
āḍhaka	1	dvy
āḍhakika	1	dvy
āḍhakīna	1	dvy
āḍhya	1	dur
āḍhyaṃ-bhava	1	īṣad
āḍhyaṃ-kara	1	īṣad
āṅgam	1	prāg
āṣāḍha	1	dvir
āṭa	1	cārv
īdṛk-tā	1	īdṛś
īhita-labdha	1	svayam
īkṣaṇa	1	prāṅ
īpa	1	antar
īpsitam	1	yāvad
īti	1	nir
īśa-mānin	1	pṛthag
īśvara-dīkṣitīya	1	bṛhad
īśvara-purāṇa	1	bṛhad
īśvara-tīrtha	1	bhṛgv
īṅkhaya	1	vācam
īṣava	1	bārhad
īṣaṇā	1	dur
śabala-tva	1	bhāva
śabalatā	1	bhāva
śabalā	1	bhāva
śabda-ga	1	sarva
śabda-khaṇḍa	1	śiva
śabda-maya	1	nabhaḥ
śabda-pariccheda	1	bhāṭṭa
śabda-ratna	1	laghu
śabda-ratnaśekhara	1	vṛddha
śabda-saraṇi	1	sarasa
śabda-sāraṇi-nighaṇṭu	1	rasa
śabda-vat	1	sparśa
śabda-vādā@rtha	1	nārāyaṇa
śabda-śeṣa	1	prabhu
śabdaka	1	sāmānya
śabdau	1	artha
śabde@ndu-śekhara	1	laghu
śabde@nduśekhara	1	bhāṭṭa
śabdā	1	samāna
śabdā@rtha	1	nārāyaṇa
śabdā@rtha-mañjūṣā	1	śabda
śabdā@rtha-samuccaya	1	śruta
śabdā@ṅkura-ja	1	kha
śabdī	1	nāga
śacī-pati	1	kṣiti
śada	1	parṇa
śadya	1	talpa
śagma	1	tuvi
śaikyā@yasa	1	sarva
śaila-dāna	1	dhānya
śaila-jātā	1	kalinda
śaila-māhātmya	1	svāmi
śaila-vana-kānana	1	sa
śailaja	1	antaḥ
śailaka	1	kṛmi
śailamaya	1	dāru
śairīṣa	1	mahā
śairīṣaka	1	pañca
śairṣika	1	carama
śaiva	1	vīra
śaiva-dīkṣā-vidhi	1	pūrva
śaiva-tantra	1	mahā
śaiśira	1	phala
śak	1	sarva
śakalin	1	puṣpa
śakaṭi	1	aṅgāra
śakaṭika	1	grāma
śakkarī	1	arṇava
śakla	1	hiraṇya
śakti-bhāj	1	ati
śakti-dāna-stotra	1	sundarī
śakti-hara	1	sadyaḥ
śakti-hasta	1	kapāla
śakti-kara	1	sadyaḥ
śakti-mat	1	icchā
śakti-nirṇaya	1	pīṭha
śakti-rāja	1	bhānu
śakti-stotra	1	sapta
śaktika	1	dṛḍha
śaktimat	1	dravya
śaktyā	1	yathā
śakunta	1	krīḍā
śakuntala	1	abhijñāna
śalabha	1	indra
śalabha-marut	1	vi
śalaṅkaṭa	1	uttara
śaleya	1	dauḥ
śalin	1	saṃhati
śalkaka	1	niḥ
śalkalin	1	mahā
śalkin	1	kṛṣṇa
śalmalī-bhāṇḍa-tīrtha	1	śrī
śalya-carita	1	śatru
śalāka-cakra	1	sapta
śamala	1	yajña
śambara	1	kāla
śambha	1	soma
śambhu-muni	1	viśva
śambhū	1	viśva
śami	1	su
śanivāra-vrata	1	śrāvaṇa
śanna	1	haviṣya
śanta	1	giri
śanti	1	alāta
śapatha	1	satya
śapatham	1	sa
śapha-gati-mukha	1	su
śapta	1	dvija
śar	1	parṇa
śara-maya	1	smara
śara-puṅkhā	1	śveta
śara-pāta-tva	1	vicchinna
śarada	1	vi
śaram	1	yuga
śaraṇya	1	su
śaraṇā@gati	1	vaiṣṇava
śaraṭa	1	pallī
śardhas	1	viśva
śardhin	1	bāhu
śarkaraka	1	parva
śarkarikā	1	kṣudra
śarkaṭaka	1	śālā
śarma-pada	1	droṇa
śarmilā	1	pāṇḍu
śarmā@rya	1	hari
śarvara	1	ati
śarvarī	1	śārada
śarya	1	go
śarā@vāpa	1	gṛhīta
śarāvi	1	māṣa
śarīra-kārin	1	saṃśliṣṭa
śarīra-saṃdhi	1	srasta
śarīry-ātman	1	sarva
śarīrā@veśa	1	para
śasa	1	uktha
śastama	1	śubhra
śasti	1	su
śastra-niḥśrama	1	kṛta
śastrin	1	sarva
śastya	1	prā
śata-bhāṣya	1	deva
śata-dakṣiṇa	1	sahasra
śata-dvayī	1	soma
śata-koṭi	1	mahā
śata-kratu	1	kṣiti
śata-maya	1	śava
śata-māna	1	rūpya
śata-pañjikā	1	jina
śata-pāṭha	1	adhyāya
śata-sahasra-paripūrṇa-dhvaja	1	raśmi
śata-sūtrī-bhāṣya	1	saṃdhyā
śata-śatā@rdha	1	trayaḥ
śata-ślokī	1	vedānta
śatahrada	1	sphurita
śataka-saṃgraha	1	śānti
śataka-vyākhyāna	1	yoga
śatakā@khyāna	1	yoga
śatamāna	1	adhyardha
śatra	1	śotha
śatru-ghna	1	nitya
śatya	1	adhyardha
śatā	1	mahā
śatāvarī	1	mahā
śauca-vastra	1	agni
śaurpika	1	dvi
śaurya-dhana-sāhasa-vat	1	utsāha
śauṇḍaka	1	mada
śauṇḍikā	1	tṛṇa
śauṣira	1	mahā
śauṭīratā	1	yuddha
śava	1	antaḥ
śava-hū	1	vāk
śayana-bodha-dina	1	viṣṇu
śayana-vrata	1	saubhāgya
śayanā@sana-bhakta	1	prānta
śayanā@sana-vārika	1	muṇḍa
śayatā	1	divā
śayita	1	sukha
śayu	1	alpa
śayyika	1	saukha
śayyā-gṛha	1	vrata
śayyā-śayāna	1	bhasma
śayā	1	sukha
śayāna	1	utpāda
śaśi-bhṛt	1	nava
śaśi-śatru	1	arka
śaśā@ṅka-dhavala	1	sudhā
śaṃkara-jaya	1	saṃkṣepa
śaṃkara-śarman	1	kṛṣṇa
śaṃsa-han	1	agha
śaṃsā	1	priya
śaṅkaṭa	1	vi
śaṅkha-vāda	1	bherī
śaṅkha-śarkara	1	maṇi
śaṅkhā	1	sthūla
śaṅkin	1	nitya
śaṅku-karṇa	1	sthira
śaṅku-taru	1	latā
śaṅkuka	1	tri
śaṇa	1	rāja
śaṣkulikā	1	karṇa
śaṭī	1	gandha
ścyuta	1	madhu
śe	1	go
śekhara-deva	1	kula
śekhara-vijaya	1	kusuma
śekharā@khya-nibandha	1	soma
śekikin	1	kāka
śelu	1	bhū
śepha	1	śunaḥ
śephas	1	pracaṇḍa
śephālikā	1	svarṇa
śepya	1	mayūra
śetavatī	1	mahā
śevas	1	su
śevya	1	su
śeyya	1	saha
śeṇā	1	ratna
śeṣa-karaṇa	1	keśa
śeṣa-mātra	1	bīja
śeṣas	1	varuṇa
śeṣaṇīya	1	viśeṣaṇa
śeṣin	1	śeṣa
śeṣita	1	vipra
śeṣya	1	pāri
śibi	1	kāla
śibikā	1	śava
śikhara-tāla	1	laghu
śikhara-vāsin	1	kailāsa
śikharadhara-kumāra-bhūta	1	meru
śikhariṇī-stuti	1	śiva
śikhaṇḍa-dhara	1	citra
śikhi-dalā	1	tri
śikhi-pīḍā	1	madana
śikho@paniṣad	1	yoga
śikhā-maṇi	1	śaśi
śikṣa	1	samāpta
śikṣaka	1	hasti
śikṣā-vāda	1	śiṣya
śile@śvara-tīrtha	1	suvarṇa
śilpa-śāstra	1	sārasvatīya
śilā-māhātmya	1	rāma
śilā-yuddha	1	malla
śilā-śakala	1	saindhava
śilī-mukha	1	puṣpa
śimba	1	pṛthu
śipha	1	kṣamā
śiprin	1	su
śipriya	1	vi
śiraskatā	1	uṣṇīṣa
śiro-maṇi	1	nañ
śirodhara	1	uṣṭra
śiroruha	1	viprakīrṇa
śiroruhā@mbara	1	visrasta
śirāṭikā	1	hiṅgu
śirīṣikā	1	ambu
śis	1	mitra
śisira	1	manda
śithila	1	su
śiti-bāhu	1	samanta
śiti-pad	1	eka
śiti-randhra	1	samanta
śitya	1	nai
śiva-purāṇa	1	laghu
śiva-pūjā	1	pradoṣa
śiva-rātri-vrata-kalpa	1	māsa
śiva-rātry-udyāpana	1	māsa
śiva-stuti	1	prācīna
śivā@cārya	1	vyoma
śivāṭikā	1	hiṅgu
śiśira	1	hemanta
śiśna	1	aśva
śiśno@dara	1	jita
śiśnyā	1	vi
śiśnā	1	vi
śiśu-sṛta	1	bhujaga
śiśvi	1	su
śiṣya-saṃvāda	1	guru
śiṣyā	1	priya
śiṣyā@cārya	1	vaikuṇṭha
ślakṣṇā	1	mahā
śleṣma-jvara	1	vāta
śleṣmala	1	pitta
śleṣmā@ntaka	1	kṣudra
śloka-paddhati	1	śrī
śloka-vyavahāraka	1	śata
śloka-vyākhyā	1	viṣama
śloka-vārttika	1	mīmāṃsā
śloka-ṭīkā	1	viṣama
śloki	1	śata
ślokya	1	su
ślokā@valī	1	praśna
ślokī-candra-kalā	1	śata
ślokī-vyākhyā	1	śata
ślāgha	1	ātma
ślāgham	1	sa
ślāghya	1	kalā
śmaśru-loma-nakha	1	keśa
śmaśāru	1	hari
śnuṣṭi	1	eka
śobham	1	yathā
śobhamāna	1	su
śobhita	1	su
śobhā@rtham	1	sukha
śoca	1	śukra
śocani	1	āmitra
śocā	1	uda
śodha	1	duḥ
śodhaka	1	mārga
śodhana-kāraka	1	ghaṭa
śodhana-vidhāna	1	dravya
śodhanī	1	vānti
śodhita	1	su
śodhya	1	niḥ
śoka-paritrāṇa	1	duḥkha
śoka-prahāra	1	gāḍha
śoka-samanvita	1	duḥkha
śoka-vardhana	1	bhṛśa
śoka-vat	1	duḥkha
śoka-vināśin	1	sarva
śoka-ṭīkā	1	dodhaka
śokas	1	sahasra
śokā@nala	1	guru
śokā@rta	1	tīvra
śoṇitā	1	uparata
śoṇitīya	1	vidhi
śoṣaka	1	tṛṇa
śoṣam	1	ūrdhva
śoṣita	1	su
śraddha	1	sa
śraddham	1	yathā
śraddhā-jñāna-bala	1	viśva
śraddhāna	1	samyak
śraiṣṭhya	1	prakṛti
śraj	1	varaṇa
śramaṇa-nyāya	1	brāhmaṇa
śramaṇaka	1	śākya
śramaṇā	1	kumāra
śranthana	1	hima
śrapa	1	su
śrapaṇī	1	vapā
śratha	1	hima
śrathana	1	hima
śrauta-prayoga-sāra	1	baudhāyana
śravas-tama	1	citra
śravasyā	1	su
śravaṇa-darśana	1	ugra
śravaṇa-vidhi	1	bhārata
śravaṇī	1	vapā
śravya-karṇaka	1	uccaiḥ
śraya	1	bhadra
śrayaṇī	1	niḥ
śreyasī	1	bahu
śreyaṇī	1	niḥ
śreṇika	1	upari
śreṇya	1	bhadra
śreṣṭhaka	1	bhūri
śreṣṭham	1	yathā
śreṣṭhika	1	bhūri
śreṣṭhikā	1	ahaṃ
śrita	1	kaṣṭa
śriya	1	bhadra
śriṣ	1	hṛdaya
śrotra-manaś-cakṣus	1	baddha
śrotu	1	su
śroṇi-payodhara	1	pīna
śroṇā	1	su
śroṇī-bhara	1	vipula
śru	1	go
śruk	1	su
śruta-dhara	1	eka
śruta-sampanna	1	vidyā
śruti-gītā	1	bhāgavata
śruti-gītā-vyākhyā	1	nūtana
śruti-mat	1	sarvataḥ
śruti-purāṇa-sāra-saṃgraha	1	sarva
śruti-sāra-saṃgraha	1	vedānta
śrutka	1	prāti
śrutīya	1	bahu
śruvas	1	śruta
śruṇa	1	su
śrāddha-kalpa	1	vasiṣṭha
śrāddha-kāṇḍa-vyākhyā	1	bhāradvāja
śrāddha-paddhati	1	viṣṇu
śrāddham	1	yathā
śrāddhin	1	sadyaḥ
śrāma	1	kṛta
śrānta	1	su
śrānta-citta	1	saṃsāra
śrāta	1	su
śrāvaṇikā	1	mahā
śrāvaṇī	1	mahā
śrāvin	1	karṇa
śrāvya	1	sarva
śrāvā	1	hari
śrāya	1	yama
śrī-datta	1	maithila
śrī-dhara	1	śaṅkha
śrī-jñāna	1	saṃgama
śrī-ka	1	gata
śrī-krama-candrikā	1	rāma
śrī-lābha	1	bhadanta
śrī-nṛsiṃha	1	bhāratī
śrī-pati-tīrtha	1	mūla
śrī-pāda	1	rāma
śrī-pādukā-pūjā	1	guru
śrī-vallabha	1	vādi
śrī-vara	1	paṇḍita
śrī-vopadeva	1	śrīla
śrī-śaṃkara	1	bhaṭṭa
śrībhadra	1	upāya
śrīdāma-carita	1	dāma
śrīgarbha	1	utpala
śrīpati-tīrtha	1	caula
śrīta	1	go
śrū	1	deva
śubha-locana	1	rājīva
śubhaṃkara	1	sarva
śubho@daya	1	saubhāgya
śubhā	1	sarvataḥ
śubhā-śāstrin	1	veṅkaṭa
śuci-bhasma-bhūṣita	1	hima
śuddha-vāla	1	sarva
śuddhi-kṛt	1	tāra
śuddhi-lakṣaṇa	1	bhū
śuddhi-prakaraṇa	1	nakṣatra
śuddhi-tattva	1	gauḍa
śuddhā	1	sparśa
śuddhā@gama	1	vātula
śuddhāśuddhīya	1	aiḍa
śuka-saṃvāda	1	vyāsa
śukla-kṛṣṇa	1	lohita
śukla-mūtra	1	madhura
śukra-budha	1	prati
śukra-tva	1	vāta
śukra-tā	1	rakta
śukrala	1	māṃsa
śukriya	1	tri
śukti-puṭa	1	śrotra
śukvan	1	su
śukvani	1	su
śula-paṭṭita-dhara	1	tri
śulaka	1	kiṃ
śulba	1	śaṇa
śulbaja	1	vaṅga
śulkā	1	datta
śuluka	1	kiṃ
śumbhita	1	brahma
śunaka	1	jala
śunī	1	deva
śura	1	daṇḍa
śuśruṣā	1	pāda
śuśrūṣin	1	guru
śuśrūṣu	1	guru
śuṇḍa	1	hasti
śuṇḍikā	1	gala
śuṇḍinī	1	gandha
śuṇṭhī	1	saubhāgya
śuṣ	1	parṇa
śuṣi	1	keli
śuṣka-tva	1	āśu
śuṣma-satvan	1	ahi
śuṣmāyana	1	sauma
śuṣī	1	ūrdhva
śuṣṇa	1	vṛṣa
śvaka	1	mātari
śvarī	1	mātari
śvasṛ	1	śamana
śvaśrū	1	jyeṣṭha
śvaśurīyā	1	snuṣā
śvāsin	1	hikkā
śvāsā	1	madhu
śvīna	1	adya
śyaita	1	naudhasa
śyaita-yoni	1	naudhasa
śyena	1	kṣipra
śyenī	1	kumuda
śyāmalo@pā@saka	1	rāja
śyāmalā@mbā-stotra	1	śrī
śyāmikā	1	vadana
śyāmā-pūjā-paddhati	1	saṃkṣipta
śyāparṇeya	1	paila
śābdika	1	ādi
śāda	1	parṇa
śākaka	1	su
śākalya	1	vṛddha
śākam	1	duḥ
śākaṇikā	1	rāja
śākaṭa-potikā	1	valli
śākaṭāyana	1	abhinava
śākha-vat	1	prati
śākhala	1	vi
śākham	1	prati
śākhila	1	vi
śākho@paniṣad	1	maitreyī
śākhoṭa	1	aśva
śākhya	1	prāti
śākhā-stha	1	anya
śākhā-śipha	1	hrasva
śākhī	1	gardabha
śākhīya	1	samāna
śākinī	1	sthūla
śākiṇī	1	rāja
śākuna	1	sarva
śākya	1	mahā
śākya-putrīya	1	śramaṇa
śākā	1	śāri
śākā@pūpa-bhakṣya-vikāra-kriyā	1	citra
śākā@ṅka	1	cūrṇa
śālaṅkāyana	1	bābhrava
śāli-vaṭī	1	sapta
śālmala	1	sa
śālmali	1	kūṭa
śālmalika	1	kūṭa
śālvaṇa	1	mahā
śālī	1	karma
śālīya-pītā@mbara	1	bhaṭṭa
śāmbavaka	1	mahā
śāna	1	tarku
śāntaka	1	roga
śāntamukha	1	laṅka
śānti-karman	1	bṛhaspati
śānti-prayoga	1	vināyaka
śānti-purāṇa	1	laghu
śānti-saṃkalpa	1	brāhmī
śānty-avadhāna-krama	1	brāhmī
śānu	1	tri
śāra	1	nī
śāradīya	1	pañca
śārijā	1	pūti
śārika	1	śuka
śāru	1	kiṃ
śārīrako@paniṣad	1	mahā
śāsaka	1	mahī
śāsta	1	agastya
śāstra-darpaṇa	1	śārīraka
śāstra-goṣṭhī	1	vividha
śāstra-jña	1	bahu
śāstra-kārin	1	ayathā
śāstra-sāra	1	śākuna
śāstra-vaipulya	1	śata
śāstra-vicāra	1	ṣaṭ
śāstraka	1	artha
śāstram	1	yathā
śāstre	1	yavana
śāstrā@rtha-paddhati	1	saṃkṣipta
śāstrīya	1	puruṣottama
śāsus	1	duḥ
śāsya	1	su
śāta	1	ati
śātaka	1	paṭa
śātamāna	1	adhyardha
śātā@tapa	1	vṛddha
śāvā@kṣī	1	mṛga
śāyaka	1	nava
śāyakā	1	sita
śāyanika	1	saukha
śāyi-tā	1	abhyudita
śāyinī	1	padma
śāśvato-nā@śāśvataś-ca	1	naiva
śāḍava	1	phala
śāṃśapa	1	pūrva
śāṇika	1	dvi
śāṇḍilya	1	udara
śāṭa	1	sthūla
śāṭa-praticchanna	1	dharma
śāṭha	1	kaṭha
śāṭhya	1	vitta
śāṭikā	1	sthūla
śāṭīya	1	tāmra
śīkṣā	1	pāṇinīya
śīla-vat	1	saṃvibhāga
śīlam	1	yathā
śīlika	1	anyathā
śīlya	1	dauḥ
śīrta-tanu	1	duḥ
śīrṣin	1	sarpa
śīrṣyā	1	pailu
śīrṣā	1	ananta
śīrṣī	1	pratyak
śīta-rūkṣa	1	snigdha
śīta-vatī	1	mahā
śītkāra	1	sa
śīto@ṣṇa	1	yukta
śīvikā	1	su
śū	1	surā
śūdraka	1	vikrānta
śūdrā@-dīnāṃ	1	strī
śūdrā@di-dina-caryā-krama	1	strī
śūka-ja	1	yava
śūkaka	1	dīrgha
śūkarī	1	vana
śūla-vat	1	saṃghāta
śūlam	1	sa
śūlikā	1	tri
śūlin	1	tri
śūlinī-daṇḍaka	1	su
śūlo@ttara	1	moha
śūlya	1	tṛṇa
śūlā	1	bandi
śūnya-tā	1	tvak
śṛñjaya	1	pūti
śṛṅga-maya	1	kanaka
śṛṅga-vat	1	prāk
śṛṅgaka	1	rakta
śṛṅgam	1	antarā
śṛṅgeṇa	1	prati
śṛṅgā@ṭa	1	vana
śṛṅgā@ṭaka	1	vana
śṛṅgārā	1	hara
śṛṅgīya	1	antarā
śṛṅkhalika	1	muṇḍa
ūdaka	1	nir
ūhika	1	nair
ūpama	1	nir
ūpā@khya	1	nir
ūrdhva-bhāj	1	vy
ūrdhva-pad	1	catur
ūrdhvam	1	praty
ūḍha	1	nir
ūṣman	1	nir
ḍa	1	ṣo
ḍabha	1	dū
ḍakara	1	mahā
ḍamarū@dbhava-sūtra-vivaraṇa	1	rudra
ḍanta	1	ṣo
ḍat	1	ṣo
ḍaśa	1	ṣo
ḍha	1	dvi
ḍhakka	1	śrī
ḍhotṛ	1	ṣaḍ
ḍhuṇḍhikā	1	vyākaraṇa
ḍhya	1	dū
ḍhā	1	ṣaḍ
ḍhī	1	dū
ḍoḍa-muṣṭi	1	kṣupa
ḍumba	1	go
ḍumbikā	1	go
ḍā	1	sindhu
ḍīnaka	1	ḍīna
ḷabha	1	dū
ḷaśan	1	ṣo
ḷaśā@kṣara	1	ṣo
ḷh+cchandas	1	vyūḷha
ḷāś	1	puro
ṃ-bhāva	1	aśithila
ṃ-bhāvuka	1	śubha
ṃ-carā	1	śubha
ṃ-damana	1	sarva
ṃ-dara	1	bhaga
ṃ-daśin	1	daśa
ṃ-dhami	1	antra
ṃ-dharaṇa-caritra	1	jīva
ṃ-dhareya	1	vāsu
ṃ-dharāyaṇa	1	yauga
ṃ-dhi	1	śaka
ṃ-dhiyaka	1	devī
ṃ-dhiṣa	1	nara
ṃ-dina-pralaya	1	daina
ṃ-dineya	1	mādhya
ṃ-dini	1	mādhya
ṃ-dināyana	1	mādhya
ṃ-dinīya	1	mādhya
ṃ-diva	1	rātri
ṃ-divasa	1	rātri
ṃ-gacchat	1	asta
ṃ-gaka	1	viha
ṃ-gamikā	1	viha
ṃ-gamita	1	asta
ṃ-gamā	1	vibhūta
ṃ-gaṇa	1	vātiga
ṃ-gila	1	timi
ṃ-gin	1	tura
ṃ-gira	1	timi
ṃ-hara	1	sarva
ṃ-hima	1	śata
ṃ-hira	1	pāli
ṃ-huvīyā	1	śuna
ṃ-jaha	1	śardha
ṃ-jambham	1	jambha
ṃ-jayā	1	śata
ṃ-jīvika	1	jīva
ṃ-jīvin	1	cira
ṃ-karin	1	kṣema
ṃ-kartṛ	1	bhaya
ṃ-kaṭa	1	kaṭa
ṃ-kaṭerī	1	kaṭa
ṃ-kula	1	kula
ṃ-kuri	1	śuna
ṃ-kāla	1	maha
ṃ-kārya	1	sātya
ṃ-kṛt	1	abhaya
ṃ-manya	1	jña
ṃ-rayiṣṭhīya	1	suta
ṃ-ruja	1	vala
ṃ-varā	1	pati
ṃ-vihārin	1	sārdha
ṃ-yat	1	asta
ṃ-yāt	1	asta
ṃjaya	1	kṛta
ṃkara	1	khaja
ṇaddha	1	giri
ṇagarika	1	ṣaṇ
ṇagarī	1	ṣaṇ
ṇagnī	1	mahā
ṇah	1	parī
ṇaha	1	dru
ṇakha	1	giri
ṇara	1	svar
ṇavati	1	ṣaṇ
ṇaya	1	dur
ṇaśe	1	parī
ṇaṣṭa	1	dur
ṇemi	1	tri
ṇetṛ	1	svar
ṇi	1	grāma
ṇihitai@ṣin	1	dur
ṇivartanī	1	ṣaṇ
ṇābhi	1	ṣaṇ
ṇābhika	1	ṣaṇ
ṇāciketa	1	tri
ṇādin	1	prātar
ṇāhya	1	pāri
ṇāka	1	tri
ṇālika	1	ṣaṇ
ṇāma	1	parī
ṇāma-cātana	1	dur
ṇāmika	1	pāri
ṇāḍī-cakra	1	ṣaṇ
ṇīthya	1	grāma
ṇītya	1	prā
ṇītā	1	tri
ṇṛ	1	svar
ṛcaka	1	vāstu
ṛcam	1	praty
ṛccha	1	yad
ṛddhi-pāda-caraṇa-tala-supratiṣṭhita	1	catur
ṛk-śata-gātha	1	para
ṛta	1	nair
ṛteya	1	nair
ṛti	1	nair
ṛtya	1	nair
ṛṅ-mantra-dhyāna	1	rudra
ṛṅga	1	mana
ṛṇin	1	nir
ṛṣabhā	1	indra
ṛṣi-rājanya	1	sa
ṛṣika	1	sa
ṛṣīṇa	1	sapta
ṣa-tama	1	go
ṣadaka	1	pāri
ṣadas	1	apsu
ṣadhastha	1	tri
ṣadi	1	pathi
ṣadvara	1	nṛ
ṣadyika	1	nai
ṣahya	1	nṛ
ṣahā	1	parī
ṣak	1	āyu
ṣakha	1	strī
ṣaktha	1	gauri
ṣamiddha	1	su
ṣamidh	1	su
ṣamṛddha	1	triḥ
ṣan	1	go
ṣanta	1	duḥ
ṣapta	1	tri
ṣatka	1	pāri
ṣatya	1	tri
ṣavaṇa	1	tri
ṣavya	1	su
ṣavāyaṇa	1	śrī
ṣavī	1	su
ṣaḍ-akṣara-mantra-rāja	1	rāma
ṣaḍ-akṣara-stotra	1	śiva
ṣaḍ-akṣara-vidhāna	1	rāma
ṣaḍ-akṣarī	1	sūrya
ṣaḍ-aśīti	1	prācīna
ṣaḍ-bhāga	1	bali
ṣaḍ-gava	1	go
ṣaḍaṅghri	1	śiñjad
ṣaḍgu	1	nṛ
ṣaḍjā	1	śuddha
ṣaṃhita	1	dvi
ṣaṃsad	1	svādu
ṣaṃsāda	1	strī
ṣaṃvatsara	1	tri
ṣaṃyukta	1	tri
ṣaṇa	1	su
ṣaṇana	1	su
ṣaṇḍika	1	dvi
ṣaṣṭhikā	1	araṇya
ṣaṣṭhī-vrata	1	kamala
ṣaṣṭika	1	kṛṣṇa
ṣaṣṭikā	1	kṛṣṇa
ṣaṣṭitama	1	aṣṭa
ṣaṣṭy-upacāra-mānasa-pūjā-stotra-stotra	1	catuḥ
ṣaṭ-cakry-upaniṣad	1	nārasiṃha
ṣaṭ-caraṇa	1	sūkṣma
ṣaṭ-ka	1	kṣāra
ṣaṭ-pada	1	tṛṇa
ṣaṭ-padī	1	sūrya
ṣaṭ-pañcāśikā	1	horā
ṣaṭ-sūtra	1	śāṃtanava
ṣaṭ-takra-taila	1	mahā
ṣaṭkā@tiga	1	ūrmi
ṣaṭpadī	1	viṣṇu
ṣedhikī	1	nai
ṣedhā	1	go
ṣeṇa-sūri	1	malli
ṣeṇikā	1	su
ṣikta	1	su
ṣira	1	su
ṣita	1	su
ṣka	1	prati
ṣkandha	1	vi
ṣoḍaśa	1	vṛṣabha
ṣoḍaśa-kāraṇa-pūjā	1	bṛhat
ṣoḍaśa-nāman	1	rāma
ṣoḍaśa-varṣa	1	ūna
ṣoḍaśin	1	ṣaṭ
ṣoḍaśī-ṭīkā	1	rahasya
ṣoḍhā-nyāsa	1	mahā
ṣpanda	1	madhu
ṣparśa	1	duḥ
ṣtambha	1	vahni
ṣumat	1	su
ṣumna	1	su
ṣumṇa	1	su
ṣupti	1	su
ṣuti	1	su
ṣuvarcaka	1	tri
ṣvan	1	tuvi
ṣvani	1	mahi
ṣvanta	1	duḥ
ṣvaseyī	1	paitṛka
ṣvaṇas	1	tuvi
ṣvaṇi	1	tuvi
ṣyad	1	raghu
ṣyanda	1	madhu
ṣyandana	1	niḥ
ṣāda	1	nai
ṣādī	1	go
ṣāmam	1	niḥ
ṣārathi	1	su
ṣāvin	1	manyu
ṣāḍha	1	su
ṣāṇa	1	ṛṣi
ṣīma	1	su
ṣūmā	1	su
ṣūti	1	su
ṣūya	1	strī
ṣṇa	1	nadī
ṣṇihya	1	nai
ṣṭa	1	go
ṣṭama	1	surabhi
ṣṭambha	1	divi
ṣṭarī	1	dhenu
ṣṭarīman	1	su
ṣṭha-gata	1	go
ṣṭhava	1	dauḥ
ṣṭhe	1	go
ṣṭhika	1	nai
ṣṭhikā	1	agni
ṣṭhila	1	gavi
ṣṭhin	1	parame
ṣṭhina	1	parame
ṣṭho@dumbara	1	go
ṣṭhurya	1	nai
ṣṭhya	1	nai
ṣṭhāla	1	madhu
ṣṭhāman	1	su
ṣṭhī	1	go
ṣṭhīvana-tā	1	rakta
ṣṭhīvi	1	suvarṇa
ṣṭhīvī	1	rakta
ṣṭhṛ	1	savye
ṣṭuk	1	tri
ṣṭuka	1	pṛthu
ṣṭup-chandas	1	tri
ṣṭut	1	agni
ṣṭā-varūtrī	1	tri
ṣṭṛ	1	savya
ṭamām	1	dviṣ
ṭanu	1	duṣ
ṭarām	1	dviṣ
ṭaṅkaka	1	śveta
ṭaṅkaṇa	1	śveta
ṭha	1	dvi
ṭika	1	bṛhaṭ
ṭikka	1	sūkṣma
ṭoma	1	āyuṣ
ṭuta	1	duṣ
ṭīkā-sarvasva	1	daśa
ṭīra	1	pātra
